# Resource object code (Python 3)
# Created by: object code
# Created by: The Resource Compiler for Qt version 6.11.2
# WARNING! All changes made in this file will be lost!

from PyQt6 import QtCore

qt_resource_data = b"\
\x00\x03\x03Q\
\x00\
\x00\x01\x00\x0d\x00  \x10\x00\x01\x00\x04\x00\xe8\x02\x00\
\x00\xd6\x00\x00\x00\x10\x10\x10\x00\x01\x00\x04\x00(\x01\x00\
\x00\xbe\x03\x00\x0000\x00\x00\x01\x00\x08\x00\xa8\x0e\x00\
\x00\xe6\x04\x00\x00  \x00\x00\x01\x00\x08\x00\xa8\x08\x00\
\x00\x8e\x13\x00\x00\x10\x10\x00\x00\x01\x00\x08\x00h\x05\x00\
\x006\x1c\x00\x00\x00\x00\x00\x00\x01\x00 \x00+:\x02\
\x00\x9e!\x00\x00@@\x00\x00\x01\x00 \x00(B\x00\
\x00\xc9[\x02\x0000\x00\x00\x01\x00 \x00\xa8%\x00\
\x00\xf1\x9d\x02\x00((\x00\x00\x01\x00 \x00h\x1a\x00\
\x00\x99\xc3\x02\x00  \x00\x00\x01\x00 \x00\xa8\x10\x00\
\x00\x01\xde\x02\x00\x18\x18\x00\x00\x01\x00 \x00\x88\x09\x00\
\x00\xa9\xee\x02\x00\x14\x14\x00\x00\x01\x00 \x00\xb8\x06\x00\
\x001\xf8\x02\x00\x10\x10\x00\x00\x01\x00 \x00h\x04\x00\
\x00\xe9\xfe\x02\x00(\x00\x00\x00 \x00\x00\x00@\x00\x00\
\x00\x01\x00\x04\x00\x00\x00\x00\x00\x80\x02\x00\x00\x00\x00\x00\
\x00\x00\x00\x00\x00\x10\x00\x00\x00\x00\x00\x00\x00\x00\x00\x00\
\x00\x00\x00\x80\x00\x00\x80\x00\x00\x00\x80\x80\x00\x80\x00\x00\
\x00\x80\x00\x80\x00\x80\x80\x00\x00\x80\x80\x80\x00\xc0\xc0\xc0\
\x00\x00\x00\xff\x00\x00\xff\x00\x00\x00\xff\xff\x00\xff\x00\x00\
\x00\xff\x00\xff\x00\xff\xff\x00\x00\xff\xff\xff\x00\x00\x00\x04\
\x04\x00@@@@@@@\x04\x04\x00\x00\x00t\x04\
\x00@@@\x04\x00@\x00@@\x00\x00\x00\x04w$\
\x00@\x04\x04\x00@\x04\x04\x00@@@\x00\x04't\
@@B@\x04\x00@\x04\x04\x04\x00\x04\x04\x04\x06w\
p@@D\x04\x04\x04\x04BBD\x00\x00BBG\
vB@`\x04\x06\x00@`@@\x04\x04@t4\
wR@d\x06DddfBD\x04\x00\x07Gv\
wvF@ggfvtRB\x04\x04\x06VR\
f\x87pd\x06g\x04ffdF\x04\x00Gvw\
wxvF\x03PFgvVp@\x04DGB\
wv\x87es\xb70Fb\x04$\x04\x04Btv\
wvws\xbb\xb74fpD`@\x04Dgg\
wvtw\xbbwq$gg\x04\x04\x00ghv\
RfGg\xbbs\xb3ugd\x04 \x04ghw\
U\x17Fw\x8b\x83\x8b\xb3\x04$\x04\x04\x04Gxw\
w\x15ggww\xbb\xb7T B@\x04dwu\
wtvvvvx\xbb4d\x04\x04\x00a\x87u\
wtvvvVW\xb7d$$\x04\x06F\x88w\
\x97wggvvw\x83GD$$\x04G\x88\x87\
wGvVvvwdd$$\x04\x06G\xf8\x88\
wfggggg\x87d4``@h\xf8\x88\
vwwggvwxd`@@BGxw\
wfvwdtg\x88\x87F\x06\x04\x04G\x077\
x\x87wv\x06\x16w\x88\x88d\x04\x04\x06d\x07w\
w\x87wu`@G\x88\x88wB@@d7w\
\x86xwv\x05`w\x88\x88xD\x04\x04Pw\xb7\
\x8e~wwg\x84h\x8f\x87gw\x04\x04Fw\x87\
x\x88wgHvX\xff\x87wwd\x00\x047w\
w\xb7ugwVW\x87wgww@\x04ww\
wwvwtgvvVwvw@\x00pd\
$ttgwwvvVVvw\x00\x00\x00e\
dvvvvvvvvvt\x00\x00\x00\x00\x00\
\x00\x00\x00\x00\x00\x00\x00\x00\x00\x00\x00\x00\x00\x00\x00\x00\
\x00\x00\x00\x00\x00\x00\x00\x00\x00\x00\x00\x00\x00\x00\x00\x00\
\x00\x00\x00\x00\x00\x00\x00\x00\x00\x00\x00\x00\x00\x00\x00\x00\
\x00\x00\x00\x00\x00\x00\x00\x00\x00\x00\x00\x00\x00\x00\x00\x00\
\x00\x00\x00\x00\x00\x00\x00\x00\x00\x00\x00\x00\x00\x00\x00\x00\
\x00\x00\x00\x00\x00\x00\x00\x00\x00\x00\x00\x00\x00\x00\x00\x00\
\x00\x00\x00\x00\x00\x00\x00\x00\x00\x00\x00\x00\x00\x00\x00\x00\
\x00\x00\x00\x00\x00\x00\x00\x00\x00\x00\x00\x00\x00(\x00\x00\
\x00\x10\x00\x00\x00 \x00\x00\x00\x01\x00\x04\x00\x00\x00\x00\
\x00\xc0\x00\x00\x00\x00\x00\x00\x00\x00\x00\x00\x00\x10\x00\x00\
\x00\x00\x00\x00\x00\x00\x00\x00\x00\x00\x00\x80\x00\x00\x80\x00\
\x00\x00\x80\x80\x00\x80\x00\x00\x00\x80\x00\x80\x00\x80\x80\x00\
\x00\x80\x80\x80\x00\xc0\xc0\xc0\x00\x00\x00\xff\x00\x00\xff\x00\
\x00\x00\xff\xff\x00\xff\x00\x00\x00\xff\x00\xff\x00\xff\xff\x00\
\x00\xff\xff\xff\x00\x03@\x04\x04\x00@\x04\x00\x07@@\
@\x04\x04\x04\x00Bu$\x04\x00``@GGd\
\x06Vd@@\x07gw`tvr@Ggw\
ssF@\x04GgG{s6t\x00guv\
w{w\x04\x04wwWgg7\x06\x04wwv\
vwvB@x\x87ggvwB@gwv\
t'\x87D\x04gxwtG\x88v\x04Gxw\
wg\x88g@\x07wwwwwwp\x00eg\
gggg@\x00\x00\x00\x00\x00\x00\x00\x00\x00\x00\x00\
\x00\x00\x00\x00\x00\x00\x00\x00\x00\x00\x00\x00\x00\x00\x00\x00\
\x00\x00\x00\x00\x00\x00\x00\x00\x00\x00\x00\x00\x00\x00\x00\x00\
\x00\x00\x00\x00\x00\x00\x00\x00\x00\x00\x00\x00\x00\x00\x00\x00\
\x00\x00\x00\x00\x00(\x00\x00\x000\x00\x00\x00`\x00\x00\
\x00\x01\x00\x08\x00\x00\x00\x00\x00\x80\x0a\x00\x00\x00\x00\x00\
\x00\x00\x00\x00\x00\x00\x01\x00\x00\x00\x00\x00\x00\x01\x01\x01\
\x00\x15\x0e\x0a\x00\x1b\x11\x0d\x00\x1d\x16\x10\x00\x22\x16\x0f\
\x00*\x09\x13\x001\x0d\x15\x00-\x13\x13\x007\x18\x16\
\x00=\x22\x19\x00=\x1f \x00,'\x22\x00=- \
\x0092,\x007:7\x00A\x1d\x19\x00E'\x1a\
\x00P-\x1c\x00L2\x1a\x00T7\x1c\x00N\x1f\x22\
\x00F)!\x00V.$\x00I3$\x00V9$\
\x00H,1\x00H?8\x00T>1\x00m=(\
\x00[A\x1c\x00eE\x1e\x00[A&\x00KQ,\
\x00MI8\x00ZE7\x00_R>\x00dG'\
\x00tL,\x00lR(\x00rW(\x00dJ5\
\x00pN0\x00kQ6\x00wX9\x00Kd)\
\x00Lj9\x00Ux4\x00bh,\x00{d+\
\x00hc?\x00{f2\x00gx2\x00C'F\
\x00K6J\x00V9\x5c\x00L*k\x00<FF\
\x00:OT\x008]l\x00?ak\x00;eu\
\x00GKH\x00\x5cLB\x00_YM\x00WIV\
\x00KWX\x00Y\x5cS\x00dMB\x00iUG\
\x00t[G\x00bL[\x00mZS\x00q^R\
\x00O`^\x00X`W\x00_{Q\x00glC\
\x00|bD\x00byM\x00xdW\x00T\x5cf\
\x00]ci\x00[rm\x00@l|\x00[iw\
\x00Yus\x00|kg\x00q\x7f`\x00hi{\
\x00{kz\x00cu{\x00rvv\x00\x8bK,\
\x00\x8cM0\x00\x82]7\x00\x92Z:\x00\x85j,\
\x00\x88v-\x00\x87c:\x00\x91g:\x00\x89v3\
\x00\x92}0\x00\xa9q>\x00\x83_D\x00\x85hF\
\x00\x93mD\x00\x98tI\x00\x87lR\x00\x89q]\
\x00\x99yR\x00\xa1mB\x00\xa4{I\x00\xa4}R\
\x00\x86uf\x00\x91{h\x00\x8c}t\x00V\x86?\
\x00V\x87D\x00Z\x9dN\x00\x5c\x95R\x00b\x8aK\
\x00v\x83H\x00s\x88S\x00d\x99W\x00u\x9b^\
\x00]\xa4W\x00b\xad\x5c\x00f\x9aa\x00w\x97e\
\x00{\xa2n\x00i\xb0g\x00|\xa6q\x00\x95\x859\
\x00\x9e\x83V\x00\xb5\x86I\x00\xaa\x85V\x00\xb4\x8eQ\
\x00\xb8\x93U\x00\x86\x87g\x00\x97\x85g\x00\x85\x99h\
\x00\x97\x98h\x00\x95\x86w\x00\x95\x99{\x00\xa8\x8ae\
\x00\xb0\x8ci\x00\xa5\x98h\x00\xb8\x9bi\x00\xa1\x8bv\
\x00\x8a\xa0o\x00\x81\xaaw\x00\x97\xa6x\x00\xa2\xa5r\
\x00\xb9\xa2|\x00\xc5\x91M\x00\xc3\x9bU\x00\xca\xa9Z\
\x00\xcc\xabn\x00\xd8\xc1x\x00R=\x91\x00?e\x8b\
\x00YH\x92\x00z_\x8a\x00Gg\x85\x00Yn\x80\
\x00Dx\x89\x00Ps\x8f\x00Ir\x9a\x00Tx\x97\
\x00ln\x8a\x00UI\xb7\x00e^\xab\x00P~\xa6\
\x00pg\xaa\x00WO\xca\x00vq\xc4\x00\x86u\x92\
\x00\x83u\xb1\x00<\x90\xb2\x00U\x85\x8d\x00K\x81\x95\
\x00u\x86\x90\x00U\x83\xaa\x00F\x92\xad\x00Y\x98\xa2\
\x00J\x87\xba\x00C\x94\xb5\x00Z\x93\xbc\x00p\x98\xab\
\x00Q\xa4\xba\x00e\xab\xb8\x00<\xa3\xcb\x00:\xa9\xd5\
\x00\x1e\xb9\xfe\x005\xab\xe0\x00*\xb2\xed\x00'\xbd\xfd\
\x008\xbf\xf3\x00R\x93\xc3\x00G\xa3\xc6\x00Z\xac\xc4\
\x00V\xb1\xc6\x00F\xac\xd3\x00^\xa1\xd0\x00K\xb4\xd5\
\x00]\xbc\xd1\x00i\xb1\xd4\x00H\xbf\xe7\x00p\xbc\xe7\
\x00+\xc1\xfe\x008\xc8\xfc\x00?\xd0\xfd\x00k\xc1\xd2\
\x00]\xca\xe5\x00G\xc8\xf4\x00H\xd5\xfd\x00U\xd7\xf9\
\x00f\xca\xe3\x00d\xd4\xec\x00d\xd5\xf1\x00\x90\x92\x91\
\x00\xa4\x94\x87\x00\xb5\x9d\x84\x00\xa7\x9c\x94\x00\x9a\xac\x87\
\x00\x80\xb1\x83\x00\x96\xb3\x89\x00\x9b\xba\x93\x00\xb5\xa3\x8a\
\x00\xa7\xb6\x88\x00\xa7\xa3\x9a\x00\xb6\xa8\x98\x00\xbc\xb8\x99\
\x00\x89\x9e\xa8\x00\x8b\xa3\xac\x00\xb6\xab\xa3\x00\xbb\xb2\xaa\
\x00\xb1\xaf\xb0\x00\xbe\xb6\xb0\x00\xc3\xa5\x85\x00\xc8\xb1\x86\
\x00\xc4\xaf\x93\x00\xc8\xb6\x95\x00\xc5\xb8\xaa\x00\xc4\xbb\xb4\
\x00\xd6\xc4\x8d\x00\xd3\xc5\xad\x00\xcb\xc2\xb8\x00\xd5\xc9\xb5\
\x00\xdb\xd0\xbc\x00\xaf\xa9\xcf\x00\xd4\xcf\xc9\x00\xe7\xe2\xda\
\x00\xf3\xf3\xf1\x00\x00\x00\x00\x00\xff\xff\xff\x00\x00\x00\x00\
\x00\x00\x02\x07\x08\x08\x08\x08\x08\x08\x09\x08\x09\x0a\x0a\x09\
\x0a\x09\x0a\x09\x09\x09\x09\x09\x0f\x09\x09\x0f\x09\x0a\x09\x0a\
\x0a\x0a\x08\x0a\x08\x0a\x07\x03\x00\x00\x00\x00\x00\xfe\x00\x00\
\x0b\x10\x06\x06\x05\x05\x05\x05\x05\x05\x06\x05\x05\x05\x06\x06\
\x05\x05\x05\x05\x05\x05\x05\x05\x05\x05\x05\x05\x05\x05\x05\x05\
\x05\x05\x05\x05\x05\x05\x05\x06\x06\x02\x00\x00\x00\x00\x00\x17\
\xecE\x08\x07\x06\x08\x08\x05\x07\x08\x0a\x08\x06\x08\x09\x0f\
\x08\x07\x06\x06\x06\x05\x06\x08\x08\x05\x05\x06\x06\x05\x08\x06\
\x05\x06\x06\x06\x05\x05\x05\x05\x05\x06\x02\x00\x00\x00\x04\x18\
l\xf4E\x14\x0f\x08\x07\x06\x08\x08\x07\x08\x08\x08\x08\x08\
\x0f\x08\x08\x07\x08\x05\x08\x08\x0f\x05\x06\x05\x06\x06\x06\x08\
\x06\x08\x06\x06\x06\x05\x06\x08\x06\x05\x06\x01\x00\x00\x09\x11\
\x13r\xf4h\x11\x0f\x08\x07\x08\x09\x08\x08\x08\x08\x09\x08\
\x0f\x08\x0f\x10\x10\x07\x06\x07\x08\x07\x08\x06\x07\x0f\x08\x08\
\x0f\x08\x06\x06\x06\x05\x06\x14\x06\x05\x05\x08\x00\x04\x11\x10\
\x0f\x13q\xf3k\x16\x10\x08\x08\x08\x0f\x09\x08\x09\x09\x09\
\x09\x08\x07\x07\x06\x07\x07\x07\x08\x07\x06\x06\x07\x0f\x0f\x09\
\x10\x0f\x0f\x0f\x06\x05\x05\x06\x05\x05\x05\x06\x02\x09\x10\x09\
\x0c\x17\x18r\xf6k\x18\x09\x09\x09\x09\x09\x09\x08\x09\x10\
\x09\x08\x06\x07\x07\x08\x08\x08\x0f\x08\x07\x06\x11\x16\x11\x18\
\x11\x11\x11\x11\x14\x14\x05\x05\x05\x06\x05\x06\x07\x15\x10\x09\
\x17\x10\x10\x18r\xf7k\x16\x11\x09\x09\x09\x09\x0c\x10\x09\
\x10\x09\x07\x08\x08\x08\x08\x08\x09\x08\x08\x10\x13\x11\x11\x12\
\x11\x10\x0f\x0f\x0f\x10\x08\x06\x06\x06\x05\x05\x08\x17\x10\x10\
\x17\x0c\x17\x17\x18r\xf6k\x16\x12\x15\x10\x09\x15\x15\x10\
\x17\x09\x08\x0f\x13\x18\x13\x10\x10\x09\x09\x11\x11\x12\x11\x11\
\x1e\x1d\x11\x09\x0f\x15\x0f\x08\x06\x06\x05\x05\x09\x17\x10\x15\
\x22GG!\x18\x1b\x94\xf7k\x1e\x11\x12\x15\x15\x12\x12\
\x11\x10\x10\x1d&\x1f\x1d\x1e\x13\x13\x11\x12\x1e$\x1e\x1d\
\x1d\x18\x18\x10\x10\x11\x09\x0f\x08\x08\x05\x06\x09\x11\x09\x1b\
>qG>V\x1b$\x8b\xf7m$\x13\x12\x15\x13\x18\
\x13\x10\x10'&0&&`aa`a``$\
\x1f$\x18\x13\x12\x11\x0f\x08\x08\x07\x05\x05\x0a\x17\x10C\
\x1b>HVq> /\x98\xf8m$\x17\x12\x17\x1f\
\x13\x12\x10'd20a'''0`000\
\x13\x1d$\x12\x13\x18\x09\x08\x08\x07\x06\x06\x09\x17\x17E\
\x22\x22C\x22\x1b\x22,.3\x98\xf8j$\x13\x1d\x1d\
\x13\x12\x10\x132dd\x1d\x1d\x12\x13'd0`0\
`'\x1e\x13\x11\x1d\x10\x09\x08\x07\x07\x06\x0a\x17\x1bE\
CC\x22VO!.\x95\x8c\x8c\xe8\xf8j&\x1e\x1d\
\x13\x12\x10\x09\x09\x12\x12\x09\x1d\x12\x13'eea`\
'&\x1d\x1d\x13\x1f\x10\x09\x08\x08\x06\x06\x09\x18\x12C\
GEH\xe6O x\x97\x97\x97\x98\xe5\xf8j&\x1e\
\x1d\x09\x09\x0e\x0e\x0e\x0e\x09\x09\x12\x13\x13d\x84\x84d\
20+&&\x16\x07\x08\x08\x08\x07\x06\x09\x18\x11\x10\
\x12\x1b\x22\x19\x09-\x83\xe2\xe2\xe2\x8cy\x99\xf6o'\
\x128\xb2\xc2\xc3\xc3\xc2\xba9\x09\x13\x12\x1da`\x12\
\x09\x10\x09\x1d\x13\x08\x08\x07\x06\x09\x07\x08\x0a\x1b\x11\x15\
\x5c]\x5c\x1c\x17u\x96\xe2\xe3\xe3|Lc\x99\xf8i\
\x1a\xc0\xc4\xc1\xc1\xc1\xc0<\xc7\x1a\x12\x12\x1dea\x10\
\x09\x09\x09$\x1e\x08\x08\x0a\x08\x07\x06\x07\x0a\x1f\x11\x16\
__]\x5c*}vv{\x80x1^i\x99\xe7\
I\xc5\xd1\xc4\xc4\xc4\xbf:\xca=\x13\x12\x1dea\x1d\
\x09\x09\x12&$\x08\x08\x09\x09\x08\x08\x07\x0a\x1f\x11\x1c\
n\xdej_1\x82~}{\xe1N*+))k\
I\xd6\xd2\xd1\xc5\xcc\xca\xc7\xc78\x10\x10\x100\x84d\
&&'&\x13\x08\x08\x07\x07\x05\x05\x06\x09\x1f\x15b\
f\x87p\xef_1K\x7f\x80W*+$\x13\x1f$\
A\xd6\xd3\xd2\xcf\xb4\xa5\xa5\xa5S<;\x0e\x120e\
da'$\x09\x08\x09\x10\x08\x05\x07\x05\x09\x1b\x14\x86\
\x86\xef\x91\x91f^465\x19\x18)\x18^bb\
J\xdb\xcc\xca\xc7\xc7\xca\xc7\xc2\xd1\xc4\xc4\xc0\x0e\x12\x1d\
&\x1e\x12\x09\x08\x08\x09\x09\x08\x07\x06\x05\x15\x1f\x1f\x9b\
\x9a\x9d\xf6\xef\x86C77776\x18*cb^\
B\xdb\xd4\xb8\xc9\xbd\xcc\xb7\xc0\xd1\xc4\xc4\xd1\xa5\x10\x10\
\x12\x09\x09\x09\x10\x09\x08\x09\x07\x08\x05\x05\x10\x1fg\x9c\
\x9c\x9b\x89\x91oV\xa27776\x13^ccc\
#\xd4\xda\xcd\xd5\xc8\xcd\xc8\xcf\xd3\xd3\xd1\xd1\xbf\x0c\x12\
\x12\x12\x10\x09\x12\x10\x08\x08\x08\x08\x06\x05\x15\x1f*\x93\
\x9c\x9d\x93\xf2V\xa1\xb0\xad\xb076\x18hccc\
+B\xb8\xbe\xbe\xbe\xbe\xbe\xd5\xd7\xd7\xd3\xd2\xc0\x0d\x13\
\x1d\x1d\x12\x09\x10\x09\x09\x09\x08\x08\x07\x05\x15$\x13\x18\
D\x8b\x8bG\x9f\x9f\xb1\xa1\xad\x9fF\x1ficcc\
c^++)+**J\xcd\xd7\xd7\xd7\xcc\x17\x13\
\x1f\x1d\x12\x09\x10\x09\x08\x08\x07\x08\x06\x05\x15(\x13\x18\
q\xf4\xecY\xaa\xaa\xfa\xfa\xb1\xa1F(iocc\
ccbb^`^^^R\xd8\xd7\xd7\xc9\x17\x1e\
\x1d\x12\x12\x13\x17\x10\x09\x09\x09\x10\x09\x08\x15(\x18\x18\
\xdf\xf4\xebX\xae\xaa\xaa\xaf\xab\xa1G)h\x87pj\
iccbb^^^b?\xda\xd7\xd8\xb3\x13&\
\x1f\x13\x12\x12\x13\x15\x10\x09\x09\x10\x09\x08\x15(\x13\x22\
\xf7\xf4\xeb\xa2\xae\xae\xae\xae\xaf\xa9+c*m\x87\x87\
\x87\x85pjjic^b?\xd9\xd8\xcd>\x1d\x1e\
$\x1d\x17\x13\x12\x12\x10\x09\x10\x15\x09\x08\x15(\x17O\
\xfb\xf4\xecs\xad\xab\xab\xab\xa9Mbib*++\
+MbMhpjib#ZU!\x18\x1e$\
$\x18\x12\x18\x17\x17\x10\x09\x09\x10\x15\x08\x15(\x11\xdd\
\xfc\xf4\xf4\xf4\xed\xeb\xdf\x22$+^hiih2\
*m\x85mppjji+\xe7h&\x1f\x1e$\
\x1d\x18\x12\x13\x16\x10\x10\x10\x0a\x09\x0f\x08\x15(\x1b\xf7\
\xfb\xfb\xf7\xf7\xf7\xfb\xdf#D((&+bic\
+p)iojojj+\xf2\xf9\x85$\x1f$\
\x18\x18\x11\x13\x17\x11\x10\x08\x15\x10\x09\x08\x15(C\xfc\
\xfc\xfb\xfb\xfc\xfb\xfbs\x8az\x8a\x8aqO+*)\
(p+jooooj)\x87\xf2\xf8m)$\
\x1f\x1f\x15\x12\x17\x11\x10\x0a\x09\x09\x09\x08\x15(O\xfc\
\xff\xff\xfd\xf7\xec\xdfO\x8c...xz\x80\x8a\x8a\
E+p\x87\x87\x87pj*(Mm\xf6\xf9j%\
$\x18\x10\x16\x11\x09\x10\x0a\x09\x0a\x10\x08\x15(\x1fO\
\xdd\xf7\xfc\xed\xedQO\x97xttxxtux\
\x8e)&(&**(#\xdf\xf3\xf7\xf9\xfc\xf9j\
$\x18\x10\x11\x11\x15\x10\x0f\x10\x0f\x08\x08\x15(\x18\x18\
\x18\x1bBZ\xa7\xa0s\x92\x83{w{\x81ww\x8c\
\x8e\x1b\x1f\x1f\x18\x18\x1f\x18\x1fV\xec\xf4\xee\xf8\xfc\xf9\
i\x1f\x11\x11\x10\x15\x10\x08\x10\x10\x08\x08\x15(\x18\x1f\
\x1f\x17A\xb9\xb9\xa3\xddo\xe8\xfb\xe3\x97\x92\x96\x8d\x90\
q\x22\x17\x15\x17\x17\x15\x17\x17>\xdf\xeb\xe7\xec\xf8\xfc\
\xf9i\x18\x11\x11\x11\x0f\x0f\x0f\x10\x0f\x08\x15(\x18\x18\
\x18\x1aQ\xc6\xc6\xa4\xde\x86\x99\xfd\xf6\x87o\x87o\x91\
H\x22\x0c\x15\x0c\x15\x0c\x10\x0c>\xdd\xeb\xeb\xee\xf8\xfb\
\xfc\xf6g\x18\x10\x0f\x10\x08\x0f\x08\x0f\x08\x15(\x18\x18\
\x16@Z\xcb\xc6\xa9\xef\x88\x89\xf0\x88\x8f\xc8\x8do\x99\
G\x22\x15\x0c\x15\x17\x0c\x15\x17D\xdf\xec\xee\xee\xee\xfb\
\xf8\xe4\xf6g\x16\x11\x10\x0f\x0f\x08\x08\x08\x15(\x18\x1f\
\x19P\xb5\xcb\xbb\xdc\x9d\x9c\x9c\x9b\x9b\xe0\xd9\x8f\x88\xde\
DC\x17\x1bG\x17\x17\x17\x17G\xed\xf4\xf4\xf4\xf4\xf8\
\xfbM\xde\xf6h\x16\x0f\x08\x0f\x0f\x08\x08\x15(\x13\x18\
\x1a[\xdc\xd0\xbb\xdf\x9e\x9c\x9c\x9c\x9c\x9c\x92\x85\x87\x8e\
GH\x1bG\xfb\xdfD\x17\x18H\xf7\xfb\xf7\xfb\xfb\xeb\
\xe6(*\xe4\xf3g\x16\x0f\x0f\x0f\x08\x08\x15\x1b\x18\x16\
=\xdc\xdc\xd0\xce\xdc\xf3\xf5\xf5\x9e\x9e\x9d\x93\xfb\xe4E\
VO(O\xfc\xfc\xdd\x1b\x1bO\xfb\xfd\xff\xff\xfb\xf4\
\xdfO(M\xe4\xf4+\x14\x06\x06\x05\x07\x09\x0c\x1f\x13\
P\xe9\xec\xea\xea\xbc\xbc\xe9\xdc\xe6\xf3\xf2\xde\xe4M*\
sqCO\xfb\x8eC\x22\x22O\xfb\xff\xff\xff\xfb\xec\
sqH\x8ek\xf1\xf3+\x14\x14\x08\x06\x08\x03\x1b\x18\
\xa6\xa8\xb5\xdc\xe6\xe6\xe9\xea\xce\xcb\xbe\xbc[)^E\
\x8eqDDEDC#\x22O\xee\xfc\xfb\xee\xddE\
qO\x8eODh\xf1\xf3+\x16\x08\x0a\x01\x00\x17\x22\
T\xa8\xb6\xac\xa8Z\xb5\x8e\xb5\xce\xd0\xd0\xbc*++\
\x8erEEEEDq\x8eMMhM^*D\
C*OHl+j\xf1\xf3(\x0f\x09\x00\x00\x01\x1f\
\x1f\x22?Q>\x22?QZ\xa4\xb5\xb5[))+\
\xdd\x94MHEEE\xf3\xdfMbbhb+E\
DDD\xe7\x8e+gj\xf1\xec(\x01\x00\x00\x00\x03\
\x1b\x1f\x18\x1f\x1f\x1d\x1c\x1f(CD()%)+\
\xdd\xddrrrrl\x8eMbgbgb+O\
kOMlg+^gj\x8f\x0b\x00\x00\xfe\x00\x00\
\x01\x17$\x1f\x1f\x1f\x1f\x1f$$($&)))\
+++++M++^MbMbh++\
+^++^^gM\x22\x02\x00\x00\x00\xfe\xfe\xfe\
\xfe\x00\x03\x17\x22*****+++EM+\
MMMMhhMhhhhhhhhh\
hhhMM*\x1b\x03\x00\x00\x00\xfe\xfe\x00\x00\x00\
\x00\x00\x00\x00\x00\x00\x00\x00\x00\x00\x00\x00\x00\x00\x00\x00\
\x00\x00\x00\x00\x00\x00\x00\x00\x00\x00\x00\x00\x00\x00\x00\x00\
\x00\x00\x00\x00\x00\x00\x00\x00\x00\x00\x00\x00\x00\x00\x00\x00\
\x00\x00\x00\x00\x00\x00\x00\x00\x00\x00\x00\x00\x00\x00\x00\x00\
\x00\x00\x00\x00\x00\x00\x00\x00\x00\x00\x00\x00\x00\x00\x00\x00\
\x00\x00\x00\x00\x00\x00\x00\x00\x00\x00\x00\x00\x00\x00\x00\x00\
\x00\x00\x00\x00\x00\x00\x00\x00\x00\x00\x00\x00\x00\x00\x00\x00\
\x00\x00\x00\x00\x00\x00\x00\x00\x00\x00\x00\x00\x00\x00\x00\x00\
\x00\x00\x00\x00\x00\x00\x00\x00\x00\x00\x00\x00\x00\x00\x00\x00\
\x00\x00\x00\x00\x00\x00\x00\x00\x00\x00\x00\x00\x00\x00\x00\x00\
\x00\x00\x00\x00\x00\x00\x00\x00\x00\x00\x00\x00\x00\x00\x00\x00\
\x00\x00\x00\x00\x00\x00\x00\x00\x00\x00\x00\x00\x00\x00\x00\x00\
\x00\x00\x00\x00\x00\x00\x00\x00\x00\x00\x00\x00\x00\x00\x00\x00\
\x00\x00\x00\x00\x00\x00\x00\x00\x00\x00\x00\x00\x00\x00\x00\x00\
\x00\x00\x00\x00\x00\x00\x00\x00\x00\x00\x00\x00\x00\x00\x00\x00\
\x00\x00\x00\x00\x00\x00\x00\x00\x00\x00\x00\x00\x00\x00\x00\x00\
\x00\x00\x00\x00\x00\x00\x00\x00\x00\x00\x00\x00\x00\x00\x00\x00\
\x00\x00\x00\x00\x00\x00\x00\x00\x00\x00\x00\x00\x00\x00\x00\x00\
\x00\x00\x00\x00\x00\x00\x00\x00\x00\x00\x00\x00\x00\x00\x00\x00\
\x00\x00\x00\x00\x00\x00\x00\x00\x00\x00\x00\x00\x00\x00\x00\x00\
\x00\x00\x00\x00\x00\x00\x00\x00\x00\x00\x00\x00\x00\x00\x00\x00\
\x00\x00\x00\x00\x00\x00\x00\x00\x00\x00\x00\x00\x00\x00\x00\x00\
\x00\x00\x00\x00\x00\x00\x00\x00\x00\x00\x00\x00\x00\x00\x00\x00\
\x00\x00\x00\x00\x00\x00\x00\x00\x00\x00\x00\x00\x00(\x00\x00\
\x00 \x00\x00\x00@\x00\x00\x00\x01\x00\x08\x00\x00\x00\x00\
\x00\x80\x04\x00\x00\x00\x00\x00\x00\x00\x00\x00\x00\x00\x01\x00\
\x00\x00\x00\x00\x00\x00\x00\x00\x00\x09\x06\x04\x00\x0c\x08\x06\
\x00\x10\x09\x07\x00\x11\x0d\x09\x00\x1f\x0f\x0e\x00\x1f\x13\x0f\
\x00\x1a\x17\x15\x00!\x10\x0e\x00'\x04\x13\x00*\x06\x13\
\x00,\x0c\x13\x001\x0e\x15\x006\x0e\x18\x00.\x12\x13\
\x00*\x1c\x13\x003\x13\x14\x00;\x17\x15\x005\x19\x15\
\x00:\x1b\x16\x005\x16\x18\x00<\x15\x1a\x006\x19\x18\
\x00;\x1c\x19\x00+!\x17\x00% \x1b\x00=!\x19\
\x00:-#\x00;1$\x00::4\x00A\x1c\x1a\
\x00A$\x16\x00D)\x16\x00B$\x1a\x00I#\x1d\
\x00D*\x1b\x00K,\x1c\x00P.\x1b\x00L1\x1b\
\x00R7\x1c\x00F&\x22\x00E-!\x00J/ \
\x00Q/$\x00J4%\x00W:%\x00N?7\
\x00W;4\x00b<(\x00a=3\x00\x5cC\x1e\
\x00`A\x1b\x00]A'\x00ZT-\x00ZF8\
\x00IY1\x00UV<\x00eH'\x00uJ,\
\x00kR'\x00sX)\x00eJ5\x00qO7\
\x00lT7\x00xZ9\x00Vo4\x00{d+\
\x00|b:\x00L)d\x00P0j\x00T6s\
\x00>U[\x00KEI\x00ZLC\x00@TV\
\x00WTR\x00bLC\x00iTE\x00t\x5cF\
\x00q]R\x00T`Y\x00dn@\x00ybG\
\x00zgY\x00zyW\x00q_g\x00n\x5cv\
\x00s^v\x00[bj\x00Ygs\x00ged\
\x00vh`\x00\x7fod\x00dsi\x00ppi\
\x00gpy\x00tup\x00\x86Y6\x00\x83m,\
\x00\x86c:\x00\x91h:\x00\x8ay4\x00\x83_N\
\x00\x84fD\x00\x92mF\x00\x97sI\x00\x82jU\
\x00\x89r\x5c\x00\x9axP\x00\xa3zK\x00\xa6|]\
\x00\x84pb\x00\x88tc\x00\x8e{f\x00\x85|j\
\x00\x8e{m\x00\x90we\x00\x93{b\x00\x92}j\
\x00\x8a\x7fq\x00[\x89H\x00]\x90N\x00f\x83F\
\x00s\x85J\x00j\x87R\x00w\x83X\x00n\x90X\
\x00t\x92[\x00d\xa2\x5c\x00x\x92e\x00x\xa4k\
\x00\x93\x827\x00\xa9\x88U\x00\xb6\x87S\x00\xbe\x9cX\
\x00\x9a\x86l\x00\x86\x99f\x00\x9c\x97n\x00\x8e\x81w\
\x00\x93\x81u\x00\x9a\x85s\x00\x9c\x89u\x00\x95\x87~\
\x00\x9b\x87y\x00\x98\x88{\x00\xa9\x8ag\x00\xb7\x8fa\
\x00\xac\x92l\x00\xb5\x96i\x00\xa1\x8bu\x00\xa9\x95x\
\x00\xb4\x9cy\x00\x89\xa2o\x00\x8a\xa8x\x00\x97\xab{\
\x00\xa7\xa5{\x00\xc8\x97U\x00\xc7\xa6^\x00\xce\xb0_\
\x00\xc1\x9cb\x00\xc2\xa6k\x00\xd1\xb6h\x00\xcb\xab\x7f\
\x00\xd2\xbc\x7f\x009u\x8d\x00YF\x84\x00r[\x8c\
\x00v_\x93\x00Tr\x8b\x00Gx\x94\x00_\x7f\x98\
\x00kv\x81\x00|r\x85\x00od\x96\x00pj\x9a\
\x00XF\xa0\x00VI\xbb\x00M~\xa8\x00{j\xa4\
\x00mh\xb4\x00|s\xb7\x00XS\xc4\x00xp\xc5\
\x00\x81t\xac\x00<\x8c\xaf\x00;\x96\xb8\x00g\x84\x99\
\x00x\x8a\x96\x00B\x89\xa5\x00G\x92\xad\x00I\x9d\xbc\
\x00a\x99\xa0\x00x\x9b\xae\x00y\x9f\xb4\x00Y\xa6\xb8\
\x00c\xab\xb8\x00e\xb0\xbf\x00t\xb3\xba\x003\x9d\xc9\
\x00:\xa2\xcc\x004\xa9\xd7\x00(\xab\xe6\x00:\xb7\xe3\
\x00&\xbc\xfb\x009\xbf\xf3\x00T\x93\xc2\x00E\xa7\xc7\
\x00W\xaa\xc4\x00\x5c\xb7\xcb\x00E\xae\xd2\x00K\xb6\xd6\
\x00s\xa6\xc3\x00j\xaa\xd2\x00H\xbf\xe5\x00+\xc1\xfd\
\x005\xc8\xfd\x00S\xc8\xe8\x00G\xd4\xfd\x00\x9e\x91\x89\
\x00\x89\x94\x99\x00\x91\x99\x9b\x00\xa9\x99\x8a\x00\xb3\x9f\x86\
\x00\xa9\x9d\x95\x00\x98\xb2\x89\x00\xb6\xa2\x8c\x00\xb3\xb7\x8c\
\x00\xaa\xa5\x9c\x00\xb8\xa9\x98\x00\xb8\xb4\x96\x00\x8e\x9e\xa0\
\x00\x9c\x94\xa1\x00\xa0\x9f\xa2\x00\x87\xa8\xb9\x00\xa7\xa3\xa3\
\x00\xb5\xaa\xa3\x00\xbc\xb3\xab\x00\xc4\xb4\x83\x00\xc9\xb8\x98\
\x00\xc5\xb8\xa9\x00\xc4\xbb\xb3\x00\xa3\xc1\x9c\x00\xce\xc0\xa9\
\x00\xcc\xc3\xbb\x00\xd9\xce\xb7\x00\xce\xc7\xc2\x00\xd2\xca\xc6\
\x00\xda\xd3\xc9\x00\xdb\xd7\xd3\x00\xe0\xd7\xc9\x00\xe0\xdd\xd8\
\x00\xeb\xea\xe8\x00\xf1\xf0\xef\x00\xfb\xfb\xfb\x00\xda\xd1\xff\
\x00\xff\xff\xff\x00\x00\x00\x03\x06\x0e\x10\x10\x10\x14\x14\x14\
\x16\x16\x16\x16\x16\x16\x16\x16\x16\x16\x16\x16\x16\x14\x14\x14\
\x0e\x05\x01\x00\x00\x00\x19\x5c(\x0c\x10\x0b\x0b\x14\x14\x0c\
\x14\x16\x0d\x0b\x0c\x0b\x10\x0c\x0a\x0b\x0a\x0d\x0b\x0b\x0b\x09\
\x09\x0a\x0b\x04\x00\x03*t\x8f+\x11\x10\x10\x16\x14\x14\
\x13\x13\x16\x12\x12\x0e\x11\x10\x0c\x0c\x10\x10\x11\x14\x0d\x0a\
\x0c\x15\x0a\x0b\x01\x0f *q\x950\x17\x14\x13\x1a\x16\
!\x1a\x17\x10\x10\x10\x10\x10\x0e\x0b\x13\x1e!\x1e\x15\x0d\
\x0b\x0d\x0a\x0a\x08!!),s\x960\x1a\x1a!\x17\
\x1a\x1f\x13\x10\x10\x12\x12\x13\x12\x1e%%%$\x22\x22\
\x0d\x0b\x0c\x0a\x10$!,),v\x960#!!\
# !\x13#* \x1f\x1a&%%''\x1f\x1e\
\x1e\x14\x0c\x0a\x14$)MO66\x8c\x96=+#\
*'**;99993<944&#\
\x22\x16\x10\x0b\x16$/LM[M5\x89\xde;+\
&-&'BBBBBbbB92'%\
#\x12\x10\x0c\x16*LL6M6A{\x9b\x97>\
22' 9B2''BbBB;2'\
&\x17\x10\x0c\x16+=MO\x8b8~\x99\x9a\xe2\x97\
<3&\x1c\x1d\x1d\x1c&';\x83eB<92\
!\x12\x13\x0c\x1a+%01,7\x99\xe0\xe0{\x97\
\x97;G\xc6\xc9\xc9\xb8G&&b<  -'\
\x10\x10\x12\x0c\x16-+aa:z\x80\x82\x82Qc\
\x97q\xb9\xd6\xcb\xcb\xa4\xbc''bB  4-\
\x12\x1a\x16\x0e\x17-0mnh~\x80\x80\x81?>\
;M\xce\xd7\xcc\xbe\xbd\xa9\x1d,2eB<;#\
\x13\x12\x0b\x0b\x17-c\x85\x94\x91aHK6=9\
@>\xcf\xd5\xd1\xbe\xbe\xc7\xc8\xc6J2<;&\x13\
\x13\x1a\x0e\x0b\x17-\x84\x9c\xa2\x92fEDD/@\
d@\xc4\xd0\xcf\xcf\xbe\xca\xd6\xcb\xb9#& \x1a#\
\x1a\x16\x10\x0b\x174\x84\x9d\x9f\x96W\xa7\xa6F/c\
dc]\xc3\xc4\xc3\xc2\xd8\xd9\xd7\xc8.'' #\
\x1a\x12\x16\x0c\x1744k\x96V\xaf\xb7\xb2\xa5=h\
ddc@CCN]\xd8\xd9\xd2,2'$!\
\x1a\x16\x16\x14\x1a4-\xdf\xec\xad\xb0\xb6\xb4\xa5?i\
mhdccaa@\xcf\xd9\xc249'&&\
#\x1a!\x1a(4L\xf0\xeb\xae\xb5\xb5\xb3Ud@\
llliiicC\xbf\xd0P39-'*\
#\x1a#\x1a!4\x5c\xf6\xf0\xea\xe7\xacL@cg\
C@giilicwR424''*\
#!!\x1a(4\xdf\xf7\xf5\xf6\xf6wSN@@\
g@hCmmih\x91\xeeg94-&+\
)\x1a!\x17(=\xf0\xfc\xfb\xf5\xebrzz|}\
TRCimmi@g\xde\xf2c9+&*\
!!\x1a!!1M\x8a\xeb\xe8\xabw\x7fxyy\
x\x81N;=;=N\xeb\xf0\xf7\xf2c+%$\
!\x1e!\x17!40-H\xb1\xa9\x8c\x9b\xf1\x98\x98\
\x88\x87M,,,,.\x8e\xeb\xef\xf9\xf2@%$\
!\x17!\x1e\x1a4-/X\xcd\xaa\x94\x94\xf4\x93\x87\
m\x876))##,\x8a\xeb\xec\xf3\xf9\xe4>$\
\x22\x1e\x17\x15!4-.\xab\xcf\xbb\xa0\x86\x86\x9b\xc5\
\x84\x87L,I,,/\xda\xf0\xf0\xf0\xf3\x95\xe1>\
\x22\x15\x17\x10!4-K\xdb\xd4\xdb\xa3\xa1\x9e\x9d\x9b\
\x93oO6\xeb\xdf/6\xe3\xf8\xfa\xf5\xe3Mu\xe1\
>\x1e\x11\x10\x1a,-X\xea\xe9\xc1\xe6\xe3\xe5\xed\xe1\
\x8cR\x5cM\xeb\xda=L\xec\xfd\xfd\xf3\xddSj\x95\
\xe11\x1e\x0d\x16\x18/\xa8\xba\xbb\xdc\xdc\xc1\xd4\xd3`\
@jsNRMMO\x90\xef\xddpO\x5cSN\
\x93\xe11\x17\x06\x01,IXYKZ_\xba\xc0^\
>j\x8fRON\x90\x8dCcgNMMsk\
g\x93\xdd,\x01\x00\x04,44-49L?;\
:R\x87kkjkgCcg@fRfC\
@gS\x07\x00\x00\x00\x01\x18-===>?>\
@@@CRCRgggggCgCR\
=\x1b\x01\x00\x00\x00\x00\x00\x00\x00\x00\x00\x00\x00\x00\x00\
\x00\x00\x00\x00\x00\x00\x00\x00\x00\x00\x00\x00\x00\x00\x00\x00\
\x00\x00\x00\x00\x00\x00\x00\x00\x00\x00\x00\x00\x00\x00\x00\x00\
\x00\x00\x00\x00\x00\x00\x00\x00\x00\x00\x00\x00\x00\x00\x00\x00\
\x00\x00\x00\x00\x00\x00\x00\x00\x00\x00\x00\x00\x00\x00\x00\x00\
\x00\x00\x00\x00\x00\x00\x00\x00\x00\x00\x00\x00\x00\x00\x00\x00\
\x00\x00\x00\x00\x00\x00\x00\x00\x00\x00\x00\x00\x00\x00\x00\x00\
\x00\x00\x00\x00\x00\x00\x00\x00\x00\x00\x00\x00\x00\x00\x00\x00\
\x00\x00\x00\x00\x00(\x00\x00\x00\x10\x00\x00\x00 \x00\x00\
\x00\x01\x00\x08\x00\x00\x00\x00\x00@\x01\x00\x00\x00\x00\x00\
\x00\x00\x00\x00\x00\x00\x01\x00\x00\x00\x00\x00\x00\x07\x03\x03\
\x00\x09\x06\x04\x00\x0d\x0b\x09\x00\x0f\x0d\x0b\x00\x1f\x0a\x0e\
\x00-\x0e\x15\x000\x0b\x16\x001\x0d\x15\x00.\x1d\x19\
\x001\x11\x13\x003\x14\x13\x001\x12\x15\x004\x13\x15\
\x003\x14\x16\x004\x16\x16\x005\x18\x15\x008\x19\x17\
\x00:\x1c\x16\x00=\x1f\x16\x005\x16\x18\x009\x16\x18\
\x009\x1b\x18\x00=\x1a\x19\x00;\x1e\x1a\x00=\x1d\x19\
\x003 \x17\x00=\x22\x17\x00?\x22\x19\x00?$\x1a\
\x00>!\x1c\x006(\x1c\x004) \x00<+%\
\x00@\x22\x17\x00@!\x19\x00A%\x1b\x00F'\x1b\
\x00G'\x1c\x00C(\x1a\x00D(\x1b\x00G,\x19\
\x00I)\x1a\x00H*\x1d\x00H-\x1d\x00N1\x1d\
\x00O4\x1c\x00P2\x1d\x00R6\x1f\x00U9\x1f\
\x00S=\x1f\x00N*&\x00L2$\x00K6(\
\x00N6)\x00J>,\x00V7#\x00X7)\
\x00R:)\x00P;/\x00V<,\x00[=(\
\x00]B#\x00^E#\x00_D$\x00ZA,\
\x00\x5cC,\x00^D,\x00WI/\x00HB3\
\x00O@0\x00RN7\x00bG#\x00eM$\
\x00hO!\x00iM$\x00`A-\x00hH,\
\x00mR'\x00lX)\x00sW'\x00cI3\
\x00eH1\x00cE9\x00gK8\x00iM=\
\x00yM6\x00jS>\x00c_<\x00rS3\
\x00pS4\x00rT6\x00wY=\x00\x7f^;\
\x00{d+\x00Z<P\x00ENI\x00H_Z\
\x00YXZ\x00bOC\x00fPB\x00fTE\
\x00f^C\x00d\x5cH\x00t[@\x00pXF\
\x00z^J\x00x_O\x00^uW\x00|aA\
\x00}eB\x00~bF\x00{eF\x00wnG\
\x00\x7fdI\x00nrG\x00{dQ\x00zeT\
\x00|gW\x00whV\x00xoQ\x00~hV\
\x00tdY\x00|gX\x00_Cv\x00hPa\
\x00^fm\x00^rm\x00}k`\x00evk\
\x00zva\x00sxf\x00|rl\x00nv|\
\x00qw}\x00\x83]6\x00\x8fj?\x00\x82dA\
\x00\x87gA\x00\x83fE\x00\x82hF\x00\x8bjD\
\x00\x80fJ\x00\x81hL\x00\x90kB\x00\x93nC\
\x00\x91nF\x00\x87tO\x00\x94pF\x00\x98sG\
\x00\x8fuS\x00\x87p]\x00\x8esY\x00\x8as_\
\x00\x87zZ\x00\xa9\x7fY\x00\x81pa\x00\x87s`\
\x00\x87tf\x00\x8fs`\x00\x80~b\x00\x85ti\
\x00\x92ye\x00\x92sh\x00\x8a{p\x00v\x88V\
\x00x\x91Z\x00|\x9cf\x00{\xa6o\x00\x8c\x8dn\
\x00\x9e\x86`\x00\x9b\x83l\x00\x80\x93a\x00\x9e\x87p\
\x00\x99\x93q\x00\xbe\x98c\x00\xb6\x9cl\x00\xa0\x8e~\
\x00\xa3\x94v\x00\xac\x97y\x00\xa1\xa0w\x00\xb3\xa7{\
\x00\xb9\xad|\x00<\x7f\x98\x00la\x8f\x00n`\x9d\
\x00vi\xaf\x005\x92\xb9\x00]\x81\x84\x00u\x80\x86\
\x00q\x84\x96\x00`\x96\x9a\x00E\x9b\xbb\x00j\x8f\xa6\
\x00t\x95\xa5\x00W\xa4\xb7\x00`\xa8\xb5\x00,\xa5\xd8\
\x006\xa7\xd1\x00M\xb5\xd0\x00@\xbb\xe6\x00@\xbd\xe8\
\x00\xb6\xa4\x8e\x00\xb1\xac\x8a\x00\x88\x81\xaa\x00\x83\xa1\xaf\
\x00\xb5\xaa\xa2\x00\xb8\xae\xa9\x00\xbe\xb4\xac\x00\xc4\xb9\xac\
\x00\xc0\xb8\xb3\x00\xca\xbf\xb3\x00\xd7\xd2\xcf\x00\xe0\xdc\xd9\
\x00\xa5\x00\xb0\x00\xc4\x00\xcf\x00\xe1\x00\xf0\x00\xf0\x11\xff\
\x00\xf21\xff\x00\xf4Q\xff\x00\xf6q\xff\x00\xf7\x91\xff\
\x00\xf9\xb1\xff\x00\xfb\xd1\xff\x00\xff\xff\xff\x00\x00\x00\x00\
\x00\x1b\x00/\x00-\x00P\x00?\x00p\x00R\x00\x90\
\x00c\x00\xb0\x00v\x00\xcf\x00\x88\x00\xf0\x00\x99\x11\xff\
\x00\xa61\xff\x00\xb4Q\xff\x00\xc2q\xff\x00\xcf\x91\xff\
\x00\xdc\xb1\xff\x00\xeb\xd1\xff\x00\xff\xff\xff\x00\x00\x00\x00\
\x00\x08\x00/\x00\x0e\x00P\x00\x15\x00p\x00\x1b\x00\x90\
\x00!\x00\xb0\x00&\x00\xcf\x00,\x00\xf0\x00>\x11\xff\
\x00X1\xff\x00qQ\xff\x00\x8cq\xff\x00\xa6\x91\xff\
\x00\xbf\xb1\xff\x00\xda\xd1\xff\x00\xff\xff\xff\x00\x03 \x0b\
\x0b\x0e\x0e\x13\x0c\x0d\x0c\x0b\x0d\x0b\x05\x04\x00\x19jR\
\x10\x10\x15\x11\x0f\x0a\x09\x0c\x16\x14\x07\x07\x04'5x\
T#\x1c\x1c\x11!\x12).)\x16\x07\x053bd\
\x99g,,=MJOJ0)\x0e\x0d;cf\
\xa4\xb3l0DF1]]G.\x0f\x137UW\
\xa7\xab\xa9~\xc4\xba_IH0$\x13\x0eL\x9a\x92\
keX\xbb\xc7\xbf\xb6`N>\x1b\x0e\x0d\x5c\xae\xa2\
{^\x86\x82\xc3\xc2\xc8\xc56(\x1a\x0f\x13Q\xb0\xb8\
\xb9|\x8f\x87\x8bo\xbe\xc6C-&\x12\x17h\xce\xcb\
\xb7i\x89\x8c\x91\x90\x81\x80?/+#\x1d\x9d\xd3\xd1\
\x9frpm\x93\x94\x95\xb2Y.*\x1b\x1dS\x83\xbd\
\xa8\xa6\xa5wBA\x9b\xd0\xc9K%\x22\x1d<a\xc0\
\xaf\xb4\xads:4y\xcf\xd2\xaa8\x18\x189\x85\xcc\
\xca\xb5\xb1u\xa0\x7f\xa3\xd4\xcd\x9c\xa12\x0f\x1f}\x84\
\xbc\xc1v\x96tt\x98\xacxz\x97\x9e\x08\x01\x1e@\
PVZq\x8d\x8e\x8a\x88ln[E\x02\x00\x00\x00\
\x00\x00\x00\x00\x00\x00\x00\x00\x00\x00\x00\x00\x00\x00\x00\x00\
\x00\x00\x00\x00\x00\x00\x00\x00\x00\x00\x00\x00\x00\x00\x00\x00\
\x00\x00\x00\x00\x00\x00\x00\x00\x00\x00\x00\x00\x00\x00\x00\x00\
\x00\x00\x00\x00\x00\x00\x00\x00\x00\x00\x00\x00\x00\x89PN\
G\x0d\x0a\x1a\x0a\x00\x00\x00\x0dIHDR\x00\x00\x01\
\x00\x00\x00\x01\x00\x08\x06\x00\x00\x00\x5cr\xa8f\x00\x00\
\xff\xffIDATx\xda\xec\xbdw\x9cde\x95\x06\
\xfc\xdc[\xb9:\xe7\x9e\xee\xe9\x9e\x9c\x03C\x1e\x82\xe4\
 Q\x11PQT\x041\xa1\xaek\xc2\xack@\x17\
\xd7\xb0\xaek\x16ED\xc9\x0a\x02\x12\x06\x06f\xc8\x03\
\xc3\xc00\xc3\x84\x9e\xd49\x87\xea\xcaU\xf7\xde\xef\x9c\
\xf3\xbe\xef\xad\xea\x99\xc1e\x7f\xdf\xf7\xdf\xb7\x0d5\xdd\
]]u\xeb\xde\xf7=\xe79\xcf\x89\xd7\xc2\xff}\xfd\
\xdf\xd7\xff}\xfd\xff\xf6\xcb\xa2\x87\xe7\xffbY\xf0<\
\xcf\xff\xfe\xbf:P\xd9{\xf8\xe7\xf2/u\xcc\xf2\x8f\
\xd4\xcf\xc3\xa6\x7f]\xf9\xc9\xd2\xffy\xfa\x84,\x8b\xfe\
f\x07\x11\x0c\x84\x10\x8a\xc6\xe8Q\x81p$\x8a`8\
\x820\xfd\x1e\x8eD\xe4X\xfc\x916\x1f\x5c\xfe\xb7\xfc\
\x0br\xe5\x5c\xe8w\xdbR\xafs]9/K\x7f\xbe\
\x07W\x9d\x13\xbd\x8e_\x19\xb0\x03\xf2Zs\x0d\xea\x1c\
\xf8\xd8\xb6\xfe\x1cu<\x94\xbd\x87\xff\xf1<\x17\xb6m\
\xfb\xd7\xcc\xc7\xf5\xf4\x1a\xd8\x81\x00\xac\xd2[p\xd0\xaa\
\xc81]\xd7\xfc\x81>\xc3R\xe7\xcd\xbf\xdat>\xb6\
m\x1d\xb2I\xfc\x1e}Fp\xe8\xb3\xcd\xc2Z\x08@\
_\xb1\xbf\x07\xfc'\xcf\xf2\xd4\x87\xcb1m\x7f\xfd=\
x\xfeqy\xfd<\xd9\x07\xbd\xffe\xfb\xe9\x95\xed\x98\
\xbf\xaf^\xf9\x11\xf4\xfa\xaa\xc5P\xfba[\xb2\x7f\xbc\
63\xe5\xca\xd6o.?\xaeY[\xb5\x16\xb2nf\
\xcf\xf4\xf1DRx\x8d\xf5\xfa\xab\xe7\xd5\xf1l\xd93\
W\x1d\xc3S\x0bm\xd9\xb6Z[-w\xfc\x9d\xaf\xd1\
rmy\xbf\xab\xf7\xde\xa2\xcf\xf3\xf4%\xb9\x1e|\xd9\
\x97K\xc1L\xf9g9\xb0\xf4\xe7\x96\xff\x85w\xbbX\
,\xc2\xa5G>\x9bE\x81\x1e\xd9d\x12\xb9\x0c?\xa6\
\xe1\x14s${\x8e:/\xff\xa8\xe6_\xcb_\x5c\xab\
\xec\xa0\x07\xeb\xde\xc1\xfa\xf4F\xaf+\x7f\xed?\xd3\xdf\
\x19\xba\x8a\x83\x00\xe0\xe0\x83\xbf\x99\x03\x1er\xd0\xb2\xf7\
\x94\x14\xc3\x1c\xbb\xf4\x93\xa5\x17\xd3\xe3\xc5\xb5\x82\xa40\
aD\xe2\x15\xa8\xa8\xaaCu}#*\x1b\x9a\x11\xab\
\xaa\xa5G\x0d\x02\x910ml\x80\xde\xc4\xc0\x10 \x85\
\x0d\xf2\x1b\xe1\x90b\x1bi\x0a\x88\x90\xa8_x\xd3\x1d\
\xc7\x15%\xe4\xe7\x15\x00\xd8\xf4\xbc+\x82\xe4z\x8e<\
\xefj!\x0d\x06\x83\x22d\x22,\xf4]\x8e\xcb\xcf\xd3\
\xfbE\xe9\xb4P\xba\xb4\x99\xac\x9c.\xfd\x9d\x85\xaa\xe8\
8r=\xfc~\xcf*[Lz\xd6\x0e\xda\xf2\xfe\xd2\
\x93\x9e/L\xae\x16Z\x8f$\xcf\xe1c\xd2\xeb\x0ch\
\xf1\xeb\x02\x81\xa0\xfaL-#\xe5\x0a\x19\xb0\x95\x9a\x17\
\xf59\xca1\xed\x80\x02\x19\xbd\xde|\x0dJ9\x1c\x01\
\x09_\xb9D\x09K\xc7\xe3\xeb\x08\xf05\xfa\x80\xe0\x95\
\x8e#kck\x8c1\x0ag\xcb\xf9\xf2\x19\xf0\xfa*\
\xa0\xb1\xe58\xa2\x10\xae\xab?[\xad9\xe4\xef\x96\xff\
9\xd0\x8ai\xdbe\xc6F\x09\x8b<\xcf\xcf\x054\xa0\
\xbaz\xdd\xccZ\xcby\xca\xba\xd1s\xbc\xb7\xb6\x02x\
W\x83;\xaf%\xcb\x14\xaf\xa5\xec\x9f6\x0a\x8e\xc3\xeb\
k\x8b\xad\x915\xd48\x14(\xc33^\x1f\x03\xf2\x06\
\xc4x-\x5c}\x8dbd\x8c\x0e\xf0\xb9\xf1\xbe\xf35\
\x9a=\xe5c\xd0st 8\x85,\xf2\x9942\xd3\
\x93H\x8e\x8fbbd\x18S\xa3\x83HL\x8e!\x97\
N\xc2\xa3\xbf[\xb4/J\xf6\xad\x19\xb2q8%\xff\
\xdf\x00\xc0\xe1\xf4\xf1p\xcf\xfb\xdf\x0f\xf7\xc9o\xa4\xcc\
\xff\x13\x00\xfc\xb3\x13d!1\xf6]=\xcd\xbbC\xca\
\x19\x8a\x22^\xdb\x80\xba\xe6v4\xb6\xb4\xa3\xa6\xa1\x05\
\xd1\xcaj\xd8\xa1\x10\x5cQ\xf8\x00\x0aE\xa5t\xaca\
\x9e\x16de\xd9]\x11\x08\xd9d\xd7\xd1\x82\xa3,Z\
\xb1@\x0bl,\xb3X\x00e\x15|sl+\x0b)\
\xc2A?\x87\x82!y\xda\xd3\x02k\x16\xc9\xb7\x92v\
\xb9\xf5\xd3\xf6\xcf\xd2\xc2\xa5\xad\xb5\xa7\x15\x8fA!\x10\
\x0c\x88 \x8a\x90\xea\xf3\xf3\xcfA\x1f\xc1\xd6\x8a\xe9\xaf\
\x17+\xa7\xa5\x84. \xef\xb5E\x81\x15\x9b\xb0\xd5k\
5@)0\xf0\x14 jA7\xcf\xf3u\x054p\
)\xcb\xae\xafY+\xab\x05\xdbW,cEK\x8c\xc4\
\xd5LA\xb3\x0d\xdb\xac\x9b\xe6he\x16X]\x8b\xad\
\xd7\xcb|\x06|+*\xbbL\xc7v\x8a\x8e|\xb7\xb4\
\x0d4\xa2\x22\xc76\x90\xa7\xd7\xdb\xf5-\xb9V4V\
x\x06D\xfa\x1c^\x03^o\xb3\x86\x0a\xf4J,\x83\
\x150\xa0\xcf\x1dz\xef\x94\x81\xf0|\x80\xe0\xa3\xf1s\
\x02\xf8P\x8a] \xeb-\xe7\xac_\x83\xb2\xb5T\x8a\
\xae\xae\x87\x97Z\x94\x5c3K\x068\xb3\xe7|\x8d\xb6\
\x06:\x97\xcf\x81\x81L\xf6\x85\xdeO\xe7X\xcc\xe7\x90\
K%11\xd4\x87\x91\xde}\x18\xe9\xeb\xc6\xf4\xc4(\
\x9c|V\x80\x96_cY\xda \xe2PC|8\x1d\
\xfb\x7f\x0b\x00\x00\xfeg\x00x\xb3\x0a\xffF\xaeC\x09\
ix\xb1\xf5\xc5\xd9d\xe9+k\xd0\xd86\x17-\x9d\
\xf3Q\xdb2\x0b\xa1H\x15-*YQ\xa1\xe2la\
\x8bz\x01=\x14\x0aE\x14H)x\xf3\x0b\xf9\x02\x0c\
\xa5/\xa7\x87L\xc3\xf8{\xc0l\x82\xb1b\xfa\xf3\x03\
\x01\xbbt\x8e\xaeR\x9e\x83\x15\xc6\x12\x06`\x95X\x81\
\x00\x90\xa1\xa3\xaeV\x1em%\xf5\xc6\xfb\x0aci\x90\
\xb3,\xdf\xa2\xdbV\x995\xd1\xcad,\xa1\xb2\xc8\xf0\
-\xa79W>\xb0\xa2\xac\xda\x0d\xb2\xe0[S\xab\x0c\
\xc4,\xcd^\x14\xddU\x966H\xac\xa1\x04rL\x94\
\xd4Z(%\xa1\xbf\x13()\xf6\x03\x9f5\xf9.\x83\
\x00\x80\xeb\xb3 #\x1d\x16\xca\x5c\x01\xc3\x0a\xf4\x9a\xc0\
3\x87\xb14\xb8\xa9=\xe1\xb5\xf6q\xcd*Yk\xe3\
V\x99c\x1a /\xff\xbdD\xef\xd5z\x88\xc2\xf3^\
\xe8k\xf7\x0c\x80\xc3\xf2\xd7U\xeb\xbb:\x1f\xde{\x1f\
\xc44\xfb\xe0\xf3\x12\x0b\xef\x08\xc0\xf3\xda\xf3Z\xb1\xdb\
\x07\x0d\x08\x16\x0c\x88\xa9c\x054\xcbS\xe7\xa3\xd6\xcf\
6\xac\xc9\xb8\x1c\xfc\x15P\x8cN\x0c\x93\xfe\xbc\x103\
?^kf\x1d\x01K\xdc0\xd7\xa5\xf5'\xf9\xb6\xbc\
\x02l\xb7 .\xc2\x18\x01A_\xd7\x0e\x0c\x1c\xd8\x8b\
,\xb1\x05B\x09\xc5:<w\x86\xfe\x94+\xfb\xc1:\
v8\x03\xfd\xcf\x8c\xf6\xc1\xc6\xfd\xb0\x00\xf0fQ\xe4\
\x9f\x01\xc2Lp\x80\xa2\xf8de\xab\xea\x1a\xd12g\
1\x9a;\x17\x22^S\x0f\x8f||W\xacP\x10a\
Z4\xda\x0d\xe4\xc8\x8f\xca\xe5\x081\xb3\xea\x91\xcf\xe7\
\xc9\xaaj\x9a\xc7\x1b\xa6\xad@\xb9\xbf\xeb\xa3\x99\xa6\xe8\
\xa2,\x9a\xb5\xf9\x14^\xfb\x87B7\xcb\xce\xdb\xf8\xcb\
\xe6}n\xd9\x02)\xe5\x83(\xb5X\x0d\xa6\x97\xec\xf3\
1\x94i\xcb\xaf\x04\x5cY\x1e\x9b\x04K\x84\xde\xd5h\
\xee)kc\xac\xa3\xbc\x96\x04\xc3\xb0\x01\x03\x00\xc6\x1a\
\x9a\xf5\x0ah\x8b\xaf,{@\x84B\x01\x87+\xae\x85\
\xadNX\xb6O\x18\x87\x1d\x80a\xa9\x9eB\x91\x92\x7f\
\xa9?KX\x04[0\x03\x10\x9a\xce\x0be\x87\x02#\
9W\xfab@\xb5\xec\xd2\x9e\x1a\x903\xfe\xbf\xb8c\
\xfa\x03\x84\xb1\xc8\xefZ\xc1\x8d\xab\xe5\x0b\xa2y^\xf9\
3\xb6\xb6\xf4\xbc\x8e\x01^S\x0d(\xe5\xef1\x8c\xa6\
`,\xb8>\x90\x01Y\xc3\xbe\x5c\x13\x83\xd1gS(\
\xe4\xb5\x12[\x1ap\xd5u\xf3{\xf9Z\xa1]\x0ev\
!\x0d\x9c;\xb2~A\x0d\x83\xd0\xfc\x08~\xbc\x81\xaf\
O@\x88\xe4SX\x84\xe7\xfa\xee\x80\xc3\xae$\x03\xaf\
\xeb\xf9\x9f\xc7\xd2\x15\xa2\xeb\x0a\x11\x8b5\xdf#\xd1\x10\
\x82\xa1\xa0\x802\x03\x82\xac;G#\xc8\x1d\xc8\x8c\x0f\
cp\xef.t\xefz\x1d\xe3\xc3\xfd\xf4\x5c\x1a\x86\x91\
\xfd3\xab\xffF\xca\xff\xbfa\x06o\xc8\x00\x0e\x87 \
\x07\xa3\x87\xffw\xbd\x81\xa5\xf0\x92ZJ\xdb\xfc\x1b\x88\
\xa0\xbaq\x16\xda\xe7/%\xc5_\x80@\xac\x0an@\
)<Su\xde\x00V\xf4L*\x8dt2I\x9bX\
\xf0\xa9\x98\xa2^\x96\xbf\xe9\x22p\x1a\xaa\xcds\xca\xc2\
+\xcaky:p\xa7\x85L\x09\xbe\xb2\x84\xd0\xfe\xa1\
\x1c\xc3\x07\x0a\xb5\x97\xbcI\xe2[\xba\x86*\xab\xeb\x99\
\x11P\xb2\x95\x1f\xca.\x89\x09\x1c\x1a\xc5\x10\xc5\xb6\x14\
\x00\x98c\x98\x87\xa1\xb9L\xf1\x94\x908\xf0\xc3ae\
\x0c\xc2\xc4\x00\xf8\xdfP(\xec\xef\x8c\xebi?8\xa0\
\x94\xcePe\x06\x09\xe3C+\xe3\xecj:\xed\xce\xd8\
\x17?@\xa6w\xdc\xd6\xefS\xfe\xad~Z\x03\xa3R\
\x1ch\xab\xa9\xac,\xc7KL\xa0S\xe2\x17\xae\xe73\
\xa2\x12p\x95,9\xb4\xcf,\x84[\xcb\x88\x0f^F\
1\xb5UV\xa0\xa0\xad\xaa\x0b\xb1\xcc\x8a\x8a\xa3\xb4W\
\xf27\xf5y\x86\xe23@\x19Ve\xfb\xb2\xe8\xe9\xf8\
\x84Zk\x13G\xb0-u\x1c\xc7)*p%\xa5\xb4\
t,\xc4s<\xdf\x05\x117\x92c/\x02\x98\x86\xe9\
y\xb2\xcfEG1L\xc1V\xfa\xd9\xb0\x0c\xc3\xe2x\
M\x04D\xe4\xbau\xb0\x92\xd7I\xef\x09\xefU0\x14\
\x10 \x88\xc4\x22\x08GB\x02\xe4rjN\x01\x01\xba\
\xc6\x5cr\x1a\xbd\x04\x04\xfb^\xdd\x84\xc9\xa1^\x89\x15\
(7O\x87c,\x03\xa6^\x19\xb0Z\x87\x05\x8ar\
\xfd\xfdg,\xe2M\xc7\x00\xca\x0f\xea\xff\xdd2J\xaf\
\xdfg\xfcc\xcbD\xe0\xc3\xa8\xackB\xe7\x92\x95h\
\x99\xbb\x08\xc1h\x15yDA\xb0\x17\xc5\x96\xc8!K\
\x9fNf\x90N\xa7\x89\xda\xe7\xf5\x99hK\x00\x94\xf9\
sP\x0e\xd8\xe1\x10L\xff\xce\x0a\xcc\xc0a[A\xb5\
\xe8\x9an[\xda\xd77\x88*T\xdf\x00\x89~\x1d\x7f\
I\x10\xcf\xf5|\xe5\x15w\x82\x85\x16\xc6\xe7u%n\
\x00\x7fsK\xe0c\xac\x7f@\xf1v\xa5X\xc6}\xb0\
\x02\xbe\xdf\xab^\x0b\x13r\x9eIy\x05=\xcc\xba\xf1\
9\x06\xb4\xcb\xe1\x8a[\xc2\xaf\x11\xeb\xccl\xc0q|\
\xd7\xc6(\xa6\xac\x08[8_\xef5\x03qg\xfa\xf5\
>\xab1\xd9\x8e2\xe11\xd9\x14\x06L\xa5\x14f/\
\x5c\xed\xd2\xd8\x02\xe8\x0aPf\xc6wJQ{\xb5\xc6\
\x80\x01\x89R\x90\xae<@8\xc3\xd8X\xe4#\x17U\
`\x91\x15\xd0\x04\x16M\x90\xd1\xbc\xbf\xdc\x85\x12\xebo\
\x8e\xa7c\x0bB\xf1\xbd\xd2Z\xbb:\x08\xc9\x8a\xc9\xa7\
\xebh_\xdf\xa6uT\x00\x1a\xf2\x99\x85\x91\x07\xe85\
\x93\xf5\xb0\x8d!\xd1n\x85\xa5\xc0F\x01\x80\xe3\x1b\x1d\
\x01\xa4\x82bOrn^\xc9\x9dR\x8cA\xfd\xeei\
\xe0dB\x12&6\xc0@\x10\xab\x8c\x22\x12\x09k\xc6\
G C\xfb\x96'w\xa0g\xd7k\xe8ze\x13\x12\
\xa3\xfd\x04R\x05\x91\x01\x13C)\xc5\xd3K\xe0\xf5f\
\x8d\xf6\xc1:\xfcO]\x807\x02\x86r\x00\x10K\xec\
\xffh\xf9\x08\x18\x8eWc\xf6\xe2\x95\xf2\x08W\xd5\x91\
\x08\x05\xc4\x0d(\xe4\xf2\xc8\xa6\xd9\xd2O#K\x16_\
dI[{K\xbfW\xf9\xc7\x9e,\x94J\xcd)\x00\
\x98\xa1\xb8\x07\x01\x81(\xab\xe3\xfa\xc2(\xc2\xa2\xfd|\
\xc8\x06\x96\xac\x98\x1fl\x02t\x80G\xb9\x06\x96\xb6<\
\x9e2\xef\xbe521\x00\x11H[\xbd\x97\x83\x86|\
\x1eB\x1f\x03*\x85h|~O9\xfe\x22\xcc\xd0\xbe\
\xb1:_\xe5\x8f\x07\xb5\x12\x97+\xa5X9VZ\xbd\
\x86\xc1`Ho\xae\xe3\x0bQ$\x12\xf3\x99\x82/L\
Za\x0c+\x82V\x00u\x9e\xae|\x8e\xa7c\x05\x96\
\x8f\x0e\x98\x01\x1e\x0ac\xb5\x02\xd35\x85\xc2!\xbd\xaa\
Z(mK\xd3l[\x05\xb8\xa0\x18\x8f\xe7[A[\
\x148\xa0-\xb6\xb2\xf6\x0e\x0cK;\xdc\x97q7l\
\xed\xc6\xf0\xda\xba\xe2f\x85\xf4{J\x01R\xc3\xd2$\
~\xe1\xba>\x830\xe7\xad\xe3\xf5r\x9d|\x0c\x05\xea\
\xa5\xf8\x8ez\x9d\x8e!\xb8j\xfd\xf8\xb3\x15\xd0\x96d\
\xda\xec%\xc7\x99\x14\x18\x05\x0c\x09\x95\xbf)\x17\xd3\xd5\
\xca\xac\x5cB\xc94iV\xa4\xaeGe\xa6L\x8c\xc8\
\x80\xa2k\xe4G\x82\x83\xca\xe5\x92\xcf%\xb0\x8d\xc4\xc2\
\xa8\xa8\x88\x22\xccnB8(\xe9\xdd }X\x96\x5c\
\x83=\xc4\x06\xba\xb6\xbe\x84\xcc\xf4\x84\x04\x0a\x0dXy\
zQ\x0c\xd8\xbd\x99X\xc0a\x01\x80\xbe\xbc7\x93O\
<8EX\xee\xdf\xd9\x96\xf2\x9c8Vk\x05\xc2h\
h\x9d\x8d\x85+\x8fD\xed\xac9p\x82Q\x14e\x05\
\x89\xe2\xa42\x98\x9a\x98D!\x93\x11\xc1\x96\xe0\x8b\x15\
\xf0\xe9\xba\xca\xf3*\x8a,i=I\xfd\xa8\x94\x9c\xf8\
\xd6e_\xe5\xc1\x22c\x15\x94\x02[\xbe\x90\x8b\xef\xa7\
\xc4\xab\xcc\x7f\xd4bc\x97\xc0\xc4\xa0\xbd\x1f\xcd\xe6\xd7\
\xd9et\xfb\xa0t\x16ooH\x9f\x8f\x01#\xe5\x92\
+\x97G\xf9\xd5A\xa1\x9a\x86\xa6\xa9\x8dR5\x0f\xe2\
/\xa2d\xc1Y\x89\xf9=&\xa5\xc4\x16\x86O]\x84\
\x89\xac\x163\x1b>@8\x1cQ\x96\xd1\xd3\x16S\xd7\
)\x18\xbf\x9d#\xd1\x8a*{\x12\x80\xf2\xfdd\xad4\
\xe6u*H\xea\xf9t\xdc\xa4\xe1\x1cG1\x08\xe5\x97\
\xfb\xd5\x06z\xffm\x02\xbd0,\xfe\x1b[P\xd7-\
\x03\xe4\x99\x91sc\xa1\x8d\xcbc@\xa1\x5c\xce\xca\x83\
\x9f\xa5t\xa0\xa7\xe3\x01(S\xe0\x12[\xf0t\xb0\xae\
\x94}1\xb2\xe2\xcd\xf8<\xcf\x07H\x13\xed4\xbe\x94\
\x06\x12N#\x8b\xb5\x0e\x96\x81\x8cq\x13Qf\x8c\xe0\
\x1b\x09Qj\xc7\xc8\xbd\xce\x0e\x94\xb1\x1ea\xa1\xe1\xa0\
\x0f^\xe5iV}\xf6%\x16\xc1\xef\xd3q#eH\
\xd5#V\x11A\xbc2F@@\x8c\x80\x80P\xb2\x03\
N\x0eC\xdd]x\xed\xe9u\x18\xeb=@\x9b\x9cW\
@w\x18\x1d=\x9c\xfe\x96\xeb\xcb\xe1\x9e?,\x00\xfc\
3\xbfb\xe6\x01\x95`+\xfd\x0f\x22D\x14\xbfc\xd1\
Jt.;\x12\x81h\xa5\xa4\xf1\x98\xc6\xa7\xa6\xa70\
1:\x8a<\xf9\xf9\xea\xc2\x03\xf0`\x95|G\xed+\
3\xcd4\xd1|\x09\xda\xe9\xbc\xad[V\xf0br\xc1\
\xe5\x16\xc7<\xcf\x08\x0b\x1d43\x91ze\x0d\x1c?\
}f\xaeO\x02`\x8e3#\x8e\xa0\xf2\xee\xb6f\xe8\
\xca\x0a\xbbe\xe9-\x01%-\xfc*\xea\x8b\x125W\
[\x0c\x9d\x0e\x10\xea\xaf>C)\xbd\xb8\x18\x9e\xf2\xb9\
Y\x90L\x94\xd9\x08\x01\x07\xf2\x18\xd5m\x02\xc6b>\
\x03\xb7\x98\x15\xc4w\x5c\x13\x81W@\xe8\x17\xa2x\x98\
q-:\xf2\xa8\xdd0OY\x08\xbd7&[r8\
\xaag\x95\xb9Y\xa6\xf0F\xf9\xf8\xf0A\x8d\xff\x16\x8b\
\xc4\xa5\x10\xcbbW\x80\x83[\x5c\x88e\x09r\xfa,\
\xce\xb2\xac\xd2\x9e\x08\xab*\x0b\xd0j\x05S\xeb0\xd3\
\xfdQkm\xeb|\xbd\xce\xb3\xb8\xb6\xce\xa0\xa8\xf3s\
t\x8a\xcfuJ\x11r\xf1\xdb\x09,\xd9\xb7V,B\
\xc9N>\x97Eb|\x9c\x5c\xeb\xa2^\x16\xbd\xcfP\
\x01^\xdeC\xde[h\x97\xc3\x91 \xa6r\xf9\x1c\x93\
m\xd1K,u$\x9a\xd6\xb3{\xa9\x00[\xc5\x02\xac\
\xb2\xf5\xe7\xbd7\xa9b\x91Q\x0d,>\x00\xeb\xb8H\
\xf9u;EW\xeaDL,\x81\xd7\x80U\x9b\x01\xa0\
\xba\xa6\x8a\xd68\xa8X\xa1[@!1\x86\xed\xcfm\
\xc4^b\x03\x85lJ\x17\xb2\xbdq\xe1\xde\x9b\x09\x1e\
\xfa\x00p\xb8\x17\x1d\xfe@\xe5\xd5_\xca%\x16\x01\xa3\
\x85\x89\xd76a\xd1\xea\xe3\xd0<w1\x8aVX^\
\x97\xcf\xe5\x90f\xe5\x1f\x19\x96J)\x95\xb7\xa5\x0d \
\x01RA'M\x99\xb5\xd2\x9a<\xac)\xf0\x80/ \
\xa6@\xa5\x14\x09\x17k\xe1\x95\xac})\xf2\x1c(\x09\
5\x8cr8~\x14ZJ[$\xcaer\xbe\x1c\x18\
,e\x03\xf8=\x1c\xe4c\xe9\x15\x0a/~`@\xa7\
\xc9<?\x85\xe7\xa7\xcc\x5c\x93\xe2r}\x17\x00v@\
\xbb\x14,\xb0\xa5t\x97\x14\xe5\xc8\xeb\xd41l\xbd\xbe\
EW\xfb\xf9,\xc4\xa4\xfc(\xa6\x11\xf4\x8a\x88\x92`\
\xc7+\xabTJ\xc9WtHF\xa4XT \x14\x12\
a\x0e\x8a\x90\xcbg\x9b\x14'3\x22\xa0,bm\x99\
,\xa3\xceN\xa8\xbd\x0eGT\xb0\xd1\xd1\xb1\x02c\xcd\
\xcd~\xf3\x9b&\x13I\x02\xa5\x22\xaa\xc9:9t=\
E\x8f,\x1d\xb9\x09\xe1\x8a\x0aa\x04\xca\xe2:\xfe\xfa\
\x85\xc3a?\x85\xe6\xd7O\xa0T\xb1\xa7\x84=XV\
K03.\xe1\x98\x22\x1bS\xbc\x84R:W\xc5*\
=\x1dkqT\x8d\x81Pu:\xffb\x01N6\x8d\
\xb1\xb1\x11\x14\xc9\xd8\xc03)P\x13\x04\xb5g\xb8\x92\
*\x86e\xf9u\x11\xe6\x92M\x0c\x0bv\x19lrU\
j8.n!\x83GE\x05\x01b8\xa4\x18,,\
\x15$\x0c\x94e\xa3\xca\x98\x81\x9c\xb7\x89\x1f\xf8\x8cS\
\xc7\x8b\xca\xe4\x80Y\xa5\x14\x84\xe9\x04O\xac\x22\x8cx\
UL\xdc\x04\xa9D$\xd9\xe8\xde\xb6\x05\xaf>\xb3\x1e\
\xc9\x89!:n\x11&h\xac\xe2\x01\xe5A\xf97\xf7\
\xf5\xbf\x06\x00\xe8\x92Uu\xa1\xbcqa\xd4\xb5\xce\xc1\
\x92#\xd7\xa2\xb2\xa1\x0d^ \x22\xd6\x99\xfd\xfc\xd1\x91\
!\x12\xe8\xbcX&\xf3\x0eIg\xe9t\x9a[\xf4|\
a\x94\x88\xafFi\x85\xc0j\xe3\x8c \x19_G\xe5\
\x98\xf5\xc5\xea@\x9c\xa5\x835|b&hWJ\xef\
\xa9\xa8\xb6\xc9\xf7\xfa\x91t\xd8eVN\xd1<\x1b\x0a\
\xf9\x955\xe6\xa8\xad\xf2\xc3U\xecO\xc7&t5\xa2\
k\xf2\xca&\x8df2\x15|\x0c\x13\xfd\x97\xe3\xebJ\
@\xcb\x00X)*o[\x8aZ\x16]K)`\x91\
\xd6\xaa\x90B\xd8\xcec\xd5\x92\x05x\xebY\xa7\xa3\xb5\
\xa5\xd9\x07\x00\xfe\xce_\x89T\x1a\xd3\xd3IYV\x0e\
~\x06t\xee\xbe\x14\x06\xb0|\xdf\x1a(\xb1\x06\xbb,\
+a\x98\x95\xb1\xd8\x9ev\x0b\x04\x14uJ\x8f]\x8d\
t&\x8b\xc7\x1e{\x12\xaf\xbf\xb6\x0d\xe7\x9cy\xa2X\
\xe6\xa7\x9e\xdd\x82\x02hmH!\xc2U\x95\x5c0\xa1\
\x01H\xf9\xb7A?\x907\xd3\xe74n\x90\x1f\xbd\xb7\
M\x05\xa1=\x83)8:U\xe9i\xf6e\xfb,\xd1\
\xac\xa37\x03<\x04\xc0\xd8\xa5$\xe5\x9f\x1c\x1e@\x9e\
\x14\xa5\xb1\xbe\x01s\xe7\xceAuU\x95\xec\x1f\x1f\xb3\
H\x8c\x80\x19&\x17\xfe\xb8\xba^@\x9e\xa7\xdf\xd5w\
G\x18\x06\xef\x7f\x81\xc0\x84_'\x7f\xa3\xd7e\x08P\
\xac@H\xc0\x9bA\x90\xcb\xd1k\xea\xeai\xedCj\
m\x833\x83\xd4\xe5q\x05\xfe2q\x1f\xf3\x1a\x01<\
K\x15*\xd9:s\x15\x0a\xa9T\xa4J1\xab\xa0p\
\x94\xd8@Uu\xa5\xc4\x07\x84\x8d\xd0u&\x07\xf6\xe3\
\xf9u\x0f\xa0o\xef\x8e\xd21U\x11D\x89\xf9\x1e\xb4\
\xf6\xff\x1f\x00\x80\xa2f\xb6g\xcawiS\xc8\xbfo\
\x9b\xbf\x0c\x0b\x8e8\x1e\xa1\x8az\xf1\x7fY*\x13\xe3\
S\x98\x9a\x9a\x14\x0a\x16\xb0u\xd4Tk\x1b\x0b\x15\x0b\
\xad\x9f_7\xf9}m\x15T\x05\xa7\xad\xaa\xae\xb4P\
\xf9e\xa4\x1a\x84\x8c\x1ff\x00\xc0\xf1T\xe9,P\xe6\
\xb7Yf\xa1\x95\xe0(\xab\x12\xd0\xc1\x19\xe5\x22\x08%\
\xd5q\x02\xb1\x04\x1e\xe7( i/\x89\x1ek\xc5\xf3\
8\x92/\x0feA\xa4\xc4\xb5,\xc0\xe3\xe9\xdc6q\
\x06\x1d\x9c*Y4\xa9\x12\x14\xfa^\xd45\x01\xa5\x02\
\x13\x89\xaa\xd3q\x8b\x9er\x15\x9c\xcc\x14\x82N\x12k\
\x96\xcd\xc55\xef\x7f7\xea\x88\x06z\x5c\x1c\x22\xf41\
\xa0\x03\x80\xae\x00\xc0\xd0\xc8\xa8\x02\x17\xbf\x9a\x8e\x15\xc1\
\xf6A@\xadT\x098K\x1bZ\x0a\xe0\xfb\x81@\xbd\
r\x8a@x\xb2\x9eE\x02\x82\x1c\x9dS2\x99\xc2\xd3\
\x1b\x9eF\xd7\xf6\xedx\xe7\xdb\xcf\xc6;/\x7f\x07\xfe\
x\xcb\xddx\xe2\xe9-\xc8\xb8\xa4\xe8\xdc\xa7QY\xc1\
\xbcW\xbbY\x96\x08\xbb)M.\x07c\x13\x1cd\xaa\
n~W\xbe|\xf0 \xa0\x98\xe9\xe7\xc3\xf3\x0e\x09\xfe\
\xf9\xb5\x12\x1c<\x94\xa8|\x01\x89\xd1a\xa4\xa7\xc6\xd1\
>{\x16N=\xe5\x14TUV*_]\x83\x8f\xa5\
A\xb0\xfc3\x94\xc8\x96\x8e\xe9j&$\xfb\xe1:\x02\
\x02\xe3\x13\x13x\xf6\xd9g\x11\x0e\x86q\xd2\x09k\xb1\
q\xe3\xd3\x18\x9d\xca ^\xd3\x80\xaa\xaaj\x15\xa7\xb0\
Uv\xc1\xe8\x89\xf9\xdcR\xa6\x02\x02@\x86\xf9\x18w\
\xc3\x14\xac\xf1y\xb1\xc1\x11\xd6k\xa9\xa04\xcb4\xbb\
\x08\x1c[\x88WDQQSMnA\x00Mq\x1b\
m\xd5A\xdc\xff\x97[\xb0\xee\x1f\x0f\x90\x9e\xe5\xb5:\
\x18W\xa0\xe4&\x1dj\xc4\xdf\x04\x00\x1c>\xa7hr\
\xfb\xaad\xd5\x0a\xc50\x9b\xfc\xfd\xf9D\xfb\xedx\x0d\
\x09\x0c=G\x17=52\x82t\x22\xe5\x17ux:\
\xa5\xe7\xe8\x0a7h\xa54\xd1cU\x9e\xa9\x16\x89\x99\
\x01\xd7\x05\xd8\x92\x02\xf3\xfc\xdc\xab)\x9e\x11\xab\xe48\
&\xf9\xe0\x07\xb0x\xff$\x1a.\xa6\xda\x94\xb1\xba\xe2\
S\x99\x92MeU\xec\xb2`\xa2'\x11n_0\xd8\
\x823\xa0H-A\x81\x84\xd8%\x0an\x09Ev\xe9\
|2\x05RR+$TP@\xc90\x02\x9f\x91(\
\xcb\x0b\x9fU\x94\x01\x8bm\x22\xcc\xe5\x99\x0cG\xbb6\
\x5c\xec\xa2\x83u\xe9)\xd4F\x0a\xf8\xc4\xb5\xef\xc1\xea\
e\x8b\x94\x95\x12\xca\x1a\x90\xebr%p\xea\xa0\xa7o\
\x08\xcfmz\x89~\xb7\x8598:\x13Sb\xee\x96\
\xef\xf7[\x96\xe7S]\xd3\xb0S^Ca,\xa8\x88\
\xa8\x80\x1d\xb9@l\x0d\xe9\xb3\xf3\xb4d9bp}\
\x07z1\xd2{\x00o?\xff\x14|\xe6\x93\xd7 \x9d\
\xcc\xe1\xd6\xdb\xee\xc5C\xeb\x9fC\xa2@\xfb\x1b\xad@\
\xa4\xa2\xd2\xaf\xa6d\x17\xc0\x9c\x8c\xca\x8f\xdbb\xbd\x14\
`:3\xe4\xcc\x94\x13\xcf\xa8\xe6\xd4\xfd\x13\xb2o3\
\x0a\x8aJA\xdf\xf2\xe2/\x06\x00\xa7\x98\xc5h_7\
\xdc\x5c\x1a\xa7\x9d~*\xda\xda\xda\xb0{\xc7N\xa4\xa6\
\xa7I\xb1\xc2\xca\xef\x17\x7f>\xe8g\x1f\xe4\xea\x03*\
\x0e\xc2u\x17\xa6\x90G\x19\x0e\xedF\xd1s\xc9d\x12\
/\xbc\xf0<\x1akk\xf0\xbd\x7f\xfb\x0av\xee\xd8\x8d\
_\xfe\xe16\x0c'\xf2\xe4\xab\xd7\xa1\xa2\xb2Z\xb9\xb1\
\xd2\x0fb\xe9\xe6\x1fUw\x00\xc0\xaf\x1f\xb0\xad\x99)\
M\xde\xbb\x80\xc4\x99\xd4zH\xa1\x90fn\xb6\x14\x10\
\x85em\xb8\x01.D\x8f\xaa\x8a\x10\xda\x1ac8~\
y'\xder\xd4RL\x8d\x0d\xe3k_\xfd*\xee\xbe\
\xeb.\xc9\xae\x95\xbbv\x87\xfb:8[\xa0e\xc0z\
\xe3w\xcc\xc4\x0a\xdft\xd8D\xfdf/9\x02\xf3W\
\x1d\x87@\xa4\x82\xd5W\xfc\xfd\xc9\x911\xe4\x92i\xdd\
\x04\xa2\xcc\xb0e\xe8iY\x81\x8d\xab\x05P5I)\
\x81\x0c\xb2?%\xb5\xd6\x1et\x92D\x04\xde\xd4\x95\xb3\
\x95\x10\xa8\xf0}M\x13\xd5\xd7T^\x07\xc2\xb8\xe4\x12\
\xba\xdb\x8b\x01@(\xa3\xa3s\xb0ZA\x5c\xed\xfbK\
^\x98\xe3\x03\xe2\x97\xd39\xd0#N\x08\xdbX\x1dA\
GS%:[jQW\x15\x15+\xb0m\xdf\x08^\
\xefK\x22\xe5\xc6P\xf0\xb4\x1b!\x00di?X\xf9\
\xd1\xa6\xd9&\x18(Q\xe0\xf2\xe0ci\x03\x5c\xc9\xdb\
\xbb\x12s\xf0\x88bf`\x11\xfd\xefh\x88\xe2\x0b\x9f\
\xba\x16\x8d\x0d\xf5\xd8\xd5\xb5\x0fc\x93\xd3tL\x95\x96\
\x8b\xc7#X\xb4x\x1e^}m\x17\x1e}l\x83d\
]\xfc\x8e2\xcb\xc0\x9a\xda+\x93\xe3=\x08\xee}\xaa\
XJ\x09\x1a\x1a]bz\x8e\xa7\xdc%\xa6\xba|\xed\
\x93d\x01\xd3\x93c8\xef\xac\xb5\xf8\xd2g?\x8e\x08\
Y\xf7\xe9T\x06\x7f\xf8\xcb\xdf\xf0\xd7\x07\x9f@\x96\xd6\
#\x1c\xaf@\xbc\x9a\x03W1\x04Ba\xbfo\xa1<\
v\x01\xcdH\xca\x95X\x01z\xa0\x14\x857\xeb\xe4W\
\xbd\xc0\xa7\xb4\xe5\xd4\xda\x04XY\xd6\x8aL\xd7sI\
L\x0d\xf5\x81\x04\x11\xe7]x\x9e\x80\xc8+/n\xe6\
\x12\x03eYg\xd4\x1e\x18\xe8\xf0\xfc\xd8\x92izr\
\xfd\x1a*\x1d{\xd2\xe7\xdb\xdd\xd3\x83\x8e\xd6\x06\xfc\xf4\
\xfb_G5\xf9\xff\xb7\xdd\xfb0~\x7f\xfb\x03\x04\x96\
\x01TV\xd5 \x12\x8f\x8b\xa2\xba\x1a\xb8\xf8\xd8&\xf3\
a\xd8k\xd1\xf4\x1c\x18E\xe58\x13\x81\xa5ab\x8e\
)Nc\x10d\xd0\xa2\xe3\xf1\xdf\x83A\x05N\xf5\xe1\
<.>\xed\x08\x9cq\xec\x0aTJ\x80\xd0E\xef\xe0\
\x08\xbep\xfdW\xf0\xb7\xbb\xeeV\xf1#\xcf-\xab(\
}\xe3Z\x9e2y|#\x000\x0bVV\x97\xcc\x8b\
F\xb4\xbf\x93\x94\x7f\xce\xcac`q\xfd>]D\x8e\
(\xe9\xd8\xf00\x8a\x5c\xa7o\xea\x14\x98v{\xc6g\
6%\x95\x9eO\xf3YQ8\x98eh\x22[G\xd3\
\x81e\xeb`\xa02\xcd\xba\x03\x0e*\xfa\xcf\xa0`h\
\x94\x0dS{\xef*jn\xe9\xe0\x9e\xf6}\x85\x91q\
\x15\x9b\xf6\xb9=\xd3\xf0\xe2\x15\x85\xadp\xc4=\x1a\xf4\
P_\x1d\xc6\xac\xa6jt4W\xa1\xad>\x8a\xba\x18\
Y17\x8d\x22Y\xe4\x80E\xb4-\x12G6X\x8f\
\x0d\xaf\x8f\xe3\xb9]\xe3\xc8\xa2R\xf5\x16\x98\xd4\x95t\
\xd31\x1d\x0f\xa9`\xa6\x06\x00\xdbD\xdd\x8cZ\xea\xee\
1\x93T\x90\xfa\x04\xa1\xdc@\x8a\xd6\xd0*\xa60\xa7\
)\x8e/|\xf2ZT\x12}\xfd\xef_\xdf\x8c\xbe\xc1\
Q\x15\xdb \xff\xb4mV#>\xf6\x91\xab\xb1m\xe7\
\x1e\xac#\xbf\x9c\x19\x00\xec\xf2\xa0\x96Q\xfe\x19\xdb=\
\x03\xc4\xcb\x1b\xb2|W\x0ae\xfa\x8fR\xf1\x10g+\
\x8aD/\xc7'&\x91JN\xe1\xfcsN$p\xfa\
\x08\xad\x9d\xaa\x87\x98H\xe6\xf1\xcb\xdf\xfd\x19\x8f<\xf9\
,-;Y\xacX\x15*j\xebID\xa2\x8a\x12+\
\xdfH1>\xd3+\xa0\xcbqM\xf9\xaf\xc9l\xf8\xf2\
e\x19\xe9\xb3K.\x80]\xca\x14\x99\xf4\x9e\xa7\xab#\
\x19\xc4\xd90\xe4\xd2\x09\xa4F\x07a;\x05\x9c\x7f\xd1\
\x05\xc2\x0a^\xdb\xbcE\xc47\x10\x0a\xea\xb8\xc6A\xa2\
\xaeh\x9b\x8e+\xcc\x5c;Y)\x9d\xfee\x0d\x18\x1c\
\x1e\xc4\xfc\xd9\xcd\xf8\xe1\xb7\xaeGe,\x8aq\xba\xf6\
?\xdd\xf5\x00\xee{\xe0qIsWT7\xa0\xb2\xb6\
\x8e\xd3D\xf0\xcbxu\xccKj\x0e8\xd8\xcb\xa5\xcf\
\x01\xed\x1a\xc1\x04\x02u\x1a\xd6\xb6u\xc3\x972,\x16\
gZh\x1dC\xb1\x98\xa4\x7f\xab\xa3\x1e\xceY3\x07\
\x17\x9dr\x14*\xa3aU Fk\xd13\x91\xc2-\
w>\x88[\x7f\x7f\x13\xf6l\xa1}(\xa6\xfd\xc0\xa5\
e\xb6\xff\x9f\x14\x09\xcdH\x03\x96\x90\x82\xcf0\xa8\xa3\
\xc6\xba\xa0\x03\xca\xe7o_\xb4\x1a\x0b\xc8\xf2{a\xe5\
\xf7e\xa7\x93\x18\x1b\x1c\x86[((k_\x92C\xd5\
\x19/\x94\xd9Ri/\xa7,p#\x81\x9d\xa2\xf2w\
\xa0\x02\x5c*:\xaf\xaa\xf1\xa4n\xdb\xaf\x8a\xb3K\xd6\
\xcc\xd2\xe8,\x9b\x15\x10\x05\xb7T\xc6P\xb1\x00M\xeb\
\x15\x90p\xf9\x11[;z\x8e\xe3\x08$\x14a\xcbA\
M<\x84\x96\x868!z\x0dY\xf9\x1a4V\x10\xd5\
\xb7r(\x92\x15\xc9\x91%\xceg\x93\x0a\xccH\xa8\x09\
\xd6%\x9d\x99*\xc6\xb0k\xd4\xc2\xa6\xae)\xf2}c\
\xba\xb1\x89\x857\xaf\xac\x97\x15\xa5\xd71ZGE\xd8\
\x98}\x94\x02?\xae\xcf\x86\x1c\xbf\xa6@\xcdB(J\
\xf0\xc9\x93\xde\x07\x14\x92\x04\x00\x15\xb8\xfe\x13W#\x1e\
\xab\xc4\x7f\xfd\xf6\x16B\xf8QU\x06J\xeb1\x9b\x00\
\xe0\xba\x8f^\x8b\xed\xbb\xf6\xe2\xd1uO\x08p\x94[\
\xb6\xf2=\x9c\xd1$\x83\xff9\x18T\x0e\x00*\xcd\xe9\
\x8a\xdf\xe6j\x00H\xa6R8\xef\xdc\x13\xf1\x99\x8f]\
\xcd\xa6L\xbd\x8e\xd6g\x82\x18\xdf\xcd\xb7\xde\x89\xc77\
<O\xd6\x90\xe8u\xbc\x1a\x15\xc4^\xecPP*\xf0\
\x5c-\x8e\x5c8\xa5\xe2GN\xa9\xd2NgCL)\
\xb0\xcfJ<UV\xcbM`\xa6L:(\xa5\xda:\
S\xa1-\xb6\x14\x0fI\xa0./\xcd5\xa9\xd1\x01D\
\xc9`\x9c\x7f\xe1\x85Hg\xd2\xd8\xf1\xea\xab\xca \x89\
\x02\x06`\x1d\xf6\xbaM\xd0\xc4\x14|y%\x9c\xf0\x5c\
\xdf\x90\x8dONb\xd1\xbcY\xb8\xe1\xcb\xff\x8a\x10\xa7\
\xb6s\x0e\x92\xe9\x02n\xbb\xeb^<\xba~#\x0a\x88\
\xa0\xa6\xa9\x95\x5c\xa1\x0a\x15\x97qM\x8aNUV\xaa\
\xd6q\x13\x00\x0d\xe9\xac\x90\xea\xa1P,R\xc5\x98\x84\
\x01\x04\xe8Z\xc9\xf2s\xaa\xb5\x22\x16BM,\x883\
\x8f\x99\x8f\x8bNX\x85\xeaH\xc8_\xa3\x81\xf1i\xfc\
\xe5\x1fOc\xf3\xce\x1e$\xc6\x86\xb0\xf5\x89\xfb\xd1\xbb\
\xfbUI\x1b\x1a\xc3]*\xd0?<#\xf0M\xc0!\
\x85>0\x95c\x9aR\x90p\xb7\xce]\x82\xa5G\x9f\
\x02D\xaa\xc5\xfaeRI\x8c\x0c\x0e\x91\xdfU\x10\xdf\
Y\xac\x91\xadr\xe0~\x93\x06#\x22\xff\xc9\xb34(\
\xe8\xf6\xce\x80\xaa\xd6\xb2I!mR\xda\x90M>\xb2\
\xe4<-\x89\x8a\x17\x98!pH\xceQQe\xb7\x0c\
\xbdM\xd1\x88:q\xa7T6l)?\x19d\xe19\
Z\x1a\x94G\x11\xf1\xb0\x83\xe6\x9a(\x16\xb7\xd7a\xc5\
\x9cz\xcc&%\xa35\x15\x85\xe7.\xacL\x9a\xbe\x93\
\xc2\xe7\x8a\xea\x91u\x83H;\x11L\x10\xa3\x1aO\xb9\
\x18I\xb8\x98\x9c\xce\x91\xbf\x1b\x92\x8dfP\xa9\x8e\x03\
-\x8dU\x98E\xac!\x12\xab\xc0\x96\x9d\xbd\xe8\x19\xc9\
\xc2\xb1*\x88\xb6\xc5E\x01\xa4\xfb\x0b\xf0+\x01u\xe5\
\x8eV2\xcf\x07\x80\x02\xf9\xd1y\xa2\xaen>\x85y\
-U\xb8\xfe\xba\x0f\x22B\xa8\xff\xeb\x9bo\xc3\xbe\xde\
A\x85\xd4\xf4\xfa\xf6\xb6f|\xfc#\x04\x00\xc4\x00\x1e\
~\xe41U\x96k\x97\xac\xa6\x85C\xa9\xde\xc1:\xff\
?\x01\x81y\x8dXZGe&|\x00 \x06\xf0\xc9\
\x8f\xbc\x9f\x98JQ\x98\x84\xf4(\x90\xc0N%\xb3\xb8\
\xfd\xce\xbf\xe1\x09\x02\x81\x0c\x81@\xa8\xaa\x16\x15u\xf5\
\x92*\xf4\x0c\xd8\xe9t\x97\xe7\x9ar]Sx\xe5\xfa\
\x8a\xe0W\xf7iD7s\x06\xec\xa0\xe9\x09\xf0|\xf7\
\xd10T\x87\x0c\x0f\xe7\xfd\xd3\x89\x09d\xc6\x06\x11\x0f\
\xd9\xb8\xf0mo\xc7\xe4\xd48v\xbf\xb6]\xad\x88P\
A\xdb\x8f\xcf\xccDL_\x92`\x8a\x8fL\xfc\xc4P\
5\x0e\x88&I\xd6\x97/\xec\xc47?\x7f\x9d\x00\xe0\
t6/\xaeo2\x95\xc5_\xef}\x10\xeb\x9f\xde\x84\
b \x8a\xaa\x86Fq\x05X\x8e\x99\xba\x97\xf6\xc0S\
\x8dM\x12 \x0e\xea\xcaQ\x15\xd4\xe4&96\xa6\x0c\
T\x1c\xaf\xb0\x82\xe4J\x84\xd9\xf2[\xa8\x0b\xe5p\xfe\
\xdae\xb8\xf0\xc4\xd5\xa8\x88F\x18\xf6D7\x87\xc6\xd2\
\xf8\xd5m\x0f\xe3\xe5\x9d\x07HO\x02\xd2@\x94\x99\x18\
\xc4kO?\x8c\xb1\x81}\xa2\x03\xaa\x90\xa6$\x1f\x07\
\xd7\x0c\x1c\xc2\x00\xca\x95\xcb\xf2\xccD\x19YA\xd44\
\xcf\xc1\xea\x13OG\xa8\xba\x89N!\x84\xbc(\xff\x80\
\x14\xf7He\x93\xabR\x17\x8c`\x0eJ\x15\x5c\xa1H\
\xb8\xe4\xe7\xb3\x95\xb7\xb4\x1f\xc8\xbf\xd3\xa9W\x86=\xb4\
\xd6D0wV\x0d\xea\xc9\xdf\x9e F\xb1}\xdf0\
\xfa'l\xf2-\xc9\xff6\xd3Tt\xbeU\x0a9l\
\x15$\xe4\x94\x9a\xab+\x13\xa4\xc1\x85\xb7\x84\xd0\xaf\x22\
H\x0a_i\xa1\xb31\x8a9-\xd5\x98\xdb\x1a\xc5\xac\
\xfa8*\xe8\x10n6\x85Lr\x1ai\xf2a9\xc0\
\x95\xa3\xf3N\xd3EN\xe4H\xd1\xa7\xf3\x18\x9dr0\
\x91\xb60\x96\x0e\x90\xf2\x03\xd9\xa2\x9aIP[\x19\xc2\
,:\xd6\xe2\xcez\xac\x9c\xdf\x88\xa5\x0b\x9b\xd1\xde\x5c\
I\xbe\x18\xf7\x7f\x87\xf0\xc2\xb6^|\xffW\x8f\xa1w\
\x9c\xce#R#48 \x00`z\xda\xa1\xe7\x03\xa8\
y\x01*\xb2\xad\xba\xd9\xf2yG\x03@\x1a\xf3i\x1d\
>\xff\xf1\xab\x10\xa1\xb5z\xf2\x99\x97\xd074\xac{\
\xd7\x81\xaa\xaaJ\x9c\x7f\xdey\xd8\xbe\xa3\x0b\xffx\xe8\
Q\x1f\x00J\x94\xef`\xe9\xf6\xdeP\xe1\xff'\xffP\
\xbe\xfb\x000\x85\xe9\xe9i\x9c{\xce\x09\x04\x00\x1f\x80\
\xc7=\x17:\xb7\x9e\x97\xd8\x8a\x8d\x04\xed\xdb}\xf7=\
L\x8a\xf0\x122\x1e1\xa1\xea\x1a\xc4jjU`L\
\xdaoC\x12\xa8d\x80.\x16\xcb\x82c&\xb0\xec\x99\
JI\xcb\x8f\xfcC\xd3|[gc8\xe0Z\xf4\x9b\
\x88t\x0c\x80\x1eybm\xd9\xc48\xd2\xa3\xfd\x88\x85\
\x83x\xdb\xa5\x97att\x18]\xdb\xb6+w2\xa0\
\x82\xa8o\x96\x01\xf8\xcfh\xb6Z\xf4\x18\x00\xd2X\xb3\
l\x01\xbe\xfa/\x1f\x91\x81\x1fI\x92{%\x9b\x16\xb2\
\x04\x06\x7f\xfd\xfbCx\xf2\x85-(\x048Z_'\
\xcao\xc1\xd4o\xe8\xd2f}\xcd\x1c\x88\x16\xb7\x96\x0b\
\xdf8\xc0\xcdY1Q|.\x05\x0e3\xdd\x91Z\x99\
*2\x5cg\xac\xe9\xc4;N?\x065\xa4G\xb6\xa5\
\x82\xa8\x03d\x99~{\xe7Sxt\xc3+\xe4:N\
\xa3\xb6*F\x06\xc3\x96\xf4gj\xf8\x00^\xdf\xf4$\
RSCtn\x85\xb2b\xbbC\xf7\xd8g\x00\x87\xd4\
\x08\xeb\xcdU\x00\x10@\xac\xaa\x09+O8\x0b\xd5-\
\x1d\x12\x11/\xe4\x8b\x18\xee\xeb'\xbf+[\xca\xd3\xeb\
(\xb3\xad\xfd\x5c\xe9\xdc\xa2\x0b\xe4b\x09\x85\xdb\x05\x84\
m\x97\x14\x06\xa8'ejm\xa8\x22e\xaa\xc1\xbc\xd6\
j\xd4\xc7,D\xac\xbc\xb4F\x82\x90o8\x01\xdc\xf3\
\xf0+\xd8\xde\x93B\xda\x8e\x92Ue\x16Q\xaa3\xe7\
\xe8\xa8\xb2\x1c<l\x81\x0bf\x5c\xd4\xc5\x03h\xad\xaf\
\xc0\xe2\xd9\xd5bE\x1b\xe3\x0e\xea\xa3\xcc\x00\xb2(p\
\xb3\x11\xb7\x17\x93\x1f\x9dg\xf0\x22`\x99\xce[\x18\x9d\
.`\x88\xac\xfb\xf04\xd03\x98\xc0\xf0\xd44\x01\x82\
j\xe4\x89\x12\xda\xd6VW`^g3\x8e]\xd9\x8e\
#\x16\xcfB\xe7\xac\x0a\xa2c\xc4K\x0a\xdc\xbb\xcdU\
\x8dY\x22 \x19qER\xa8\xc5\x8f\xee\xd8\x85\x87\x9e\
\xe9!\xf4\xaeG \x16WB\xcf\x96\xcdl\x83\xa5\xa2\
\xe1\xaeN\x83qj\x90]\x82\x02\x01@6\x93\x11\x14\
\xef$F\xf1\x85\xeb\xae\x22?/B\xd7\x1d\x96Td\
0\xa0Zf\xb3$t\xec\xcfn\xd9\xba\x13\xeb\x1e{\
B,\x10\xec\x99b}hU\x98w\x08\xbb+\x7f\x9d\
\x1f\x0d.\xbd@\x0f\xe5Pm\xb0.]\xe7db\x1a\
\x13\xc4\x02\xdeJ.\xc0\xa7>z5\x9c\x5c^\x00\x80\
_\x96\xe3@\xa1\xb6\xea\xe9T\x0e\xf7?\xbc\x1e\x0f>\
\xf64\x0a\xc4\x18c\xd5<\xd9\xa9AX \xaf\x85\x1f\
|uTJ4\x10\xb4uO\x81\xe7\xbb\x8d~\x87\xa5\
\xeb\x970\x96\xac\xbey\xe8\xeaA\x99\x0fQ\xe0\x00`\
\x16\xf9\xe4\x14\x01@\x9f\x00\xc0\xdb/{'\xf9\xec\x03\
\xd8\xbfc\xa7\x02AS\xd6\x8dC+\xe7J\x00P\xc6\
\x00\xca\x00\x80\xbf\xe7\x8b.\xb9\x00\x09\x1c\xb3r)\xbe\
\xf6\x99\x8f\x93q\xcd\x12\x03\xc8\x100\x14\xc5K\xe0\xa3\
g\xc9%\xf8\xfdm\xf7\xe0\xd9-\xdbi\xef+QS\
S/\x96>\x18\x08\xfbE?\x5c\xdf\xadJ\xd6\x030\
\x05\xa6\x1c3`\x00\x08\x10\xdd\x17\x10\x10W\xc7%\xd9\
u\xf1\xd6\x13V\xd0c%\xea\xa2A\x81I>\xd5\xee\
\x91I\xfc\xee\x9e\x0d\x046{012\x81\xdc\xf48\
\xc9b\x12--\x8d\x12H\xe7\xb4\xf1\xc4\xc0^\xec\xdc\
\xbc\x81\xd6e\xaa\x0c\xdc\xbc\xc3\xb8\x87\xd6\xe1\x01@\xcb\
\x81b\xac\x91J,;\xead\xccZ\xb4\x06ERD\
\xa6\x5cL\xfb\xb9\x8b\x8f\x0by$\x9de\xeb*\xb9\xb2\
\xa2\x17\xa6\xf3\x11\xb2\xd01\x02\xb4\xda\xaa0:\xebC\
\x98\xdfV\x87ym5h\xa9\x0b\x92\xcf\x9dE1;\
\x8d\x02!\x18\x976r7\xa0B\xfb\x10!h=\xb2\
V\x15\x1e\xdb\xdc\x8b\x8d\xaf\x0d\x12\xf5\x0eK,\x81}\
k\xae|c*TGH\xd2\xd6\x10\x93\xc0\xddl\xb2\
\xf4\xcdq\x0fq\x9b\x8e\x91K!\x97\x9a\xa0c'\x10\
\xd5#\xb9\xb8h%O\xd4}\xba\x18\xc10Y\xf6\x03\
\x83)\x1c\x18Nc4U \xca\xaa\xd2p\xe1\x80G\
\xc0\x14\xc6l\xb2\xf2\xcb\x17\xb4b\xd5\xe2f\xcck\x8f\
\xd3\xe7X\x88\x22\x0b\xbbHt\xc0\xcb\xd1\x9a8\x12g\
\xb0M:M*\xed\x02\xc8\x07\xea\xf0\xc7''p\xcb\
?^G1H\x16 ^%\x02`s\xf1H0\xe0\
\x07!a\x94\x8d\xd3\x9c\xb4\x96R\xd7O.@\x86@\
\xca-d0\xbb!\x8e\xcf}\xec\x03\xb4f\xe4c\x04\
\xc2\x220\x01]E\x96\xa3\xd73\x1d}\x99\x00\xe0\x89\
'\x9fR\x00`\xc1oY>\x9c\xa2\xe3 \xd7\xa9\x14\
\xe5*UZJP\xae\x0c2\x0c\xa8\xabJ;\x12\xf6\
\xe9\x14Q\xea)\x9cu\xe6Z|\xe6\x13\x1f\xa6\xb5\xcd\
\xaa\xe8;)?3\x80\xbc\xe3\xfa\x11\xf9L\xde\xc5m\
w\xff\x1d\xeb\x9e|\x06^\x88XWu-jx\xb4\
[\xbc\xa2T\xc6l\x02\x91Pk`\x5c8\xcf4\x08\
\xd1z9\x05\xe2\x99\x01\xad(\xbaH\xa9\xfc\xfa$N\
D\x9f\xc9\xa0\xc8\x15\x80\x99\xc4(\xf2\x13C\xa8\xa9\x8c\
\xe3\xfc\x8b/\xc1\xc0`\x1f\x0e\xec\xee\x92\xcfq-\xe5\
n\x96\xafE\x09#=\xbfB\xd20\xccR\xb9\xb52\
d\xd9\x1c\x19\xbc\xd11,\xe8h\xc3w\xbe\xfcYT\
D\x02H\xd3^q\x0eGJ\x93%3\x15D\xff\xe8\
\x14~\xfc\xcb\x9b\xd030\x8aXE51\xb6ZD\
\x22q\xb5\x87\x1c\x13\x09\x05\xfdJQ\x09b\xd2\xb1\xc3\
$\xcbR^M\xaf\x0b2\x08\x90\x12\xc7\x89\xc1\x9eK\
\x96\xff\xedd\xf9\xab#A\x01[\x8e\xf7t\x0fL\xe2\
g\xb7>\x8a\x17^\xefGb\x9c\x5c\xd7\x8912n\
\xdc[3%1\xa7\xf6\xceN\x84h\x9d\xb9\x7f\xa0\xe7\
\xf5\x17p`\xd7f\xa9\x8f0\x81\xe8r\xdd6\x22\xe0\
\x03\xc0L\x012Ne\x10m\xf3V`\xc9\xb1\xa7\xc2\
\x8eU\xc9\x82\x8f\x8f\x8ca\x9a\xd0\x90SD\xaa\xcc\x95\
\xddt\xf2BH)\x82$,L\xebc1\x8f\x94<\
\x86\x05m\x0dX1\xbf\x15\xb3\x9bc\xa8\x0a\x92\xd2p\
#C\x81(x&\x81\x5c&-\xe9\x1bO\xd7\xd5\xdb\
:\x02\xacRr.\xa2t!\xc1\xeav\xec\x1dq\xf0\
\xd2\xf6>\xf2yR\xa4g6\xd1\xf0:,\x9b7\x0b\
\xed\x8d\x15\xe2>\x04\x1cR\x1cRv\xae\x02\x13\x7f\x90\
\x8e\x99.\x14\x91*\x90e\x22?>\x93'\x7f)\xe9\
b(\xe5a8ec\x22\xc5\x017K\x94\xaa\xaa\x82\
\xae\xaf\xa5\x12\x0b\xe75a\xf5\x92V,\xe9\xa8FC\
\x05}6\xd2t\xdc)B\xd3\x94\xd0=p=\x82N\
kJ\x93\x86e\xe8\xb6\xa5\x80\x80\x14\xdd\x09\xd5\xe0\xae\
\xe7S\xf8\xd9\xdd\xdb\xe0\x04*\x09\xd1\xab\xc8\x07\x0e+\
+\xa0\xa3\xc0\xae\x9ebdJ\x9d\xf3\xf9\x82o\xc58\
\x08\xe8\x09\x00T\xe2\xf3\x1f}?\xaa\x09\x00&S<\
d2\xaf\x80\x84\xa9#mr%\xb9\x01\xaf\xbe\xb6\x13\
\x8f\xaf\xdf\x08)\x8b\xb7-\xbf(\xe9\xf0=\x1c\x07E\
~K\xbb;\x83)\x94[\x05\x7f\x12\x8e\x04(\x0bD\
33HN'\xb0p\xe1l\xdc\xf0\xad\xeb\x11b\xf0\
\xa2s\xe7)M\xa4\xa7\xf2\xbd\xe8\xa8\xceCIk\x12\
\xa0\xde~\xf7\xdf\xf0\xf8\xc6\xe7\xd9\x82\xa0\xb2\xb6\x11u\
M\xb3$\xb8\xe5\xdaF\xb1T{.\xcb\x14\xbb\x86\x12\
\xac\xd5]\x8bl\x15=\x0dJ\xd2qh\x9a\xb2d:\
\x90\x99\xca\xa3\x82\xc5\x12Ca\x17`j\x149\xf2\x81\
\x1bj*q\xee\x05\x17\xa3\xa7\xa7\x1b={\xf7\x0b\xd0\
:(\x1f\x86Z\xb6\x00\x07i\x83\x87\xb2.QU^\
(?q]\xc4\xe8\xd8(\x19-\xe0\xe3\x1f\xba\x0a'\
\xad=Z\x18-\x83\xb7+\xcdZE\x02gb\x03D\
\xfb\xbb\x0e\xf4\xe1\x17\xbf\xbe\x19\xe3S)\x02\x81\x1a\xd4\
64I\x0e\xdf\xd4Hx\xa6\xd1Lz*\x22*\xf7\
\xcf\x06\x22\x1aG\xbc\x22\x8e\x9a\xa8\x873\x8e\x9c\x8f\x8b\
\xd6\xae@UDU\x192\x1b:0<\x81_\xfc\xf1\
~<\xb5y/2\xe4\xaef\x13l\xfd'QL'\
$\x96\xc5kYU\xdf\x88Y\x04\x02\x1c\x83(\xa6'\
\xb0c\xcbzL\x0c\xee\x97\xdc\xa6\xef&\xfa\x15\xaa\x9a\
\x15\x1c\x0c\x00\xa5\xa0E\x00\x15\xb5\xcd8\xe2\xe4sH\
\x11[8\x97B~\xc5\x94\x00\x00\xbb>*=\xc3N\
5\xd9\xd7\xc24Z+m,j'\xa5\x9f\x1d#!\
\x8e\xa2\xae:JH\xc6\xc5AY8\xf9i\xe4sy\
=\x08\x83|\xaa\xbc\xb2\x1e\xae\xc2P\xb9@#\x98\xb6\
\xc7\xcaV\x10\x1f?\x18\x8e\xd2\x22r0\xa9\x92,\x8d\
\x0a q\xb5\x1e+d>\x9f\x15\x8b\xa8b\x0f\xdcv\
\x1b!:ja$\xed\xa0o,\x8b\xfe\x09\x07c)\
\x0b\xc9\x1c!8Y\x7f\x8fP\x9b\xf3\xf79\xf2\xf3+\
\x09a\xcfZ\xbb\x10g\x9f\xb8\x84\x94\xbe\x02\xb5\x15\xf4\
y\xee$\xdc\x0c3\x87\x14,n\xc4\xe1\xea2G\x97\
VZ\xbeH\xe8I\xbf\x86\x8a\xaa\xe2a\xa6\xb8E\x02\
\x80\x07^\xce\xe3G\xb7m!\xb6Q!\x81\xd2PE\
\xa5\x04\x02M=\xbci>2\x83.L\x19*O<\
\xca\x11\x8d\xf5\xf2\x0a\x00\xd8\x05\xa8\x88Eq\xcb\xed\xf7\
`\xd7\xee=\xca\x97\xa4\xd7/X0\x0f\xef~\xd7\xe5\
\xd8\xb1{\x8fr\x01<\x93\x8a\x9c\xd9\xea3#\x9bs\
\x10\xb3\x03J\x09\xde\x83\xd3B\xe5\xfe\xbfi\x0dv8\
(JV\x96c\x00\xc1@\x11W]y\x19.x\xeb\
Y\xe2\xc6\xe4hO\x99\x1esp\x8b\x7f\x97\xd7s\xf0\
\x8e@2K\x00\xfc\xe7\xdb\xee\xc6\xa6\x17^\x92\x98Q\
us\x07\xc2\xd5\xf5\x9c\x1f\xd5\xd5;e\xad\xad\xfc\xa0\
\xcf\x91\x86\x1cn\x07\xe6X\x11\xa0;\xeet\xe5\xa6a\
%e~\xba\xabYJ.\x9dBrt\x00\x85\xc4\x08\
\x9a\xea\xaaq\xcey\x17b\xdf\xbe}\xe8\xef\xee\xf6\x8b\
\xb6\x00{\xc6:\xcd\x5c#\xcf_\x15\xcf\xbcR\xe2\x15\
\xbaV\x9f^\x9aLL!K\x9f\xd3\xd6\xd4\x80w\xbc\
\xfd\x02,Z<_\xdax-]e\x9a'\x00\xc8\x12\
\x93\xb3\xc9\x85}\xe1\xe5\xd7p\xfb\x9d\x7f\xa5\xbd\x09\xa3\
\xa6\x9e\xd8OE\x95\x9c7\xef\xbb\xf8\xf8\xbc\xff\x92)\
\x22\x00\xe0\x06+z\x84\x88\xe6\xd7\xc5\x1c\x9cw\xdc\x12\
\x9c{\xecr\xc4\xc3*\xd8\xccW<@>\xea\xcfn\
}\x08\xcfn\xda\x86$\x81q\x96\x8cg6EF4\
\x99$E'\xc3\x98K+Y\xa5c\xb6tt\xa2\xbe\
\xb5]b-\xd3\x13\xfb\xb0\xeb\xa5'\x91'\x90(9\
6%\x19\xf1\xe7\x01\x1c\xd67\x08\xc5\xb0\xe4h\xa2\xfe\
\x0bWK\xe4\xdb\xc9\xe7060(\x95z\xaa\x02\x8e\
h<\xf9+\xd5\x814\xce9\xb2\x19'.\x9f\x85\xaa\
@\x92\xac\xf18\xf2d\x8d\xf3y\xb6\xc8\xae\x8a\xe6\xda\
*O\xaf,\x9f-A/\xd7\xf1\xfc\x8c\x80eR/\
\x9e\xfa\x99E:@T\x9b\xab\xf1\x82\x96.\xa4\xe0\xa0\
\x0f\xbd$\xe7\x06\xa4\x045\xeb\x04$\xe2\x9c.\x061\
\x99\x0bb\x94\xac\xfc\xe8t\x11\x13\xe9 2E\x0e\xfc\
\x04\x11':\xd8\xda\xda\x88E\xf3\xe6\xd0\xc2\x07\xb0\xee\
\x91\x0dH\x0c\xf4\xe2\xda+N\xc4\xdb\xcf\x9a\x8fxq\
\x0c6\xf9I\x1c\xe8b\x7f\xdcrU\xbf\xb6\xa4\x19\xa5\
\x0c\xd4\xd1D\xd5\xf1\x05F\x05v\x8c)\x0d\xc8\xdcB\
n\x86r\xc25xt\x9b\x8b\x1f\xfc\xe9%\x02\x1c\xa2\
\xbb!\x02\x80\xca*\xc9g\x07\x02\xe5M \xa5\xae3\
W\x8aXT\xbb/o*\x03\xc0\xbcY\xb5\xf8<g\
\x01\xc8\x9a\xfc\xec7\x7f\xc4\xce=\xfbU@\x96\xceb\
\xee\x9c\xd9\xf8\xf0\xb5\x1f\xc4\xde\xfd\xddx\xe4\xd1\xc7\xf5\
\xa0\x10\xa8L\xc0a\xbf\x0e\x0d\x02\x963\x80\xc3\x81\x80\
\xf92\x1d\x8f\xaeS\x90sL%\x99\xb9M\xa32\x16\
\xc0\x19\xa7\xbf\x05\xa7\xbc\xe5$\xe9\x0e\xe4\x1a\xf9\xa2\xab\
\x8a\xadT\xfc\x00\xaa>\x81\x14yhx\x04\xf7\xdcu\
\x17F\xc7\x89M\xc5\xeb\x08\x04f\xab\x98\x08);\x1b\
\x83\x90\xae\xceS\x9dv\xaa\xdc9\xa0\x8bv\xc4<p\
%\x9de\xfb\x01y\xe8*=\xd3o/\x81@:\xb7\
l*\x89\xf4\xc40\x8a\x89!\x02\x80Z\x9c\xf5\xd6\x0b\
\xb0{\xf7.\x0c\xf5\xf6\xaaQ\xeb\xba\xd0\xe9\xf0@\xe9\
\xfa\xa5\xd4&pm\xe6\x03\x16\xf5\xda\x84x\x22P\x9e\
'V\xa91\xdf\x5c>\x1e\x8b\x87\xa5w\xdf\x0c~\xe5\
\xb8T\x90\x94?^Y+\x05<\xaf\xef\xd8E\xf2c\
!^U'\xb31\x18\x14U'%\xb1A\xddV\xcd\
\x96\xda\xa6G$\x1aEM\xa8\x80s\x8e\x9e\x87\x8bN\
>\x92,\xbfJ\x9d\xf3\x1a\xf4\x8f'\xf0\x9b\xdb\xd6a\
\xc3\x0b;\x90\xe1q\xe3\xc4\xc4\xf2)\xda\x8b\x14\xbb\xba\
\xd3\xc2|=\xddo#m\x1c\x91\x18\xe6-_\x09;\
N.\xa4\x97A\xff\xee\xcd\xe8\xd9\xbdE\x02\x82%c\
\x80\xf258\xcc<\x00\xda\x88\x86\xf6\xf9Xy\xd29\
\x12\xd1f\x8a3\xd6?\x80|&\x03\xe8\x96J\x0e\x5c\
Dh\xbd\xce;\xba\x15\xef:\xb9\x11\x99\xd1\xddH\x11\
Jr\xfd\xbfDj-G\xe7\xe9\x15\xe2\xdb^@7\
8\xe82X\xd7\xf3\xbb\xf1J\x00\xa0\xea\x0eTu\x9e\
'}\x04RX#\xb9\xd20\xd2n\x04S\x850z\
\xc7rD\x89\xa61\x98\xc8c\x9a(~\x96\x9e\xf7\x02\
Q\xe9\x9c\x9b3\xbb\x15+\x96/\xc1\xf2%\x0b\xd0\xd9\
\xd6BL\xa4\x92,\x80\x87\xdf\xdd\xfcg<AVs\
\xed\x8a\x16\x5c\x7f\xed\xa9\x08$\xf7 \xc2]wV\x91\
\xab\x04P\xd4\xe7a\xeb\x1eZ\x0e0\x16\xdd\x82N\x05\
\x1b\xe5\x9f\xd9\x06\xaa\xeaH=\x19g^$\x00x\x8c\
\x01\xe0\xd6\x97\x90\xb7\xe83CU\x08\x90\x1b\x13\xb0\x82\
\xaa\xcd\xd3\x9f\x1b`\xf9\xd3\x8a\xf8\xc1\xd6_\x1e\xe4W\
3\xf3X\xd0^\x8f\xcf|\xf4\x03tX\x1b?\xfd\xd5\
\x1f\xb1\xe7@\xaf\x8e\x88;\xe8\xa0k\xfb\xd8\xc7>\x84\
\xbd{\x0f\xe0\xb1\xc7\x9fTSb8\x95\xf4\x06\xfa\x7f\
H\xf0\xdfTr\x96\xd9\xbe\x83\x83\x86%\x16\x00]\x93\
\xa1\x00\x80\x81?\x99\x9c\x22\xab\x9f\x12\x9f7F\x0cE\
\x82\xb1\x1c\xb4\x0b\x04\xe1\xf7\xd5q\xf07\xa8\x22\xd9\xac\
l\xa9\xe44r\xec\xea\xf0X8\xa2\xa8i\x02\x12\xae\
\x1a\xb5\xfd\xe6.UB\xcb\xber0\xc4\xf7|\x88\xaa\
\x81$\x01\xcb\xa7\xe5\xec\x02IY\x82\xa3\x18\xa4\xd8E\
\xa9\x15Qu\x01\x1c\x04\xccL\x8e\xc2I\x0c\xa3\xb9\xa1\
\x0eg\x9e\xf3Vl\x7f}\x1bFHf=\xed?+\
\xbb\xee\x1d\xcar\xf4B\xf1qM\x00\xb2(\xd5\x836\
:\xda\x1bU\xcckh\x82\x80\x8e\xd7A\xcd\xa7d\xf9\
\xcd\x15r\xf4\xf9\x05\x05v\xa6\xb4:\x18\x96J\xc8\x90\
\xa4\x01=\x09\xa0\xc7+\xeb\xc8/\xaf&P\x88\x8a\x8f\
/\xd4\x9f\x15\x9f\x1b\xcd\xf4\x8c\xc0\xa6x\x00\x17\x92\xe5\
\x7f\xeb\xf1\xcb%\xf8k\xe23=\xa3\x93\xf8\xcd\x1d\x8f\
\xe0\xd9\x97\xf7\x10\xfb\x9e\x14\x85\xcf'\x92Rm\x9bO\
\xa9z\x15\x97]G=MI\x0a\xa3\xe8}\xb5\xad\xad\
h[\xb4H\x5c\xe6|r\x18;6?\x814\xad\x8d\
2\x08\xceL\x199\x94\x01\x10\x9aE+\xb1b\xed\xe9\
\xa8\x9b\xbd\x8468\x8c\xc4\xd8\x18F\x07\x07$\xc8\xa7\
\xca#U\xfa)je\xf1\xf1\xb7\xad\xc0\xf2\xaaA\x14\
R\xe3d\x9dK\xd1[\xf2\xce\xd4\xa2\xbb\xb6\xaf\xe8f\
n\xbe\x8cx\x86\x9a\xd8\xe3\x8f\xe0\xd1u\x97\xa6\xb9\x86\
+\xeb\xb8\xad8I\x16~\x84\xfc\xf6\xde\xc9<\x86\x13\
\x0e\xc6\xd3\xc08\xd1x\xa6[\xe1X\x05f\xcdj\xc7\
\xd2%\x8b\xb0\x9c(\xd9\xa2\xf9\x9dh\x9b\xd5\x22\xd4,\
\x97g\xaaD\x9bD(\xbc\xbb\xeb\x00~\xfe\x8b_ \
\xe8\x8e\xe3\xeb\xd7\x9d\x8f\xd5-\xa4\xdc\xd3\x03R\xe5'\
\x19'=YW\x15\xaa\x98\xd2\x88\xd2\x18'W?\xe5\
\xd7Lz\xa6jMY\x8a\x10Y\xc2b\xb8\x1a\x0f\xbd\
\x9a\xc7\x8fo\xdf\x8a\x1c\xe2p\x03\x15\x82\xc2\x1c\xfd\x0e\
\xe8nE\xa5\x1c\xa5QW\xaa\x9f\xdd\x11\xa1bD\xe7\
\x18\xc0\xdc\x96*|\xe2\xea\xf7H\xf4\xf8Ow\xfc\x1d\
{\xf7\xf5\xc8k\x1c7\x8f\x8e\x8eYx\xdf\x95\xef\xc6\
\xce]]\xd8\xb8\xf1Yz\xbf\xadRd\xa6\x1b\xf2\x0d\
@\xe0\xe0\xb4OiJ\xe1a\x18\x80\x1f\x003\xf5\x00\
E\xe9\xc9p8\xa6\xc2\x03,\x99\xdd\x91R\xb8\xba\x84\
\xd7\xe6\x5c\xb7\x5c\x9b:N\x00j\xb22\x83\x80L\xd7\
)(WA\x15M)\x97\x87\x83{\xf1XD\x14\x89\
\x83\x80\xae\xd4\x8f\x84$F \xad\xd7\x01[w\x8c\x06\
\xc5j\xca\x94 =`\x85\x01B\xf5\x7fx\xc2\xd0\x8a\
\xae\xaa.\xcc%\xc6\xe1&G1\xab\xa9\x11\xa7\x9fu\
.\xb6\xbc\xb2\x19#\x03\x03\xaa\xd2R\x1a\xbd\xac\x19J\
/MI\x9c\x8e\xd4\xa5\xb7\xb6\x9e\x0d\xc0\x19\x97\x0c)\
\xd5i\xa7\x1d\x8fO}\xf8]\x18'\x16\xf3\xcdo\xfe\
\x88hxB\x18\xab\xe9iQc\xc2\x8ae \xe2\x89\
\xe5o\xeb\x98\x83\xd6\xf6Nl\xdf\xb6]\xd2\x83\x95\xb5\
\x0d\x88\x10+\xb0\x08\x00\xa2\xb1\xb8\xca\xf7slH\x1a\
\xe2X\x87\x0a8\xff\x84\xa5\xb8\xec\xd45\xa8\x0c\xeb\xd6\
s:\xd7\x81\xb1)\xfc\xfa\xeeG\xf1\xcc\xe6.d'\
\xa7\x91\x9e\x1cG\x9a\x00\x80\x95\xbf\xc8Y-2\xc6\x0e\
\x01\x9f\x9b/\xfa-\xe7~\xfd\x06-c\xfb\xe2\xc5\xa8\
jl\xa5\xf3\xcdc\xb4g+zvn&9\xca\xc3\
/\x10\xd2n\xad\xc6\x1aE1\x15\x1a\x04\xd12w\x19\
\x96\x1f\x7f\xaaT\xfb\xb9yR\xbe\x03\xfb\xc9\x05(h\
\xfa\xa5h\x14\xfbj!\xa4p\xcd\xb9\x9d8\xb2~\x0a\
EZ\xb4\xacL0\xd1~\xb3i\xfa`\x84t\xd4\xa7\
\xb8\x9apq\xdf\xb3t\xd8\xfb\x85 \x9et\xc4\x15\x84\
\xd2\xdbH\x10[\x19N:\xe8&_~x\xaa\x88D\
\xce\x92H~\x84\x14\xad\xbe\xbe\x0es\x88\x0a/_\xba\
\x18K\x17-\xc4\xec6r=\x98\xeeXj|8\x07\
\xd6r$\xa8Y\xf6\xab\xf3.\xfa\x06\xc6q\xef\xdf\x1f\
F\xf7\xee\xad8eM\x1d\xfe\xf5\xfd'\xc2\x9a\xd8\x03\
\xdb\xc9J\x91\x93\xe9O0\xc2/lD\x9e\xf7To\
\xbd\xa6b&\xf5d\xe8\xa1\xe7\xcf\x94\xf5\xe4\xceE\xb4\
\xcbX\xb7\xad\x80\xef\xff\x99\xa8\x1a\xa2\xa4\x18q\x02\x80\
ZI\xe3\x05\xec\x80\x7f\x9d\xaa\x00\xca\x8cQ\xb3\x84\xfe\
s \x8b\x9bV\xb8\x96{ns%\xae\xbb\xfa\x0a\xc4\
\xe9\x98\xd3I\xf2\xbdSYU-\xc8\x949\x12F]\
]\x0dv\xec\xd8\x89\x0d\x1b\x9e\x16\x80\xb5\xfd\xb1Z\x16\
\xcc,\xd2RZ\xbb\x14\xe8\xf1\xcd\xba\xf1\xfb`\xf9\xe7\
oX\xf1\xc1L@\x80X\xd7*p)r\x91\xdd\x01\
\xce\x5c\x14MG\x9fn\xf21~\xb5>\x14+\xfe\xe2\
%\xcbP[S\x87!R\xc2\xad\xafm\x93\xf6Z\xa6\
\xa1\xd5\xd5\x15\xb8\xf4mo\xc5I\xc7\x1d%\xb6|x\
d\x0c\xfb{\xfa\xd1\xd37\x88\xa1\x91q\x8cO%\x89\
i\x90\x8f\x9b/*\x0b\xafcqr\xbe\xb6*\x94\x91\
\xda\x02}\xbd\x5c.+\xb3\xfeI9\xdc\xcc$f\xb5\
6\xe3\xe4SN\xc7\x96-/ax\xb0O\x5c6O\
\xa7\x90m-gR,\xc6\xfb\x0f\x15g\xe2x\x94\x9c\
\xb7\x8e\xd7\xb0;\xf2\xd9O\x7f\x18\xe7\x9fq\x1c\x9e$\
\xd6\xf8\x1f?\xfa5\xd2y\xd5!Y\x80\x9e\xc6c\xaa\
\x06M\x95\xa7\xc4\xac\x22\x98\xb3x)\xdaf\xcf\xc1s\
\xcf<'\xac\x81\x03\xa0Qr\x03H\xfb\x11%v\xc0\
,\xc0\x8d\x04D.\xaa\x83\xc0\x99k\xe6\xe2\x92\xb7\xac\
Fu<\xa2\xfb\x1f,\x0c\x8e%p\xd3]\x8f\xe0)\
\xb2\xfc\xc9D\x0a\x85\xe9qd\x89\xfas\xd5m\x81|\
\xfe\x9c\xa4\xb5Y\xf9\xf3\xaaV\xc3qu\x1bz@7\
3\xd0\xb9TU\xa1\x9d\x980W\x13:\xf9\x04\xba^\
\xd9\x88\xd4\xe4\x80\x1e\xaeS2\x02%\x00\xb0T\xf5\x1f\
G\xafW\x11\xf5\xaf\x99\xd5)\xd3|'iS\xc6\x86\
\x87t\xdcF\xbd\x89}0\xa6\x7f\x01/\x85\xb7\x1f[\
\x83\xb3\x17\x07\x09\x00\x88\xdaq\x90O\xfb\x22\xd2\x19\xe7\
\x94\xfa\xfd\xcd|z\xfe/D\x8b\xce\xb4\x99Y\x04w\
\xd9\x8del\xf4'\x5c\x0c%\x8a\x18%/#\x91q\
\x09\x85\x8bR\x17\x1d\x8dT\xa0\xb3}\x16V\xafZ\x82\
\xa3\xd6\xac\xc6\x02\xf2\xe7k\x88\xd6\xb3\xa2r=B!\
W\xf0\xa3\xd6\xdc\xb8\x92H'1H\xe7\xdc\xdd7\x22\
\xfe\xf3\x0e\xb2\x96S\x13\xa3\x98\xdf\x1c\xc2\x17?t:\
\xda\xe3\xe4+N\xf5\xfbE\x1e%_\x90\x04\x80]\x00\
=}Hm\xad[JXq\xce\x97\x01\xc0S5\x09\
R\xd2*\xa9\x1c\xdaLN\xf5D\xab\xf1\xec^\x07\xdf\
\xbd\xf9%\xa4\x1d\x02\x84`\x15\xbcX\xbdL\xab\xb1\x03\
%\x9a\xc8\xee\x80\xa7\xab\xe2\xf8\xbc9\xfa\xafb\x00\x19\
\xb8d]\xe74W\xe0\xbak\xde\x83\x18\xad\x91\xe3\x99\
\xd9\x08\xaa +WPe\xc7\xaf\xef\xdc\x8d'6<\
%\xe7!\x13nm\xcbgO\xe5\x01]\xd5\xca\x5c\xca\
\xa7\x9b\xda\xf0R\xe8\xad\xd4\x0b`,~9\x00\xb8\xa5\
?\xa8 \x13w#:\x055\x16\xbd\xac\xab\xcd\xf7\xad\
5%g\x8bz\xd4\xd1\xc7\x902\xb6a\xef\xee.<\
\xb7i\x93\xc4X8%\xfc\xc9\x8f\xbc\x0fW\x5c\xfe6\
TpI\xab>\x17\xa9\x12!PI\xd3\x1aL\x91\xc0\
\x8f\x8c\x8e\xa1\xb7\x7f\x08{\xf6\x1d\xc0\x01\x02\x87Q\xa2\
\xc2\x89D\x06\xd3\xe9\x0c\xc9E\x1e\x05\xe9 \xd5S\xa5\
luW)\x01TR\xcf\x0a\xfa\x90\x96\x96V)\x04\
\xcaJ/G@\xca\xda\x95ni\x90t\xb3\x88\xda\x05\
\x5c\xf2\xb6\x0bII]\xdc\xff\xc0#R\xd6\x0c].\
\xbcp~\x07\xfe\xed\xab\x9fAkC\x05\xbe\xfb\xed\x1b\
\xf1\xd2+;\xb1d\xc5*\xec\xd8\xb9\x03\x89\x14\xe7\xff\
UE\xa7i>\x97\x12^\x06\x00\xa2\xf4\xf3\x97\xadB\
#}\xfe\xb3O?'\x06\xa8\xb2\xae\x19\xb1\x9az\x02\
\xaa\xb8\xc4\xd5,\xa2\xf8\xa1\xa8\x85\xca`\x0eg\x1d\xb5\
\x08\x17\x9dt$\xeaB\xaa\xc8\xc7\xa1\xc7\xc0D\x127\
\x93\xf2?\xfb\xd2.\xbaff\x86S($'E\xf1\
\x1db\x14\x05=O\x93\x0b\xf0x\x16\x01\x1bf.\xd7\
\xb6\xadRe!W\x8d\x16i]\x1a\xe6v\xa2av\
;\xad\x8f\x8b\xf1\xfe\xdd\xd8\xbf\xe3\x05\xda\x87\xac\x96\x05\
#\xfb>\x00@\xd2~M\x1d\x8b\xb1l\xed\x99@8\
N\x1fR\xc0po\x1f\x8a\xf9,\xcc\xe0I5\xbcQ\
\xe5k\xc3\xb4\x88k\xe7\x07\xf1\xee\x13\x1b`\xe7\xc8\x05\
\xe0\xa0\x9f\xa7RA\x01W\xaatU\x0b+\x8f\xb6\xf2\
,\xf1\xadrn\x109\xab\x02I\xf2\xe5\x87\x93\xc0\xd0\
d\x01\x13\x19\x0bSD\xd5\xb3\x1eW\xbb\xc51\xafc\
6V\x13z-\x9a7\x17mD\xe9Z[\x1a\xc8\xe7\
\x8c\xe8\xb6\xcf\x82\xfa\xceA:\xb2\x8c\x99\x9cCB\x93\
F\xdf\xd0\x08\xba\xf6\xed\xc7k\xafwa\xff\xfe~d\
\xd29\xb18\xe1`\x11\xcb\x17\xd4\xe2\xdaw\x9d\x8a#\
\xe6X\x98\xee\xde\x0a'\x93\xf2U\xa0\x14\x195iH\
\xed\xeb\xab,5\xd4\xb8I[\xae\x8b\x95\xccr\xb8\xa0\
%B\xe7\x0fL\xa4\x8b\x18\x9c\xcc\xd15\xd0\xfa\x84*\
\x90\xb0\x1aq\xfb\xba\x1d\xc89a\x99\x85\x88x\xbdX\
\x7f\xe5\x02\xe8\x80RH\xdd#\xc0\x8c\xb2\xce\x92\xef\xcf\
.\x00\x0fPq3\xaa\x14\xf8\xba\x0f\xbdW\xdf\xb1\x06\
~I5\x17\x91\xb0\x05\x0e\x93\xb0l\xdf\xb5\x07\xeb\xd7\
o\x84\xba\x9d\x9a\xed\xfb\xf2\xa6\xecs\x863`\x1a^\
Ls\x8b\xb6\xfe\xc6\xd9\xf13\xbe\x87a\x01nY>\
\xdc\xf8\x05\x1c\x144s\x1a\x0cx\xaa\xd7\x95\x00\x80\xcf\
\xf9\xe8c\x8e\xc5\xdc\xb9s1\xd0\xd3\x8bG\x1e[/\
\xf4s~g\x13~\xfe\xa3oc\xce\xecY(\xe3\x0d\
\xba\xbf\x030AK\xf5\x91j4\x1b\xa7\xd7x(\x09\
\xb3\x82\xf1\xf1I\x0c\x8f\x8e\x13\xab\x1bD\xdf\xe0\x08\xfa\
\x07\x861J\xcf\xf1\xfe\xa7\xc8`\xe4up\xd1)z\
\x028![M_\xe2Q^\x12K\xf4\xd4\x8c\xc3\xd6\
\xba8\xde}\xc9\xb9\xb8\xe8\x82\xf3\xf0\xd43\x9b\xf1\xfd\
\x1f\xfc\xb7\x94\x9dK\x06\x80\x94\xe5\x83W^\x8e\xf7\x5c\
~\x11z{\x0e\xe0s_\xf8\xba\xec\xed7\xbe\xfd\x0d\
l}u\x0bn\xbf\xfd\x1eI\xf1IqQ@\x9d\xa7\
t\xf5q\xb2\x91\xac\xfa\xa2\x15\xabQ\xdb\xd0\x88\xe7\x9f\
{\x81\xdc\x1d\x1b\x15\x0d\xcd\x88\xd44 \x5cQ%\xd1\
~\xce\x02T\xd9\x19R\xfe\xb9\xb8\xf8\xe45\xa8\x8e\x86\
\xa0\xe688\xe8\x9fL\xe1\x0f\xf7\xac\xc7\xd3\x9bw\x22\
\x93\xc8\x91[\xc3\x81>\x02\x80\xac\x9a\xc8T[U+\
\xca=\x9d\x98\x94A;\xb1h\x8d\xc4\x06\x86z\xf7!\
\x08W\xc7G$]\xa6\xd2\xcd\x95q\xb4/]\x0a\x9b\
\xd8\x87\xed\xa4\xb1\xfb\xb5\x0d\x98\x9e\xe8/\xe3\x7f\x98\xd9\
\x0dh\x87+\x89\xfa\x9f\x81\xc6\xcee\x12\xc4\x99\x1c\x19\
\xc5\xd4\xf0\xa8\xdap\xbdAE\x8d\xfelt\x22!\x1b\
\x0b\xea\x0a\xb8\xe6\xec\xd9\x88\xbb#\xc8\xe7t\xf0\x8f\x01\
R\x1c\xe7\x10)u\x98\xfcvUm7\x91r04\
\xa5\x14>\x9d\x0f O\xa7]QU\x8d\x8e\xcev\xcc\
\x9b\xd7\x8e\x15\xcb\x16b\xf1\xfc9h!\xa5\x8f\xf1X\
\xa9\x22\xe7\xc8sz\xb2\xad\xaa<\xe3|\xf3t\x92\x07\
b\x8c\x11\x22wa\xeb\x8e\xdd\xd8\xbb\xbf\x17#c\xa3\
R\xaf\xce\x8aZ_[\x85\xc5s\xdap\xcc\x8aN\xac\
Z\xdc\x86\x95\x0b+P\x1b\xa6\x85\x9c\xe8E\x9e\x16\x8c\
SN*\x18rP\xf0KW\x85\xa9\x99\xf6\xb4\xa5<\
\xfd\x85\x84'_\x0cb\x9a\xd0i\x8c\x00k\xff@\x12\
\xfbz'\xb1\x7f(\x85\x81\xc9<\xc6\xb36Y\xfc\x80\
\xf8\xbc\x15\xd1J\x89Y\xd8,\xbcd\xf9\xbdX%\xa2\
\x84\xfa\x1c\xedv\xb4\xd2\x84B\x01\x1d,S\x00\xc0\xeb\
\x99!\xcb\x97J&\xe1\x11\x00\x88\x0b@\x00\xc0\xcf?\
\xfe\xc4F\x1c8\xd0\xa3o(a\xa3\x95\xe8\xed9\xe7\
\x9c\x83\x1d\xbb\xf7b\xfd\x13O)\x8be\xf9dnF\
\xc3\x94)<\xf2\x0c5\xf7\xcc\x80J\xd5\x81&@W\
J\x8f\x1f\xf6\xe6\x94\xae?\xd7\xdf\xf2\xff\xae\xf6\xc2\xf1\
_\xe7\x03@Y\xea\x90\x99\xd81\xc7\x1d\x8b\x85\x0b\x17\
\xa0\x9f\x00\xe0\xe1\x87\xd7\xd1g\xe7q\xcc\x91\x8b\xf1\xa3\
\xef|\x15\x0d\xf5\xb5ew\xf5)gaec\xae\xcd\
E\x18`0u\xed:\x9d\xc7\xeeA\x96\xd8@*\x9d\
%\x85L\x10\x10$p\xa0\xbf\x1f\x9b_\xd9\x8e\x0d\x1b\
7!_p\xc8\x9f\xd7\xce-3\x00[\xb1\xbb\xa5\x8b\
\x16\xe0\x9a\xf7^\x8a\xa3\x8fX\x8aD2\x85_\xfe\xee\
/x\xec\xc9\xe7\xb9w\x94D\x87|v\x22o?\xfa\
\xfe7\xb1h\xfe<\xfc\xf9\xf6;\xf1\xeb\xdf\xfd\x99(\
|\x0d\xbes\xc3\xb7\xd0Jr\xf9\xe2\x0b/\xe0\xf6;\
\xeeF\xff\xe8\x04\xe9HD\xd1n6x\x96\xaal\x5c\
\xbcr5*kj\xb1\xf9\xc5\x97\xd99$\x00hE\
\x80\x147X\xc5S}\x82h\x8e\x07p\xe6\xaa\xb9\x12\
\xf0\xab\x8a\xaa\x89Sd\xfb\xd0K\xb4\xff\x0fw=\x8e\
g_\xde'e\xc7\x05N\xf1\xf1=2H\xa6\x99\x1d\
r\xac\xa5\xbe\xbeY\xdc\x5c\xceHx\x5c\x9b\xe2\xd2g\
\x172\xe8\xd9\xbb\x9d\xd8cF\xb9\xd5P:(.+\
\xb94\x8d\xf3\xe6\xa1vV;\xd3[\x8c\xf5\xef@\xf7\
\x8eMr\x9d\xc6\xe8\xfbY\x00\xa6\x9aU\x0d\xedXs\
\xda\x852\xdd\x87\xa7\x97\x0c\xd2\xe69\x99\xbcD\xd1]\
\x9d2q\xa5p%/\xbe!\x97\xcb6\x04\xd2\xf8\xe0\
\xd9mh\x89\x8c\x93\xc1eJ\xa6\xe7\x94\x91\xfb0\x91\
\x8f\xe1\x95\xee,\xb6\x1d\x98\xc6x\xd2E\x91\x9e\xe3J\
\xa5\xea\xaa\x0at\x900\x1f\xb9j\x19\x8e=f\x0d\xe6\
\xcf\xed@U\x05\xd1#:&S\x1b\xdeXu\xf7\x1d\
\xc5Q\xd8\x1fd_\xb1\x7fp\x08\xfb\xba\xfb\xf0\xe2K\
\xafb\x90,\xfe\xe4\xe4\x84\x04\xa9xV]KC%\
:[\xeb\xb0ji\x07\x96/\xe9@gK%\xeac\
t.\x99q8\xe9\x11Z\xe5i9\xbe'\x93s\xb3\
J\x88\xbdR\xee\xd7\xf8\xf5\xec/\xe6\xe91I\x00\xd5\
;\xe1`\xdf@\x1a{\x06\xd3\xe8\x1f\xc9`|\xda\xc3\
\x08\xd1\xb2D\xa6@\xeeNP*\xddx\x1e\x02\xfb\xc5\
5\x15QI\x0fq\xb9q\xb0@\x07\x0b\x13-\x8cW\
\x22B\x7f\x97\xd1b\xb6\xb1\xba\x9e\x7fC\x0eSt\x93\
a\x0b75%}\x0a\x1d\x0dq|\x5c\x18\x00\xf0\x9b\
\xdf\xdf\x82\xde\xbea\xdd:\xeb\xa2\xa3\xa3\x1d\xd7\x5c}\
5v\xef\xddG\xe0\xb0A\xb5\x8eZ\xb6\x1egV\x8a\
\xe6\x9b\x0c\x83\xb1\xde\xaa\xa8\xa7(\xee\x06\x07\xee8\xff\
,\xe3\xa5\x82\x96\x08-\xca\x14\xb1\x1c\x00\xccD`\xc0\
\xb4\xe1B\xaf\xdbA\x91t\xaft_A\x89D\xd3:\
\x1f\xbfv-\x16/Y\x88\x03\xe4\x86q\xe3R \xe0\
\xe0m\xe7\x9f\x86\xcf}\xfcC\xe2\xc2\x19\xe6\xa2\x92t\
&\xcb\x82\xb2\xaeD\xd3\x8c\xa3Q\xaa\xacz\xcd@\x82\
\xf1b<\xfd&\x0e\x08>\xb7\xf9u|\xfe+\xff\x8e\
8\xc9\xd3\xd2\xa5\x0b\xf0\xd2\x8b[@D\x166\x19\xab\
\xd3N>\x0e\xef\xba\xf4\x1d\xe8\x98\xd5\x88\xc4\xe48~\
\xfe\x9b\x9b\x89jo\xa3\xf7\x85\x14\xb0\xe4\x93X:\xaf\
\x09?\xb9\xf1\xdb\x12\xb8\xfc\xfc\x97\xbe\x89m\xbb\xba%\
\x1dx\xccqG\xe1\xdak\xaeFs}\x15v\x92+\
\xf0\xcb\xdf\xfe\x11}\xc3\x09b\x07\x11u\x87(Z\x97\
H$\x88\xc5\xab\x8e@\xb4\xa2\x12\xdb^}\x8d\x9e\x8f\
 \xd6\xd8\x86p]#\xc2\xc4`+Cy\x5c|\xe2\
2\x5cp\xdcJ\xc4\xc3z\x96\x84\xf8\xfc\xd3\xf8\xcd=\
\x8f\xe3\xe9-{\x91\x22\xab\x9fMr\xaa/!\xca_\
 &\x9bMs0\xb1\x06\xf1\xca\x1a\x95B\xe7)Q\
\x9c\x22u\x88y\x90,\x8f\x0e\x10hL\x8cA\xdf\xf8\
\x8d\xc4\xda\x8c\x09\x0b V\xd7\x80\xf6\xc5K\xe0E\x88\
\x95f'\xd1\xb5\xe5\x09b\x15c\xfe\x96s\x87\x85'\
\xc55v\x18sW\x1e\x8f\xf9G\xac%\xb4\x88 1\
1\x85\x91\x81!\x99Wf\xd2Vfx\x02\xb7_r\
\x85X\x84\x00 \xea$q\xd9\x89\x8dX\xd5D\x08\xc4\
J+7a\x0db\xb0\x10\xc3\xfaW'\xd03\xc9\xf5\
\xcda\xb4\xb54c\xe5\xaa\xe58\xfa\xe85\x84\xc2\xf3\
\xd0@V:\xc2\xf9}W\xd5\x86\x17\x1dU_\xc0\xca\
\xc1\x94odr\x8a\xfc\xf8A\xbc\xfe\xfaN\xec$\xca\
;42B\x8a\xc27\x10\xc9p>\x88\x84\xa8\x02s\
;\xea\xb1ja+)\xfd\x1c,\x9c\xd3\x848Q+\
\xaf@\xc8\x99\x99\x22iH\xd1Y\x14\xc4\xb7\xe2nC\
\x95Z4\x13o\x8b:Na\x83\xbb~\x13\x19\x0f\xc3\
D\xe5\x87\xc9\xa2\x0fL\x14\xd07\x9a\xc5\xde\xc1$\xfa\
\xc6\x88\x86y\xe4z\x04\xe2*\xd0\x13\xe0\x1e\x81\x98\x04\
\x22[g\xb5\xa2c\xee<\x99\x9a\xb3\xfe\xf1\xf58r\
\xe5R\x1c\x7f\xec\x1a\xdc\xfb\xf7\x87\xd0\xd5\xd5+u\x08\
\x5c\xdf\xcd\x9d\x82<O\x00\xbe\xa5V\xe5\xd3\xa6?>\
_P\x85@\xc9\xe9i\xb8\xb4\xe9\xedDO?v\xf5\
\xbb\xc5\xc5\xfa\xfd\xcd\xb7I3\x90\xb2\xd0\x0e\xe6\xcd\x99\
\x83\x0f^\xf5\x01\xec\x22\x00X\xb7\xfe\x09Ut\xa3#\
\xd8%\x8fT\xb9\x0d\xaa\xe1H~!,rp\xce\xe9\
'b\xd5\x8a\xa5\xd8\xf8\xcc\x0b\xd8\xfc\xf2\x0e:oK\
\xd5\xa1\xcb\x14+\xa7\x94kG\xd9\xcd[\xcb\xc1\xc0t\
\xc9\xe9\xee=\x13\xdb\x91\xff\x5cu\xef\x01E\xbf\x15\xb3\
Z\xbb\xf6D\x02\x80%\xe8!\xb7\xec\x1f\xffx\x98\xd6\
\xce\xc1\xa7>\xfa\x01\xbc\xfb\xed\xe7\xa2\xb2\x22\xaeF\xb1\
\xe94\xdf\xcc\xb8\xc4\xc1\x0dJ3\x7f\x9e\x99\xec(\xa3\
-\xd2\x93P\xc4\xfd\xeb\x9e\xc1\xf7~|\x13V,_\
\x88O}\xfc\xfd\xf8\xd9O\x7f\x8d\x17_\xdd\x8d\xda\xe6\
f|\xfe3\xff\x82\x8e\xd9M8\xb0\x7f?\xee\xb8\xfd\
>a\x8fE)\xe6R\x85GA/\x87k\xdf\xf7v\
\xbc\xf3\x92\x0b\xb0~\xe33\xf8\xce\x8d?\x01{\x92\x96\
nZ:\xf6\x98\xa3\xf0\xa1\xab\xae\xc0\xec\xb6&\xec\xda\
\xb3\x8f\x00\xe4\x8f800!s X\xea9\xb3\xb1\
\x98\x5c\x00\x9b\xa8>7\x22qj:\xd4\xd2\x81\x8a\xc6\
F4V\x85q\xce\x11\x1d\xb8h\xed2T\xca\xad\xed\
\x15\xc3\x1a\x1cO\xe2\xf7w>\x8e\x8d/\xef\xc14\xc9\
}nzJ\xac\x7f\x81\xd8I\x91~\xe7Vq\xae\xb6\
d\xb7\x82\x81^\x1a\xa9L\x0c\x86G+\xb8\x05d\xa6\
\xc7112(\xee\x99W\xcc\x89\x1b\xa3\xb2T\xa4_\
\xac{\xc4z\xaa\x9afI\xfa\xb6g\xf7\x0b\x18\xee\xd9\
\x0e\xe8\x81\xa2\x1cZ\xf58 \x16\xaa\xa8\xc5\x91\xa7\x5c\
\x80\x8a\xa6\x0e\x09.\xf5\xf7\xf6\x22C'\xc1\xd4/\xa8\
g\x9d\xa9{\xb1\xa9@\x10W\xaeq\x1ds\xd8\xcb\xe2\
\x94\xc5!\x9c\xb9$\x8c\xb0\x93\x81CT\x83\xbb\xf8\x1e\
{-\x83\xed\x836\x96,_\x81\xab\xdfw\xa9\xd0{\
\x8el\xcb\x9dr\x0bj\xe8\x22\x83\x08\x8fFf\x99I\
\xe5\x0a\x18\x1e\x9b\xc0\x9e\x03\xfb\xb1m\xc7.t\xd1\x02\
\x0f\x0f\x0f#\x97\x9e&\x05\xce\x93\xaf\x14\xc0\xec\xf6\x06\
\xac^\xd6I\x8f\xf9\x98\xd7\xd1\x88\x86J\x07\xa1B\x82\
\xfc\xa1\xa4\xb4\xd2\xbaYR\x22''\x05=2\x85\x95\
)\x1a\x01\x9bnO\x12?/C,e\x9aX\xcd\xc8\
d\x86\xe8\xfc\x04vu\x8fcO_RZ~3\xc5\
\x10\xf9\xef<\x9a\xdc\xe4\x9fA\xec\x22.3\xe6V,\
]\x88U\x12\x97\x98\x87F\xda\x0c\x9b\x105G\xe8\xbd\
\xad\xab\x9bh\xe2-h$\xab\xf6\x85O~H\x5c\x96\
\xbb\xee{\x18\x8f=\xb5\x09\x89\xac+\xe9\xad\x00Y\x09\
\xce\x0fK*\xcbD\xcd\xad\xd2\xa0J\x8e\x03$y\xe3\
\xa7'}\x00\xe0\x1a\x88;\xef\xba\x0f\x07z{4p\
\xb9X\xb4p!\xde{\xe5\x952)\xe8\x91\xc7\x1e\x97\
\xe8\xb8\xa5\xe7\xcc\xa3\x0c\x00<\xa8\x80\xa8J]\x16\xa5\
I\xea\xc6o]\x8f\xce\x8e\x16$I\xa2\x9fyv3\
\xee{\xf01re\x86e\xc2\xafg\xa8\xa3\xce\x12\xf8\
\x93t\xcb\x82\x84~\xe3\x90W>\xa5\xd9T\xe4\x95\x82\
\x83\xe6\x1eyk\x89\x01,Z\xbc\x08\xbd\xfb\x0e\xe0\x81\
\x07\xffA{\xe1\xe2\xdb_\xfb\x1c\xce$+\x5c\x19\xa7\
\xf5\x08\xa8\xb2X\xaf\xac\x0b\xe1\x8d\xda\x94g\x0e\x15=\
\x14$\xe4<8\x88H@z\xcb]\x0f\xe0\x96\xdb\x1e\
\xc0\xd9g\x9e\x84\xcf}\xe2*lyy+\xbeu\xe3\
/0B~;\xb3\x92\xf3\xce=\x157\xdf\xf4;b\
Q\xe4\x0b\x07\xe3\xe29\xf3\xfaqys{S5\xbe\
q\xfduh\x9b\xd5\x8c\xef\xfd\xc7O\xf0\xf8\xc6\xe7\x94\
\xfc\xe8\x11e\xbcJG\xaeZ\x88O|\xf4\x1a\xb4\xcd\
\x9e\x8d\x1d\xc4n~\xf0\xd3\xdfb\x94|w^\xaa\x8a\
x\x0c\x8b\x97\xaf\x82K\xee\xf3\xde\x9d{$\x8b\x16m\
\xe4\x18V-. \xca\x7f\xf6\xb1KQ\xcd\xee\x9cv\
5\x87&\xd3\xb8\xf9\xeeu\xd8\xf0\xe2\xeb\x98L\x91!\
 w\x86}\xfe|\x92\x8dAZ\xe2h\xf5\x8dM(\
H9\xb2.\x9d\xe65\xd6\xb7&\xe3i\xd7\x5c\xaem\
\x91 \x84\x98)\x91E\xe8\xef\xd9\x89b6\xa9\x06\xe8\
p\x80\x96\xce\xbd\xa2\xb1\x01m\x0b\x97H\x81Ur\xb2\
\x07{\xb6>E:\x93*o\xe2\xb3\xd1\xd0N\x02~\
\xd2\xb9Dk+\x85\x86\x0f\xf4\xf51\xa7\xd2\xed\x8b:\
\xcd\xa4o\xc6(#\x98\x0a\xdc\x99\x16\xa0\x0f\x06\x966\
\xe7p\xe91\xb5\xa8\xf4\x92\x04\x00\x84j\xa9\x08\xee\xdd\
\x94F\xa4\xb1\x13\xdf\xf9\xea\xa7\xb1f\xe9b\xb2\xdcY\
\x95>\xe2\xb4\x0eQW\xa6\xca\xac\xf0;v\xed\xc6\xce\
\xae\xbd\xe8\xda\xd7\x8d\x03}\xfdHf\x92b\x1d\xea\xc9\
g\x9aU\x1fE{c\x14\xcb\xe6\xb7\x90\x1f\xdfF\xd4\
\xad\x06\x15\xc1\x02)\xfa$-\xd6\x14Q\x9a\x94 ^\
@\x0b#O\x86u}k\xc6Y\x86\x08\xd1\xbf\x00F\
S\x1c]\xcd\xa2{(\x83\xae\xde\x04\xd1\xf9\x14\xc6S\
\x5cD\xe4 [\xe4\x9bo@\x8e\x11'\x0a\xd7\xdcT\
\x8fy\xf3\xe6b\xe1\x82y\xb4qMXH?\xcfi\
kE%\xb9-\xb6\xf8\xf2\xaa\xf6=K,h*\x93\
#\x17a\x127\xdfr'\xb2\x13\x13\xf8\xe2uWa\
\xf1\xc2\x0eI\xd9m\xd9\xbe\x0b\xb7\xde\xf1 Y\x99}\
\xd2\xaf\xcd\xfeb8V\xa9F=\x05\xd5\x0d)\x98\xb2\
J\x1f\x00\xf9x\xd3DIs\x89\x09\xcci\xae\xc6\xc7\
>\xf8N\x99I700\x86\x04\x01\x83)=\xae\xab\
\xab\xc7\xdc\xf9\x0b\x89\x11\xed#Z\xbdN7\x96\xd8~\
\x00\xb0\xc4\x00\xf4@\x15\xd1\xd4\x02\xe6\xb6\xd5\xe3\x87\xdf\
\xf9\x92\xd0WO\xdf\xe1\x873%\x0f?\xfe\x14\x1ez\
\xecY\x8c\x8c\xa5\xfcT\x1bLm\x06\x0e\xbd\xfb\x92k\
\xee;\xa0-\xbf\xabi\x7fQ\x07e\x0d@0(\x9d\
p\xe2Z,\x5c8\x1f\xbd\xfb\x0f\xe0\xc1\x07\x1f\x22\x00\
\xb4\xf0\x83\x1b\xbe\x86\xb5k\x96\x13\x00DKc\xc1M\
e\xe5a\xbe\x0e\x05\x84R9ky\xdf\x8a\x5c/\xad\
#\x03\xfb\xcf\xc9\xa7_\xb7\xe1y|\xf0\x8aw\xe0\xdd\
\x97\x9c#\x81\xd3\xbf\xdc\xfd\x10n\xfa\xd3=\xa4H\x01\
\x5cv\xc9\x85\xe8hi\xc4\x9f\xef\xb8\x07\x07\x86\xc6e\
\x96%\xaf\x08\x0f\x12\xb9\xf8\xec\x93\xf0\xbe+\xde.\x03\
W\xbf\xf8\xb5oa\x8c\x14\xdb\xb3T\x01\x1b\xf7)\xb0\
\x9f\x7f\xc4\xf2\x05\xf8\xcc\xa7>\x86\x86\xa6f\x0c\x8dO\
\xe3\xfb\xc40z\x07\xc7\xc4M\x8b\xc5\xe3X\xb0t\x05\
\xf9\xf4\x01\xec\xd9\xd7\x8b`\xb4\x02\xf5uQ\x5ct\xda\
\xd1x\xdbIkP\x11\x0e\xf9\x8d`\xc3\x89\x0cn\xb9\
w\x036\x92\xf2'\xa6SH\xd3\xc3a\x00Hr\x9a\
o\x0a\xc5tF\xd2|\xe1HD&\x10s\xd6\xcct\
\xef\x99\xb1\xf4.1\x16\x99d\x9c\xa3\xb5/8\x92\x1e\
\xe4q\xe1\x5c\x9eo\xebqyr'\xa7h\x18\x9dK\
\x97Ii\xba[L\xa2\xeb\xd5\xa7\xe8u\xfd\xaa\x9bV\
\xd5\xdcD\xb0\xf0\x88\x930{\xd91\x82xSc\xe3\
\x18\x1d\x1a\x92[2\xab4\x93\xf6\x95]5\x92KZ\
0\x0b9\xb9\x10.\xd2\x98U\x91\xc2{\xc9\x0dh\xb2\
\xa6Q$\xbf\xb2k4\x84\x87^K\xe3\xc43\xce\xc0\
\xd7?\xfbQ\x04\x0a\xb6\xae\xfdw\xa5\xa8f\x8a.\xf4\
\x89\xa7\x9f\xc3=\xf7\xfe\x1d\xfb\xf7\xef\xa3\x8b\x0c\x80\x8b\
\xbf\x9a\x1aj\xb0\x9a\xfc\xb6\xe3\x8f\x5c\x89\x15\x0bg\xa3\
\xa1\x82,\xbcG~V~\x12\x85,)|&)\xdd\
~\xdc\x80\x110%\xbb\x96\x1a\xc7\xc5i\x1c.\x11\x9e\
L\x161\x96\xc8b\x80\xe8\xfb\xeb\x07F\x88\xa2%\xe8\
g\x0fS9\x02\x1d\x84\xa4\xa3\x91\xcb0\xb9O\xa1\x9e\
\xac\xf6\xec\xd9m\x98C\xb4p\xc9\xfcv,\x98?O\
RWu\xe4\x9e\x84\xa5\x8f]\xdf1\x88\xab\xc3x\x00\
\x0a\xd7W\x93o8AVt8\x99'\x97!\x81\xa1\
\xd1\x04\x9eY\xff\x0c\xa6{z\xf0\xd1\xf7^\x8c\xd3O\
:Zz\x0fY0G\xc6S\xf8\xdb\xc3\x8f\xe3\xa1\xf5\
O\x11\xc2\x13p\x05\xa2\xc2J\xc2\x9c\x06\xe5\x01\xa8\xae\
j\xf1\xcde\xd3\x04\x00c\xc8NM`^k->\
~\xf5\xbb\x14\xd5\x86j\x07\xb6\xf5PMVKN\xbf\
\xee\xda\xbd\x1f\x8f\x12\x00\xa0l\x049\xfc\xcc\x85r\x01\
\x1c]k\xcf\x19\x93\xc5sZ\xf1\xa3\xef~\x19u\xd5\
1\x05\x18\xba\xda\x91;\xf9\xb6\xef\xdc\x8b\xdb\xef\xfe;\
6\xbd\xbc\x1d\x05\xb9\xf3\xba\x1e\x9aj\x99\x92\xd1\x99w\
\xbf\x91\xf2\x08=\xacS\x18\x8c\xbe\xf5X9YgA\
e\x00X\xb4p\x1e\xfa\xbb{q\xff\xfd\x0f\x90+\x14\
\x10\x008z\xe5\x12\x89\xf7\xf0\xbd\xf1\x14\xf3\xb0K\xe9\
\xb4\x19\xdd\xa8\x87\x9fcp\xe8\x04;u7\xa8\x1c\x19\
\x82\xb1\xa9,n\xfc\xc9\xaf\xb1y\xebv|\xf9\xd3\x1f\
\xc6\x19'\x1e-\xee\xde(\xf9\xd5?\xf8\xf1\xaf\xf0\xdc\
\xcb\xaf\xa3\xa5\xb9\x05\x1f\xbd\xf6jd\xc9\x95\xbc\xf9\xd6\
;\xb0w\x7f\x9f\xc4\x19\x9aj\xe2\xf8\xcc\x87\xdf\x8b\x95\
+\x96\xe0\xce\xfb\xfeA,\xe2nU? \xeb\xeb\x82\
l\x03N;\xe98\x5cu\xe5\xbbP[SCLu\
\x00\x7f}\xe0Ql\xde\xbe\x87\xacGT\xd2\xbbQb\
\x00s\x97.'&\xe9\xa2\xfb@/\x9a\xea*q\xee\
\xc9\xabq\xf1\xe9\xc7\xa3N\x86y(\xe0\x1c\x9aJ\xe3\
\x96\x07\x9e\xc6\xc6\xcd\xbb\x91J\xa6\x91I\x90A\x9bN\
\xc2c\x7f\x9fk 2D\xff\xb3\x5c\xe8\x93\x91;e\
\xb3\xbcD\xe3\x95z\xad\xd5$m\xc5i\x0b\x92\x15\xe3\
a;\x99\xa4j\x88\x93\x01\xac\x96\xb9\xff\xa5\x8e\x8d\x04\
,\xb4\x90lW\xb5\xb4\xca\x1d\xa7\xfa\xba6c`\xdf\
V:VA*\xf4=;Z\x8d#O=\x1f\xf1\xa6\
9r\xd8\x81\xfd\xddr\xdf>[\xba\xdf\xf4\x0c\x7fO\
\x935\xcb\xd3\x0d,\xe4\x9f\x10\x080\xb5\xad\xb4\x12\xb8\
\xfc\xa8J,\xae!p\xa0\xbf\xef\x1c\x0b\xe2\xc9.\x07\
'\x9fq\x964\xb6\xc8X,\x1d\xa8\xc9\xd3f\xdd\xfb\
\xc8\x13\xf8\xaf_\xfe\x0e\xe3#\xbdX\xb1d6.8\
g-\x8eX\xd2\x82\xb9\xb3\xaa\xd1TE\xcaQ\xccJ\
7\x13?\xb8>^\x02\x1e\xd2-VTBc\x85\xe5\
&\xa3\xd3D\xe7yx\xc7T\xa2\x88\xfd\xfd\x09\xec\xe8\
\x9e@\xf7@\x12\x13\xd39$\x09\x9f\xe8\x1bm\xb4\xca\
K\xc7\xc8\xef\xack\xa8\xc5\xecY\x0dX\xb2`6\x8e\
 \x7fx9\xf9FL\xf78\xc5h\xeb\xc1\x9e2\xb6\
\x89\xaf\x91\xae}:[ \x1aO\x80B\x1b3N\x8a\
:\x92\xce\xcb#\x91sI\xe0<Y\x03.\x8f\x1e!\
\x97er\xe76\x9c\xff\x96#q\xd5\xbb.!W\xa8\
 \xed\xcdy5\xeb\x1c\xafm\xdf\x8d?\x13\x9d\xdf\xb2\
\xbd\x8b\xfc\xd4\x80\xb0\x80(\xdfT#\x14\x13\x10\xe0\xe0\
\x1cOx\xcd\xa7&\xd1\xd1PI~\xe8e\x12`\xb5\
\xed\xb8T\xc7\xa9i\xc7\xaa\xf3\x8dG\xaa\xef\xea\xda\x83\
'\xd7oP\x15`\x015\x1a\x5c\x18\x80U\x8a\x018\
z\xac\x17\x07\x8c\x16\x12\x00\xfc\xf8{_#\xc1\x8d\xab\
n4\xe8a\x17z\xc2\xce$\x09\xdf\x03\xb4'\xf7\xde\
\xf7\x88\x14N\xd9\xc1\xa8\xba\xb7\xbd\xc9)\x9aL\x80\x0c\
\xf1,\xea\xcaD\xc7o\xd1\xf5\xeb\xcb=\xf8\x16\x8a\x01\
`\xf1\x22\xc5\x00\x1e~\xf8\x11\xc4+\xc3\xb8\xe1\xdf\xbe\
\x845\xe4\x9bs\xcbn8\xac\xee\xd0\xcb\xa5\xb4\xb6\xf5\
\xe6\xeenSz\xbe\xbc\x9d\xd7\x92\xda\x97,\xc9bw\
\xff\x04\xbeq\xc3\x7f\xa2k\xff^\xdc\xf8o_\xc0q\
\xabV\x88\xe3Gg\x8c\xae\xbd=\xf8\xf6\x8d\xffM\xd7\
7\x89y\xf3\xe7\xe2\xca\xf7].\xe7\xfb\x8b_\xde\x84\
\xbe\xa1Q28\x1d\xf8\xecG\xae\x94B\x9d\xaf\xdd\xf0\
C\xec\xeb\x19T\xa3\xd8\xe9\x83\xd8@]\xf6\x8e\x0bq\
\xc9\x85\xe7\xca\xef\xcf<O.\xd4C\x1b\xd134%\
{\x19\x22\x17/B\xd7SYW\x85y+V\x90{\
I\x0c\xb3\xbf\x17\x1f\xbc\xe4\x0c\x9cw\xd2*TF\xb9\
\xc6 $k\xde7\x9e\xc0M\xf7n\xc4\x8b\xdb\xbb\xc9\
\xedK\x223\x95@>1\x0d\x87\xf4\xcd\xcd\x15%\x1d\
\xcc\x9d\xb2\xac\xfc\xa0k\xe2\x88\x7f,\x16\x97\xce\xc2\xc9\
\xc4\x94\xa4\x11#1U\xf8\x96MO\x8a\xfbXW\xdb\
\x80\xa9\xd1\x11\x14RI\xff\xde\x0ffm\xf8|9\xdc\
\x13g7`\xc9R\xe9IH\x0d\xef\xc5\xee\xad\x1bI\
~2\xbc\xc6\xb6WY?\x1bkN\xbf\x10VE\xad\
D\xfd{\xf7\xee\xf7\x87/J\xb3C\xa0\x94/\xb2\xf5\
}\xd8\xc4\x0d \xe5\xe4;\xacF\xac\x1cN]\x00\x9c\
:\x97\x14\x93|\xf0\xbd\x89(\xd6\xef\xb11\x8f\xd0\xf0\
\xbb_\xfe4BA\x07\xe6\x86\x19L\x89\xbf\xf7SZ\
\xf4\xee\xbd\xb8\xfc\x82cq\xd9[\x8f\xc5\xbcf\x0e\xd2\
\xf7!=1 \x836l\xf1\xcc\x5c}\x13E}\xb3\
\x04O\xe58\xb9\xe3o\xf7\x80\x8b-\xfb\xa6\xb0\xb3?\
\x89\xe1\x89<\x09p\x9e\x90\xd4\x95\xc8|\xdeR\xdd[\
5\xa4`M\xa4\xf0\x1d\xb3\xdb\xb1x\xe9<\xa1\xf4s\
\xe8\xe7\xd9\xa4\xf0U\xb1\x88\x08\xb8#u\xe2\xaaF!\
C\xbe\xf8T\xae\x801\xa2\xf5C\xc9\x0c=\xc8\xc2\xa7\
\x18H\x5cb\x16\xf4\x1a)\x7f\x96l\xaf\x14\xe8H\xf0\
\x92\x80\xca!\x00H\xf7tc\xe4\xd5\x97\xb1\xbc\xad\x01\
\xd7_w\x0d\xe2\xb6'\xeb\x93\xd7\xdd\x7f\x5c\xbd\xc6\x15\
}<;\xee\xbe\x07\xd7\xa1\x7fxL\xb2$\xdc9\x16\
 \x10`Z>66&.@\x1bQ\xc6\xab\xaf\xbc\
\x14\x15D\xd7^\xd9\xba\x13\x93S\xd3\xea\xfe\xf3<\x86\
\x8c\x18\xcb\xb1\xc7\x1c-1\x80\x8dOnT\x00`\xdb\
\xbay\xa6<\x06\x00]\xaa\xeaH\xcagQg\x0b\xfe\
\xe3\xbb_!\x00\xa8\xd2>\xb7\xab\xab\x1eM@OU\
\xc8\x1d\xe8\xee\xc3\x9dw\xdf\x8f\xe76m\xc5\x14\xb9H\
\x0e\xcc}\x1bun\xd9uK\xe3\xcc=\xcf7\xf9\x1e\
\xca\xac\xb5>\x89\xe3\xd7\x1e\x8fE\x8b\xe6IK\xee\xba\
u\x8f\xa1\x8a\x80\xfd\x86\x7f\xfb\xa20<f\x00\x91H\
H\x01\x00\x02~\x19\xb1_\x86\xecK\xdbL\xba\xef'\
:g\xca\xb7\x94)s\x81\x10\xc7c\xbe\xf1\xfd\x9f\x22\
WH\xe1G\xdf\xf92\xe6\xcc\x9a%s)8>\xc1\
/~d\xfd\xd3\xf8\xef\xdf\xfc\x99\xd8X\x0e\xab\xd7\xac\
\xc4\xfb\xdf\xf7^\xdcz\xeb\x9f\xf1\xd2\xa6\x17q\xd9\x85\
\xe7\xe0\xb2\xb7\xbd\x15\xdbwu\xe1\xc6\xff\xfc\x05\xf2E\
5\x89\x9a\x03\xde'\x9dr\x02>\xfd\xaf\x9f@!\x93\
\xc5\x03\x0f<\x82\xbf\xde\xfb0\x8avT\xd2\xe6<\xeb\
0\x14\xb2\x09\x00B\xa8kn\xc2\xdceK$\x9es\
\xcc\xbc&\xbc\xfb\xbc\x93\x89\xf6\xab5d\x0d\xe0\x19~\
\xbf\xbb\xf3Q<\xfdZ\xb7\xaaX\x9d\xe2\x96^N\xf9\
\x91\xf2\x93aqy2\x14\xc9S\x81Y.g\xdaH\
\x17T\x91\x0f1\x94\xd6vr\x15\x12\xd2'\xc1\x0dS\
\xbc'\x85|Zb=\x91P\x14c##R\x85+\
\x01@\xdb\xec\x8a\xa9\xb4\xa7\x9f\x08\xd8:W\xaeD \
\x16#\x99\x1d\xc3\xeeW6\x10\x80\x8c\xf1\x1e\x04\xbcY\
s\x8f\xc0\x92\x13\xce\x84K\xe8\x92\x9fJ\xa1o\x7f\x8f\
\x0f\xb5V\xc0.\xbb\xc9\x85\xbe\xd3\xaeic\xcde\xd5\
\xad\x8em\x17+\x9a2\xb8\xe4\x88j\x04\x8bi\xf4e\
\xab\xf0\xe8n\x0f\x91\x86f\xdc\xf8\xcd/\xa3\xa1&*\
\x16\x8a+\xa8~\x7f\xeb\x9d\xb8\xf5o\x0f\xe1\xec\x13\x96\
\xe0\xb3\xef;\x01\xc1\xf4~\xc4\xbc\x09\x09\xe4q\xcbp\
\xc0*\xdd\xbcAQ\x99\xb0\x80\x07\xc7\x96\xa7\x0aA<\
\xf6b?\xee\xdd\xb8\x1f\x83)\xa6\xe5\x15\x22D!z\
S]u\x85\x14\x98,&\xaa\xb3|\xc9b\xcc\x9b\xdb\
\x81\xa6\x96\x06T\x90\xd2p\x1e\x1d\xfa\xa6\x1e\xa6dv\
\x9a6`\x84Pw8\x95\xc1(\xd1\x85A\xda\x84\x89\
\x1c\xcf\x12py\xfc\x87\xf8\x8b\xa5\x04\x95\xb9\x7f\x9e\x22\
q2\xd7S\x9aQ\x0ar\x0b\xaa\x22\xf9\x8cC\xaf\xbc\
\x8c:\xbb\x88\xaf~\xf2j\xcc\xaa\x89Ij\x90\xd9\x84\
\xa3)\xb3t\x8c\x11\x95;\xd0;\x88;\xfe\xfaw<\
\xb3\xe9eU\xe8C\xf4\xd1!\x05g?\x90\xe7\x13\xb6\
\xd5\xc5p\xcd\x95\x97\xcbH\xa9;\xef\xb9\x0f\xfd\x03C\
~aRGg\x1b\xde\xf3\x9e+\xc8\xbf\xec\xc6\x86'\
6\xe8\x80[\xa0t'\xa2\x19\xad\xb2\xaa G\x00`\
v3\x01\xc0\x97\x05@\xa0\xa7+\xab\xf4\x9b\xe7\xdf\x5c\
S\x85\x13,\x99O\xb8{o/\xee\xfa\xeb?\xf0\xd4\
\xf3/K\xa1UQ'\x14\x8c\xa2\x1e\xd2>0\xa3Q\
B\x05&\x8f;\xfe8,\x5c8W\x82\x80\xeb\x1e%\
\x00\xa8\x8c\xe0{\xdf\xfa\x22V-[\x84j\xbe\x13n\
X\xcf\xe1\xd7\xd9kC\xfb\xfd\x11\xe2~ \xb2\xc4\x06\
\xfcJF\x0be\xae\x02\xad1\xe9w:\x9b\xc7S/\
m\xc1\xf7~\xf2[\xcc\xeeh\xc2\x0d_\xf94jx\
8\x86v\x83\xf8\xd8y\xba\xb6\xdf\xff\xe9\x0e\xdc\xfd\xc0\
\xe3R\xdfq\xcai\xa7\xe0\xa5\x17^ \xcb9\x85\xeb\
?\xfdq1\x12\xb7\xdd\xfd7\xfcc\xdd\x13\xe2\x0aq\
\xd0\xb6Hn\xdfY\xe7\x9d\x833\xcf>\x13w\xdfu\
\x0f\x9e{\xf6%2\x881\xc4*\xabe\x82O\x88S\
\xaa\x04f\xb1HT\x1a\x91\x16/\x99\x83\xb5\xab\xe7c\
\xed\xca\x05\xd2\xcfo\x80l`<\x89\x9b\xeex\x18O\
\x11\xed\x9f\xce\xd2\x9a\x92\xee\x14\xb8\xa2/\xc9u\xfd\x5c\
\x04F\x0a\xcf\xe5\xc6d\xd1\xd5\xbd!\x0b2\xdd\x87\x87\
\xcfp\xa0\x8f\x95\x9e\xef\x0e\xc4\x86%\x9d\xcd\x88\x1c3\
3\xe0\xef\x99t\xc6\xbfqj\x09\x00Lz[\xf5\x07\
8\xf4\x5c\xeb\xc2E\xc4\xf2\x1b\xa5\x12r\xff\xf6\xe71\
9\xb2\x8f\xf7*\xec-Zs\x0a\xda\x96\x1d-\xe9\xba\
\xc4\xe8\xb8\xa4\xff|\x905\xd3z\xf5b\xabj/\xc7\
/\xf8\xe0{\x97\x87\x83.\xda\xa3Sx\xef\x09\xcd\xa8\
\xb1\xd3\x18-T\xe2\xa1\x9d.\x92\x81j|\xf7\xeb\xd7\
cn{\xa3\xea|#\xca\xfe\xe3\x9f\xfe\x0a\xeb\x9e\xda\
\x88o|\xfa\x1d8g\x19)F\xaa\x9b\xfc\xfc\xacT\
|\xf1||\xa9\xb6\x13]\xb3$g\x1d\xb0\xc3\xe2\x8b\
\x11\xd4\xe0\xefO\xf7\xe2\x8f\x8f\xf6 \x818*\x89F\
.Z8\x07\xc7\xacZ\x89\xd5K\x96\x90\xc2\xcfFs\
s#\xa2L\xe7\xb5E\xe4\xaeD.O\xe6\x02\xc5$\
\x8fu\x22\x05\x1f \xc4\x1dI\xd0\x83\x14\x7f\x92~\xe7\
\x06\xa6\xa2\xc3S\x83\x18P\xf4\xfd\x08t\xba\xd3v\xf5\
MM\xfc\xd5\xb0}\xab\xa3\xacaQz \xdc\xc9i\
\x0co{\x0d\xc1\xe4\x18>}\xd5\xa58j\xd1\x1c\xa2\
qY\x09\xd0p\xd0P\xf9nE}\xf7\x9702d\
^\x9ez\xf6\x05\xdcw\xffC\xe8\x1b!\xff\x8f\x9b\x9e\
\xc8\xdd\xe0~\xf3\xf6\xba\x0a|\xe8}W\xc8\xb5\xdf\xfd\
\xb7\xbf\xa3\xb7\xb7\x1f&\x1a?\xbb\xa3\x0dW\x5c\xf1n\
\xec%\xa5zb\xfd\x13j\xc3\x0d\x00\xa0t\xcb/S\
\x9a+\x9e9\x09\xd1\xe2N\x02b\xb2\x88\x95\x951\xd5\
\xbd\xe6\x99`\x9a\x1a\x91\xae\xca\x94\xd5\x11T\xbc!\x84\
\x0c\x09\xe4\xa3O<\x85\xdbn\xbf\x0f\xfb\xbaGT\xa9\
\xac\x1f\xb0\xb7f(\xa6/\x1be\x16\xfb\xd8\xe3\x8f\xc5\
Bv\x01\x98\x01<\xfa8*\xe2A|\xef\xdb_&\
\xd7k\xb1\xb8\x00\x5c\x11i\xe9;#\x99\xe2\xab\x83a\
eF\x9a\xcf\x0ca1\x95\x8ee\x95\x8b\x8e\xdcW!\
\x8f\xfb\x1f#\xd7\xf27\xb7\xe3\xf8\x13\x8e\xc2\x97>\xf9\
\x01b\xa6\x96\xc8+\xdfG\xd1\xd5)\xceI\xda\xff\xff\
\xf8\xe9\xaf\xf1\xfc\xe6m\xa4TQ\x99%p\xe4\x8a\x85\
\xf8\xd4uW#\x95J\xe1\x87\xff\xf9k\x99\xb5\xaf\x98\
UP\x18_\xf3\xec6R\xf8Jt\x11\xf3\xe2\xaa\xc2\
0w\xfcq`N\x86xF\x80h\x15*\xa2a\xb4\
W\x07p\xc5\xc5\xa7\xe2\x94\xa3\x96\x09U\x97\xf5\xa4u\
\x19\x9eL\xe3\xa6;\xd7c\xe3\xa6mH\x10\xc5\xe7 \
;+|>\xa9Zz\xb9\xb1\x87\x07\xebr\xff\x1c\x8f\
[s\xa4\xf8\x8dt\x8bo\x94\x02\xd5\xec\xc4\x85T\xae\
\xa7\xe7g\xf83 L\xf9\x97%\xe7\x05\x03\x00~\xd9\
D)M\xcb\x06\xb4\xaa\xb5\x15\x0ds\xe6\x92!\x0a\xa0\
o\xef\x16\x0c\xee\xdb\xca.f\xa5\xb7\xfa\xe4\xf3P;\
{\xb1l\x5c\x7fw\x0fR\x89\xa4\xbe\xdf\x9c\xabz\x98\
\xcbnl\xe19*\xcf\xcb\xe9\x08\xc9\xdds\x7f4}\
v\x15\xa9\xe5\x95\x04\x00s\xaa\xf3\x98*\x86\xb1n\x97\
\x8b\x03\xc90\xbe\xf0\x99\x8f\xe3\xf85\xcb%\xdf\x9d&\
:\xfdSZ\xfc\x0d\xcf>\x89\x1b\xbfx)N\x9c\x9b\
G0;\x8c\x00\xb9\x0d\x05\x1e,QpJN\x9e\xfe\
<\xbe\xf7`\x91\xfc\xa7\x1dC.~x\xf3f\xec\x9b\
\xb2\xb1d\xd9\x5c\x5cw\xf558\xea\x88eRTd\
n,\xca\xef.x\xae\x04a\x12<\xc6)\x99\xc5\x00\
Q\xe8~BH\xb6\xeeI\xf2\xb7\x93\x8c\xb2\x08\xaa\xd0\
\x93\x16*KO\xb3\xf1\x8c0\x97\xe7\xc2\xbdRq\x8a\
\xaf6\x9e\x12,\xd7S\xad\xbc \x97at\xe7.8\
\xa3C\xb8\xe2\xdc\x13\xf0\x8e3OD\x86\xe8\x1a\x83\x1a\
ONR\xe9\xd3\xa2\xca\x97\xf3\x9dh\xf5\x0d&\xbb\xfb\
\x87p\xff#\xeb\xf1\xf4\x8b[1\x91RUm\xb3\x1b\
\xabq\xf5{\xdf-\x0c\xeb\x9e{\xefG__\xbf\xdf\
\xb4\xd3\xde\xd6\x86\xcb/\x7f'\xf6\x1d\xd8\x8f\x0dOn\
PL\xc9\xdcTU\xb7*\x9b\xf3wu3\x0fQ\x11\
,\x99\xdb\x8a\x7f\xff\xf6\x97\xa4K\xd2\xf5\xca\xea\xff5\
\xd0\x99\xeeFE$\xf4\xfd\x16 \xb7X\x10\xc6\xf2\x87\
?\xde\x83'\x9e~\x11\x85\x83\xbb\xc6M\xbfA\x19\xa0\
\xc8\x04d:\x95\xe3\x8f?\x1e\xf3\x89\x8d\xf5\xed\xef\xc6\
\xa3\x8f\xaeC\x9c\xfc\xe0\x1b\x88\x01\x1c\xb9z\x99\x8e\x01\
h\x17\xc0\xb2\xfdF\xb4\x99\x01\xc0\x92kQ\x9aUi\
\xe9a\xb5\xba\x80\xddR\xf1\x06VpNK3\x00\xfc\
\xfc\xa6{p\xd4\xd1k\xf0\xa5O\x7f\x10Q6\x22r\
/@G\x1ay\xa0\xfb\x14v\xee\xed\xc6\x0d7\xfe\x17\
\x06F\x13\x92;\xbf\xf6\xea\xf7\xe0\x94\x93\x8f\xc5\x93\xe4\
V\xfd\xe1OwI\x1d\x0b\xcf)`pr\x19\x04\x18\
\xa4\xa4\xabS\xed\x9b4$\xe9\x19~t!R\x0c\xd6\
T\x15\xc2E'-\xc3;\xcf}\x8b\xf49\x98\x22\xa7\
QR\xfe?\x90\xcf\xff\xe4\xa6]\x98&\xbd\xcari\
/w~2\xe0s[/7\xf6d\xb9~\xa5H\xe7\
\xea\xa9R\xf7\xa2\xb2\xfa\xc2\xf0L\xac\xc6\xe3\x09Dj\
\x96\xa2\x19\x02c\xd6LzT\xec\x80\x06HW;y\
Z\xf9\xfdF6\x0f\xe1\x9aj\xb4/]\x06\x8e\xb8O\
\x0d\xef\xc3\x81\xed\xcf\xc2\x8aU6zG\x9dy1B\
\xd5\xad2\xc7~\xdf\x9e.:\xa9\x9c\x9a\xbc\xabo`\
X~\xe3FKo6\xb3\x00F]\x1e\x90\xc8\xa3\xaa\
\x82N\x06\xef8\xb2\x06',\x8c\x925s\xb1\xbe\xab\
\x88-\xbd\x0e>\xf8\xc1w\xe2\xf2\xf3\xcf\x91\xb1\xdb\x13\
D\xb5\x7f\xf8\xe3\x9fa\xf3+/\xe0\xfb\x9f\xb9\x18'\
\xcd'U\xcc\x8d\xca\xf4\x9d\x82\xd47\xe8\x19\xfae\x02\
\xca)\xc3\xa9l\x10\x7fY?\x8c\x077\xa7\x10%K\
\xf2\xed\xaf|\x02g\x9cz\x0a\x9d\x10YS\x12\xd8q\
:\xf60\xf9\xd8\x83\x93)\x0cO\xe7\xc5\xc7c\x7f>\
\xc1EE\xecz\x98\x96_\x91\x18\xb2\xc2\xae\x1a\xe5\xe5\
\xa9h\x18lW/XY\xbf\xaf\xae\xa1\x11\xed\x0f\xf8\
\x95q\xc6\xca\xaaSd\x00\xe0\x8c\x88\x9b.`\x8ah\
\xf9\xf4\x81n\x1c\xd9Q\x8b\x7f\xbd\xea\x12\xe9\xeeJ\xf1\
\xe0H\xee\x85w\xdd\xb2\xf7\xa9\xa6+\x0e\x0a\xe5h\x93\
\xb9\xed\xf3/w?\x80\xa77\xbdB\xeb\x99E{C\
5\xde{\xe9\xc5\xb2\xd1\xafn\xdf\x8eqbd\xca\xed\
(\xa2\xa9\xa9\x05+W\xac\xc2\xce\xae.\xbc\xb8i\x93\
\x1e6\x12T\x03A\xfc\xdb\x81)\xc90\xf5\xf9lE\
\x16\x12%\xfe>\x01@,\x1e\xd1\x00\xa0;\xd8\xa0'\
\x16\x97\xbfQ\xf7\xc6\xab|\xbf#\x83_\xb8\xbf\xe2\xcb\
_\xff>Ryc\xfd\x0f\x8e\xc4\x9b/WuR\xd2\
w\x06\x80\x05\xf3\x17H\x16\xe0\x91G\x1e%\x00\x08\xe0\
\xbb\xdf\xbc\x9e@{9\xb9\x03\xdc\x19\x17QAE\xbf\
\x84\xe9\xd0@`9\xc0\x98;Dy\xdeL\xa6 \x83\
Ux6a6\x8dM[\xb7\xe3\xc7\xbf\xbaC\xb2<\
\x1f\xfe\xc0e8v\xd5\x0a\xc4\x02*\x06\x90e0.\
\xaa\xd6#\xb6\xdc\x7f\x7f\xf01\xdcD\xca\x9e\xa7\xf7\xce\
\x9f\xdfI.d\x15\xf6\xef\xdf\x8f\xa1\x91\x09Q\xec\xa0\
\x1e\xe1\xc5,\x80A\xc0\xa3\xfd\x12\xe5g\xe0\x22\xe6\x10\
\x88Vp\x1f8\x1c\x92\xfd\x8aP\x00W^p\x02.\
=\xfd(\xd4\xf0MQ\x8c\xf2'2\xf8\xc3\xdf\x9e\xc0\
\x86\x17\xbb\xc8\xc5K\x93\xbf?-\x03=\x0a\x5c\xea\x9b\
\xe5a\xb5Yq\x05\xa4\xadW\x14\xc0\xd1MW.t\
\xdb\xad\x0a\xd7p\xaaU\x8a\xd7\x8a\xaa:S\x83a@\
\xdf\x18\xa7T\xc9\xea\xf9\xd9\x1bQ|}CZK\x97\
r\x07\xc9\xf5\x9a\xbbr5\xecx\x8c\x0c\xd40\xba^\
&\x16Y\xd34\xc7;\xf2\xb4\x8b\x88\xc6T\x92\xa0\xdb\
\xd8\xd3\xb5\x9b\xfcqG\x00@6A\xdf\xc5\xd5\xa0\xb1\
\xf2\x1bu\xf7\x1d\xcfA+\xe6\xd44\x1dB\xa8\x93\x17\
Dp\xe9qM\xe2\xff>s\xc0\xc5\xe3\xdb\xa6q\xfe\
y\xa7\xe3_\xae\xfd\x00\xb2tq#SI\xfc\xe8\x87\
?\xc5k\xdb_\xc6\xf7\x18\x00\xe6\x12\xb1\xcf\x8e\x09\xda\
\xf1F\x14\x1dS\x8e\xa6@\x80\xd7!G>h\xdf\xa4\
\x8d\x1f\xdf\xd3\x8d\xdd\xe3q\x9c\xbav\x05~\xf0\x9d\xeb\
\x89\x92E0Q\xb4\xe8s\x86\xf0\xfa\xc0\x18\xc6\xb3\x16\
\xd2<\x9f\xce\xd2\xbd\xf1\x1c\xbc\xd2T\xc8ruw\x9f\
\xbe\xc7\x81\xe5\xcf'\xd0c,\x5cM\xa1-\x1d\x1d7\
w&.k\x9f\x85Yd\xaf\xcc\xb7bJ\xc6T\x8d\
\xc0&;:\x81\xfe\xd7\xb6\xa3\xa6\x98\xc6\xd9\xc7,\xc3\
\xdb\xce?\x1d5\xd5q\xb9\xb3N^\x8aT\x1cL&\
R\xe8\xeb\x19Dw\xcf\xa0\xdc\xf1gpx\x14c\x93\
\x09\xa9I\xe7\xd1\xdb\xa9t\x12\xcduU\xb8\xf4\x82\xb3\
Ia\xc2\xfe\xfd\x07M^\xde\x83\x8a\x9a\xef\xde\xb3\x17\
\xafl~Y\x80DF\x94\x05l\x1f\x5c\x0c\x8b1w\
\x0bf\x0b7wV\xbd(\x1f+\x9eW\xae\xc0\x96\x99\
\x81gf8\xd8\xfe\xdf\x95;\xa0R\x8fw\xff\xf5~\
\xdct\xf3\x1dd\x05c\x9av\x96\xee\xd20c\xd0(\
\x94\xf0\xf2S\xc7\x1dw\x1c\x16,\x9c\x8f>\x02\xc5u\
\x8f\xb0\x0b\x10\xc2w\x89\x01\xacY\xb9\x14\xb5\xec\x02\x84\
\x83~\xf0\xd2\xc8U\x09z\xcb=\x01\x93\xdd\xb0t\xc7\
_\xb9y\xd0\x19\x0ff\x8f\xb9\xb4\xa4e\x7f\xf7\xa7{\
\xf1\xd2\xab\xaf\xa3\xa9\xa1\x01g\x9dz\x12\x96\xce\xef@\
C}\x15\xa2\xa4\x98|C\x0e\xa6\xd4<\xa1*Gl\
\xf3\x07?\xfc9\x9eyy\xbb4\xb1MO%\xc4-\
\xe1\xb9|&\xf3e\xeb\xf9\x84V ,\x03Z9\x82\
\x1e!e\x07Wv\xc6j8'\xcb)v\x5cr\xca\
\x1a\x5cy\xfe\x89\xa4\xfcA?\xd8=J\x0a\x7f\xeb\xfd\
O\xe3\xf1\x17v!I.gvjJ(\xbf\xd0~\
n\x00\xe3\xee>\xf6\xfd\x99\xee\x17\xb2rc\x1dNg\
\xba\xaa C\xfaI<m8d\xf7Y\xcf,e \
\xd5-\xf3\xb8\xd4'()@\x89IC\xdd!\xd9\xd2\
\xed\xberG\xac\xa0\x9a\xb9\xc1\x85B\xcc\x0fx\xe0h\
\xe7\xf2e\x88\xd6\xd6HZ}\xd7\x96'a5w.\
\xf3V\x9ft\x01\x8a|\xd7ZZ\x88\x03\xe4_\x1a\xf4\
Q\xcd+!}\xd3DG\x1b\x88\xd2|;\xa9\xd7\x97\
a\x11\x1c\x94(bQ\xb3\x8d\x0f\x9d\xd2\xce-@x\
e\xc0\xc6}\x9b\xc7p\xc4\x11G\xe0[_\xf9\x9c\xf8\
\xe3c\x04\x00?\xfc\x8f\x9f`\xebk/\xe1\x86\xcf^\
D\x80A@\x93\x99\x90\x1a}\x1e--}\xd9\x9e\xf2\
\xba\xa1\xefM\xc7i\xbc=\xc3\x1e\xfe\xfd\xae\xfd\x18I\
W\xe2\x9a\xf7\xbe\x0d\x9f\xbe\xee\xfdR\xe1\xb4q\xdf\x00\
\x1e\xec\x1a\x22+\x1f\x90\x11\xda<\x9d\x18nI@\x5c\
C#\x8dE\x9b!X\xdea\x0d\xd9\x8c\xb9\xf8\x86\x8e\
\xfaA*\xf8\xeb\xa2\xaa\xe6\x5c\xa9:\xe49\xf9<\x99\
el\xcfnd\x07\xfaQE\x8b?\xbf\xb3\x05K\x96\
\xcc\x93\xb5\xe4\x0e\xb6\x03D\xf7\xfb\x86\xc7\x88\x06\xe6\xa5\
nA\x0d~p\xe4\x06%\x9dmM\x18\x1d\x1d\xc5\xab\
\xdbv\x8b\x92^|\xcei\xa8\xab\x8a\xfb\x01DK\xdf\
XD\xe6\xc9\xd3c\xcf\x9e\xfdxY\x03\x80\xa4\xebt\
\xa9j\xa99G_\xbf\xdcR,\x8f\xce\xd6Z|\xf7\
\x1b_\x92\x9e\x09\xc5\x0b\xcc\xebQF\xdf\xd5\xddv\x04\
 mu\xa7\xa6\xbe\xfea\xdcy\xd7\xdf\xf0\xe8\xe3\x1b\
\xa5`*\x14\x8e\x1d\xd2\xb57s\xe0\xbc\x0bSN\xc4\
e\xb3\xf3\x16\x92\x0b@.\xe5\xe3\xe4\xe6p\xe0\xef\xbb\
\xdf\xf9\x0aV/_\x80Z\xb9\x8f^\x10y\x16\xf4\xa0\
\xba\x81\x8a\xed;\xf6\xe6Vt\x1e\xca\x83\x8d~\xc9\xb0\
g\xf9\xe7\xa0\xf1A\x05\xa5\xf39$\xc9\xa2\xee\xec\xea\
\xc6\xed\x7f}\x90\xdc\xab1\xb9=[,\x1aB\x8c\x04\
\xbf\xb6\xb6\x0a\xad\xcd-hnn@\x13=\xb8\x1e`\
\x84\xd6\xfc\x07\xff\xf9[\x91\xcbtJ\xdd\xd06\xc6\xf7\
s\x08\x98a$AQz[\xdf\xac\x83'VG\xd8\
\xdfec\x19\xaf \xbf\xdf\xc2y'\xaf\xc2\xbb\xce9\
\x09\x0d\xf1\xb0\xcf\x10\x07\xa6R\xf8\xcb\x03\x1b\xf1\xec\xd6\
\x1eL\xa7\x8a\xd2\xe6\x1db\xf7\x9a\xd8u\x94\x07\xa5\xd0\
qF{\x0f 5:\xac\xc6\xa399\x99\xb04\xab\
c.&'\xa71F\x86\xa1\xa3\x83\xc0s\xef>\xc2\
\x9a\x08Z\xe6t\xa2k\xdb6\xd46\xd6\xca\xad\xc2\x87\
H\xc6*\xab\xaaI7\xa3\x18\xa4\xf5mjo\x97\x98\
\xc3\xe0@\x0f\x81]=\xb2\xc4<\xa7&\xc6\xd19o\
\x8e\xb8\xf0=]{a\xf3\xd4 \x92\x93\x96\x05\xf3Q\
\xd5\xd2H[\x95\xc3\x9e\xad\xe4\x02t.9\xda[z\
\xec\xd9R,\x90!\x9fy\x90|N\xe8q]\xa6\xdf\
\xdb\x00@\xf9@E)\xe9\xe5\x1a~.\xe7\xe5\x5c=\
)mS,\x83\x0f\x9f5\x1f\xb5v\x02{\xc7\x83\xb8\
\xeb\xc5Q4\xcf\x9a\x83\x1f\xfd\xfb\xb7\x05Q'\xa6S\
\xf8\xe1\x0f~\x82W\xb6\xbe\x80\xef\xfc\xeb\x058e\x11\
\x81hnR\x94(\xef(\x7fY\x89\x8f\x0a|p\xe5\
`6\xe7a\xff\x18p\xc3\x1d{0\x9c\xae\xc6\x87\xaf\
\xba\x1c\xff\xf2\x91+\xe0\xd2\xe6\xdc\xfb\xda~<\xd9?\
\x8d\x82\xdc8T\xf5\xe8[\xde\xcct\xd8\x0c\xb5/W\
\xf8\xb2\x16\xd7\xf2\x1ax\xff\xf5^\x99\xe8\x95\x0d\xaf4\
\x00`\x99\x92Y\xc9C)\x10(N\x8f!\xd9\xd3\x8d\
\xfc\xd8\xe8\xffC\xd9{\xc07v\x96\xe9\xe2\x8f\x8e$\
K.\xb2\xe5\xde\xdb\xb8M\xef\x936\xe9=\x04\x92\xd0\
\xf7B({\xe9K(K\x0d-\x106!\xb0\xb0\xb0\
\xcb\xd2\x93%\xb4\xd0\xd2IB\x08\xc9L\xea\xf4\xde\xc7\
3\xee\xdd\xb2\xadf\xab\x97s\xdf\xf7\xfd\xbe#i\x86\
\xdc\xfb\xff\xfd\xc3zg\xc6MG\xe7|o\x7f\xde\xe7\
Q;\xfe\x89\xacH7\x0b\xecY\x14\x95\x8bd\xec\xc7\
\xdcq\x0c\xf0\xe9m\xaa\xc6mWlF_k\x1d\x0e\
\x1c:\x86{\xbew\xbf\xbc\xc0\x8dW_\x8aZ\xca\x04\
\xf8\x80.\x86\xc3\x0a\x8fA\xf7\xcfC5\x5c]]\xa3\
,D\x1d8pP?\x0bC\xca\x9b|\x87\x22?\x0d\
\x102\x0dr\x00\xed\x0d\x95\xb8\xe7\xae/\xa1\xb4\xd4\xad\
Sm\x8b\xff>\xbf\x98d\x0d\xf1yq\x89\x17Nv\
\xed\xde\x8f\x87\xfe\xf0\x08F(\x85g\xac\xbb\x9d\x0c\xc0\
\xa6\x15zrQXF\x81\xaf\xef\x00x\xe7\xa3\x9d\x0e\
\xe0\xcc\xc4\x14\xb6?\xff\x22\xd5\xfd\xc5\xf8\xd6\xbd_\xc1\
\xbaU\xdc\x1dw#F\xa5\xd1\xdf\xb6\xbf$\x044\xbc\
[\xc1D'Utx\xb9\xa7S\x22zxN\x81C\
\x03\x05 g\xbdz\xab&\x0eY\x99\x18\xc9\xa7y\x0f\
 \x95\x94\xc6kh\x89\xf1\x00>\xec9p\x08\x83\xc3\
#\x08Rdg\xd1\x12\x16\x81a\xa7\xcb3\xfbbJ\
\x81\xcb+*P]]\x81\xfe3C\x98\x9d]Pc\
9\xfa\x90\xe9\x84L\xbe\x1c\x9a\xc3\xcfE5\xbe[\x9c\
\x80\xb0\xf82u\x19}\x8f\xb7\xc4\xc0\x9b\xae\xdc\x88\xb7\
^{1\x19o\xb1.\x13\xc9\xd9\xd3\xeb\xff\xf2\xa9W\
\xf0\xd2\xde\x93H\x99E\xdc\x94B,\xb8\x80\x0a\x8f\x07\
C\xfd\xa7\xd1PSK\xaf7\x8bR\xde\x00\xa4\x7f3\
j\x8fK\x94\x96\x8ev\xe1\x1ahlj\xc1\xc9\xe3\xc7\
\xd0\xd6\xd3\x07\xdf\xd9\x11\xe9\x05u\xd1\xbd<\xc3\x9f\xa3\
\xfb\xe9\x9f\xf3\xa1\x98\xca\xa70\x9d\x8b\xda\xa6&\x8c\x93\
\x93hjk\x93\x85\xb2dlQ\x91\xce\x90\x93JR\
v\xc1r\xe2\xde\xca*\xf8F\xc6\x10[\xf0\x0b\x87A\
MG\x1b\xbcM\x8d\x12\xb0GN\xed\x83\xadk\xedV\
s\xd9\xda\xcb\xc5\x01\x84\x16\x82\x98\xe7\xe5\x93\xac\xa9Y\
l\xf2\xca\xa6\xff\xa8>\xa3\x17\x838\x13\xe0\x14&\x9b\
\x84\xcb\x5c\xc2{\xaf\x5c\x86n\xcf\x22f\x16)u\xdc\
7\x8fd\x91\x17\xff\xfd\xfd\xef\x8aV{\x88\xea\xf4\xff\
\xfc\xfe\x0fq\xf0\xd0.|\xe3\x937\xe0\xaa\xe5vq\
\x00\x5c\x8f\x8b\x03\xc8Z\x06\xa6\xe6\xce\xec\x00\x98\x02y\
&l\xc7\xf7\x9e\x18\xc5\x80\xcf\x89\xdbn\xbe\x06\xdf\xb8\
\xf3_d\xd1f\xdb\xd0\x1c\xfe68Gi\xbfMz\
\x05\xac\x96\xaa\x98\xc5\xf2((k\xd3$o\xd8\xf9h\
n\xad\x9e\x9e\x1f\xf5Qx\xb8\xad\x0c\xc0\xa2\x0b+\xec\
\xb2\xeb\x9a\xc0\xc8(\x0am\xe9\xde\x86\x82H\x07\xfd\x08\
\x07Ct\xf0bJ\x10\x95\xa2\x9d\x93\xe1\xaft\x90\xd8\
\x90\xd8\x018\xc8{\xb7W\xb8\xf0\xbe\xab7\xa0\xa9\xcc\
\x86I:\x84\x9f\xf8\xe2\xb7\x10\x08.a\xeb\x85\x9b\xd0\
T_\x85\xed/n\xa3\x92a\x02ENE+\xdd\xd2\
\xda\x8c\x1bn\xb8Av\xe1\xf7\xec\xdd\xaf\xa8\xd6\xac\xde\
\x06\xac\x80\xac\xde\xbb\xc5\xdd\xc0(\xc3\xce\xe6Z\xdc{\
\xf7W\xa9\xee\xb6#\xafK\xa0nM\x8e\xac\xd4\xa6\xc8\
K\xd9h~\xf7\xd0\x9fq\xe8\xf0)\xc4X\xaa\xdd\xae\
\xe8\xb8\x94Tv>K\xb2j\xcf\xc2\xcc\xc9\xaa\xe5\xf9\
\x9el\xa6\x0c\xa0\xad\xa3U\x1c\xc0K/\xbc$\xf8\xff\
o}\xeb+\xd8\xb0\xa6\x07\xe5\xc5%\xa2.\xfc\xf0\x93\
Oan!$\x04\x1f\x1c\x9d\x5c\xdcP#\xe3\x13\xb2\
Y:\xbc\xec\x188\xa2U\xd0\xdf\xcb\xe9\xfcxJK\
\xa54b\x14\xa1\xe0\x9flJ\x8d\x8a\xb7\x22Ma+\
Jbi)\x86h4)\xe4\x22\x8b\x94n\x87\xe9\xdf\
\xcc\x15\xc1YX\x84\x8c$\x1aK\x90\xb1$\x84\xd6,\
\x95Ibz\xc6/\xf5y2\x99&\x87\x1dW\x0cK\
v\xc5shgQ\x0fFmrV\xc0\x7f\xf2N\x07\
\xfd\xdd[l\xe0\xa6KV\xe1\x9fn\xbe\x12\x1e\xae\x01\
l\xca\xf9\xcd-\xc6\xf1\xe03\xbb\xf0\xd2\xc1Az\xed\
\xb8\xa4\xde\x069\x9e\xa0o\x86\xdeO\x15\xc6FF\xd0\
\xd2\xd4,\x8d\xdd2\xba\x973gN\x89\x98)\x8f\x93\
;{{0\x1b\x08Hf\xd2\x7f\xea$Z\xe8\xdfs\
\x94\xcd\xa4\xe3\xf4\xb5\x8d\xeb1L\xa5yW_\x0f|\
\xe4<\x8a\xe9\xfa|3\xd3\xa8km\x11\xc4n#\xfd\
\xc9\xe7-\x1d[\x12 Qiy\xb9\x00\xb5\x8a\xc81\
\xb1@Ipr\x1a\xd1\xb99\xb9\xce\x9a\x8e\x16\x94\xb7\
4K\x8f`\xf2\xcca\xd8\xfa6_c\xb6.\xbf\x88\
\xa2h\x16\x819?B\xdct\xcaf\xb5\xfcV^\xda\
\xd9\xa2\xb4\xceK3\xebzD\x96{\xe2\xf2a\xa6\x97\
p\xdd\x9a*\x5c\xde\xc5\xf2\xd1)<v\xc0\x8f\xf9\xb8\
\x0b\xdf\xfb\xce}hl\xa8G\x98n\xfc\x8f~\xf8\x13\
\xec\xdf\xbf\x03_\xfb\xf8\xb5\xb8f%y\xf9x@b\
7\x93{\xa8\x01\x83-\xb7q\xc6S\x81x<\x03\xdf\
\xa2\x89_\xbe\xb4\x80\x03#&z\xbb\xda\xf0\x93\x1f|\
\x03U\xd558\xe8\x0b\xe1\x91##2\x22Le\x0d\
U\xe3\x9bz\xcb\xac\xa0^\xb4!\xfb\xba\xa9\xfd\xf9i\
\xbf\xd8\xc5\xeb|\xde\x96s\x12\x05\x9c\xf9\x9a\xa6\x5c\xae\
\xd5j\xe0\xb0-q\xd3\x8f\xee\x05G$\xe6\xf4\x97\xef\
\x93&\xa4%tj\xd7\xe2\x17nTR\x8dv\xfbe\
+\xb1\xa2\xaeH\xbc\xff\xa7\xef\xbc\x17\xa3\xe3>\xd9?\
X\xd1\xd3\x89\xed/m\x93h\xc1\x0e\x80\xeb\xf1\xe6\xe6\
F\xbc\xe9\xe67P\x84\x9b\xc6\xde\xfd\x07\xb4\x82\xb2q\
NWXD3\xb3Y\xcd5\xc8X\x8d(\xba\xda\x1a\
\xc4\x010ZM\xb4\x0d\x0a\x9ak\xfc,]\x1cQ\xc8\
X\x9e\xfd\xeb\xdf\xf1\xe4S\x7f\xc5B \xa4\xb8\xfeD\
\xc3\xce\xae\xf0\x18\x86\xad =\x7f\xbd\x84J\xd3\x8c\xe8\
\xac\xe8\x82\x0b6\xa3sY;&F\xc7\xf1\xe2\x0b/\
\xca\x98\xec[\xdf\xfa*6\xad_!%\x00\xbff\x92\
\xae\x93\xd3v\xfe\xe0\xd7\x0f\x06\x83\x98\xe1\xde\x08\xbdg\
?\x1d\xe8EJ\xcb\xf3\xfc\x136\xca`\x18[O\x99\
B\xa5\x17u\xb55hn\xaa\xa7\xc0R*\x11\xbd\x94\
\x1c,s\x0d\xa6\xc8`\x98\xc2\x9c\x95\xa0\x983\x80I\
2\xd5\x88Yo\xbf\x19\xaaD\xe2t>\x10X\xc4w\
\xff\xf3\x17\x08\x84cH\xa6\xd5>\x83!\x0cNNI\
\xd3Y\xe8\x95\x1d\x80\x8d\x97\xd8\xc8y\xb3P,+P\
\xbd\xfd\xda\xcdx\xcb\xd5[P^R\xac\xee;\x95r\
Ar:\x0f=\xbb\x0b\xcf\xbcv\x92\x9c\x0c3c\xd1\
\xfd\xa7\xebH\xd3{\x08\xce/\xc0\xed.\xc5\xbc\xcfG\
\xe7\xb6Jx\x0d\x17\xc6G\x11\x9b\x9b\xd5\xe7&\x05\x8f\
\x97\x9c\x5cM\x95d|b\xd4m\xed\x98\x1b\x9fd\x18\
\x00\xea\xda:1=5\x89&\xca\x00X`evt\
\x04\xb1H\x18\x1e\xba\x0f\xbc\xd6\xdc\xd8\xde*\xd9\xf8\xdc\
\xc4\x88\xf4`Y\xa04\x1a\x8f\xa3\xb5}\x99\x12,\xa1\
,\xc1H\xc4\xe5\xf9\x955\xd5\xa1\x9a\xce\x17\x9b\xd9\xdc\
\xc8i\xd8V]t\xa3\xd9\xd0\xb5\x01\x19\xf2\xfe<\xff\
_\x0a\x86eT%\x18x\x9b\xe2dWrV:\xbd\
\xd3\x0e@\xe9\xbb)\x16R\x1e]\xa4\xc5\x01D\xb1\xba\
\xd1\xc0m\x1b+d\xfc\xf4\xcc\xd10\x06(}\xff\xfa\
W\xbf\x8c\x15}}\x94\x01\xc4\xf0\xf3\x9f\xde\x8f}\xfb\
_\xc3\xdd\x9f\xbc\x11\x97\xf5\x98\xd2\x03\xe0YiZ\x96\
\x8cL\xb1\x16\xe5P\xd3B\xea\x10\x8b\xa5\xe0_\xca\xe0\
\xd1\xfdK\xd8~\x82\xb2\x8cb\x17~\xfa\x83ob\xed\
\x9aU\x18$\xcf\xfd\xeb\xdd\xa7\x11\x929\xbe]j~\
\x9b\xee\xdc\xe7;\xc7\xe69\xb4XY\xd3b#\xce\xff\
w\xce\xc2in\xedU\xd3i\xe4\x0e\xb6M\xd7\x9bi\
!\x07R\xfd\x98\x14\x1cTK\xd9\xe3\x94\xc5\xa4S\xb2\
\xff\xcd\xbax1\xd3!\xdb\x00\xb2k\xcc\xd9\x81\x16\xf0\
\x94\x0dEn\xde\xd8\xd5\x0e\x03'\xe47\xafk\xc3\xe5\
}\x0d2J\xfd\xda\xbf}\x0f;v\x1f\xa7t\xb1\x9c\
\x0ce\x15v\xee\xd8I\x91kN\xc6N\xdc\x95ni\
n\xc2\xcd7\xdd\x88\xa1\xd11\x1c>zT\xad\xde\xda\
T\x0f \xab\xc9Ed9D\x93\x03\xcaz5]W\
{S\x0d\xee\xfe\xda\x9dd@\xea\xc0\x1az\xee\xce\x00\
)\xde-8@\xe9\xf2#\x8f=\x89S\xbc\x1e\x9bU\
\xa2\x156-8\xa2\x94\x99\x0d\x9d\xfb\x9d[T\xfd\xbf\
\x1c\xc0\x96-\x9b\xb1L\xf7\x00^\x94& 9\x80{\
\xbf\x86M\xebV\xa2\x82\xaeC\xc6\xcc\xf2\x12N\xdd\xad\
V%\x8b\x8c\xf4\xe8\xbeE\x13I\xe1\xc0\x0f\x93\x111\
\x13\x10\xf7H\xe6\xc9)\x04\xc8@\x98 #\xad\xe8\x92\
4\xcc\xdb-\x8e\xa1\xda[I5\xba\x93\xb2\x04\xb7\xe8\
(\xf2\x02\x177\xff\xd8\xf1)\x91a\xcd\xc3@\xef\xad\
\xac\xac\x02\xc3\xa33\xf8\xec\x97\xbf-|\x7f\xcc\xf2\xcb\
\x8c>Nf\xe5\x15\x07\xa0 \xbeL\xf7fs\x97\xc0\
\xe4\xd5\xee\x22\x03o\xbfz#n\xbf\xf1bi\xf8Y\
\xbd\x94\x00e\x19\xdc\xf0{v\xc7I\x84BQ\xd9\xe6\
\xcb\x90\x01f\xb9\xd9G\x8e\x8d)\xd5S\xf4\x9e\x98\xbe\
[\xe4\xd6\x985=\x99\xa0\xf3\x91\xd4\xd2hiq\x02\
I\xbb`\xd1\x15\xfe\xc4\xa6V\xe5e\xcf\x85\xce\x95\x00\
\x9e\xecZ)\x9b\xca:\x9e\x9f\x982\xc1JRy\xa9\
\xf6lX\x17\xd3.MA\xad\x85\xc8cJ\x93\x02N\
F-2\xf1\xc1-\xae\xadB\xe3\xf2\xe5r&\x17&\
\xce\x92\x03\xb8\xf8f\xb3\xbes\x05\x95*\x06\xe6\xa6f\
\x84\xb6Y6\xba\x0c\xd5Yf9#\x89\x02\x1cY\xd2\
\xc9|\x06\xc0\x9d\x7f~\x88\xd2\x07H\xd3C\xa37D\
\x0e\xa0\xa9,\x81\xff\xb5\xb5\x0e\xa5f\x14\xaf\xf4G\xb1\
o\x22\x8b;>\xf6\x11\x5cy\xd9\xe5\xd2l\xb9\xff\x17\
\x0f`\xef\x9e\x97\xf1\xcdO\xddD\x07\x9f\x0eU4 \
p\xcdTF\x8ds,\xf6\x1a\xc9\x00\xa4\x04`\x9e\xbf\
4^>\x15\xc7\xc3;\xc3\xc2\xbe\xf3\xcd\xaf|\x12\xb7\
\xbe\xf1z\xccS}\xf5\xab\x1d'0\x1ce\xbc\xb3f\
\xad\xc9\x17\xa8\xe7!\xd6\xb4\x03\xc8\xebQ\xe4\xd9gr\
'\xfa\x5c\xc7\x90k\x90\xc9\xa1v\xc8\xa6!wcE\
\xb1\x98n|\x95\xe1\xc3\xca\xaa\x18zk\x16Qj\xd0\
u\xc6\x9c8\xb1\xe0D\xbf\xaf\x04\xbel5\xab!\x92\
\xa3Pc\x1b\xbb\xca\xcf5\x97\x9cb\xe6qP\x94\xb8\
\xa0\xb5\x06\xb7\x5c\xb8\x1c\x95\xc5L]\xfe'\xfc\xeaw\
OQ\xa9\xe0\xc0\x96Mk05:\x89i\x11\x07\xb5\
K=\xdc\xd2\xdc\x82-\x9b\xb7`br\x12\xfb\x0e\xee\
\x97\xadC>\x84\xec\x07RB\xd4\x99\xc7Q(\xf9i\
\xc8\x9al[c5\xee\xbe\xeb\x0bd\x10\xc5\x92.\xf3\
\xb1\xe5Z\x97\xe1\xc7O=\xf37l\xdf\xf6\x8aDa\
Y\xcc\x11\xaa+G\x8ei8W]d\xf3\x8b\xbb\xe7\
\xb6\xea\x0a\xcb\x82\xbc\xa3\xdd\xb4i\x13:;;\xe1\xa3\
\xc8\xb5\xed\xb9\x17\xc8\xe0\xdc\xe2\x006\xae\xed\x95\x1a\xf6\
\xa5\x97_E\xff\xe0(j\xea\x9bD\xd7\xae\xaa\xb2\x92\
\xd2\xfcRY\xa9\xe5\xaf\x0bP\x88kq\x0b\xab\xa1.\
A\x22u4\x1aC\x84>\x16\xa9\xb6\x9f\xf3\x070K\
\xf5m\x90\x9c\xc3\xd2\x22\x19\x1b\x05\x05\xc6\xc7\x1b\x0e\x85\
\x94+\xa3hXA\xef\xfb\xfak\xaf\x90\x86 ;L\
\xa78\x80R\xec\xde\x7f\x1cw\xdd\xfb\x13$x\xc3\x93\
!\xe8\x8c\xec#c\xe7H/\xa3@\xae\xf9)\xfas\
\xb9Y\x5cl\xc7\x1b\xaf\x5c\x8fw_\xbf\x15U\xe4\xcc\
\xa0Y\xad\xfdT\xd6\xfe\xf1\xaf;\xf0\xd4\xcbG\x85\xd4\
\x96\x89<\x96(\xe2\x0b\xb9\x0d;+\xe6y`\x99<\
\xfa\x1d\x9c]\x1b\xa9\xac\x94\x83I\xcavLv\x0az\
\xc3\x96\xfb\x19vo)\x22\xf4y>\x90L*\x12\x0d\
-\xca&\xa0\xbb\xa2\x1a\xe1\x85\x80\xec\x1d\x94\xd2\xbfC\
\xe1\x80\x10\xc4\xcaBW\xc8\xa7\xd4\x88\xe9\xfd\xb2\xb4}\
yE\xa5`\xffc\xe4\x88\xca+\xab\x85\x82\xdd\xe4\xbd\
\x1e('\xc1\xd2\xedu=\xddH\x1b&B\xd3C\xb0\
\xad&\x07P\xb7l\x85\xec\x85/\x88\xe6_DY\x89\
\x9e-\xb3W\x94\xfa\x8f\xc5\x18y\xf3\xc8\xb0f\x8fY\
\x1dM\x15\x88&\xc6\xca6\xa9\x08\xca\x8d\x10\xdeui\
\x13\x1a\xddq\xec\x1b\x89\xe3\xa5\xb3\x09\xbc\xe5\xado\xc7\
;\xdf\xf66\x19y\xfd\xec'?\xc7\x01\xca\x00\xbev\
\xc7u\xb8f\x95\x13F,$\x17\xc7\x87\x99\xb5\x06-\
fYY3\x15\xad\xb94\x96bi\x9c\x98\x04\x1e\xfc\
\xfb$\xe6\x96lx\xff\xbb\xdf\x8c\xcf|\xea\xa3X\xa4\
\xf4\xe6O\xfbN\xe3\xd0,\xa5Z\x86\xa3\x00\x8d\x9a\xa7\
\xb6VQ=\xef\x10\xf2\xf2\xcf\xda \xb3\x05c\xbel\
\xde3\x14j\xeb\xc9V\xa0\xf8\x82\x8c\xa4\xad\x8eL\x02\
\x8d\x8eY\xdc\xb2b\x11[\x1a\xc2(1f\xc9\xd0\x19\
\xa9\xe5\xc0b\xc6\x8b\xa3\xd3\xe5x\xaa\xbf\x06\x03\xc9Z\
\x01\xba\xd8\xb3\x86f\x01\xd6\x14\xe3z\xc1\xc6\xe0\x06\x8f\
\xc7\x85\xdb\xaf\xde\x84\xbaR`\xe7\xbe\xc3\xf8\xda7~\
 \x0c4\xeb\xd7\xad@\xad\xb7Z\x02\xbc\xaay\xe9\xe0\
\xd2\xc1,\xa6\x03:3;\x83\xdd{v#\x91Q\xe8\
I^i=\x87\xd4\xc7\xa6\xdf\x1b\xbf_r\xac-u\
\x95\xb8\xe7\xee/\x90\x91y\xa4\x9e\xe7\x99\xf8\xcb/\xef\
\xc4\xa3\x8f>\x09\x9fo^\xa7\xc6v\x0d*24\xd1\
f\x01_\x985\xde\x93{\xa9\x9b\x8c\xb9\xc5\xa3\x02J\
j\xdd\x04\xe4\xecb\xd3\xc6\x0dh\xa34\xd67=\x85\
\x17\x9f\xdf.#\xd1{\xee\xfd\x0a6\xac\xee\x16\xfc\xfc\
+;\xf6\xe0D\xff =\xdb\x94\xd0ps3\xd9!\
\xa2\xacn\x94Q\x9a[YQF\x11\xbd\x0255\x95\
\xa8\xae\xf6\xa2\xaa\xaa\x82\xd2}\x0f\xdcEna1\xb2\
n\xa3MK\x8dq\x9a\x1f\x89&d\xd4:\xef\xf7K\
\xc6\xb0@\x99C\x80\x0c\x8a\x8f\xf2m\xb7\xbe\x11%%\
\x8c\xces\xa0\x887\xf7\xe8u\xfe\xf2\xec\xcb\xf8\xc1O\
\x1f\x12\xb4_*\x13\x17\x06]\x87\x9b\xa5\xdd)\xedw\
\x96\x08\x95wQ\x91\x1d\xe5n\x13\xb7R\xca\xff\xb6\xeb\
.\x15\x07\xe5\xd4\x99\xd0\x1c\xd5\xf9\xbf\x7fn'v\x1f\
\x1b\x86/\x94R\x813\x15\xc3\xfc\xd8\x04<\xf4\x1e\x16\
\xa6Y\xc3o\x1e-\x1d\xad\xbaI\x97D\x84\x8c\x9a\xff\
=x\x80\xeao*\x89\xa5\xd9mc\x87\xecB\xcb\xda\
\x15\x18\x1f\x18\x90%\xbbe\xabV\xe3\xf4\x89\x13hm\
i\x91,$\x12I\xc0MN\xcb\xa0\xac8\xc2\x9c\x80\
\x14\xedK\x18\xbbp\xec\x10\xbc\x8d\x8d(\xa7\xbf\xfb\xc8\
~\xdb\x96-C\x9c\xee\xe5\xec\x94\x0f\x8d\xf4\xb31r\
\x92\x81\xa1\x11(\xcdn\xa0\x84\x1d@w\x17\xc8W!\
45\xc4%\x00e\x00\xe4\x00\xb2F\x11y\xebi\xd9\
\x02T\xc8#M,hW\x07C4\x01X\x14\xd3\xb0\
\xf0\xf0\x195'\xb6x\xd99\x0b\x88\x85\xe1J\x05q\
\xcb\xe6jlj\xb4\x91\xd1\xc6\xf0\xcc\xf1%\x5c\xb0\xf5\
\x1a|\xec\xc3\x1f\xa0H\x1e\xc3O\x7f\xf43\x1c$\x07\
\xf0\x95\x8f^\x85\xeb\xd6\xd2M\x8e\x05%:\x8a\x03\xd0\
\x19\x80\x05N\xe1\xb1 ;\x80X\x22\x851\xbf\x03\xbf\
~aBF\x82[6\xae\xc1\x7f\xff\xd7\xb7\x90q\x15\
\xe3\xf9Scx\xe1\xf4\x04\x12\x8e\xe2\xfc\x02IAc\
O\xec!\x9b\xf7\x06f\x0e0c\xe6\xeb\xe6\x5c\xca\x9f\
\xcf\x04\x0a\xbb\xdc\xa2\x00k\xaa\xd1d\x82>W\x99\x9d\
\xc1[V\x85qu\xa7\x1f%\x19\x1f=\x8c\x98\x94<\
l\x1c,\x80\x12\xb7\x97`\xc7t3\xfe|\xa4\x16\xb3\
\xd9z1:e\xf3\xd9\x1cBK\x00)\xe4p\xaa\x90\
\xc6{\xaf\xdd\x82\xae\xaa\x22\xcc\xfa\x16\xf0\xc9\xcf~\x83\
R\xdd%\xf4tu\xa2\xb3\xb5Y\x0e \x7f\xa8\xfdn\
\xfa\xbb\xc3E\x19\xc0\x04v\xed\xda%\x94\xa5iS\x09\
\xad\xe71\xb2\xba\xefa\x81j\xe8\x9a=\xc5N\xdc\xf9\
\xf9;\xb0\x81\xd2\xef\xb1\x89)\xfc\xee\x8f\x0fc\xe7\xce\
\x03\xa2\x5c\xa3\xd4jU\xa9g\xd3;\xe49\xa5\xa1\xdc\
DE\x91O\xa8\x89\x88\x91+\x87\xcc\x82{\x96\xbf\xf7\
\xaa^\xdf\xb4i#\x9a\x9b\x9b\xc9\x01L\x0b\xb5v9\
9\x80{\xbf\xf5U\xac[\xd5#]s.=R\xba\
\xf1\x16\xa4\x14\x9ak\xfe E\xf39\xdf\x1c\xe6\xe6\xe6\
\xa9\xfe_\x94\xafet9\xca\x06\xe2\xf1x\xe0\xa5T\
\xbf\xae\xae\x165\xd5\x95B0S\xc1\xa9>E\xf9\x22\
\x97\x06\xef\xe8\x07*\xbb\x1a&s7\xa4e\xee^R\
\xa2W\xa1)h\xb0\xf4:\xeb\x01\xfc\xfcW\x0f\xe3\x0f\
Ol\x93\x8c\x87A6\x0ea\xec\xa5\x88_DN\x80\
>\xecL\xe0\xe9\xca\xe2\x8d\x97\xad\xc5?\xbd\xe1\x0ar\
\x04E9\x1c\x04\xef\x8f<\xf4\xdc\x1e\xbcxp\x80J\
\x08\x88\x0aV\x8c\x223\xa3Z\x03\x94I;\xe8B\x12\
\x91%r\x00\x0bhio\xc1\x08\xd5\xeduu\x0d\xd2\
\x13\xe9\xec\xe9\xc2\xe4\xb1\x930\xc8a\xf1\x887m(\
=\x80\xfa\x95=\x08\x91\x11\x87(3\xeb^\xb7\x0e\xa3\
\xc3Ch!\xe3\x9e\xa1{R\xd3\xd2F\x0e\xc9Au\
\xfb\x98\xe8F\xceQ\x10\xa8ii\xc2\xf4\xa9\x93p\x94\
{\x05\x06\x1f\x0a\x04PAQ?%{:*C/\
!g\xbb@\x0e\xc0\xb0\xa5\xa5WTRU\x85\x86\xbe\
\x1e\x95\x01L\x0d\xaa\x0c\xa0~\xd9JY\x8e\xe0\x1e\x00\
{\x0ce\xf9\xdaPlj\x1f^\x0e\xb7\xad`;\xcb\
\xa6\x1a,6\xdd\x0c\x8b\x0b\xb5\xf5\x22E\xb5%\x5c\xd4\
\xe9\xc2-k\xcb02\xbb\x84\xbf\x1c\x89\xa0\xb9g=\
>\xfb\xe9\x8f\xcb\xd6\xdd/~\xfa\x0b\xec\xdf\xfb*\xbe\
\xfc\xe1+q\xed\xbab\xca\x00\x82rxR\x9aMF\
:\xd3Z/\x90\x97iX\x99\x95\x11\x87\xb3\xd1\x22<\
\xb1'\x80\x03CiTVz\xf1\x9b_\xfe\x00\x1ez\
\xb3Gg\x03\xf8\xf3\xeeS\x08\x1b\xc5\xfa\x80Z\x86\x9b\
/\x05P\xf8)\x0b\xcccj\xac|\xe1\xde\xf9\xeb4\
\x0a\x95\x0c\xb6!\x0f\x8ak\xb38\xa5\x8ak\xcbGq\
\xc7%Q\xd4\xda'`O\xa6\x85d\x14B\xb7\x9c\x16\
\x03\xc9r?\xc5\xac\xc7Ov\xd7\xe3\xc8\x22\xd5[6\
\x17\xf2\xa6\xa4\x96t\x04\xb8\xcc8\x0b*\x9d\xdev\xc9\
*\x5c\xdc]+\xf5\xe0\x17\xbfz/\x8e\x9f\x1aAc\
C\x03\x96\xb55\x89\xfc\x22c1\xb8\x04`\x91\x91\xb2\
\xb2r\xe9\xd4s\x06\xa0x@4-\xb6\xec\x04\x14\x5c\
\xbb\xfe\xff\x12\x95\xe8\xba\x1b\xea+QO\xf5\x1fc\x08\
\x16\xc8\xd8\x0c\x91\xad\xb6K\x0dn\xd3*<\x85;\xe4\
\x1aT\xa6EZ\x94<\x9a\x05\x19.\x5c=.t\x9a\
\x16\xa4\x97\xff\xbea\xe3z)Yxl\xf5\xca\x8b/\
S\xe6\xe2\xc0\xbd\xf7\xdd\x85\xb5\xab\xfa\x84\xe4\x82\x9d*\
7\xed\x9c,l\xe2P{\x012\xf6c\xee}\x9e\xe9\
\xc7\x99\x06<*\x9d\xfc 9\xc4\x99\x19\x1f\xa5\xfb~\
r\x0cK\xb2>\xcd\xfd\x0f\x1e\xed1<\x97\xd7c\xb9\
\x19XE\x19C]M5j\xe9}VV\xb0:/\
\xf7\x00\x9c\xc2\xed\xc0\x8d\xcf\xb4\xa9x\xf2\x18\x1f\x90\x22\
\xefp\xd7}?\xc1k\xfbO\x8bH\x07Y,\xa5\xe6\
%p\x14\x97\x91\xa1\x95H\xd9U\xeb\xb1\xe3M\x97\xaf\
\xc7mW]\x08o\xa9+\x174\xfc\x14\xf9\x7fG5\
\xff\xb6\xfd\x03H\x9aNA\x92\xb2x\x8e\x93\xeb\xf4x\
\x04\xbe\xd1QqH\xa9x\x14\xe1\x80\x1f\x8d\x8d\x0d\x14\
\xc4b\xf2l\xfc\xb3sh$\x870y\xea\x0c\x8c\x84\
\x0a\x1aY\x99\xcc\x18\xa8\xed\xebB\x98\x8c=\x14\x0e\xa1\
c\xe5*\x8c\x8f\x0c\xd1s\xab\x91\xb1#O7\xca\xc8\
\xf9q_\x89_+\x1c\x0c\xa0\x8a\x9c\xc3\xec\xe0\x19\x14\
\x95U\xc2[]\x81\x85\xb9\x194w\xf5\x08\xe7\xc4\xec\
\xd8\xa4\x5c\x03g\x8f\x01r:vm\x00\xec\x00\xea\xc9\
\x01d\x1d\x96\x03\xd8\xfa&\xb3\xa1s\x858\x80\xf9i\
\x1f\xa2\x8b\x8b\xb9\xeep\x1e^h\xb1\xceY\xac\xb2\x90\
\x94T`\xa5Z\x18\x92\x1d\x00\xef\xc73\xd5\xd02o\
\x12\xef\xbb\xa4\x1a\xbe\xb9\x10\x9e=Eo\xb2\xa2\x19_\
\xf8\xdc\xa7PBu\xcd\x83\x0f<(\x0e\xe0\x1b\x1f\xbf\
\x1e[{m\xda\x01(^\xf8l:\xabFy\xd0\xdc\
\xe6\x82\xf1\xa6\xd4.\xc6\xfb\xf8N\xbcx:\x83\xe7\x0e\
.RJT\x84\x07~\xfc-twwc\x9a\x0a\xb8\
\xdf\xbc|\x18\xe31\xdd\xb0;o\xd6\x9f3\x87\x1c8\
\xc6Rv9w\xb4iX(@\xc5\x1f\x0dK\x81\xd6\
(\x18\x1br\xb32\x91\x0c\xe3\x8d\x1d\xd3x\xcf\x8aY\
\xb83s\xe4\xf0\xb2B2J_\x11\xeeAE\xa4I\
\x87\xcdV\x81_\x9f\xea\xc4_'W\x93\xb7\xf5h\xa6\
\x1c\x0bCg\xaa\x88\xca\xafC\x87\xfd\xca\xde&\xbce\
\xebr\x913\xff\xc9\xfd\xbf\xc5\xa3\x7f\xd9\x06O\xa9G\
\xc4+\xa2\x22\xc7\xc6?\x92\x86\xb7\xc2\x8bK\xb6^\x86\
\x11\x8a\xe2{\xf6\xee\x91h\xeb\x10\xc4\x9a\xce\x00\xb4\x0e\
}^\xde:#\xf7QA\x15R\x0a\xe0\x05\xdd\xe0\xd3\
K#<\xea\x92\x85\x9c\xd7Y\xbd7,81\xa0E\
\x5c,9\x14\xad\xa8W\x80\xa5\xb2\xd6\x91l\x9a%h\
\xdd\xba5hkmCp~\x0e\xaf\xbd\xfa\x1ax!\
\xf3\x9e{)\x03X\xbd\x02\x83\x14\xc5^\xa4\x12\x84\x9b\
m\x95\x95\x0c\xca\xe1\x8f\x1a\xd4Rz\xca\xe3\xbe\x22f\
\x9a\x92\x92\xc7\xaeQy\xaa\x99\xcb%\x8f\x04\x04\x9e\xf7\
\x87\x96\xb0\xb0\x10\x84\x8f\xea\xff9J\xf5\xb9\x07\xc0\x9a\
\x02L\xe6\xc9\xf7\xc1E\x86_ZBY\x03}\x5cs\
\xc5V\xac\xa0\xa8\xabHR \x8e\x86G\xd2\x9f\xfa\xd2\
wpftA\x00?\x5c\x84\x17WV\xd2G\x0d\xd2\
tOJ\xedi\xaa\xf77\xe1m\xd7^\x00O\x91C\
\xefFP\xda\x1f\x8a\xe3\xb7O\xbd\x86\xed\xbbO#\xcc\
\x0d\xbfdR0 q\xaa\xf7\xb9\xc9\x97`\xcd>2\
`\xb5E\x96\x96\xbd\xfe\xb4PN\x99\x02\xffu\xf0%\
PF\x97\xa5l\xd8\x10\xef\xaa:+\x8c\xd4\xcb\xf0H\
1\xa1DV\x0d*E\xd2\xac\xfbgd\xc8)\x15Q\
`\x8e\xc0N\x7f\x16Sy\xc2J\xcd\x22\xb7\xe9$G\
\x9aX\x92\x00\x90up\x13=\x0eWI\x85\xfc\xdb\x8c\
\xa4\x94\xea0\xff\xfad*\xb7\x1f\xc0\xfc\x84\xf5\xbd\xdd\
\x22\x95\x10\x9c&\x07\xb0\xe6\xd27\x99\x8d\x94\x01p\x0f\
\x80K\x00n\xa2@3\xbc\xa85V\xdd\x95\xb7AS\
9C\x83\x83TZ\xca\xe3..\x07\x92\xb2\xfe\xaa\xc6\
N\x95\x8e0\xdesi\x03\x0cJ\xe3\x9e?\x93\x80\xcf\
,\xa5\x0c\xe0\xd3\xe4\x9d\xeb\xf0\x9b_=\x88\x83\x07v\
\xe2\xeeO\xdc\x88\xad\xddtY\xd1y\xa5\xd8\x92\x86&\
\xb2L[GN\x22bB\x1ex\x1aA\xfa84\xe1\
\xc4\x1f^[@\x84.\xef\xbb\xdf\xf8\x22\xae\xbf\xfar\
\x043\x06~\xbf\xe38\x8e\xf9\x96r\x08\xb8\xdc\xc1\xb4\
\xc6x\x050\xd3\x8c\xa9\xdc\x98\xd8\xba\x99\xd5\xbaz\x86\
\xe2U7\xb5\x90\xa4\xfezVg86n\xfe\x99\x5c\
\xcb\xd3{$\x07pK\xd78\xde\xd9=\x0e\x0fs\x11\
\xda\x18\x04\x15\xa1\xefK\xcb\x87TZ\xf2\x1e*\xf1\xd8\
\xc4z\xfc\xe9l\x0f\x12vO\xceL\xac\xf7f\xcb*\
RP\xe6?X\xce\x1b\x80o\xba\x88RL\x1b^z\
e\x07\xee\xfb\xfe\x03t\xe8\xddB{\xc6\xf7U\x16@\
\xe8\xfb\xca*<\xb8\xf6\xda\x9b0A\x99\xda>r\x00\
\xa2eH\x86b\xd3d&\xe7\x13h\xd84Z1O\
\x09\xae\xaeA\x96}\xf4dB\x1a\xb9\xb94\xdf\xda\xf9\
8\x0f\x13Q\xe8Ss\x7f\x9e\x0b\xb0\xd2k\x15\xb9\x8c\
j\xed\xda5hmn\xa2\x0c`\x1e;^}U\xa6\
\x1c\xffv\xcf\xd7\xb0vu\x1f\x95:\xf3\xd8\xf6\xd2k\
\x08\x93\x11\x86\x16ctfR\x82A`4\x1c\xa7\xea\
\xdc\xc1\xaf!cl \xc7PSS\x85\x0a\x8a\xee\xcc\
\xcdX\xcc\xa3\xbe\x22\x9d\xb9@-\xc1\xf0\xa8\x8f\x1b\x83\
\xac\x04%\xecJL\x0d\xb6\xb4\x84yJ\xbd\xe7\xe6\x03\
\xe4(\xc2\xb8\xf6\xca\xad\xe8joR\x1c\x8a\xa6\x1aq\
\x8f\xf9\x82\xf8\xc2\xd7\xbf\x8f\x99 E\xd6\xf2r\xb8)\
\xfa\x97y+QZU\x09\xb7\xcb\x81+\xd6\xb6\xe3-\
\x97\xad\x939\xbfiSS\x16\x1f\xd9\xc6\x03\x8fn\xc3\
\x8b;\xcf J%@\x8a\x99{y\xdf\x83K\x15\x0e\
~\x94\x990\x18\x89\xd7{\xb9\x81i\xe3\xee,}=\
I\x8e\x9c\xcb*\xde\xf4\x93gD\xef\xd5\x96J\xab\xde\
\x10\x0f\xc1%\xcb\x86\xe0\x0c8u\xe7@\x92\xe5\xe7\xc3\
6\x05z\xfe<\x1d`\xd8\xbd\xc1\x9b\x13.\x81\xa0\xf3\
\x92\x9clh\xa6\xa3\xe2\xcc\xc5!\xf3\xcc\x90\x7f\xb7i\
\x17(1\xab\x1eI^\xc6L\xd5\x1aI\xe9\xa6\xec\xa8\
\x892\x00\xde\x0f\x0c\xcd\x0e\xc3\xb6\xf1\xaa\xb7\x98\xd5-\
\xddT\x83;\xb0\xe0\xf3a)\xbc\x94\x1f\x991\x1e@\
\xab\x9f\xb2q\xaa=}\xd5\x04d\xb8dF\xefY\x0b\
\x1e;\xa3Tn\x19x\xe2\xcc\x04\xf0\xe6\x8d\xe5h.\
\xce\xe2\x95\xb3I\xf4\x87\x1d\xf8\xd8G?&\xf3\xed_\
\xff\xf2\x978|d\x17\xee\xfa\xd8\x0d\xb8\xbc\x8f.+\
\xb6 \xb5\xb04\xb32\x99\x1c\xee\x9d\xaf6#\x08/\
J\xf5x\xb6\x1bK\xe1\xf4\x9c\x0b\xbf\xde>\x03_\xdc\
\xc0\xc7\xfe\xf7\xbbq\xc7\x87\xdf\x83(Y\xf0\x13\x07\xce\
\xe0\xe5\xb3\xb3J\x07\xbe\x00\xc0c\x1dQ\xab{\x9d5\
\xf3\xabF*#R\xb58\x1f$\x03vm\xa0\xd9\xbc\
\xe1d-d\xa1\xd2\x98w\x88\x96\xdd\x12\xael\x1c\xc5\
\x87V\x0c\xc3\x03\xbf\x18\xbb\x8d\xde\xaf\xc8M\xf1\x03\x10\
\xc5 \x03q\xa3\x1e\x8f\x8el\xc1\xe3#\x1d\x88\x93\x03\
\xb0 \xf3\xb9\xd1\x22\xab\x0b\x89DU\x0aME\xf4~\
\xder9\x9a*\x8bpv`\x10\x9f\xfd\xd2}\x942\
\x92\xe3\xa6t\x92\x1d\xac\xe8\xbbSmY\xee-\xc7U\
\xd7\xdc\x88I\xaa\xab\xf7\xef\xdb\xab\x90\xfb\x1a\xafn1\
\xf6\xfc\xdf\x1c@\xe1\xc2\x8f\xf5\x0c\xad^\x81\x858?\
\x9fh\xf3\xf5T\xa3\xad\xec\xe2\x1f\x96wu\xf6%\xe4\
dtMk\xd6\xacBsS\x83\xc8\xc9\xb3\x03\xe0\xd1\
\xe7=\xf7P\x09\xb0\xb2\x1b\xa5\x14\xe59\xea\xc6\x13)\
I\xf1\x03Ka\x04\x02!\xfa\x08ST\x8dP\xba\x1b\
Q\xdc\xf8\xa9\x84\x1e\x09\xab\x85l/\xa5\xf5\x95^n\
\x08z\x059X\xc9\xb3s\x8f\x87\xca\x0b\x97\x80\x87\x18\
_!\xfa\x81zj\xc2)?7<\x0dC\xfd[\x8d\
@3\xc2\xb5p\xe4\xcc\x08\xee\xfd\xaf_\x83\x02%\xa5\
\xd6\x14\xf9K\xcbQR\xec\x84\xb7\xcc\x81\xeb/Z\x8b\
\xab\x99\xba\x9b\xd2\x16\x87E\xe0I\x06\xff\xa7\x17\xf6\xe0\
/\xdb\xf6\xd3o(\x95\xf9\xfe\xc2\xd4\x18*\xab*\x10\
\x9a\xf7\x89Tw\x0d\x19\x17?\x0b\xd6B\xa8\xae\xab\x13\
^\xbf\xa9\xa1!\xb4v\xb6\xc2EY+\xd3\xec\x97\xd0\
{/v9179\x8d\xc5\xf9\x05!\xef\xe4\xd1p\
eC=jZ[\x11`(\xf0\xe4$\xdaz\x96a\
\xa0\xff4\x952\x1eTUWbrbB\x18\xb1\xea\
Z:1|\xea\x04\xea\x9a\xda\xe0\xa0rp\xf2\xf8q\
x\x9b\xabeI\xc97:\x8c\xd6\xae.\x016\xf1F\
o\x07\x95\x03<\xce\x1c>y\x0a\x06\x8f\xa4\xe9\xad\xb8\
j\xc8\xb1\xf6tS\xd00\x11\x9c\xa1\x0c`\xfd\x15\xb7\
\x995\xadT\x13\xd8\xb8\x098#4E\xc8\xe6\x01\x1f\
\xc2\x1fo\x18z\xa3\xcd\xd4\x881\x95\x01\x08=T:\
\xa3\x8dK\x8d\xa1\x98\xba\xdbL\x04)\xadu\xe0\x82V\
\x17\xf6\x0e\xc6\xb1o\x12x\xe7\xbb\xde\x85\x8b\xb6l\x16\
\x07p\xe0\xe0k\xe4\x00\xae\xc3\x15\xcb\xa9\xfe\x8c\xfa\x05\
\x08\x94H\xa9\xb5Y\x0b\x04$\x19\x80\x94\x01J\x02,\
\x12Ib,\x5c\x84_\xbd8\x85\x91\x90\x1bW\x5cv\
!\xfe\xe3\xbe/I3\xe7\x95\x81i<\xb2\xeb\x94\x8c\
\xdd\x0aan\xf9q\x9f\x86\xc8\x9a\x0a\x1f/i\xadd\
\xcbY8\xb3Iam\x89'\x0d$\xa8\x9e\xcb\xea\x9f\
\x93\x991\x1b\xb4\x05\x00\xd2}\x80L:\x86\x1e\xf7(\
>\xbeq\x16\x1dn\xd6\x18\xa4\x03\x96f\x07\x10\xd1\xa8\
@\xbb\xd4tC\xe9\x1e<xz\x13\x0e\x87[\xe8\xdf\
\xc5\xdax\x0a\x8d\xd1P\x99\x02\xbdg/\x1d\xa9\x8f\xbe\
\xf5\x0a\xf45xD\x81\xf7\xe3\x9f\xfa\x0a&f\xc2\x1a\
\x0e\x9d\x16:gv\x00\x95t\xf0/\xb9\xf4*L\xce\
NS\x06\xb0[\xb9,i\xd2:`\x9eg\x92\xf2z\
\xd9l\x1e\xc5h\x19\xb4\xcdv\xce\xf7\xda4\xc9I!\
\xc8\xe7\xf5\xe8\xb9\x0a\x1d\xc1\xf9\xffY\xd1\xdf\xfa\xba8\
\x80\xb5\xabD\xa7\x8f\xd1\xa5\xaf\xbd\xf2\x0a=\xa6,e\
\x00wa\xe5\xf2\x1e\x81\x1b\x97\xb0r\xb2]\xf3\x01\x1a\
\xea\x1e\x8b3\xcb\xaa`\xc3\x910\x12\x89)`\x0c\x19\
\xca\xcc\xcc\x0c\x82a^\x9c\x0a\xcb\x18\x90Sov\xdb\
\x9c\x150>\xbe\xca\xcb\xd3\x82j\xbaG\x95\xb2\x08\xe4\
\xe5\xa8N)s\x91\xcb!\xd3\x05\xee\xcd\xb0\xf4\x16\xcb\
 \xb0\xc6\xe4s\xaf\x1d\xc4O\x7f\xff4R\x8cC\xe0\
\x1e\x0b\xebb8\xd2\xb8\xed\x9a\x0b\xf0\x8e\x1b.G\x09\
K\x97\xc9`4\x03\x1fy\x89\x87\x9e\xdf\x8f\xedT\xf3\
\x87\xc2\x09,R\xf9\xe1\xe6\xcf\x8f\x0e\xa1\xb8\xbcTD\
9x\x17\x84\xf3?7\x0b\x80\xd0\xe1\xe2\x11ke\xb9\
\x17sd\xf4\x1d]\x1d\x18\x19\x1fE-9\x05\x0e\xa2\
\xd3\xe3c\xf0\xba\x8b\xc99\x0c\xc0\xc1\x99%=\xbf\x1e\
*\x99\xc6\xfc\x01\xd466c\xe8\xd8qt\xadY\x89\
\xe1\xb3\x03h\xa4\xd2\x88\xfb(,\xa037=\x85\x8e\
\x15\xab0|\xf40\xdcT\x0eV\xb7/\xc3\xd4\xbe\xc3\
p5zQN\x0eq\xea\xe4Ix\x1b\xeb\x05\xae\x9c\
&\xe7\xca\xa3DF\x05.\x0c\x8d!\x19\x0cH\xa9\xcb\
\x0e\x803\x00\x1ei\x87f\x87\x94\x03\xa8k\xef\xa3\xf4\
\xc8!{\x00Q\xba\xe9\x0a\xf5\x07E\x08\xaaq\xe5\x22\
\xe4\xa0\x0f\x92\xd2\xb87D\xb9\xc7\xd4\x04!V\xe7>\
\xc2i\x11\xd5%\xeb\x1aM\xbcy]5\x86\xe6\xd2x\
\xf2\x90\x1fW\xdfx3\xde|\xcb-x\xe87\xbf\xc2\
\x8e\x9d/\xe0k\x1f\xbdVg\x00~.\x8fd#K\
\xf4\xe0\xad\xba\xd3b2\xe1,\x80\xea\xecX4\x8d\xf9\
\xa8\x81G\xf7\x06\xb0g\x04\x823\xff\xe5\x8f\xef\xa3\x07\
_F\xe9\xff\x22\x1exn\x1f\x16\xd3\xce\x1cZ1w\
`m8\x07\xf8cj\x90\x90\xac\xbe\x98\x09\xf4\xd6\x15\
\xe3\x0d\x17\xaf\xc5\xa9\xa1\x09\xec<1\x81H\xda!\xa9\
\x95\xd2\x94\xcfjG\xa0\x04*\x15\xdf]\x12\xc5\xa99\
\xdc\xd21\x8f7t\x0e\xc0kL\xc0\xa0\xac\xc0`\xfa\
&[Z\x18n\xc2\x99j<5\xb4\x16\x7f\x9b[\x0d\
\xbf\x8d\xd3\x7fg\xce\xe4dl\x0a5N\xe3F \xdf\
7\x07\xa5\x8d\xef\xb9q\x0b\xb6\xaeh\x86\xbb\xc8\xc4\x9d\
_\xfd\x16^\xdb}\x82\x0es5\xda[\x9b\xa5\x81\xc5\
J\xc6v\xaaE\xbd\xdeZ\x8cMN\xe0\xc0\x81\xbdj\
\xc3\xcb\xae\x80;\xd2\xa8,0\x5c\xcb\xe1\xe4\xc4B\xad\
\xb8m\xc39+\xb5\xb9m\xbe\xf3\xc86_\x8f\x94\xd3\
\xa2\x0d?\xbf\x1c\xc8\xa5\xff\xd6\xe7\xe9\x13k\xd6\xacF\
\x13\xa3?\xfd!\xec|\x8dU\x8c\xd2\xf8\xc6\xdd_E\
Sk\x13^~m\x87\x94v\xdc\xc1\xaf%\x83\xad\xa7\
\xba\xd4\xeb\xad CV8\x006\x5c\xa6\xb9rh4\
\xaat\xcay\xca\x94N!B\xe9v\x94\xd7\xbd\x83K\
X\xa0\xdf\xbd\x10\xf0\xc3/\xb2\xe5I\xf9\xe0\x8c\x82\x1b\
\xa2nr0^O\x09\xd6S\xc9\xb1\x91\x8c\xc9\xc1\xed\
*\xfa\xbc\x832\x01\x9e\xad?\xf8\xf0_\xf1\xd8K\x87\
\xa8<+b\x1dj\xd4\x95\x1a\xb8\xe9\xe2ux\xdb\x8d\
W\xc2[Z\xac\x17\xdf\xb2\x98\xa7\x12\xe5\xd7\xcf\xee\xc6\
\x9e\x01?\x95+ID\x17B\x08\x07\x16PB\xb7}\
fh\x10.\x065\xd1\x13e&\x1f\xd6\x81\xe4f\x07\
\x97\x03,\xcd]\xec.\xa5h>\x83\x8ee\xedX\x98\
\x9f\x83\x8b\xc7\x8a\x94\xad\xccNM\x08o\xe4\xdc\xe8\xa8\
Z\xe9\xa5\xeb\xea[\xb7Z\xe8\xe88\x13\x19>q\x12\
=t\xff\x86\x07\x06$\x8bZ\x22\xa7\xc7\x0eza\xd6\
\x87\x8e\xde\x95\x18:~\x14.\xca$\xeaZ\xbb0q\
\xf4\x04\x8a\xaa=\xa8\xae\xad\xc1\xf8\xc9\x13\xf0\x90\x81\xbb\
)3\xe0\xdd\x06F\x1d2\xa2\xd174\x22\x98\x04~\
N%uUh\xec\xebe\x08\x1f\x82\x8c\x03X{\xd9\
-\xca\x01\xd0!\x9d\x9f\x99\xa5t;Iug2\xb7\
\x03\xc0\xff\x09\x97\xbd~\xc0\x86`\xaf\x15\x05tVs\
E\xe5jv\x86v.\x05)\xb5\x8b\xa0\xc5\x15\xc3?\
omF\xc6\xe9\xc1\xfd\xcf\x9f\xc5\xba\x8b.\xc7\xfbo\
\xbf\x1d\xbf\xff\xdd\xaf\xb1{\xcf\x8b\xe2\x00\xb6v\xd3%\
E\x14h\x82\x81]\x16\x91e\xaeb7\x15\x03jB\
\xca\x80,B\xf4\xb1\xad?\x85\xe7\x0e'\xe0\xa2\xd4\xef\
\x7f\xfe\xfb[X\xd9\xdd\x86\xe1\xc54~\xfc\xd4\x0e\xcc\
2=\xbba\xcf\x1d\xcd|\xc4\xd2\x9ax&\xb4\xc3R\
\xd7\xeaLE\xf0\xa17l\xc2\xf5\x1b\xbb\x11\xa5\x03\xf9\
\xec\xfe~<\xb7\xe74\xc8\xc9#k/V\xd1\x92\x9b\
eZ\xa7N\xae\xc7L\x09Ii\xad1\x8b\xeb\x9b|\
\xb8\xa0n\x0a\x0d\xae\x00\xb3~S\x84\xa1\xd4.Y\x81\
=c^<7\xde\x84Y[\x13\xbd\x9e3\x97\xf6[\
MJ\xb5vl\x08a%OR@\x11\xed\x86-\xcb\
p\xeb\xa5\xabP]\xee\xc6\xcf\xee\xff-\x1e\xf8\xcd\xe3\
\x14\xbdJ\xb0\x91\x0eF\x09\x1d\x1a\x87=\xab\xfb0.\
\xd1\x0a8v\xec\x88\xf4N\x14PK\xa1\xd2\xf2\x0e\xa0\
`\x0f\x02\xe7M94\x81\x84\xb6\xfe\x5c\xd7\xde<\x0f\
\xe6\xfbz\xff\x15\xa6\xf99\x07`\x9e\xa33\xac\xda\x9b\
d\xb0kV\xafFKs3\x82\x0b\x01\xec\xdd\xb5K\
d\xba\xbe\xf4\xb5/\xa0\xa1\xb9\x1e\xc7N\xf4crr\
V\xa2{\x82R}6n>c\xee\xe2b\x94\xd1s\
\xe5\xf4\xbe\xb6\xa6\x1au\xe4\x18XF\xccK\x8e\x81\xd1\
|\xcc\xbb\xa7\xf6\x05\xec\x9aPT\x8d\x8c\x93\x19\x85\x80\
d^@\xd6\x0a\xf4\x0bb0\x22\x98\x16\x1e\xa5n\xda\
\xb0Z^\x9f\x9b\x9dE\xb2>\xed\xc0\x7f\xfe\xf2a\xbc\
vz\x1ai2\xd2Jg\x02\xfft\xc5:\xbc\xf9\x9a\
\x8bQ\xeaT5?\xa3\xec\xfcKd\xfc\xcf\xbc\x86\xe7\
\xf7\x0e es!KF\x15\x9c\x98\x16\xd6^;\xbd\
\xe6\x22\x95b\x86S\x09\xcd0\x0f \x97'InP\
\x06\x83hhk\x97\xdeF\x842\xa0\xb2r\x0f*\xa8\
\x5c\x99\x1c\x1f\x97r\x83W\x8a}#\xc3\xc8F#\xb9\
\xb1\xab\xab\xac\x04U\xf5\x8d\xf0\x93\x83\x89\x05\x02\xa8j\
hP\x10\xe227*\xaa\xbd\xf0Q\x06\xc1\x01\xb2\xbc\
\xbc\x1e\x81\x85Y)cJK\xbc\xe4\x8c\x020\xe8|\
\x94\x16\x97 L\x9fw\x16\xab\xedE\x1e\xa1667\
\x89xn\x80\xc1dZ5X\x90\x80\x94\x01p\xef1\
43L\x0e\xe0\xd2[\xcc\xea\xd6nQ\x03\x921`\
$.\x06n\xd7{\xe6\x9c\x0dH\x19\xc0\x19\x80\x9e\xa7\
[xxNO\xed6\x8b+@\xed\x0b\xb0~|d\
\xc9\x8f\x92l\x0c\xef\xda\x5c\x8d\xd6\xfaj\xfc\xec\x85A\
\xb4\xf4l\xc0G>\xf4~r\x00\xbf\xc1\xd1#{\xf1\
\xb5\x8f\x5c\x85\x8b\xbb(\xc5_\x9cW=\x00\xe6\xcf\xd3\
D\xa4\xa6\x96\xe6\x96\x88K\xbf3!\xdc\xf9\x06y\xff\
\x0c\x0e\xcf\x00\x7f\xde\x11A0\xeb\xc0w\xbe\xf19\xdc\
L\x0fm\x9e\x1c\xc3\xfd\xcf\xee\xc3\x89Y\xee\x88:\xcf\
\xa9U\xe5\x9ck\xc5_\x95\xe9\xa6e\xf9\x84o\xe62\
\xaf\x81\xaf\xbc\xe7z\xb4U\x14I\x84g\xc6\xa0\xfd\xfd\
\xa3xb\xfb!L\x86\x99G\xcdZ\xf1\xb4\x1c@V\
3\xee\x9a\xc2\xabV\x91\xf5\xa3\xd1\xb9\x80\xa6\xe28\x19\
i\x962\x10\x07&\x97J\xe1KTa\xc9N\x87\x81\
\xf7\xcfE*)\xab\xa1\xb2\x9a\xbc\xdbb\xb3\x91\xbfg\
\x84\xcey\xc3\xb2Z\xbc\xf7\x86\xcd\x22\x5c\xf9\xcak{\
\xf0\x95\xbb\x7f@\xafc\xa7\x08\xb6\x92\xea\xc0\x12u\x80\
\xf9\xe7\xedN\x8c\xb3\xe4\xf6\xb1\xa3\x92\x99(y\xf0\x02\
Z\xb0Br\x0f\x0dV\xb5\x16\xb8\xce\xaf\xde\xcds\xfd\
\xc2\xffg\xaa\x9f\xb7\xfa\x82E \xd3\xd2\x02\xb0\x10\x82\
\xeak+\xe9\xba[\x1a9\x03\x08`\xdf\xae\xddp\xb9\
\x1d\xb8\xf3+\x9fGgW\xbb \xfd\x0c\xf9\x9fI\xc6\
\x14\xa5\xba7,\xd2ol\xbc\xbc\xbc\xc3\xf5?\xc3\x80\
\xb9\xbcd}\x04\xd6\x89`M\xc5\x0aJg\xeb(\xbd\
\xe7i\x01\xd7\xde^2,n\x182\x0d\x9c\x1a\x95\xda\
sd(\xac\xd8$\xfd\x13\xfa;\x93\x8f8\x1cjT\
\xca\xcd\xc8\x08\x05\x94\xef=\xf0\x18NR\xc4\xa8\xac\xf1\
\xe0m\xe4xo\xbbh\x15\xca\x98lS_\xff\xdcR\
\x14\xbf\xfa\xcbK\xd8\xb6\xe7,\x221S\xe0\xbc\xac\xd5\
g\xd2\x9f<\x99I\x92\x13p\xd0sK\xc8.\x7f\x5c\
V\xe2\xa3\xcc\x8e\x95R\xcd\xe4\x0c\xf7#\xe8\x7f\x5c\x0e\
X\xbaT.\x0efFV\xf0\x1b\xdcOrZ\xe7\x12\
\xaa\x8f\x96\xd2g\xd6)\x1c~\xdct\xceJ\xb3\x8e\x1b\
\xd7\x9c\xa5\x08\x0d~\xd6M\x0f]\xcb\xdaq\xb3O\xce\
\x11}oF\xad\xd1'\xa5Q\x98\xd1X\x1e\xf5\xeb\x19\
\xf9\xe8\xd0'A5\x01{E\xd8\xd4/\x19\xc0\xa5\xb7\
\x9a5m\xec\x11\x9c\xda\x01\xc4\xf2i\x9d\xd0\x81gs\
\xd2H\x86n\x1e\xe5 \xa7VD3--:S$\
\xac#\xa1yI\x8b\xaf\xefva\xeb\xaa6\xfc\xea\xe5\
\x11\x18\x95\x1d\xf8\xc4\x1d\x1f\xc1\x9f~\xff\x10N\x1c;\
\x80/\x7f\xf0r\x5c\xd2C\xbfkqAJ\x00\xe6\xee\
\xb3\xd4\xacL\x8d\x03P\xfd\x97\xac\xa8\xbeRV\x85H\
<\x8d\x81P\x11~\xf7r\x08\x13T\x0e|\xe0\xf6\xb7\
\xe23\x1f{\x0f=P\x13\x8f\xee<\x85m'\xc6e\
\xe6nXD\x17\xb9\xd1U6W\xf7\x8a|\x15\x19\x9d\
\x93\x19\x8c\xb6\xae\xc0\xbb\xae\xda\x80b$\xa1V\x9bX\
^\xca\x86\x81\xe9\x10\x1e{\xf10NL\x86E\xdcT\
\x8d\x0c\x15\xc6\x9e\xbb\xf7Y]\xf6\x08\x89\x1b\x95\x04\xb6\
lF3\xec\xd2\xa13\xdc\xf4\x5c\x8a4\x94\xd6\xda\x5c\
\xcd\xef\x15\x189b\x0b\xa5\xb7(|o\xc9\x18\x9a*\
]\xf8\xc0-[\xd1Q\xe5\xc2\xd4\xd44>\xf1\xb9\xbb\
\x11\xa0\xcc\xa6\xaa\xa2L\xe8\xb4\x18\xcb]ZR\x82\xd6\
\xf6NL\xfbfp\xe4\xf0Q\xf1 \x16P\xcb,(\
{re\xd0\xf9c\xd1\xf3m\xd9\x96O\xe3\xff_Q\
\xbf\xf0?\x9b\x99\xc7\x0a\xe4\xca\x0d\x0d\x00\x92\xf7\xa3\x1b\
\xc5\xcbW.\xa7\x12\xa0\x16\x8bd\xd4\xfbw\xef\x12\x1e\
\xba;\xbf\xf2\x05\xb4\xb64P\x99S$\xc6\xcb\x99\x8d\
\xe0\x00lZ\xf85\xab\xc0_\x5c\xf2\xf1\xd6\x1e\xef\x01\
\x04\x990%\xb4(k\xbds<\xfff\x22M\x96\xc4\
\xd6\xcbi\x1en\x92Q\xe4\xad\xa6R\x82\xb7\x07=\xf4\
{9\xe2\x16Q\x9d\xef\xa2\xec\x88\x1bn.2lF\
Qr\x19\xcb\xf0\xf8iJ\xf1\xbe\xf7\xc0\xe3X\xa4\xba\
\xfd\xed\xd7o\xc1\x1b\xb6n@\x05\xa3-\x99\xe0\x85\xae\
cf)\x81_=\xfe<\x19?/\xf6\x18\xe4\xa4\x92\
p\xd2\xef\x89\x85BX\xf2\xcd\x09\xc5|\x22\xb6\x84\xc4\
\xfc<<\x94\xa1D\xa8\x0c\x89\x86\x02\xa8h\xa8\x96\xc6\
\x1eg\x01\xb5\xad\xad\xb2\x98\x14\xa2\xef\xe7\xe9BYU\
\x1d\xa5\xe2\xc3pyK\xe9\xdf^*\x0d\xa6`r\x06\
\xa0{^vrb\xcc*\xcc\xcc\xbf\x09z\xafeU\
U\x08R\xed\xef*q\x93\xb3\xab\xc3\x02\xfd\x9d\xbf\xb7\
\xb8\xbc\x1a\xa1\xb9\x19\x94UT\xca\xa2Rx\xda\x07w\
E\x059\xc9\x22D\xa8\xce/\xaf\xab\x91>\x5c<\xb2\
\x88:\xca\x22\x98\xa5\xdb?;MNE\xcd\x7f\xdc\xb5\
\xd5h^\xdeG\xe5\x107\x01\xb5\x03\xe0\x0c\x80kW\
\xee\xd8r\x0f@\x8dX\xb2\x0a9eXu\xa3&\xd6\
\xc8\xc1>\x15\x0c87\x17\xd6\x8a\xb1\x8c\xbc\x8a\x84\xfd\
\xf4\xe6BXW\x9b\xc1\xdb.\xeb\xc3\x13{'0\x95\
\xf4\xe0\x8eO\xfe\x0b\x9ey\xf2I:\xbc{\xf0\xc5\x7f\
\xbe\x04[{\xc8\xc1,\x05\xa4\x99\x95\x92\x0d\xb6\x82D\
\xd22\x1cSQ:%\x13\x0a\x158\x1eq\xe1w/\
.` \xe8\xc0\xa5\x17o\xc2\x7f~\xe7\xabr\xe8^\
<>\x81\x87_;\x8e\xb4\xe9\xd2B\x9c\xf9\x1e@\x8e\
\xc6L\xbb\x02\x83nJ\x9b'\x8b\x7f}\xd7\x0d\xe8\xad\
+'\x8f\x9d\x96\xc3'MNS\xa5\x8a\xbeH\x06O\
\xed<\x89\x97\x8e\x8cb1\xe9\xa4\xf4^E\x7f\xe5)\
La\x8bU\xb3\xfc\xac\xea\x99rM/\x8d&\xb5\xaf\
\xee\xb4\xa9\x99\xbb\x8c\x90\x90\xcd-\x18\x19z\xa9\xc6f\
\xb1\xf7\x98ja\xa7\x94\x9e\xd0\xfb\xdet\x09V5P\
\xb4\xa2\xf7{\xc7\xe7\xbf\x89\xd3#\xf3\xb2d\x95\x15\xf5\
\xa3\x8c\xac\xc6^\xbcu+E\xcby\x1cd>\x00S\
-\x18A\x83\x80\xce1\xd4\xff?\x0e\xe0u\xea\xfd\x5c\
\xb0?\xcf\x19\x18\x05\xdc\x83y'\xa0z\x08*9P\
\xcd\xbc\xe5+\x96\x8b\xca\xf3\x12\xa5\xe3\xfbv\xee\x94\xf5\
\xdd\xcf\xdf\xf99D\xe3\x11\x9c9sF\xc6|l\xb4\
\xb5\x92\xe6WH\x0f\x80\xa9\xd0Y\xfe\xdcb\xe39\x1f\
\xa1\xc8g\x8b\xa3o\x982\x04fP\x9a\xa3\xf3\x1a\x0a\
/\x22L\x1f\xbc \xc4\xc1')3wC\xc44\x1a\
\xebkp\xdd\xd5W\xc0\xeb)\x95\xa9\x15\x03\x9e\x8a\x8b\
\x0c\xf4O.\xe0\xa7\xbf\xff+\xae\xbfx-\xde~\xd5\
&\xc9HTk\x94U\xad\x92\xf8\xc3\x0b\x07\xf0\xd7\x97\
\xf6S \x8b#\x1dI\x09SSYu\xb9(eM\
\x9e\x1d@u}\x9dD\xd5\x893\xa7\xd1\xdc\xb5\x0c\x09\
*efGF\xd0\xb0\xac\x05!\xff\xbc\xd8\x05\xb3\x06\
{\xc9HG\xfa\xfbe\xfd\xbbk\xdd\x06\x9c\xd8w\x00\
\xdd\xabVP\xb9\x10E&\xb2\x84y\xaa\xf1\x0d\xa1\xa5\
\xcf\xa0\xa5\xbb\x13Q\xbav\x8f\xd7\x83\xe1S\xa7\xb0|\
\xed:\xf4\x9f8\x8e\xfa\x86z\x0a\x8e\x86\xd0\x91\x05}\
\xb3h\xeb]\x81\x81C\xfbQ^]\x832*\x19\xc6\
\x0f\x1eG59\x9bR\xba\x9f\xa3'O\xa2\xa5\xab\x87\
2\x09\xbaO\xe4H\xb8\x87TTD\xd7\xd9\x7f\x92\xec\
lI5M\xc9Ap\x06\xc0\xa3\xc5 \x97\x00k\xb6\
\xdeb\xd6v\xf4\x0a\x11b\x80n(\xe3\x00\x14\xd9b\
V\xa7\x9cyJ0K\xf7-7W\xb6\x0e\xb4D\xdc\
\x8c\xd6\x867\xc5\xfb$\xa9\x0ch*I\xe0\x83W\xf7\
P\xad\xb5\x80#>\xe0C\x1f\xfe\x10v\xbd\xfa*\xf6\
\xee}\x85\x1c\xc0E\xb8\xb4\xc7\x81\xcc\xf9\x0e\xe0<:\
h\xa9\xd9\xb9+\xccPKV\xe5I\x14\xe3\xcf;\x17\
\xb0o\x9ci\xb2\xdb\xf1??\xf96j\xaa\xcaqp\
h\x0e\xff\xf3\xdc>\xc42\xae<OZ\xc1A\xe6\x11\
\x8aj\xeeQ\xfa\x95\x0c\xe1M\x9b;\xf0\xbe7^\x86\
bm\xd8\x19\xd3\x1a\x07R\xba\xc4\x9f\xb3\xb1B0\xf0\
\xdc\xae\xd3xv\xf7 \x02q\xba\x06\x9b^\x83\xcef\
\xac_j\xf1\x81\x88\xb1\xb3Qgt\x22\xac\xda\xa7N\
U\xceXTdP\x0d\xefs\xd6\x93\xf5}\xb5\x9b)\
\xbc\xf9\xea\xf5\xb8\xac\xaf\x1a\xd5T\xc7\xddu\xef\x0f\xf0\
\xf7W\x0f\xaa\x1e\x01o\x1d2\xb2\xc0\xcb@\xa0K0\
GQ\xe6\x00\xaf\x03[\xba\x006\xdb9\x0e \x97\x01\
d\xcf\x9d\x0d\x9c\x1f\xcdMkg\x00\x8a&\xed|'\
 W}>O\x1f\x8c\xdc\xbeF\x8eO\x01\x85|\x8a\
\xaaO$\x0e\xa0\xae\x8e\xa2cPz\x00\x9c\x96~\xf6\
\x8b\x9f\x15<\xfb\xc8\xf0\x88\x18lT\xa3\xfa8\xa3r\
S\xc4\xae\xa0\xf7\xc7\xb5,\x13\x82T\xd2\x81\xe6\x05!\
oe\xb9t\xf9y\x93\x91{\x00\x16e\xbcZ\x17O\
i\xa96\xc8\xd2\xcbR4\x8a e\x08\x81\x10\xf7\x00\
\x96\x84\x83\xe0\xe2-[\xa4D\x10\x01\x15\x87M\xf8\xfb\
N\x9d\x1d\xc1\xc8\xe4,\xder\xed\xa5\xf0r\xb7_\xc3\
\x87\xfd\x14\xe9\x1f\xfc\xfb>\xec81\x09\xdf\xd4\x1c\x92\
\xe4\xbc2\xe4\x5c\x96\xe8<;\xcbKQ\xecpar\
`\x88\xdeC\x99 \x0d\xc7\xc9\xb0\xca\xc9\xc9\x94\xd0\xb5\
O\x93c(\xad)\xa7\xb2%\xa1\x9c:s\xf9\xd7\xd6\
a\x86\xde+o7vo\xd8\x8c\x91\xd3\x03\xd2\xdd\x1f\
\x1f\x99\x10\xa5\xa0i2tN\xf3\xb3T\x16tS\xc9\
42=\x81\x1ar.#\xa7N\xa2w\xf5\x1a\x8c\x0c\
\x0eH\x1d\xbf\x10XDMM\x1d&\x87\x87\xd0N\x0e\
`\xf48\x95\x7f\xe4\xb4\xea:\xbb0u\xf4\x14\xdc<\
\x1am\x22g@\x0e\xa0\xbc\xb6\x01%\xder\xd9'p\
\xd3\xbdd\xf4n`l\x08)\xcaP\xf8\x81\x17\xd7U\
\xa3\xb1\xafOtC\x03\x5c\x02\xac\xbb\xec6*\x01\xba\
Ei\x87\xa9\x88r8\x00Y\x05T\xc6o\x9d\x22\xc3\
f\xe4\x0e\x92\xa9\x19u\xec9&]\xb5\x83\xce\x90^\
\x965b\x91\xc3b#\x82\x8f\x5c\xd1\x86\xfe\x99\x04v\
\x0c\xc7\xf0\x8ew\xbe\x13\xa7\x8f\x9f\xa0\xc3\xfb*\xee\xfc\
\x00g\x00\x06\xdd\xe4y\xe5\x002z\x9f^\x9ad\xe6\
9\xaf\xc3\x93\x80\xa4\xac\x89&\x10K\xb9\xf0R\x7f\x1a\
\x8f\xef\x0f\xc0UZ\x89\x1f\xfd\xc7\xd7\xb1e]/\x06\
\xe7c\xf8\xe1c\xaf\x22\x94P\xab\x90y\xc4\xbd\xea\xe0\
\x0bJ\x8f\xde5{\xdb\x92\xe4\x02\xbe\xf2\xbfo\xc6\xe6\
\x9e\x16\x81\xc9\xa6\xa5\xb9\x97\x96\x83-\x5cl\x86u\xc0\
\x0d\xe1\xf2\xdbwf\x12Ol?\x8c\x81Y\xaa\xfdx\
]\xd6\x96\xcd!\x8dU\xd3K5\xd6DL\x85w$\
(\xc3\xe8hb@\x89\x93\x0e\xda\x02\xfd~\xb5\xaa\xcc\
\xe3T\xe9l\xe7\xaeN\x03\x8e\xf8\xe72I\x5c\xb1\xbe\
\x03o\xbc\xb0\x1bUT\xe6\xfd\xf1\xe1\xa7p\xffo\x1e\
V\x19E\xd6\x14J)\x96\xd5f\x070K\x91\xe0\xd0\
\xa1\xc3\x82\x9c\x94f\xadp\xf7\xe5]^n\xd7\xbf\x90\
\xbe\xe5\xfcT\xde\xe2L\xb4Fw\xaf\x93)\x14~=\
\xffs\xf9%!\xc5G\x005\xba-p\xb7\x5c\x1e\xad\
 \x07\xc0\xe4\x17R\x02\xec\xd9\x8d\xe2\xe2\x22|\xe2_\
\xef \xc7\xd0\x8b2\xc6\x01p\xa0\xa0T\x99A;\xc1\
\xf0\x92\x8c\xf8\x82\x14\xd59\x9aG(\xc23\xe2Ov\
\xd2\xb8kO%\x03s\x010#\x12/\xbdTWz\
d\xfa\xd3PW)K=6K\xce\x0c\xaa\x04\x81%\
\xc5\x9eU\xec8L\xa3\x96\x11\xbc\x049\x00\xae\xcd\xa9\
^\xaf\xac(F\x19\xaf\xfaj&\xdd`,\x85G^\
9\x82mG\xc7\xe9:\xa2X\x98\x98@j1$\x91\
\x93\x9dU\x92\xbe\xcdC\x8ei~|B\x1c\x80\x87\xb2\
\x95\xe9\x81~J\xd5\xabQ\xe2\xf1\xc07:\x86\xd2\x0a\
\xe6\x80\x8c\xc96bk7E\xe2D\x0c3\x94\xf6s\
\xb2X\xdf\xdd\x8b\xd9\xd1I\xb4\xafZI\x86Y\x86\xa9\
\x81\xb3X\x9a\x9a\x14.\x01>\xef5\x8d\xf52\xc2\xf3\
\xfb\x17d<\xd8\xd9\xdb\x87\xf1\xd1Q4\x90aW\xd5\
4`j\x9c\xaeka\x9eJ\xa8NL\x8c\x0c\x08\xb1\
LUs+f\x07\x86Q\xe4)\x93h?;2\x84\
R\xfa\x93\x9dl\x88\xae}Y\xcf\x0a\xc1\xe5\x8c\x9e:\
\x0a;\xd7\xd0\xa6\xea\x01\xa8)@\x16a\xdf\x88\x82\x02\
\xd7w\xf4\xc9!\xe5\x1e@t)\x9a_*\xb3\xc0\x13\
\xba\xf6\xb7\x9a\x7f\x85\x82\xa1\xd6c\xe7MA\xa9\x94y\
4\xc8\xe2\x05\x94\x01\xd8Ra\xdc\xb6\xbe\x86\xbcU\x19\
\xfe~\xd8\x87K\xae\xbc\x0e\xfe\x99i\x1c=\xf4\x8a\xec\
\x02\x5c\xd2mC\xc2?'\x90\xc8TV\xd5_6\xd3\
<\xe70Y\xbc\xef\x9c!\xc4X\xb4\x83\xde\xc7\x89\x19\
;~\xfb\xea,\x12(\xc3\xe7?\xf5A\xbc\xe3\xb6k\
\x11L\xdbq\xffS{\xd0?\xbd\x08\x85{RP^\
A\xfe\x99\xd0\xb2bv\xd9\xda\xbblE\x05>\xfe\xce\
\xeb\xe1\xd1\x08X^\xa8a\xc7`\xe8F]F\x0e>\
7a\x14\xaa/\xc6}\x81\xd90\xfe\xf0\xd7=8>\
\xe8G\x0anE\xf0\xa1\xef\x80\x99\xd5\xbc\x08\xe2mR\
h\xf4\x9ax\xef\x9b/EMy1^=8\x80\x1d\
\x87\x07\xe9\x80A\xc8%\xb9.5\x0a0\xf6\x19\xa1\x17\
\xb7\xc9days\x19\xdeu\xe3\x06\xd4\x14\x998v\
\xfc,\xee\xba\xe7{\xb2\xa6\xed\xe1\xa8H\x91\x8b\xa3a\
wO\x0ff\xa8\x1edN@\x85\xd4T\xdcuV\x93\
\xd1\xda\x092-\xdc~\x01\x8d\xa6iu\xfb,\x07\x8b\
\x82\x9eA\xfe\x13y\x1e\x05\xe4\xc1BV\x03\xb1\xb0\xb9\
\x9a/\x15\x14\x03\xadZ\xc7V\x93\x9c>:\xc0MM\
MX\x22\xa3>\xb8w/E\xf1\x12|\xf2Sw\xa0\
\xb5\xbd\x99\x8c\xaf\x82\xa2\xa6\x0b\x05;Gj\x0bQ\xed\
.\x09\x85\x1aS\xa4\x87\xc81\xf85\xc47\x14Z\x84\
\x9f\xa3q4&\x14\xe0\x14:\xf0\x8e7\xdf\x84\x8e\xd6\
\x06\xfa=N\xbd\x9f\xa0\xb2!AG\x0a\xbb\xb1\xc0V\
Ex\x85\xf9\x22\xf8\xf3M\xe5.x\xdd\x0a\xd8\xaeT\
\xa7\xb2\x94\xdd%\xf1\xf0\xf6\x83x\xfa\xe5cX\x08\xc5\
\xd4>\xbf\x88t.*(/\xaf\x1e\xc7\x22B\xe0i\
\xf0\x1e\x82\x10\xc9R\x10\xe0\xf9\xbf\xee\xf7\xf0\x84 \x03\
\xb5\xd7\xcf\x81\x90WtY\x93\x81\x19\x7f\x84\xae\x8e\xe5\
\xd6\xb2\x8a\x88\x84\x09F\xf8 \xcb\xd7rG\x9d\xceP\
\x11\xeb\x02D\x95\x1e\x80\xa3H\xd9\x94l\x0a\x16#M\
\xd9/\x0b}\x16qV\xc9Z\x0e<\x99b\x08xF\
qu\xf28Q\xfaIv\xbb\xbc+\xde\xa4E\xb1[\
\xa4\xc4\xb9\x81fh\x80\x1bO\x01\xea\xb8\x09H\x0fK\
M\x01.\xbb\xd5\xacm\xeb\xd5\x0e`F\xba\x9d|s\
\xec\xe7\xc0~\xf3\xca@\xd9\x02\x90\x90@\x18E:Y\
\xcf\xf0\xf9s\xccgNN \x12\xf1\x8b\x8a\xef\x96V\
'V\xf5v\xe2\xb1\xd7\x06\xd1\xd1\xb7\x09&\xdd\xb4\xfe\
\xe3\xaf\xe1\x0b\xdc\x04\xecv \x1d\xd2H@S\x19\x03\
\xac\xd9u\x0e\xcc\xa3 \xc1\xbc\x18\xb4\x942\x91\x88\xa5\
1\x11r\xe1\xb7;\xe7\xe1\x8f\xbbq\xcb\x1b\xae\xc5\x17\
>\xf5\xcfH\x91G|z\xd7 \x9e?8DG\xc3\
\xa1\xe7\xd5\xa6t`\x15\xf8'-\x87\xa4\xcc\x8c\xe3S\
\xff\xb4\x15\x17\xach\xa3\xb4;\xab\x1d\x8ejv\x9a\xb0\
\xd6\x91U]\x1f\xa5\xeb\x8f\x93\x13+)\xf3\x92\xd1V\
`6\x10\xc7\x13\xaf\x1c\xc0+\x87Fd\x09\xc4\xd4j\
C\xccJk\x8d\x16\xb9\xa1x\xdb\xd5+p\xc1\xbaJ\
\xfa|\x186g\x15F'Sxq\xc7i\x8c\xce\x86\
`:\xdd\xb9\xba[AYm\xe2l\xf8}\xd6\x94f\
\xf0\xbe7mBk\xb9\x031\xaa=?\xf7\xa5\xbb1\
O\xd1\xa8\xad\xb9\x01uU^\xb8\x5c\x0eA\x92\xcd\xf8\
\xc8\x01\x1c:$\xf7\x85\xe7\xbc\xcc\xd9\xa7f\xf1\x16\xf2\
)\x0fg\xb6\x9d[\x04(\xa2\x10\xe4a\xc1\xd6\xe7\xac\
\x1f\xb0\x99(p\x00\xc6\xeb\x94\x0d\xf9\x9eP\xfe\xb7\x9a\
y\x04\xa5n\x08.\xa74\xb3\xbe\xa1\x01\x8bd\xc0G\
\xf6\xefGE\x85\x07\xff\xfc\x81\xf7b\x94\x22k)\x1d\
L\xaf\xa7\x5c\xf4\x01+\xca\xbdT\xdaT\xa1\xb4\xac\x84\
\xa2|\x89\xe84\x16Q\xe6\xe40lz3\x14\x9a\xf6\
\xcc\x10X4\xef\x85\x04\xd8\x11P\x84k'\xe3/-\
.R\x19\x80Me~\xf2\x7f\x86-\xcfbd\xd8T\
g\x9f\xae\xbb\xaa\xac\x18\xd5en\x18y\x9f\x88\x00\xfd\
\xbe\xc7\xa9\xde\xff\xdb\x9e3\xf0\xcdG\x91\xa22\x22\xbe\
D\xa9\x7f(,\x8b=\xcc\xee\x94\xa4\x8c$\xc9\xc7\x9c\
\x0c:\x1e\x0c\xa8\xd7acN\x92\x81\x97\x94*RR\
2\xd0\x22z_\x0c\x87\x8f\x91\xe3\xe0\x92F\x18\xb3Y\
\xda\x8b\xb5\x03\xdde\xa2\x02\xed\xe0g\xe5\xa6\xcc\x83\x9c\
\x0a\xd3\xe1[lN\x0e>\xff%\x86\xe8\xfb\xf1\xbfY\
\x0c4J\xa5\x07\x9f)wq\xa9\xec\x18\xd8\x9d%B\
I\x96\xa4\xbf\xb3\xca\x94\xcdU\x84d8\x22ra\xa6\
\xc3 G\x15\x17\xda9\x9b\x86\xe5\x1bt?\x99s\xc0\
H*6 n\x22\xba\xab+QKY\x18\xafW\x04\
\x14\x0e\xe0V\xc1\x01X\x0e`\x91n\xaej.\xd9r\
\x12\xce\x96\x13\xb0&\x00\xb9\xa8\xa1\x1f\x8c\xa9\x0d\xc9\xa6\
\xbb\xda\xec\x0c\xa2Q\xf2\xa0K\x0b\xe8,\x8b\xe2\xa6\xad\
k\xf1\xf0\xcb\xfd(\xa9Y\xc6X=L\x0c\x1e\xc4g\
\xde{1\xb6\xf6Rj\x16^P\x19\x80\xa9\x8c\x08\xb9\
gc-\x9b\x98R\xeb\xca\xefd\x82\xc5\x18\x0bt\xba\
\xf0\xd8\xc10\x86\xfdvlX\xbb\x0a\xdf\xbd\xf7Nz\
\xe3\xc580\x14\xc2\xef\x9e;\x80\xa8\xe9\xd0\x88\xbe\x8c\
\xa4\xf7\xc2\x8e+\xd7\x98\xc0\xea\xa62|\xf6]\xd7\xa1\
\xb6X5\x85\xe4\x15\xb2j\xcc'\xb4\xcb\xdc\x07\xa0\x87\
\x9b4c\xd8yb;\x0e\x9e\xd9\x83\x96\xe6N\x5c\xb4\
\xfcJ:@\x0dX\x88\x98xa\xf7il\xdfs\x1a\
\x11\xfa\xb9\x94\xcd\xa9\x98\x8c\xd2\x0c\x18JPYQ\x8f\
\xdbo]\x87\xd9\x05\xca\x16F\x8f\xa0\xb9\xa1\x0b]M\
\x9b(\xac\xd5\xe0\xc0\xb1q\xec<>B\xbf#%\xa2\
\xa0\xbc\xc6\xcbT\xd0\x8aD\x87\x9c\x87=\x81\x7f\xba~\
\x1dV7{PF\x0f\xfa\xaeo\xfe;\x8e\x9f\x19\xa3\
T\xb7\x06m\x8d\x0d2\x12\xe3\x94\xd77?\xafJ\x00\
^\x95u(\xce\xbe\x9c\xa9\x9by\xbbV\xd9\xc0?F\
\xfb|\x17??\x1d5my\xf5_\x8b\x83\xff\xf56\
\x84^orp.\xdf\xa2\x0a\xe3}\xe4\x00\xea\xea\xea\
\xc8\x01\x04q\xf4\xf0A\xaa\xe7\xcb\xf1\x91\x8f}\x101\
\x0a\x00\x91\xc5%Q\xc7Y\xf0\xfb\x05\xd5\xc7\x06\xecd\
\xc5\xe6\xd2bq\x1455\xd5B\xfb\xc5c\xbfRJ\
oKJ\xdc\xb2'\xc0p_\xc1\xa4\x18J\xd31\x9d\
L\xe7\xca\x19\x9bM5\x0b\xa1wV\xa03#>\xa3\
L8\xe3%\xc3\xaf,q\xc8\x98\xd8rRs\xf14\
\xfe\xb4m?\xf6\x9c\x9e\xc4R\xd2\x80o\xd2Ge\x81\
C\xd0\x9e\xbe3g\x91%'\x93f\x85^2\xa8\x9a\
em\xc2\xb0\xcc\xa9~EE%\x19\xb7\x89\xd9\xb11\
\xf4lX\x0f\xff\x82\x1f!\x7f\x00\xf5\xf4\x8c\x18\x97\xc1\
\xc8=N\xc93T\xb2\x0e\x0f\x9eA[{\x079\xee\
\x0a)\xdd\x18\x0cTS\xdf\x88\xa1}\x87)-O(\
\xd7I\xd7\xcf\xcd\xcf\x8e\x0d+1p\xea4**\x19\
\xd9W%\x8d\xbc\xd9\xd9\x19\xf4\xae\x5c\x8d\x13\xfb\x0f\x8a\
\xf4\xb8\x9d\xee\x83\x8f\x9chUm\xad\x88\x93\xccO\xcc\
\xa0\x9a\xfe\x9eu0\xc5\xd7\x04j\x1b\x1b\xa9\x8c\x0fa\
nj\x0a\xbdk\xd7\xc9\xf4 H\xa5\x01\xf7`\x0cq\
\x00^T\xf5v\xc9P04;\xc2\xcb@\xb7H\x06\
\x90\xa5\x1b3;9%\x19\x80\xdd0t`\xb0\x9d\xf3\
Q\xd8\x004\xf4\x12\x89\x10Ih2\x08\xbb\x1e\x17\xa6\
\xd2\x0a\x95\x15\x09\xf9\xe01\x03x\xc7\xb5\x1b\xf0\xd7]\
g\x91t\xd6\xa2\x84R\x9b\xb9\x89\x13\xf8\xf4\xed\x17\xe2\
\xf2\xe5\x94\x9a\x05\xe7eF\x99\x14\xc5\xd9\xbc\xca\xac\xe6\
\xdf\x94\xff\xc75<\xa7CqF\x04\xd2C\x0bD\xed\
x\xfeT\x0c\x87'\xb2B:\xf1\x93\xff\xbcG\xa4\xc2\
\x06\xe7\x92\xb8\xff/\xbb\x11H\xd8D\xc5\xc6r\x00\x19\
-\x90XbD\xf0\x9e\x1b6\xe2\xda\x0d](\xa6C\
\x94\x95\xc0a\xb0~2\xdb\xaft\xfa\x8d\xac\xaam\xfd\
\xc9i\xfca\xfb\x83\x18\x0b\x8fJ\xbd\xd5X\xd5\x8e\x8d\
=\x97\xa3\xb5\xa2\x1b\xcel\x19\xf6\x9c\x9a\xc0\xf3\xbb\x8e\
`n\x89{\x136!\xde\xa8,I\xe3\x83o\xbf\x1c\
M\xb5al?\xf80\xa6#3\xc2+\xd7R\xd5\x85\
\xb5\x9d\x17\xa2\xa2\xb4\x13\x83cKxa\xc7)Y\x95\
\xe6\xfd\x8b\xb4\xec\x04\xa4\xe5@:\xe9\xcf7\x5c\xd4\x8b\
\xcb\xd76\xa3\xaa\xd4\x85\xff\xfe\xe9/\xf1\xfcK{\xa5\
C\xde\xd7\xb5L\xca\x11\x16\xd5\xf4\xcd/\xe0\xc8\xe1c\
\xbaFVH\xc0\x02\xcf\xf9\x0f\xab\xd09{\xceY\xee\
\xb9H\xc0\xc2\xa2K>\xa7\xef\xbb\x15\xed\xcf1\xf6\x02\
\x02\x90\x82_\x92s\x00\x16\xa1k_O\xaf\x1c\xcc\xc5\
@\x10'\x8e\x1dFMu\x05>\xf3\xb9Oa\xd5\x8a\
>\x01\xf3p}\x1e\x0c\x85\xc4\x09p\xd3\x8e\xb7\xf9\x16\
\x17#\xb2\xf6\xca\xbb\x0012:~6\xcc\xf7\xc7\x1a\
\x02\xbc\xdaZ]U\x83\x9aZ55(\xe3\xd9\xbf]\
\x11\x88\x08u\xbd\xac\x14\xeb\x9aN\xf3/\xf2\xda\xaf\x93\
\x1e/#\xfb\x98\x95\xd8\x9esT\x19\x04\x13i<\xba\
\xeb\x14\x1ey\xe1\x10\x12Y\xbb8 \x1e\xd9\xf1L\x9f\
\xe1\xc3K\x13S\x88\x93\xf1\xa5Y\x05\x9b\x1c\x8b\xb7\x83\
W\x9bgPD\xef\x91\xcb\xe4\xaa\x0a/\xc6x\x22\xd0\
\xde*F\xcd\x1b\x8aL$ZL\xf57kU\xfa\x19\
\x00Dg\xd27=\x8e\x86\xfa\x06\x04\xe8\xfd1\xef\x9f\
of\x0e]=\xcb1v\x80\xear&\xd1\x11\xb9/\
u\x0f\x9b\xd6\xf4azl\x02\x0d\xcd\xcd\x98\x9d\xa3z\
\x9f\xfe<y\xe28\xfa\xc8\x01\x8c\xf4\x9fA\xcf\xda\x0d\
\x18\x1b\x19Eu]\x95\xf4w\x16\xe6\xfd\xf0\xd65H\
\xa9\x1b\xe1udz\xefKTZ\x94\x91\xd3\x9c\x1b\x1a\
EM{\xbb\x04\x0d\xff\x993\x02:\xe3uvwM\
%j\x96\xf7\x88\x03\xc8m\x03\xd6\xb6\xf5I\xdf\xdaW\
P\x02\x18\x05Fo\xfdg\xfd]\xb8\xea5O\xbd\xaa\
\x0b39D\x99p\xd3\x99)\xa9\x89\x22\xa1Y\xa4c\
A\xdcv\xd9r\xec==\x81\x05J\xd9]6J[\
\x16'\xf1\xaf\xef\xbe\x00\x97\xf5\xd9\x91\xf4\xcf\x0a\xa45\
\xa9\x81@\xe7\x93r\x0a1\x88\x9c\xa9\xb4(\xe9P\x02\
\x80p\xc4\xc0\x9e\x91\x0c^=\x1bG\xb1\xa7\x02\xff~\
\xef\x97\xb1by\x17\xa6\xc2\x19\xdc\xff\xd8NL\x86\x92\
\x94\x88\xdb\xb5\x8e\xbd\xe2\x99\xcbR\xb4X\xd3\xee\xc1g\
\xdew-\xbc.:\x00\xc9\x05\x1c8{\x90j\xc8v\
tT\xb6S\xbd_\xa4\x1b\xfb\xe4\x0c\xc8\x0b\x1c\x9b\xdc\
\x87'\xf7=\x86\x88-\xaa\xde#\x19\xab3[\x8a\x8e\
\x8a\x1e\x5c\xb4\xe22\xd4z\x9a10\x1e\xc4_^8\
\x88\x91\xe9\xa0l\xa4\xdd|\xe5J\x5cwi+\x0e\x9e\
~\x1aG\xa7\x0e\x02.\x15\x95\xecf\x11*\x8a\xaa\xd0\
Z\xb5\x0c\xad\xb5\xab(\xfay\xb0\xf7\xf0\x18\x8e\x9d\x99\
\xc2RB)\x0eK\xa6E\xef\xf1\x82\xee:\xbc\xf5\xba\
\xb5\x94m8\xf1\xe4\x93\x7f\xc7\xfd\xbf~D\xb0\xeb\xbd\
\xdd\xe4\xb4\x8a\xf8\xc0;09\xe3\xc3\x91\xa3'\xa4K\
\xa7\x96\x81\x8cB\x13=\x07\x11h+(\x07\xce\x9d\x8b\
\xbc\x0e\xe6\xdf\xfa{\xa1#y\x9d\xff\xfe\xef#C5\
\x19\xe2\xe5\x9c\xbe\xbe\xe5\x94\xd6\x97\xcb\x82\xd9\xe0\x99\xd3\
\xe4\x00\xcaq\xc7'?\x86\xee\xae.\xe9\x01\x14\xbb\x8a\
\x04H\x96\xd2\xbd#U^Bf\xfc\xbc\x03\x10d\x0c\
\x00e\x0a\x8c\x05\xf0\xd1\xe1\x9e\xa7(\x9b\xcah\x92\x1a\
\xe6\x00(r\xc9T\x80IB*\xab\xaa\xe0\xad\xacF\
\x19\x19e\x09\x93\x84\x96R\xc6\xe0\xb6K\xad\xdfPN\
\xc6ON\xc4\xb0Y\xe5LVd\xe2\x9e\xd9\xdb\x8f\x17\
\xa8\x5c\xec?;)\x0e\xcb\xed\xb0\x91\x03\xf0\xd15\x97\
J\xaf`\x8e\x8c;\xed\x9f\x97\x14>KY\x16\xef\xd0\
\xb3\x18\xee\x22}\x0f7\x05+<\xa5\x18\xed\xefGU\
S\x0b<\xf4>\x99\xd4\xb4\xa6\xa9Q\x9cft)L\
\x8e\xab\x5c\xa6=<\xb3g|\x02\xcb\xc5\xc7)\xe2/\
L\x93\x03\xe8[\x81!r\xe0\x06\xd3\xe8e\xf3\xfb/\
\x8d\xbc)99\x8d\x9a\xc6&\xa9\xe5\x9d\xf4~\x87)\
\x13\xe9^\xbd\x1aC\xa7\xfb\xd1\xbdf\xbd\xe0!\xecF\
Fx\x0f\xe3\xf1\x94\x08\xeaTT\xd7H\xe9\x10\x9c\x9e\
\x12\xd4,/\x8d\xf9\x87)Khk\x96\xc9G\xe0\xec\
\xa0@\xb1-\x07P\xdd\xd7-\x8d\xf7\xf0\xecp\xbe\x04\
\xe0Y\xe3\xdc43\x02\xc5t3I\xcf\x91e\xf9\xc7\
\xae\x22\x0d\xa0\x17Z\xf2\x9e_\xbe\xa6\xb9\xe32\x9a\xc1\
\x95\x17\x0d\x92\x94\xea\xc5\x17\xfdT\xbb\x04p\xe1\xcaF\
\xf8\xc21\x8c\xf9\x92\x92\xee\xb9\xb3!|\xee\xbd[q\
ag\x06\x89\x85\x19i\x8a1ACVVj\xd5B\
`\xd6\xa6\x9aPY\xdd%g\xc6\x96\xa4\xac\x07\x93\xb7\
\x8b\xdbqz\xce\x8eg\x8f\x84\x90\xb0\x15\xe3#\x1f|\
'\xde\xf9\xd6[\xe0\x8fe\xf1\x9bg\xf6\xe3\xd8XP\
5\xf64+\x0c\xf7\x0f\xec\x14Q\xde\x7f\xebE\xb8y\
\xeb2\xfa=\x8bx\xee\xd0\xb3\xd8uf\x97\x10p^\
\xba\xf2b\xack]\x0b\xb7\x8dj32\xf4\x88\x11\xc7\
\xe3\xbb\xff\x8c\x93s'\x84pQ\xe1\x92l\x8a\x185\
eG]i+.]\xbe\x15\xad\xd5=\x98\x99\x07\xb6\
\xed:\x84P(\x80w\xbf\xed\x0a\xf8\x97\x0ea\xc7\xc9\
g\x11\xa5t\x9eI7,\xd2\x0e1\xd6\xb8\x0d^G\
\x15VvnB\x95\xa7\x13\xa3#\x11\xec>0\x8c\xa9\
`\x82\x1c\x96\x932\x00\x13\x9d\x95Ex\xef\xad\x17\xa3\
\xb1\xc6\x8d\xe3\xc7N\xe3\xae{\xfe\x8b\xae\xdf@G[\
+j\xbc%\xc2M7\xbb\x10@\x7f\xff\x10\xdd\x17C\
\x08Cm\x0e#g\xbc\xe7\xa0\xfe\xac\x12\xcaT\xf4\xd9\
\xc6?\x8c\xf4\x90\x1f\x99j2O\x9bfT\xb6R\x06\
E1p\xae\xec\x98e\xf0\xb2\xcc\xa3\xfbB\xc2\x90\xac\
\xb7G\xab\xe9@VP\x0a\xcbgg\x80\xa2Oha\
\x0e\xedm\x8d\xb8\xfc\xaa\xcbDm\xd8K\x0e\xa0\xa2\xcc\
#\x22\x1c\x0c\xdc\xa9\x14D_)\xd5\xcdE\x941\xd9\
$\x93\xb4\xf0'\xb2\xbf\xc7\x5c\x00\xcc\xdb\x9fR\xe40\
\xe1pT\x1a\x83a\xaa\x85\x99\xea[\x04T(\x83\xe5\
n\xbf\xc9%\x11\xfd\x8e\x15\x9d\xf5\xb8n\xd3\x0a4T\
\xb8\xf3\xbay\xf4\x1e9\xf2\xff\xe9\xef\xfb\xf0\x97\x9d'\
\xb1\x14\xa5\xb2\xd2\x1f$\xe3\xa4H\x9c\x8cbi\xde'\
d%\xfcz)\xbf_\xe8\xbd\x98j<\xcd<~L\
8J_\xf3\xcfN\xc9yu\xd0=\x8f\xd2\xf78J\
J\xe1\xa2\x0c1\x92H\xa0\x9aJ\x00^RZ\x22\xa7\
U\xdf\xd0\x8c\x18\xd5\xf0\x91\xe0\x82h@\xf0\x06$3\
\xf8\xf2\xe4\xc6S^\x85\x08\xbd\xae\x91Q\xdc\x17\xb2Q\
\xca\xf7\xaf\xbc\x84\x0c9.\x1c\x84\xe55T>\xcd\xce\
IO\x825\xfdb\xe1%\x14\x97W\x0ad8L%\
 +\x05s\x9f \xe4[@YM\x95\x94\x1e\xc1\xc9\
\x09Y,b\xbe@\x932)\xa3\xb4TT\x81M\xba\
\x1e\xe8\x1e\x0d;\x80\x06\xca\xc2\xf8\xdf\xc1ir\x00\xeb\
.\xbf\xcd\xac\xebXNFa\xc3<e\x00,Xh\
\x93\xf5_\xdd\xd4\xa3\xeb\x93Q\x0b\xd4\x96\x96\xdd\x9e\x1f\
\x05\xf2\x03v8\xec\x85\x81@F@\xfc\xb3\x0c\x91\x8c\
S\x0d\x95Z\x9cC'\xd5\xddn\xf2\xc2\xfd\xa3\x8b\xf4\
\x90\x9c(3\x17\xf1\xf9\xf7\x5c\x82-\x9d@|aB\
\xe6\xdc\xdc\xac4s\xa4\xa0\xc2y\xaa\xa7\x916\xdde\
\xcf\x0a\x1f_*\xc9\xecC\x0c\xb9-\xc2\x13\xfb\x17\xa8\
\x8e+\xc65Wn\xc1W\xbf\xf0iD\xd3\x19<\xb3\
{\x10\xcf\xed\x1bR\xaa\xbc\xa6j\x001\xfc\xb7\x8d\x0c\
\xeas\xef\xbfI:\xf4\xc7&\x8e\xe0\x91\x1d\x8f\x22\x8c\
\x90@\x22\x8b\xcd\x12l\x22\xa3\xbcl\xd5%\xf08<\
8\xeb\x1b\xc2\xc3{\x1fF\xd8\xb6\xa4\xb6\xfb4\xbeA\
\xec\x82\xee\xa8\x91u\xa2\xdc\xf0`]\xdbz,kZ\
G\xd7\xe8\x16\x1a\xe8\x8c\xc3\x8fWO<\x89\xb9\xc4\x84\
\xbcO!f\xb0\xe9\x9f\xe5\xfb\x95\xa6kIp)\xe2\
AG\xfdr,kX\x89d\xac\x14\x07\x8eO\xe2\xe8\
\x99\x19z\x1d'j\x5c\x06\xdeq\xd3f,o\xf7\x0a\
C\xf3\xa7\xef\xbc\x07>\x7f\x04MTO\xb7\xb7T\x89\
\x03\x88R\x1a455'\xb4\xdd\x864\x01\x8d<$\
\xb7 c\xcb\x8d*uo\xc5\xa2\xff\xb2\x9a\x80\xaa\xf9\
\xae\x9fg6\xab\x9b\x86\x1a\xc1\xa8\x80\xd8\xe78\x091\
G+\xa3\xd0\xb5\xb6\xf4Qd\x16\xaa\xd1\x9b\x1c\x0c\xa8\
\xcc\xb3\xd1\xfbga\x93!\x01\xbb\xa4p\xf3\x8d\xd7\x08\
I\xc8\xdcBP\xd6\x80y\xe7$.\x5c\x80\x19!\xfc\
\xe0Q\x9f\xbb\xc8)\xf4\xde\xbc\xe6\xcb=\x00.}x\
\xecW\xaci\xc4e9\xcdP\xcbA\xfc\x9a\x82\xc5\xcc\
\xaa\x11q\x9c\x8c\x94\xa5\xddYO7Nu{_k\
5\xd6v4\x0a`'\xab\x17\x8a\xc2T\x96>\xb2}\
\x1f\x9e\xde~\x1c\xb3\x8bI\xc4(j\x9b\x910ER\
\x16\xe9\x5cD6\xe4WrwL\x95\xceg1\xab\xb4\
\x1fS\xe44\x92r\x0f22\xae\xb5\xf3T\x8agM\
\x02\xd55\x14\xc9\x07;BC#%mjE\xdb.\
,RI\xd5_\x92\xe7Cg\x84\xae\xc7\x9eQM[\
\xa7v\xd0\xfc[\x98<6n7\xe9w+De\x86\
\x99\x8b\xb2\x8a\x91\x8a\xb3\x01\xd96\xd7\xc4\xb7\xc2ca\
\xa8\xa7\xe8\xa0\x88\x9f\xb2\xeb\x86=\xd9\x11\x0b\xad\xb0E\
\xcaF\x0c=\x03\x19?\x93=\xdauI\xef\xaa\xaeD\
\xf3\x8a>\x81\x18\x8b\x03X\xcf\x0e\xa0s\xb9d\x00\xf3\
S3\xea\xa6h\xbc\xbf\xa1\x11X\xea\xe0\xd8\xce\xd1\x06\
\xb0>W\xb8ygM\x09\xa4\x07\x90J\x90\xf7\xa2Z\
.8\x03\x06Q\xb56\xd7\xe2\xc4Y\x8a\xccv79\
\x80\x10>C%\xc0%\xdd.\xc4\x02\x13\x02\xa7e>\
\x003\x95US\x04=\xc0\xcfe\x00\x82\xc1\xb7)\xb8\
\xb0<l\x03\xfeT1e\x00A\xf4\xcf:(\xdd\xec\
\xc0\xf7\xef\xbb\x0b\xb6\x22\x03\xfb\x06\x17\xf0\xbbg\x0f\x0a\
\xdf\x1d\xd7\xd7|\xe2\x9d\xb6$\xdez\xedr\xd1p\x0b\
E'\xf0\xd0\xcb\x7f@\xbf\x7f\x18YgF5\x8c\xb2\
\x8c\xa5vaE\xf3r\x5c\xb0r\x13\x0e\xf6\xef\xc3\xb1\
\x99c\x94]\xb0\xae\x9aS\x90\x82\x82\x02\x94r\x87\xde\
7\xd5\x8c&7\xfd2E\xe8\xf1R\xcd\xbe\xe62I\
;\xf7\x0cl\xc3\xe0\xc21$\x0d\x06\x838\xe4\xe6+\
\xe7\xa1\x03t\x86\x89 L\xd1\x224\xe8\xeb\xb5\x9e\x06\
\xac\xeaX\x87Jw;\xce\x9c\x09`\xff\xb1Qa\x84\
\xb9\xe1\xf2\x0d\xd8\xb8\xbc\x11%\xe4l\xef\xbc\xfb{8\
zr\x90\xa2f\x19z:\x1b\xc9\x10l\xc26\x1e\x0c\
-\xa9\x05 \x8ez9\xf6\xdes7ur\xf4]\x1a\
\x08\x9d/\xe7\xb2\xff\xd0\xc8\xb3\xde\x9f\x00}l\x86\x96\
W\xb4\xe5\x1d\x80\xa9\x1c\xb2\xdd\x02\xfc\x14\x8c\xdb\xd4r\
\x93\xde\xb2\xd4\xdc\x0es\x94\xb2ONL\x0ad\xb6\xb5\
\xa9\x16\xef\xbb\xfd\x1d\xe8\xeah\x13\xb4\x1f\xb3\xdb\xb2\xbf\
\x88\xcb\xf6^\x14\x81\xc50\xfc\x81\x00\xc2\xa1\x10\x16\xe9\
\x83\xe7\xe8\xd2\xe0\xb4\xdb\x85\x0b\x909\x049S\xe0\xbd\
x\xe6\x02hn`\xf6\xa0J\x18\x16R\x90\x97\xa1\xec\
j\x22\xc5}\x81\xea\x0a\xca*J\x9d\x8a\x18\x83\xcd\x96\
\x17{(]\xfe\xcb\x8ecx\xf9\xc8\x00\xc6\xc7\xfcb\
\x1cf\x22\x8a\xd9\xe1\x01q4L\xb4\xe9\x9f\x18\x17\xf0\
\x12\x8f\xd7\x02\xa3\x93\x94\xa2\xc7$\xab\x8d\x933\xa8\xeb\
\xee\x84\xe1409L\xcf\x82\x22o\x82\x8cm\x89\x1c\
\x5csG\x17\xfd\xec\x22\xc2\xf4~\xdb\x96u\x08\xaf!\
sX6vt\x90--babT\xf0\x0b\xd5\x0d\
M\x18\xa4:\x9e\xe1\xbe\x95\x155\x98\x1c\x1b\x85I\xe9\
\xbc\xf4\xb8(H\xb8\xe9}\xd6\xf6.\xc3\xc4\xe0\x884\
\xdfk\x1a[0>4(\x82:\xd5\x0d\x8d\x98\x99\x99\
\x955\xea\xaa\x8aJ\xcc\x8c\x8d\xa1\xbc\xb2\x5c8\x02\xa7\
\x87G\xd0@\xf7\x959;\xa7G\x87PU\xd7\x88\x18\
e\x0dQrl-\xed\x9d\xf2\xec\xa7\x87\x86\xe0H\xab\
\xb2\xdd]\xa3\x96\x81\xf85s\x0e\xa0\xba\xadG$\xb3\
\x99\xa4\x80IA\xb3\x96\x16\x9d\xa1x\xec\xcf'\x86\xb0\
\xa4\xaal\xba)X\x88\x11\xb0\xfe\xce\xe9|\x9c\x1e~\
x~\x9aj\xd78z\xdbjqf8\x88\x8c\xbd\x18\
\xce\xf4\x12>\xfc\x8e\x0b\xd1\xdbZ,\xd8\x83l\x86\xa3\
Z\x14\x15\xc5t\xa3K\xd2T\x22\xc4\xe10\xb5\x0c\xb9\
\xa9\xd2@\xa6\xb3\x16\xed\x00\xe1\x1f4\x10J\xb9\xb0c\
 \x81\xbdCi\x94\xd3\xa1\xf8\xc1}_GmC%\
\x06\xe7\xe3x\xe0\xc9\xddX\x8c\xf2\x96\x98:\xc8-U\
N|\xfe\x03\xd7\xa0\xb9\xda\x81g\xf7?\x87\xbf\x9fx\
\x011[\xc6\xd2\x10\x15C\xe2q\xa1a\xd2\x0d\xa6\x92\
 \x91ZD,\xb5$\xe39\x08\xf0G]\x8bl\xd1\
\x99\x0e\xf9|\x92\xcb\x8b\x94\x0d]\xee\x16\xbc\xe9\xa2k\
\xe1\x8b\xf8\xb0{h;b\xc6\x92\x5c#\xcfi\x055\
l\xf1\x1cZ<'Z\x00UI\x8c\xdbP\xee*G\
o\xd3j\xf44\xaeG`:\x8d\xc3\xfbO\xa3\xbb\xb3\
\x19\x17\xac\xef\x11\x11\xcd\x9f\xfc\xfc\xd7x\xeao/\xa9\
R\x8b\x0a\x85\xac\xec$(:6\xa5^\xab\x99|\xb5\
\x5c\x9be\xe4\x1cYm\xe6\xb9\x91>\xb7\x22\x5c\xb0!\
\x98\x1fI\x9a\xc8\xd1\x80\x9b\xd0\xaaG\xc8\x91\x87X\xd9\
\x1d\xf4\xcf\x8br\x8e\xc3\x91\xdb.\xb4xW\x05\xa1\xc7\
\xe9\xba\x181\x19B}5n\xba\xfe*\xf4uw\xa0\
\x96\x9eS\xb9\xa7\x0c.V\xda\xa1,A2\x17\xc3\xc8\
M(\xf8\x9aS\xe4\x14X%Y\xa9\xfa,\x09\xd4\x97\
?\xf8\xdf\x1c\x9d\xb9\xe1\xb7a\xcd\x0a\xac[\xb3RZ\
\x1f\xf2\xbeD\xcb\x0fp\x91\x81VR\x0d_IFc\
X4Vt\xbf\xe6\xe3i\xfc~\xfbA\xbc\xb0\x7f@\
(\xb6\xc7\xfa\x07)KM\xa2\xa2\xc4\x85\xd1\x13\xc7\xa5\
i\xc6\xcbF\xf3\x93\xe3\x02!fp\x0f\xf3\xe8\xa5\xc9\
)\x89\xfc\x9d\xd3\x85\x96u\xab\xc99\xf9\x91\xe1\x85 \
rN\xa5\xe5\xa5\x18?\xd5\x8f\xa6\x9e^q\x84\x13\xa7\
\xce\xa2\xbd\xa7Cp\xf8\xbcz\x93!\x83.\xa7\xcce\
\xaa\xff\x149\x0e\x87\x90|\x9e8z\x0c]\xcb\x97c\
\xc1\xe7\xe7\xef\xc0B\xffYAx\x0a\x89\x1c9\xa4\xf6\
M\xeb05<\x8a(\xbd\xc6\xca\x0d\x9bp\x8a\xae\xad\
\x99\xca\x8ap,Fg\xbcF\x1a\x9d\xbck`\xb2\x0c\
\x1ae-\xb5\x0d\x0d\x18\x1f\x1cD[\xf72,\xfa\xc9\
q\x86C\x22`\xc2Y:\x7f\x9d\xe1\xc8\xfc\xdef\x87\
\xa9\x5c\x0cG\xe4\xd9\xb2\x03h\xe8\xed\xe1=\x22k\x1d\
\xf8V\xb3\xa6\xbd\x97\xeeU\x11\xe6\xa6\xa6\xb1D^\x89\
\xd3,k\x1d\xd8\xa6\xd7LmV\x9d\xa8#I\xa1,\
1\x7f\xaf\xb5 $\x81\x8e9\xfe\xb3J\xe7<\x12\x9e\
G:A\xde\xb1\xb1\x06\xf3sK\xc2\xb9\xce\x0f\xa6\xa7\
\xbd\x1a\xb1t\x0c\x8b\x11\xf6\xf4\xa5J\xc4\xd1\xb6\x88\x9e\
j\x1b\xd64\x97\xa2\xc1\x93D1\x149\x89M\xe3\x5c\
3\xd2g\xc8\x90q\x92\x03H:pl\xda\xc0\x0b'\
\x16\x11\xa7\x8b\xf8\xfa\x17?\x83\xad\x97^\x80\xe9\xa54\
\x1e|j?\xc6g\xc3d\xa4|-q\xdcpa\x17\
>\xf8\xd6\xcb1\x198\x81\x07\xb7?\x84\x85DHR\
\xa0\x1c\x8c\xdd\xa6&\x1a\xd9\xfc\xf6\x8eJ\x99\x80\x5c\xb2\
l\xb3\xb6\xe0\xc4\xb0\x19!H\x87\x80J\x87\x1b\xd7_\
\x8d*\x8a\xfe\xaf\x9d|\x09\xc1\x8c\x8f\xfc\x85&4\x91\
\x14U/SY\x0e@g36k\xf4(N\x87\xd2\
_\xb8\xd1Y\xd7\x8d5-\x1ba\xc4\xdc\x88Qt\xef\
jo\x81\xa7\xc4\x83\xe7\x9f\x7fIx\x02\xd3\xect\xa8\
\xbeLf\x0b6\xfa\x04\xf7\xa2\xe7\xdf\xb6\xc2\xd4=\xaf\
sX@\xf3\x99w\xe2\x05\x8e!\xf73\xe70\x00\xe9\
\xbd\x07\xb3 \xfd7\xad\xce\x82\xd5@\xd4\x1a\x02\x96\xa1\
i\x00\x97]\xb6J\xd2p\x15\xd9)\xebk\xc0\xc5\x17\
m\xa1?\x1b)\xad\xaf\x90\xa5\x1d\x81\xf4\xeat\xde\xba\
0[\xc1\xe8Gq.\xe8-\xb9\xdc\xca\xaf\xe2\x8cL\
P\xf9\xc7\xd3%\xce\x86<\xe4\x1c\xe5\xda\xec*c)\
q\xda\xd0H\xf5\xad\x87J\x08{\xaeg\x91%\xe3O\
\xe0\xe9=\xfdx\xf4\xb9}\x98\x0b\x90\xd1\xd4\xd7a\xea\
\xccYQ\x01\xaam\xa8\xc3\xf0\x91\xa3T\x9e\xbaE\x84\
s~z\x5c:\xfa\xc5\xe5\x15X\x9c\x9cB\xd2\xbf \
\xf7\x8by\x02\xab\xfbz\xe1_\xf0\xc1N\xce\x89\xc7\x98\
\xd5\xf55\x988v\x0aU\xad\xed(\xf1z0~\xf8\
8j\xa9\xe4`\xeeE\x87\xc3\x854C\x9bK\xca\xe1\
#'\x91 G\xd8\xbdi=\x06N\x9e\xc6\xb2\xe5}\
\x98\xa4@[J\xd7\xeb;qJx\x0aLM\xd2\xd2\
\xb9e#fF'd\xa4\xb8b\xe3f\x9c=s\x1a\
\xed,\xffE6\xe9\xad\xa9\x83\xc3\xc5\x13\xb4\x09a\xfa\
\x9dg\x02\xd0\xd6VL\x8e\x8cP\xb6\xd1&\x88K\x93\
\xae-N\x0e\xab\x98\xeeq\x86\xce\x8a\x8b\xce\x0f\x97\xde\
\x0b\x941dB\x8br\xaf\x19\x08\xd4$\xcb@\x9c\x01\
\x8ch P{\xaf0\x02\xcd\xd2/\x8f\x86\x97\x14\x99\
\xa0~\xc8\xa2fc\xe8Y\xbfd\x05\xeaHeu\xaa\
nE\x16\x8bF\x5c\x90u\xf2\xb5\x8c\x06H,\x917\
\x0a\x0b\xd1\x037\xf8$\xf94\x8a\x85\xcc\x92\x85\x1b\x84\
\xd8\xd0\xa0\xda\xb7\xa2\x94\x22\xe0\x18\xa8(F\x9d\xc7\xc4\
\xeaVJ\xedk\xb3\xa8v&\xe1\xb6\xa5\xa4\xa8\x91\xc6\
\x1e\x1f\x84\xb4A\xf5\x9c\x1dg\xfdEx\xf2\xe0<\x02\
\x94\xde\xdd\xfe\xd6[q\xc7\xc7?\x8a\xb9X\x16\x7f\xdc\
v\x14\x07\x8f\x0f\x8b:O\x91=\x81O\xbf\xf7\x06\xf4\
vx\xf0\xcc\xbe?b\xd7\xe8\x01!\xa3T\x14\xddV\
\xfe[\xa8x\xa8\x0f\xa5\xa9\xe9\xcf\x8d\xacl\x00\xdaa\
\xad\xef\x1aRZ\xb0\xf0\xe7\xba\xc6U\xb8|\xed\x858\
rf/\xfa\xe7\x8f\x92\x83Jk;Q\x12\xcd\x19\x9e\
\xcfg-!Qem\xbc3\xa1\x8cPQ\x90\xa9\xaf\
\xdb\xa4\xafP]\x5c\x8f\x95\xad\xab\xd1Q\xd9\x8a\x0aG\
9\x8a\xe8>\x8d\x8c\x8c\xe1\x9b\xf7\xfd\x07\x16\xe9}\x15\
\xd1\x812\x5c%\x1a\x9d\xa7\xeb\xa4\x02\x9a6\xabik\
\xaaV9,,E\xd6Z\xe4\xb2\x8c[t\x18\x15}\
7\xd7\xde6\x15\xdes7\xc0\xbaF+\x9b0ud\
\xb7\x94\x87\x15f\xc0j\x00\x1b\xb2\xfb\x11\x09\x05\xc5\xe8\
7o\x5c\x8d\x8aR\x97`\xe5+\xab\xcaE\xec\xb3\x9c\
\xb2*/\x19\xbf\x87\xfeTc;\x87*\x1f\xd4\x8d\x16\
\x07f9\x1f\x1b\xf2\x0b\x5c\x0a\xa6\xab$\xc4M\xddL\
U\xd3'k\xd6o\x17x7\xd7\xf9\xad\xd5\x1e\xd4x\
=\x1a\xaa\xac\xaeo.\x1a\xc3o\x9f\xdb\x85\x1d\xc7&\
03\xeeC|1\x8aJJ\x9d\xe7\xc7\xc7\xa4f\xf7\
x+1=0\x88\x22w\x11\xec.;f\xc7\x87Q\
WW/\xaf\xc3\x19\x00C\xba\xa50r\xb8\x05\xca[\
LNg\xf2L\xbf\xf4\xaa\xca\xbc\xe5B\xb7]F\x86\
YL\x0ei\xbe\x7f\x00%u\xe5\xa27\xc8\xb7r\xd9\
\xba\x0dH.\xc61}\xba_F\xdc\x0d\x9dm\x98\xa0\
T\xbc\x99J\x037\x953\xe3d\xdcI\x8a\xe6\x96*\
2_o-\x95\x10\xa19\xbf4\xe2\x9b\xbb{0\xc9\
\xccA\xe48\xb9\x04\x10\xa7A?\xc7[\x943\xa3\xa3\
\x14XC\xf0R\x19\xc4\xba\x0b\x8d\x9d\x1ddO\x0e\xcc\
P\xa4\x97E(r\x14\x9c\xc9w,\xeb\x11\xaeD\x1f\
\x95\x09\x8e\x8c.\x01D\x19\xa8W\xd8\x8b\xc2\xbeQ\xb5\
\x0bP\xd5\xdaMo\xda)\xe0\x81\x08\xa5\x1f\x9c\xe9\xd9\
s\x1bY*\xadTJ3\xd9\x5c\xdd/\xa3@M4\
\xa8\x02\x90\xea\x11p\xc9\xc0\x07L\x81\xfa\xd2R?s\
\x8d/\xaaB\xf4\x8b\xcb\xc8\xdb.\xeb\xea\xc0E\x17_\
\x88\xd5+\xfa\xf0\xd8_\xb7\xe1\xcc\xc0\x14>t\xfbm\
(\x22C\x7f\xf4\xd1\xa704B\xa9\x18\x85\xe0:w\
\x14k\x9b\x0c\xf4\xd4\xdb\xc9c\xa6\xa4[\xca\x00\x0cN\
\xed#d\xdd\x13av\x00~\x8c\x07\xd2\xb8x\xf3\x1a\
|\xf7\xbb\xf7!\x92q\xe0\xf9\x83\x03xv\xdb\x01D\
\xe9alX\xd1\x8c\xf7\xdc\xba\x15c\xc1\xa3xz\xf7\
\xc3X\xccFa\x92\xd3Q\xe9\xa1\xd5h\xccw\xcc\xf2\
\xd8y\xfd\xa7\x86\xb8*\xfaf\xbd\xc2\x9bq\xa2\x8c\x0c\
\xf4\xc6MWS\xdd:\x87\x83#\xbb\x11CDa\xfa\
-x<\xdf/\xc3Z\x92\xcf;\x80\x9c0\x89\x99\xcb\
\xb5\xa5\xbc\xe1R\x83k\xd6\x22\xfa_oM7.\xec\
\xb9\x18\x1e\xbbW\xee\xe97\xbe\xf9m\x8c\xcf\x84PV\
\xdb\x84\xb2\xea\x1a\x85\x00\xb4i\x08\xae\xe8\xdd\xab:\xdf\
!\xcd@\x9b\xda\xe2\xe4\xc6\x91\xc6\xe5+\xb5\xe7<\xc2\
\x8f\xcb\xb3\xac\xe6\xdbW{\xf4\x86\x80\x5cr\xe3]]\
\x1bY\x8d\xcf\x1c@\xcb\x86\x02\xd9\xb1\xac\xa2$\xa3?\
\xfd\xbe\x19\x04\xe7}\xa8\xaf\xae\xc0\xed\xef\xbcE\xe6\xef\
\xec@y\x05X\xd4y\x18;\xcf]\xff\xd2\x121~\
\x91\xdf6\xf2y\x895u\xb2\xfa\x0d\xea\xc3B2\xa9\
&\x1er_3\xf4\xfb3\xe4\xfd:\xe9w5Ty\
P\xe7-VY\x90\xdae\x85o)\x8e\x87\x9e}\x0d\
O\xbfv\x02\xc1`\x0cY\xaa\xc7\x99e\x97\xe1\xbcL\
\xde\x99I\xa9{\xc0\xe9\xb4\xc0\xb8y\x93p1(;\
)\xfc\xfb\xdd\x22 He\x09\xbf&\xa5\x9ei\xe1\xc4\
\xb0\x8b\x04\x9c\x85Oa$\x9fZ0\xa3{\xc1\xbf\xd3\
\xc8(\x89.*\x13mEJ\xa7\x82\x1bp\x8a\x88\x96\
\x11\xad1\xe9I\xa4\xf8\x9e\x0bo\x80\xfaP\xe7MS\
\xb5I3\x8f\xbe\x9f\xbe\x87!\xc1\xf2\x04X\xa71G\
\xc9\x07mKY)\x07\xb9)\x99\xd5\xccI\xe0\x06%\
\xef\xbb0\xf5\x19\xff\x0e\xbbZFsgTo\x87\x9f\
\xab\x8b\x1d\xc0\x8a\x1e9\xcb\xc1\x19\xc9\x00x\x0a\xd0\xab\
\x1d\xc0\xb48\x80LFE\x0e!Y\xd4\xcd>u8\
\xd4\x01\xe0\xae\xad\xa1;\xcf\xd2\xb4\xb3eut\xb3\x22\
\x90\x1a)1\x8dU1\x05A\x96\xba\xee\xeeh\x95\xba\
m\xf5\xca\xe5\xe8\xeaj\x83\x97Uj\xe8b\x1f\xfc\xfd\
\xe3x\xe8\x8f\xcf\xe2\x1d\xb7]O\x87\xe7\x0d\xd29~\
\xf6\xf9W\xf1\xdcs;\xe1\x9b\x9d\xa1\xcb\x0e\xa3\xd5k\
#G\xe0@{u\x12e\xd9\x84\x10e0\x0aof\
\xa9\x04\xcf\x1f\x0b\xe1\xc4D\x18-M\x0d\xf8\xc5/~\
\x0c\x07\x1d\xb8\x83\xc3\x0bx\xe8\xd1\xed\x94)\xc4\xf0\x9e\
\xb7^\x89\xb6v\x17\x9e\xdd\xfd\x18\x06\xfd\xfd\xc88X\
\xab\xaf(\x97\xd6Z\xbc\x01\xd07\xbf\x10\x87`%\xbd\
\x92m3\xf6\xda\xa6\xc01EY76\xf5lFK\
m5\xf6\x1c}\x05\xf3\xa9y\xd5\xab0\x0bPq|\
\xcf\xac\xe9\x9c\xce\xba\xf3\xb8o\xebC; \xd9\xba\xd1\
\x0bLI\x13\xae\xa4\x0b\xd7o\xbe\x11=u\xbd(s\
\x97\xe1\x87\xff\xfd\x0b\xec=x\x0aNo\x0d\xea\xda\x96\
\xc99\xe7\xfa\xda\x9e\x13\xecT\xd7\xa5\x8c\xd2&c'\
k\x89KF\xb3\x19\xe5\xac\xc5A\xf1\x11Mgr\xb9\
\x8e\xac\xc9\x0a\xdaR\xcd\xe3\xf9y\x8bx)\xeb?\xea\
\x8dP\xb5De\x01\x83\x0c\xbd\xbc\x94\x16\xdak6\x82\
Y\x8aH\xe19\x1fz\x97\xb5\xe2\x83\xef\x7f\xa7Pb\
\xf1\xfbq\x15\xbb\xc5\x01p\x1a\xca\xb55\x03z\x0a\x03\
K!\x9e \xe7\x04\xac\x0f\x989\xb6\x1c\xe5;uc\
R\xba\xed\x8a\xa8\xd6M\x1e\xa8\xa5\xc6+\xd9#\x9f_\
k\x07t!\x9a\xc4#\xaf\x1c\xc2S/\x1f\xc0\xfcb\
Z\xd6\x05#\xe4\xa4\x0c*\x07\x19\x9f\xcfe.O\x1c\
\xb8\x84\xe1\xda\xd9UR&b\xa2\x91\xc0<e(\x94\
>3H,\x1c\x96\xb1l\xc6P|\x90\x94\xc2\xaa\xfb\
I\xf6\xc1\xd0\x5c!\x1d\x89F(\x8b\xa8\xa6(\x1bG\
\x22\x10D\x19]\x07c\x05L*\x0f\x8b\xe9\xf3Qr\
:&}\x8d\xe5\xc6\xdc\xe5e\x08.\xcc\xca\xbe\x89\xa3\
\xb4\x14)*\xf3l\xd2T\xd7\xdb\x94t-e\xde*\
\x01\x14\x99\xf1$\x9c\xa5e\x881\xfd\xb7\x93e\xe1\xab\
\x11\x0a\x85\x04\xed\xcc\x1c\x0aA\xff\xbcb62\x14\xe6\
\xc0\xcd\xc2(\xce\x22,-\xfaQZ\xec\xa1\x92#\x09\
3\x91\xa6\xd2\xa4JT\xa6\xb2\xf4Zv\x9d\x03\xb2\x03\
\xa8\xed^&4\xe5\xe1Y\xca\x00\xd6^\xfef\xb3\xb6\
\x8d\xf9\x00\xa8\xae`\x1c@,\xa6\xb0\x09\xa6:\x0c\x8a\
\x0e\xcc,h\xf0e\xb4\xba\xacn\xdc\x88>\x9d\xf2L\
\x1c*\xedt\xf3\xaa\xca\xa8\xa6mo\xc6\xbaU\xbd\xc2\
\xc7\xd6\xd3\xdd!\x12O\x8c\x003t\xbd\xc9scn\
\xea\x1d<~\x16\xdf\xfe\xde\x83hj\xae\xc1\xd7\xbe\xf0\
a\x14\xd3\x83\xe1\x8881\xe9\xc3_\x9e\xdd\x86\xbf\x92\
3`0H\x99\x83\x85G\xb3\xd8\xd0\xe6\x14\xef7\x1b\
\xb2\xe1\xd4T\x9c\x8c?\x0a?\xd5\xfd\x14lp\xff\xcf\
~\x88\x96\xf6\x0e\x8c,\xa4\xf0\xf3\xdf=E\xa9\xa7\x0b\
\xefz\xdb\xa5\x18\x0f\x9f\xc43\xbb\x9eD\xc2\x1e\x95\xd4\
\x8f\x0ftV\xd7\xae\xf9H\xaf\x1d@\x0e-\x96w\x00\
\x8a\x97N\xa9\xab\xf1Ml\xaeh\xc1\x15\x1b/\xc5\xc9\
\x81\x03\xf4Z\x03XJ\xc7\x99\x02\x06\x16\xe9\x87\xf8\x14\
\x87\xa1\xb2\x05\x13\xf9E\x1d\xfdzV\xf6n5\xbf\xb8\
\xac\xe0\xf7,u7wk\x13\x0el\xee\xba\x10W\xac\
\xbe\x0c\x15\xaeR<\xf5\xd4s\xf8\xf3c\xcf\xc2,\xf1\
\xa2u\xc5j\x8a.E*\x82\xcajrJ\x8b\x97\xa8\
\xf1\x90-\xab&)\xac\xdd\x98\xe6\x9eA,\x8at*\
\xa5FQ\x19\xb5\xb3!\x5c\x8eP\x04/B(\x22\xb1\
'\x93\x9b\xeeX\x19\x1f;\x07V\xb2e\xb5\x1c\xe1\xce\
\xe7\xadC\xee\xe1\xf0\xe4A~\x7f\x5c8\xf1\xa7y\xb3\
mv\x1a\xcb\xe99\x7f\xf6\x93\x1f\xa2H+\xdclp\
\xd1\xc1gb\x0e\xbb\xd3)\x86kM\x0d\xce1|\xfd\
\xf7\xf3\x9d\x82Mo\xf5Y\x8dB\xcbK\xf05\xf3R\
\x0c\xa3\xde\x9a)\xe3\xa8\xa7\xd4_p(B\x85\x9d\x85\
/\x9a\xc0\x93\xfbN\xe3\xa5cc\x08\xc5\xd2\xc2,\x94\
\xa2t9\x1b\x0e\xcarO\x15\xa5\xd0\x03\x94~74\
6\x0a>$87G\xc1\xa8N\x1c\xcd\xcc\xe8\xb0\xb0\
\x0d9\xa8\x86\x9e\xee?#\xec?\xa6.\xe5\x9aW\xae\
\x94\xf5\xda3\x07\x0e\xa1\xbd\xabK\xfaQ\xbc\xd8\xd6\xb2\
l\x19\x92\xe4T&\xa9\x04h\xe9h\xa6\x12z\x11\xfe\
\xa99\xac\xba`\x8b\xac\xf3\x06\xa6'\xb1l\xc5r\x01\
\x13\xf1\xfeBbq\x09MtF\xfb\x0f\x1c\x84\x8d\xf7\
\x04\xa06Q\xeb\xa8\x9ew\x96{\xe5~O\x0c\x0c\xc9\
:\xf0\x89#\x87QO\x81\xcdIe\x1f\x83\x88\x18\xf8\
\xc4y\xdd\xfc\xcc\x14=\xf6\x14\x95\x00\xb5\xf2\x1a]\xbd\
}\x82/\x98\x9b\x9d\x12b\xd4h2\x8a\xd0\xec<:\
\x96\xaf\x84I\xce|\xec\xc8\x098S\xaaG\xe7\xaa\xad\
\x14]\x00\xc6J\x04Y\x18\x84{\x00\xd5R\x02\x14a\
afZV4\xb3\x99|\x04\x14*\xa5\x5c\x8d\x9f\xd1\
\xb4Vf\x0e\xf3\xcfQ\x87\xf9\xdaj\xaa*\xd0\xde\xd6\
\x80K/\xd9\x82\xcdk\x97\x93\x03hA\xb9V\x81\xcd\
\x13\xc9\xe9\x07)\xaa\xb5\xa6\x10<\xcc\xf8\x83\xf8\xf6\x7f\
\xfc\x1a\xc3\xe3#\xf8\xb7\xaf~\x02}T\xcf\x08n\xd9\
\xc8\xca\xa2\xcc\x81\xc3\xfd\xf8\xed\x9f\x9f\xc4\xc1\x13\xfdH\
'\xa2\xf0\xb8Y\x182\x8a\xf9y\xc5\x05\xcf\xfd\x03;\
\xcf\xdc\x93\x8b\xb8\xef\xee/\xe3\xca\xab\xae\x86\x7f1\x8b\
_=\xf17\xca4Z\xb0\xac\xaf\x02\xcf\xee{\x02\x83\
\xbe\xb3t3\x94S3-\x1a3\xdd\x22\xcb\xea\xcd\xb7\
\xdc\x1a\xdd\xebd\x006S\xbd\x0f\x17\xa5|\x17\xac\xde\
\x22,\xb0g&Nb)\x13\x11\x0cC.\xfa[\xe0\
\x1b\xbdn\xabP\x84\xba\x067u3Q\x97\x00\x12\x8f\
uv\x901\xd5\x82\x09D#\xd1\x8e\xae\xaa\x1e\xbc\xf9\
\xa27\xc1K\x87\xee\xe8\xe1\xe3\xf8\xc1\x8f~\x89\x94\xab\
\x1c\x9dk6\xc1\xc9\x8b4\xc2`CF\x18]\xa2\xda\
6,r\xd1\x09\xba/\xa9\xb8Jo3Y\xc5[`\
\x98V\x89\x90'u\xb5\xae\xd3\xda\xe7\xd0wA\xfe\xbf\
]Ov\xce\x81\x06K&\xe8\x94\xb2\xc2A\xd1\xb2\xa4\
\xbc\x82\xa2N\xb1\xdcK\xa6\xdd\xe2\xda389N\x91\
\xb8\x0c_\xff\xd2\xa7\xd1X\xe7\x15.:&\xb1\xe0~\
\x12\xbb\xcd\x5c6Q\xd0l\xb4J\x0e\xeb:\x04W\xa0\
\xb31\x9bvBj\xdfD;\x02\x0e\x81\xf4\xf3\x5c\x1e\
6\xf3V\x1b\xd5\xfcBU\xa7\xcfd\x90\xea\xc2?\xbd\
t\x00\xbbG\x03\x18\x9b\x0b\xcb\x0a1\x0b\xdd\xb0\x9cv\
9\x19\xcf\xd4\xd8(\xda\xc8\xa0Xr\xab\xae\xbe\x0e\x01\
\x8a\xd0\x0e-\xa3\xce*S\x8bT\xc6pk\x96\xd7i\
\x97\x98\x1fs\xc1/N(\xc3\xa3\xdf\xca*4\xb7\xb5\
c\xf4\xf0Q\xd1\x0e\xa8\xa8e0\xcf\x02J\xe8\xf3\xfc\
=\xe1\x999\xaa\xd1KD\x0b`fx\x1c\x9dkW\
S\xc4\x9f\xa3\xfb2\x89\xbe\xf5k0<9\x85\xda\x9a\
ZL\x0c\x0e\xa3g\xc5\x0a\x0c\x1e>,\xd9\x81]\xc6\
\x80\x192\xd6\xe5\x98\xa1H\xdd\xd8\xd6\x86\xb3G\x8f\xa1\
{\xe5*\x0c\x93c\xed\xec\xea\xc4\xd4\xf4,\xea\x9a\x9b\
\x04\x804;6\x22(\xc4\xa9\xb1q4\xb1l\xf8\xe4\
\x84\x5cWp> \xfa\x15<E)\xf6\x14\xc3O?\
\xe3\xadoD%}\xb0\x0c\x99=\xa6\x94\x89\xdcu\xaa\
\x07\xc0\xfb\x14z\x0ap\x9b\xe2\x044\x94\x03`Zp\
Sc\xcc\xf9\x07x\xf6(\xac7\xa6\x22\xcdbl\xb5\
A)?k\x9f\xd5\xd5TaEo\x17\xb6lZ/\
\x82\x0f\xcd\x0dU\xa2[&H.\x1d\xe6,\xc1(#\
\xcf\xce/X\xecl*-\x86\xb3H\x17\xf6\xe3\x07\x1e\
\xc53/l\xc3\xa7>\xf2n\xdcr\xd35\x0a\xa8b\
Z#F\x13QrJ/\xef>D\x8e\xe0i\x9c8\
}\x86\x9cTB\xf6\xc5\x19~\xcbQ\x8f7\xc7\x1cf\
\x1c\x1f\xb8\xfdm\xf8\x97\x8f}\x18\xa1\xc5\x14N\x8cO\
\xa0\xbc\xaa\x14\x07\x87va\xfb\x91mT\xc3%\xc5\xff\
8\xecJu\x16\xa6\xb5\xd3o1\x1a\x15\x06\xfe\xf3W\
^M\xb9\x1e\xbe\x96R\xa7\x1b\xed\xf5\xcd\x98\xf4\x8d\x22\
\x96\x8d\x89\x93\xb2\x99jT\xa8g$\xf2\xff3\x02\x12\
\xd1\x9dm\xed\x00\xf8\x01J\x85\x9aU5\x9f\xc5_\xa7\
14zL\xc8L\xcbvtW\xf7\xe2\xd6\x0bn\x82\
\x97J\x80\x91\xc1Q\xdc\xf3\x9d\x1f\x22\xe5\xae\xc0\xf2\xcd\
\x97\xc0C^\x9e\x97T\xc2s\xd3\x08\xfa\xa8l\x0b\xfa\
ek\xcd&z\x83\x05\x12_6Epbj\xaa.\
XM\xbc\xc2\xf7\xa5C\xab\x22vQ\xff2\xb4\xe32\
\xf45\x9a\x05\x1b\x83\xb2\xb2\xcb\xdfK\x0e\xa8\x88E<\
*\xbcr\x88'\x87\x86D\xb6z\xd3\xda\x1e\xbc\xe7\x7f\
\xbd\x15\x9d\xadm\x94N\xbb\xe4,p\x1a\xca\x02\xa0)\
\xad$-S\xa2\x8c\x12\x93\xb1\xb2/k\xf2d\xb3\xc6\
\x99\x1aehA\x9d\xb9\x5c\x14jvz\xf5\x8e\xba\x0a\
\xaa\xfb+\xe8\x0c\xaa2GTz)\xf2?\xfc\xe2A\
z\xd6#H;\xdc\x88%S\xe4\x14#\xb2\x9an\xd0\
k\x85)\xd2\xfb)r6\xd7\xd7b\xf8l?\xba\xfb\
z`\xa7h;98(\xeb\xe6\xa5\x14}\xe7\xa7\xe9\
\xeb\x8d\xf5\x92%N\x9d\x1d\xa0T<\xaa\xdew\x962\
\x9e\xb2r2\xc2FL\x9fd\x02\x8e2T\xd6US\
\xa4\x9fF\xfb\xf2\xd5\xb2\xfa\xcb\xdc\xfb,\xdc\xc2\x10\xf8\
\xf9\xf1I\xca\xd4\xfaD\x18485\x85e\xab\x96\xc3\
Ne\x03\x93\xa0\xceML\xd3k/\xc7\xd0\xb1\xa3B\
\x05'T\xf3\xf4\xbf\xaa\xc6\x06x\x9bZ\x05\xd84|\
\xe2\x14e\x0d+0F\xd1\xbd\xb5\xbd\x0dN\xfa\xd9@\
0 \x9b\x92vr\xea\x91@@(\xc2\xebZZ0\
E\x0e`YO\xaf\xa0\xa2f\xa7\xc6\xa5\xb9\x5cRV\
\x82\x85\xe9\x19\xb4\xf5\xac@Q\xa9G&\x1d\xcc\x07\xc0\
\xf6\xc4\xb4\xe0\xec\x00\xb8\x04\x90e \xe1\x04\xec\xe8U\
\x84 T\x02\xf0\x14 \x93U<z\xbcj\xca\xd1\xd2\
\xc1\xf2D\x14\x91\xd9\xf3\xf0\x8cz\xcd\x8a\x1el\x5c\xbf\
\x0a]\x14\xad\xab+\xbd\x8a\xa9\xc5\xae;\xd3\xa62\xf7\
\xf3\xcc\x07\x16e\x8dM\xeb\x94\xcb|5\xc5\xfc\xef\x19\
\xfc\xe5\xef\xbb\xf0\xc3\x07~\x8b\x1b\xaf\xba\x00\x9f\xfb\xe4\
\x074|\xd5\x90\xb4Fi\x05\x98\x92v\xfa\xfc\x01<\
\xfe\xd4\xdf\xf0\xdc\xf6W084&\xfcq\x1c\x15X\
K\xceN)\xe9\x95\x17o\xc6\xbf\x7f\xfbnD)\xfa\
0k\xbc/2\x8b\xdf\xbc\xf0\x1b\x8c\x87&U\xe7\x1a\
\x0a\x5c\xa2\xb8\x0c\xce\x87\xc2\xe4\x9b\x82\x85e:t\xfa\
\xae[5\xb2\xe8\xc1\xe9'\xa7m\x96\x86\x80\x92NS\
pa\x89E6\xc5\x8ck\x8dIm\xfa\xc3nZ\xdd\
m\xd5\xd9\xb6F\x8f\xa6\xce\x88\x04\x09I\xd1\xbf\xc2\xe9\
\xc5\x15\x1b\xae@wM\x1b\xca\x5c\xc58u\xfc4\xbe\
\xff\xc3\x9f\x01\xc5\x94e\xadX#F\x1c\x98\x9fFj\
\x89\xeaBF\x7feMX\x9a\x036\xd3\x1a\xcf\xea\xe9\
\x80\x9e\x93\xdb\xe9\x90\xda\xa9\x0eg\xe4\xa0\xac\xcb\x1a\x8a\
.\xc4\xae'><]\x91\xe9@Z5ly\x84\xcb\
\x8d\x8d\xacf\x0c\x96\x1c\xc2\xb4\xe0\xc3j*\xc0\x89\x0f\
3\xdf\xb0\xda/\xa7\xa4\x19^\xe0\xc9$P\xe3qc\
\xe5\xf2ntQz\xdcD\xa96\xd3S\x97R\x0d\x5c\
\xe1\xad\x90\xa9\x83\xdd\xae\x08<\xb8\xb1%\x1a\x00\xb2\x13\
\x90\xb6\xd8\x07tK\xe6<\x07\xa0)\xbd\x9b(\xedo\
\xa4Z\x9b\x9b\xcd\xea\x19e0\xbd\x18\x95n\xff\xcb\xfb\
\x87(\xe5O\x0b\x87$;\x92x0L\x19J\x5cT\
\x87\xa2\x0b\x0b\xc8\xc6y\xfb\x8e\xca\x22r\x98,\xc1\xce\
\xf7\x82\xd7l\x05\xebB\xff\x8bS\x89\xc0\xc0#\xd1'\
$\x07+\xf7\x88\xab2z6L\xf2\xe9\xa4\xafe(\
\xcb\x92)\x84C)\xfd\x94\xf2|\x9e\xb2\xa3\xb8?$\
\x12\xdd\xecp\xf8^p\xdd\xcfN\x9a\x1b\x8fvf\xed\
\xf5T`\x912\x0e\x06\x81\xb9\xc8(\xd3\x8b\x11z\x19\
\xd5\xcc\x83\x90\x82\x00E\xc5\xc5\xb2\x0b\xc1\xcf\x82\x8d\x9e\
\x15\x86\x04%YR\x22]\x7fv\xba\xbc\x03\x10\x0d\x06\
\xa5\x07\xc4\xb8\x804\x05R\x96\xdc\xe3s\xcd\xe5\x87\x9d\
2yVO\xe6\xfb\xeaf\x990\xbaG\xf1\xc8\x928\
\x0e\x0e\xac%\xd5^4Q\xb6\xa1\xe4\xc1\x87\x95\x03\xa8\
\xe2\x1e\x80\xcd\x09\xff\xec,\xa5\x93\x11\xbd\x14\x93\xd1F\
\x91\x81\xa7\xd8\xc0M\xd7\x5c\x827\xbe\xe1:\xf4vu\
\xc0SV\xac\xf6\xb5m6\x1d\xf1\xb46|\xce\xa8\xec\
\xff\xb8G\xae\xbb\xde\x8a\x002\xab\xc89\x99=(\x99\
\xc5\xa1\xd3c\xf8\xc6w~\x84\xfa\x9arY\xede*\
'n\x5cq*\x9bJ)\xc2Q\xd1u\xa3_\xe1\xa2\
z\xd4\x1f\x08\xe2O\x8f<\x81\xdf\xfc\xf9qD\xe3|\
\xc3\xb8\x14N\xa2\xa7\xbd\x19?\xff\xd1\xf7\xe8\xe6\x17!\
IO\xee\xe5\xa3\xaf\xe0\xe9\x83O#B7Z\xebH\
\xeb\xb4\xd2\x82/\x9f\x0bp\xcf+\xe1\x15`\xe5\xb4\xf1\
\xaa\xa3\xa9\x84%\x0ckW\xdeJ\xf1\xb5\x94\xba\xd5@\
\x14,\x84\x98M^2[}\xdd\xa6Y\x87l\xd2T\
\xe4\xac\x82\x8e\x15\xdc\x14\xb1<.\x0f*\xdc\x95\xa8,\
\xa7\x14\xad\xaa\x01\xb5\xa5\xd5(\xb1\xbb\xa4\xbc\xfa\xc3\x9f\
\x1e\xc7\xf3\xdbw\xd0\xc1\xa9\x80\x8b\x0e\x89\xf4\x0a\xa4Q\
\x93\xd1\xe3L\x9b\xa2\x0e\x93\x15n\xb7p\xcb\xb3N\xbc\
\xa7\xb2F\xc8#\xcb\xa8dpQ\xb4vI-o\xcf\
\xa5\xfd&\xf2h?)=\xd8 \xb9\x1bN\x0e5\xce\
k\xbbKK\x22B\xc9\x02\x97\x5cf0\xb2\xd3L\xc4\
\x84\x5c\xc5\xea\x96d4\xcf\xa2\xd5\xe7\xe0\x9dyv\x02\
\x06\x14\x94\xdc!\xca\xbeE\xb2\xce\xcb\xa0\x94JJ\x99\
\xeb(\x0a7\x92c\xa8\xe3\xcd>\xca\x22\xcb+\xca%\
]/r8\xc5X\x1d\xba/\xa1hWm\xe2\xe4\x19\
\x81\xd8X\xe9A-\x19\xbf86\xee?\xd1\xf7\x8c\x07\
\x16\xf1?O\xbf\x8c\x1dG\x87\x11\x8dP\xa9\xc1|{\
\x09-\xc7\x15O\xcaX\x8e\x9d?\x8bw\x80\x81F)\
2*2\xfa4]\xa3\xa9\x1d\xb2\x94k\xdcq\xa7k\
O\x9b\xaa\xe1\xeb\xd4HHv\x06\x09\x0eDvE\xbf\
\xce\x92\xee|\x86m\x86b\x5c6ee\x9e\x8c\x94\xbf\
\x87_\x87I>\xc8\x09d8\xeb\xa2\xefe\xb8p\xda\
\xa6F\x96*\x03-\x92\xae\xbe\x91T\x0dT\x95\x1d\xaa\
\x9d\x00\xeem(^\x8d\xact\xf0\xc9\x0bI\xaf%\xcb\
\x0e\x90G\xea\x86\x1a\xcb\x0b\x87\xbe-Ou\x0f\x01\xeb\
\xd1G\xda\x14gd-\x84\xd9\x8c\x22]_\xa6\xf5\xd4\
 \x8b\xd2\xeaJ\xc1\x01\x98N;\x02\x13\x03\xbc\x0dx\
\xab\xa2\x04#\x07\xb003\x83\xc4\x92J{\xb8+,\
)%R\xb8\xed\xa6+\xf0\xe5\xcf}Lf\xbay\xf4\
LVGu\xa3\x80R\xda\xd2\x97\xfbG\x07\x80\x82\xba\
R$\xb1\xf4Z1/Z\xcc\x06\xa3\xb8\xe7?~\x86\
\xc1ar\x04w~\x1c\x1b\xd7\xf4J\x979M\xde0\
\x99Rh@%\xe8i\x93\xddl\xd6\xb4\x1f\xa3\x9a\xea\
O\x8f<\x8e\xe3\xa7\xcf\xca\xf7\xf0\xdc\xb3\x82\xea\xd2\x1f\
\xff\xe0\x1etv\xb6!\x98\x5c\xc4\xef\x9e\xff#\x8e\xf8\
\x8e\x22i\xeaYe\xae\xb6\xd4<z\xe7]_\xd6\xb2\
\xf6\xc2Z\xd5B\xc4\xfd\x1f\xba\xde\x04\xc0\xd9\xb4*\x13\
}\xb2WjI\xa5*\xa9}\xdf\xff\xadW\xba\xe9\x8d\
\xa67l\xa4\xa1i\x16A\x91\xeb\x1dq\xd4Q\x06Q\
\xaf\xa0\x08*\x220,\x8a\xcb\x00\x8e\x8ax\x11e\xc0\
\xe5\xea8\x8c(-\x8b@7\xdd\xfdw\xf7\xbf\xaf\xb5\
\xefU\xa9\xa4*U\xa9JRI%\xf9\xe6<\xe7}\
\xbf$\x7f3\x17\xa7\xa6\xbbkI\xbe|\xdf{\xcey\
\xce9\xcfy\x8e;\x18S\xed\x14X\xb1\x89\xbam;\
.Q\xca\x15\xc8\xaan\x1f\xe6\xa1*\xcb\xc1.\xfb\xc0\
2N\xd8\x1fF[s\x14\x9dm]\xe8\x96\xaf\xb6\xc6\
64\xfa\x1b\x11p\x0c\xad\x97\x9c\xbfp \xa8\xf4\xd0\
\xb3\x97.\xe1\xf3_\xfc\x0a\xf6\xb3GZ\xe9%\xdb\xcd\
\x95\xbe\xa2\x5cXE\x0e&7\xc0t\xf4\xf4\xa2o`\
\x18\xed\x1d\xdd\x086\xb4hU\x5cW\x86\xb9\xed6O\
\x0d\xe2\xbb0\xc7\xa5\xee\xd6\x1cx\xed{\xa6\xfdiU\
\x8by\xa0\x0b\x1c\xee\x22\xe5u\x0b\xc9\xcd5A I\
\xe5\xcfs\x06\x82\xd7Rr\x91\x8e\xbdO\x01\xb9NN\
\xfa\x95\xab\xbb#l\x1b\xc4V\xf3i\xe8\x04bAA\
\x8ftP\xb1x\x0c]]]\xe8\xe8\xe8P!\xcc\x01\
\x81\xc4t\x0e\xcd\x12l\xa2!\x1fbMA\xb4\x92\xfc\
\xe3\xb5\xc5Vq\x0fk\x07G\xf8\xabo\x9e\xc1\xb7\xcf\
\xce`\xef\xa0\x80HC\xb3\x16$\x1b\xe4B\x22\xf2\xb7\
K\xb3s\x88\xcbk5\x094g\x87\x8b\x0a\xc4$\x9c\
-\xc9=\xed\x14\x08O\xb5\xe0\x8d\xe5%D\xe3q%\
\xcel\xb2F06\xa1;\x06S\xab+\xea\xda\x98\x9f\
\xe5\xe4~\xf4ML\xc8gj\xc0\xfa\xe2\x92\x5ccL\
W}m\x08b\x1e;v\x5c\x83\xd3\xea\xf4\x1c\x06\x86\
\x07\x90J&\xb0+\xa9\xf4\x08sz\xc9\xff\xa9\x22\xdc\
,N\xafgx\x08\xd3\xd7\xaeI\xbe>\xac\x8eyS\
^'+i\x89\xee\x94\x94OC.\xc2\xc8\xd4$\xae\
Kz\xc2\x11\xe8XG\x17R\xebkZ\xdb\xe9\x934\
`vz\x06]\x83\x83h\x95\x94keaI\xa7\x16\
\x1b$Pn\xacm\xa2C\xf2\xfcp\xb8\x19\x9bKk\
\xf2\xef\xbd\xc8\xcas\xe1\x96a\xb3&l\x1fiI\x87\
\xe9\x90\x15\x01\xb4s\x16\xe0\x9884\x0f\xf6\xd6\xe7\xad\
\x03\x18\x9aP\x04@\x07\x90\xdb\xdb7\xe511RV\
\xf4C\xfe2~\xff#\xef\xc3#\x0f\xdcm&\xb4\xea\
\x01r\x95\x22V[\x0da\x1b8\xd5\xc3T\x05\xd8n\
q\xac\xfa}\x93.\x10\xe2\xe7$\x0d\xf8\x87\x7f\xfe\x16\
\xfe\xf2+_\xc5M'\xc6\xf1\x0b?\xfbv\xdd\x18C\
8\xb4\xbf\x7f\x88TzO\x97a\xccH.\xbc\xb8\xb8\
\xaa\xf3\xf0y\xea\xb2s=\xd3N\x06\xfb\xb9\xa2\xfc\xde\
\x81\xca}}\xe0\xd7\xde%h\xe5\x01\xa4\x0a{\xf8\xd2\
\xbf\xff\x03\x9e_:c\x16-\xc2m#\xd9\xea\xb2\xcb\
\x91\xab3\x86j\xbe[\xc5\x04\xae\xbdT4\xeaS`\
\xb1\xe2\xf6\xf0=6/vE*=.\x1d\xd6Dz\
\x86/\x16\x0e\x83\xe2\x85\x9bCM\x88\x09\x1c\xebln\
GL\x0c?\xda\xd2\x8e\x96F\x89z\x810\x82l_\
U\x0c\x22\xd0\xe5\xab\x1er\xfdKHm\xa7\xf1\xe2\x99\
3\xf8\xe6w\x9fF\xe6\xe0P#\x88\xdf\x8a[\x90\xc7\
\xee\x97\xbf\xef\x14\x83\x1f\x90\x03\xdb%\xc6\xdf(FD\
\x88\xcfa\x90\xa2X\xe3\xe1a\xc9:\xda\xb2\xd9F\xe4\
\x18\xedye\xd9U\xecF\xa7jo\xd2\xa3=o\x8f\
]\xfb\xe6~z/\x5cGi+9n\x94\x97C[\
\x94\x83\xb9\xb54\x87\x85\xe9\xcb8<0\x8bY=V\
\x84\x94m\xe1\x96H\xab\xaa\x17\xe9\x94'\x09\x5ce\x0e\
|\x1d\x19\xd5'\x05\x1c%\xd5x\xd0\x96$\x8b\x8b\xe2\
\xec\xb8\xb1\xc7#F\xc9\xceAs4&F\x10\xc5\xb1\
\xfe6\xbc\xed\x91\xbbpb\xa4\xdf\xcc\xf9\x1b\xaa\x19\x92\
\x07y\xfc\xc3\xe9\x19\xfc\xf3\x0b\xb3\xf2\xe7\x92\xcb/-\
\xa1M\x10\xc6\xaa8\x80\xb2 \x15V\xe7\x17f\x17\xd0\
72\x84\xb5\xe4\x16:\xe5\xf5\x12\x1bk\x18\x1c\x1a\xc0\
\xd2\xe5\xcb\xe8\xed\xefF&\xb3\x8b\xb2\x18\x08\xaf\x89\x13\
\x89\xcc\xe3\xe3\x03C\x8a\x94\xa8\xf8\xeb\xaf\x98\xd5me\
\x81\xe0C'N`'\xb5c\x14H\xe5I\xc7\xc5i\
P\xcb\xa0\xb5\x83\xab\xb8BH\x89\xf1\x85\x9b\xccJ\xf0\
\xad\xb9y\x0c\x9d<\xae\x0e35\xbf$\xcf*\x8c\xf1\
[o\xc5\xf5\xcbW0u\xf3\xcdXK\xa4\xb4\xb8\xbb\
z\xe9\xb2\xa6pL\x08\xbd\x82\xf4&\xe4of\x17\x17\
TL\x94A\x8e*P\xabK\x0b\x18\x9d\x9c\xc0\xec\xec\
,\xc6\x8f\x1f\x97\xefo\xa3E\xd2\x09\x9eT\xceM0\
\xb5`\x97e\x7fW\xe0\x7f\xd9\xab\xc5\xe4P8\x88\xe4\
\xfc<:\xe4\xb3rXkK\x82\xa4OEq\xcb\xc6\
\x01\x9c8\xc6\x95\xa3\xc8l.\x19U`\xd6\x00<\xba\
\x18dC\xc7\x0eU\xf5\xa7|\xa4#\x8f>\x14\xf0\xe9\
O\xfe&\x1ey\xe5]UQPxj\xa2\xa0\xc6\xe0\
\xad\xe1\xdb\xb3T_B\xab-\x93\xac1n\xcc\xf2\x0f\
M\x9a\xb5ZM\x8a\xeb\xe2j\x0a\x9f\xfa\xe3/aa\
e\x13\xc3\x83\x9d\xe2\x08&\xd5\x01\x5c\xbf\xbe\x80\xf5\xc4\
\x16\x0e\xc4\xe0\x03r\xf0[\x9b#\xaa\xf5\xce]\xf7w\
\xdcv\xab\x1a\xc8\xb3/\x9c5\xcb\x1a\xe4\xe6\xbf\xf5\xcd\
?\x8cw\xff\xa7\xff\x88d.\x8d\x7f\xb9\xf84\xfe\xe5\
\x85\x7f#\x0e\xb5Sl\x15e\x14\x1a\xbd\x93z.\xbc\
Ks\xf6T\x8d\xdfm\x5c\xd4\xb4\xefM\x0a\xc2\x22M\
\xc5\xe6\xc1\xaa\x1e\xc4\x1a\x89\xcd!y\xb7\x1a$\xba\xb7\
6D\xe4\xab\x15\xed-m\xe8\x8av\x082i\x91\x08\
\xdf\x80\x06\x81\x7fA\xaf\xa9\xa8\x93\xc0\x12\xa2\x046\xe7\
\xc7%\xaf\xdc\x94\xf4kaq\x19\xf3\xf2\xb5\x22^}\
+\xb5\xa7zx\xecr\x984\xddP\x8c\x19i[:\
\xfbp\xdb=\xaf\x94\xc3=\x09\x7fC\xa3\xf5c\x15\xab\
P\x5c\xd1I\xbb\x9c \x22U\xdc-\x1b\xbd\xc2\x8a\xd5\
-\xacX\xe7[m\xedzk\xa3\xc4f*\xa26\x09\
\xc8Z\x09\xf3u\x8ae\xb0\xe8\x1b\x94\xebv'\xf2\xc8\
A\xe0\xe1\xcd\xecla\xf1\xfaU\xdd\x5cC\x92\x8d\xc7\
\xa6wLKZc]:\xc2J\xa4\xc2Z\x03i\xb2\
\x0aU\xf9\xea%\xe3|*e\x93zh\x8bQ\xeeM\
P\x9eo l\xda\x8e\x11\x01\x9c?\xf5\xf8\xbdx\xfc\
\xe57K 2)\x17\x8d%\x95-\xe0\xaf\xbeq\x1a\
\xe77\xb2\xd8\xdc=\x10\xb8\x1e\x10\x83\x9dF;#\xfd\
\xca\x0a\xf2\x92\x8f\xf7\x8e\x0e`ya\x11\xbd\x12y\xb7\
3\x19I\xb1\xc2\x1a\x91\xc7'\xc6\xb0x\xf5*F\xa7\
Fq \x912\xbb\x99\xd0>~G\xbb \x86+\xd7\
\x11\xe9\xee\x13D\xd5\x82\xb5\xeb\xd7uo$\x9d'$\
E\x19\x15\xc3\xdd\xdb\xde\x11\xd4s\xa8\xad\xf2\x9e\xde\x1e\
\xe5\xact\xf5\xf5# \x0e`mz^\x1c\x98O\x8b\
\xb14\xfa\x9ec\x13(K\xda\xb1+\xd7P\x96\xcf>\
|\xcb\xad\xe2,g1u\xeb-H\xed\x1d (\xb7\
|\xe3\xe2\x15EP*\xd2&7~hj\x1c\xab\x12\
\x84\xd9\xcac\xa7\xab\xa5!\x84\x95\xf9YA\x19\x13X\
XX\xc0\xf0\xd41\xa4\xe5\xb35\xc9\xf5qK2\x05\
TB\xe2H\xb8n,+\xafyt\xc0M\xcb\x15\xd5\
_L\xce\xcd\xa1m\xa8W\xe9\xc3)q\x00\xba\x9c\x86\
\x0e fDA9\xe6\xbe\xbbNE\xa0{_\xeft\
\x8c\x99\xdd\x80\xe9\x8dM\xf1\x8a\x19S\x9c\xe1\x96\x13\xb6\
\xcc\x8aY\x81\xff?\x87w\xbc\xfd\x8d0\xe8\xd3[S\
\x80\xa9\x96\x94\xbd\x96\xacQ'\xe9\xed\x98\xbc\xd7\xf8K\
\x131\x95\xf9d\xd1\x83\xe3\xf2\xbcy@%W\xda\x17\
\x08w\xf6\xe2u\xfc\xfdW\xbf\x81e\x81kl\xf1\xf1\
\x90PE\x97\xec\xc1\xae\x8e6\x8c\x08\x14\x1a\xec\xefA\
\x5c<c\x5c>HT\xe0\x10\x0b\x82\x9f\xfe\xdc\x17\xe5\
a\x16\x94\x80r\xcb\xa9\x09|\xe2#\xbf\x81\xfd|\x06\
\xe76\xe7\xf0\xd7\xdf\xf9{\x14\xb8W\xcfB`W\xd4\
\xd6\xa9\x0a]\xd6\x0c\xfd\x86. }\x85nd\xb1N\
\xcc\xea\xde\xbb\xdb\x8bh\xeeA1\xce&\x81\xee]-\
1t\xcba\xefh\x8d\xa1=\x12C\xb3@\xf0\x10\x8d\
\xc5\xad\xae3\x05\xf0pI\xa5_IV\x14\xb8\xdc\x90\
{\xbd\xbc\xbc\x82E\x89\x5c\x1b\x5c|)\xdf\xe3&\xe4\
\xb2j\xb7\xf84\xf9rl\xae\xce\x02'U\x83\x98\x87\
\xf6\x8cL\xe0\xe6{\x1eR\x18\xa9\x92WvJ\x93C\
(\x94\xdb\xe2:*\x0e\xd58\xf6\xfe\xbb\xdd\x00\x075\
\x04v\x03\xea\xa9zj[\xa3\xb15\x0b\xad-\xd8\xa2\
\xae\xfa>\xf9\xdc\xac\xba\xeb\xd8n\xd8Ht\xf9\xb5\x9b\
RVr\xcd\xfa\xe2<\xa6/\x9d\x17\x03\xc9\xa8\xd8%\
+\xfd\xdc\xc2\xd1=4\x0a_s\xab\xce\xea{\x1c\xa7\
\x9a$z,\x0b\xd2P{\x03\xfa\x9c\x1dn\xf5\xe5r\
MA2M!\x0f\xdep\xdf\x09<q\xf7IAJ\
\x01[y\xac`;{\x88/\x7f\xeb\x05|\xe3\xcc\xa2\
<\xd7\x80\xc2\xe5\xdd\xcd$vVW\x05\xa2K\x8a(\
\xc8\x89Sx-\xed-*\x87E\x95\xdc\x88|%W\
\xd7P\x12h\xcf\x1dz)q\x12]}]h\x14C\
\xa1\xa8\x07\xd3\x9f\x16\x89\xf2\xa9\xb5\x04Bt@\xe2,\
\xf6\x12\x9b\xca<5\xaaW\x1et\x09\xa2\xe0B\xd3e\
\x89\xc4\x1c\xb8\xe5\xb2\xce\x9d\xbd]\x0c\x8f\x8d\xeb\xa1Z\
\x13\xe3\xf6\x07\xbd\xba\xc3\xa1\xb0+\x0e\xa7\xb3C%\xc2\
s\x92*\xd1\x01\xc6\xfa\x07$uJ\xa0\xa3\xb7\x0f\xad\
\xf1.\xe5\xf0\x17\x05Ax+\xc6&\x9866E[\
\x91\xc9\xee\xcb\xeb\x04\x11\x93t(-\xa9Va\x7f\x0f\
\xed\x826\x92;\xdb\xf2w\x1d\x8a\xac\xb66$\xad \
\xb3R\xbe\x12\x1b\x09\xd5^\xe0z\xf3\xc4\xe2\x8aj\x0e\
r\xf1\x0a;\x05\x0d\xd1&\xed\x9c\xea\x16b\x03\xd1\xd0\
 \x08\xa0g\x92{\x01<\xb6\x08x\x9f\xa4\x00\xa3\x93\
\xea\x00Rr\x93\x18\x8dh\x90E1&\xbf\xee8?\
\xc4\xeb^}?>\xf9\xe1\xf7\xe9\x86\x1a\xb7\xc5\xe4T\
\xf3c7\xbf\xb6m?\x8f\x19\x09\xb1S\x1c\xb6^\xe0\
\xf6}\xcd\x08(\xa5\x8f\xe9\xe5B\xe1\x80NV\xd1\x09\
\xe8\xaah\xf1\xae\xeb\x9b)\x5c\x93\x9b\xb9*\x1f\x8cF\
\xdb\xd3\xd9\xa5\xe9\x00\xe7\xc4\xc3\xba#\xcfh\x10\xf0\xc1\
G\xa3m\xb8.i\xc1/\xfd\xda\x87\xb0\xbe\x95V:\
gL>\xf4\xa7>\xf9A9\xa0\x92\xebeS\xf8\xc2\
\xb7\xff\x06\xe9\xc2\xae\x19nr\xc7\xff\x5c\xa8\x0e\xd7\x09\
\xb8\xda\xf6\x96\xb8\x03\xbb\x14\xd4\xb1\x95o\x81\xe8\xdc\xe5\
\x1e\xf2\xc8\xc1\x0c6\x8b\x91\xb7\xa1C\x0c\x90_\xb1\xe6\
6\x81s-\x12\xf9C*\xdd\xed\xd3U\xd4A\xa3_\
'\x06\x9c\x97CG\x1d\x7fr\xfag\xe7\x160/\xf9\
[2\x99\xd2\xe96B}\xddE\xe0\xb3\x0c9\x16p\
\x02\xe4\xa5\x87\x95\x10r\xc0\xc93\xb6\xf7T1\xd9A\
\xc7\xe0(\xeez\xe8Q\x84\xa2\x9df<\x9a\xc3\x1f\x02\
w\xa96\xe3\xce\x1f\xf0\x96\x97\xac\x10J-S\xbb\xb1\
\xad\xe9\xbc\xc4\x01\xb8\x0e\x0d\xd6\xf8\xdd\xb5\xe9e\xb7\xb8\
g\xb74y\xab\xbe\xc3\xd1|\x9aZ}\x8d\xd6\x110\
EJ\xae-\xe3\xe2\x0b\xcf\xe2H\xd2\x03\xd5x\x90\xbf\
\x8bt\xf4\xa0gBr\xce@Hi\xaaf\x0fB\xa5\
Z\xa8\x22\x9fAIM\xa4\xd4jj\x13D\xbb|=\
v\xd7\x09\xbc\xeaeS\x88\xf8\xcd\xfa+\xbemr?\
\x8f\xbf\xfd\xe6\xb3\xf8\xce\xb9ydr@!\x7f(h\
'\x8f\xb2D>\xae\xeb>\x94`\xe5!\x17B\xce\xee\
Q\xa5\xa0\xc5\xaf\x02L\xa1\xd2\xaf\xccT\x83`\xfdl\
As\xaa\xd2\xce\xf4\xeb\xd6'\xa6\x22G\x15U\x1db\
q1h\xc7\x1b\x1d\x0b\x1c\x0bd\xbf\xb2vA.L\
\xa56bU\xb2\xf5\x9fP\xc9H\xca1\xbd\xa2\x0e@\
A\xd7x\x95\xe0/\x17\x8d(\x0d\xcf\x05\xcc\xd4\x1f\x15\
\x82\xbd\xd4A\xb0\x1d.\x9f\xa5\x8bk\xe1\xb8R\xd2\x0e\
\xd3\x11\xe9\xbc%\xca\xdbV\xaa+\xed\xcb>\x13R|\
\x8eQ\x9a\xd2\xf6i\xc5\x10\xa3X\x8b\xf2\x97\x8d-j\
\xbb\x99h\xd1S\xb6\xc3g\xb0\x8a\xd7\x15\x84\x88\x00&\
\xecn@\xd3\x06|\x83\x13\x1b\x1e\xe7#\xc5\xce\x86\xe1\
\x01\xb0\x08T(\xe4\xd43\xb2}0:\x10\xc7_\xfe\
\xd9\xef\xa3\xbf'^\x9d\x13\x7f)q\xc6\xb1o`\x0e\
\xa1W\xe9\xad<\xa4lG\x1c\xc8\xc3\xe16\x9bE\xc9\
\x93\xd67\xb7\x04Jm\xe1\xb5\xaf~\x04\x93\x02\xc3\xd4\
\xf7Q\xf7\x9ft\xcdC\x8e9\x16\x94\x0eI\xc3Q\xbe\
\xba\xe5\xb8\x93\x97\x10\xa0q\x04\x0c\x04%\x87\x9d*\xb2\
\x94\xfbz\xd7{~\x13O=wA\xd7\x88sA\xeb\
o\xbd\xff\x17q\xec\xd886\x0e\xd3\xf8\x9b\xef\x7f\x15\
K\xdbK\xf0\xfa\xbd6\xea\xdb\x22\x9aS;\xcc\xe6A\
\xd7\x86P\xb8z- \xd7\x1e\x12o\xda\xdc \xf9\xbb\
D\xf8\x9eX7:\x22b\xf0Mmh\x0c6\x0a\x1a\
\xf2\xe9\x81\xf2{\xcc\xfai\xb6\xc2x\xbf\x0e\xe53\xec\
H\x04X\x11\xb89/y\xd8\xe2\xc2\x0a6\xc5\xa9q\
i\xc5Q\xc5\xa8\x1b\x9b\xa8\xe2\xb5;\x17\x83\x0a\xe7H\
A%\xe3N\x8d?LJi\x1e[\x9b\xeb*\xe9L\
\xa3\x89v\xf6\xe2\xae\x07_\x85\xe6x\x8f\x1c\xb4\xa0\x8a\
if\x05\xad\xf9\xe5\x01\x07YP\xb3\xbb\x0a\x08\xd9\x0b\
\xd4\x88\xa3PD\xa9bZ\x84\xa8/\xc0\xd6G}7\
\x15\xa8\xab\xeb\xd8;\x04\x9b\xa69u2m\xaeb\xb2\
\xc7q\x97\x89:ZH\x8b\xb6\xb5\xc1\x1f0\x02\x18\xcb\
3Wq\xed\xeciA\x8ey\xf3\xbbr\xd8Goy\
\x19\x1a\x04!\x91k\xc2{T\xb1\x1d\x07\x9f\x1d\x5c\xd1\
\xce\x0c\xb7\xab\xca\xfbE\xfd%<v\xefI<z\xdb\
1\x84-/\x80\xefN\x86\xdfW\x9e<\x8d\xa7/.\
H\xa0\x10\xc3\x964\xc09\xe26\xdd\x10v\x13\xdbZ\
\x87hh\x0eaO\xee{\x85\x9cx\xc9\xa9\x0fv\xd3\
\x92N4JTo\xc1\x81D[\xaa\xfd\xf0+\x9b\xdc\
A\xb8\xa5Ir}\x81\xd1\xdb\xdbJY\xa6\xe1\x1dH\
\x1eM\x11Rn}\xca%\xcd\xdaz\xd3\xe1\x91\xe7\xd4\
j$\xbe\x0e3\xbbh\x94\xdf!:-d\x04iH\
t&\xcf\xe10\xbd\x8f\x86\x96\x16\xed\xa2T\x0a\x87h\
hk\x15\xe7|\x80\xc2\xde\x8evn\xf83vSX\
Hd7'+H\xc5{tTUn\xe6\xc80\xa7\
\x10s\xf27G\x92\xeer\xedxv'\xa5\xa8\xbbY\
\x90AZ\xae3(\xaf\xd1,9?\x07\x86\xc2\xa1\x06\
\x0d\x1c\x07\x99,Zb\x14\x08\x0d\x22\x93HI`l\
6\x9d\x1cI\x87\xb9T\x94)6\x97\x8c\xfa+&\xa8\
\xe98\xf0\xc4\x84\x92\xd42\x9b\x96\x07\xd01:%\xc6\
\x1a\x10\x08\xb4\xaa\xc54\x13\xb4I\xd4(\xa8lQ\x83\
X\xc4g\xfe\xe0Cx\xf8\x81\xbb\x14\x9c\xa2\x1a'\xdc\
\x0e\x80;~jP\x01\x05\x1d\x12\xc94\xe6\x97\xd7%\
\xa7_EJ.>'\xdf\x8b\xc8\x07\x1c\x1d\x1a@\x7f\
g\x1b\x8e\x8d\x0d\xaaL\x92\xdb\xbf\xe6\xb8g6_T\
V\x16;\x03%\xedK\x1bE\x14\xa3<c\xe5\xaf\xec\
\x08*\x0f\x0f+\xe2\x84;\x7f\xf8\xd9\xcf\xe3\x8f?\xff\
e\x89\x00F\xfa\xf8\x1d?\xf1&<\xf1\xf8c\xd88\
H\xe3\xeb\x97\x9e\xc2\x0b\xf3\xe7\xb4G[q\x07N\x1c\
OU\xa5\xc7xKG\x0d\x9a\x1bi(\xf6\xd0\xd5\xda\
\x81\x9e\x96\x0e\xb4I\x1e\x1filQ\x83\xd7\x16\x15s\
_\xe6\xb3\x5c\xf0!7\x9f\xd1\x96\x02\x96\xeb\xeb\x9bb\
\xec\x8b\x98\x93|O\x1d\x1c7\xd3\x8a\x03+)\xbc3\
^[\x97UphC\xfb\xc9\x06F\x07\xedC\xa4\xd7\
VN\xbe\xdfT\xee\x89\x06v\xb66\x90S\xc9\xf4\x92\
\x0e/\xdd\xf3\xc8k$\xaf\x9d\xd2nM\x9e;\xe7v\
\xf74:\xf8\xe4\xb0\xa7\xd6\x16\x05^\xaekQ\x8dU\
\xe2\xae\x81!\x84\xe5P\xe4\x8f\x1c\xe5ZT\xbb\x12u\
\x13\x9b\xf5\xcb]\xaa(\xc8q\x1d\x80\xa7V\xff\xa8#\
F\x18\x08_\xa9\x96y\xdd\x9fS\x96\x9a0\x94]\x0a\
Jk\x9dy\xfa[zMf\xc8\xda'\x90s\x0a]\
\x13'\xe5s4V\xa7\xfd\xfc\x1a\xf9a>\xbf?\xa8\
\x05\xe7\x0e\x09\xbb\x0f\x9f\x1a\xc6#\xb7O\x0a\xec\xf7W\
;3k{\x87\xf8\xc7\xef_\xc4\xe9\xcbkb\x08\xfb\
\xc83\x0f\xcf\x1e\x08\xb4o\x81\x97(\xb2P\xc2\x8a\xdc\
\xfb\xd1\x89\x11\xcc\x9c=\xa3\xef\xdb34\x84+\xe7\xcf\
\x0bD\x1f\x93\xc0rdP\x94|\xc5\x04Q\xce^\xb8\
\x84\xf1\xa9)\xa5\xa2\xa7\x05\xea7\x893 \xec^\x9e\
[D\x9f\xa4\x98\x0c\x16\xab\xd7\xae\xa1\xb8\xbfojG\
\x12\x08\xfaO\xde\xa4B&3\xe7\xcfbtrLI\
L)q6\xfd\xa3c\xca\xb1X\x9d]DW\x7f\xbf\
\xaajs\xd8\x88[\x80\xf9\x99\xe6\xaf^\xc4\xc8\xd8\xa8\
6E\x0b\xe2\xb4\xcb\xf2<z\xfb\x87p\xe9\xf9\x17\x94\
\x9dG\xc4@\xd9\xae\x9e\x91\x11T\x04\xf5Q+ay\
f\x1a'N\xdd\x84+g_\xd0\xb6\xf3\xc4\xf1c\xb8\
p\xfe\x1cF\x8e\x1d\xd7\xa0\x98?\xc8\xe9\x99\x8d\xb4E\
5\xc0\x8c\x1f?\x89CA5;+\x1bh\x8b\xc5u\
A\xef\xdeN\x12Qq\x00M\xe2\xfc\x96\xa7\xa7Q\xd9\
\xcf\x18I0\x0e\x03\xc9\xf3\xa0s7\xa2\xa0,\x02\x8e\
X=\x001V\xa6\x00:%\xa5*8%\xcd\x83\xf9\
P\xdf\xf93?\x86_~\xd7O\x89\xa1\x98C\xa2\x82\
\x146\x9a\xb2\xf0t@\xf8\xbe\xb1\x85\xe9\xd9\x05\xcc\xc8\
E\xb1\x8a\xcd\xdf\x8c\xc7\xa3\x18\x1b\x1d\xc4\xb0\x18~\xb7\
\xe4_\xad\xcd\x1c\x5c\xf0\xe9\x0ar\x16\x97\xbc\xb6\x80E\
\x07p(\xc6OX\xcc\x9bd\xe8\xb3\x96\x1e\xea5K\
#X\xd4\xa2\xde\x99\xcfo\xfa\xa1\x9c\x88\xe3\xec\xc0\xb7\
\x9f:\x8d_z\x1f\x97i\xe6\xb5\xa8\xf4\xf0+^\x86\
w\xbf\xeb\x9dH\x09<~n\xe92\xfe\xbf\xa7\xbf\x86\
\x92\xe4\x87\xa4\xa5\xb2\x98\x15\xe0\x92D1$\xb2\xfa\xa2\
b\xe0\x9d\x92\xbb\xf7\xc6:%}\x90\xfc]\xa2o\x93\
D-\x01\xac\xf2Y\xfd:\xbd\x16\xf0\x19\xd4Ay(\
>\xe0\xb5\xb5u\xfd\x9c\x0bK\xcb\xfa\x99w\xd2\x19M\
mX\xefP\xedD\xea\xd4{MK\x8fP\x99k\xaf\
\x19yX\xade\xc1\xc8\xb4n\xbdv\xa9\x87\x0ff\xfc\
\xdd[\x93\xb2.\xf3p\xcd\xc39<PG\xe5oi\
\xc3k~\xe4\xc7\x11\x8a\xb4k\x85\x9f+\xa4\xe1\x98\x1d\
\x87\x0bW\xce\xcb\x03\xbe\xa0E[\x9fv\x09\xe4u\xc3\
\xcd\x98\xbc\xf5\x0et\x0e\x8e\xc9s)\x9a.\xb3-\x04\
\xfe\xff\xa6\x01\xa8\x19\xbb\xd7\xa9/~\xba5\x11\xf3s\
\x17RV3@]L\xe1\xa8&~sK\x14A\xb9\
O\xc9\xe5\x19\x9c{\xf6\xbb\xd5\x0aw\xb0-\x86\x13\xf7\
>\x08OST\xef\x0f[\x7f42-&\xca\x19\xe0\
y\x8b\xf8\x8bx\xe2\xce)\xbc\xf2\xf8\xa8D~\xd89\
\x0aGI>\x7f\xfb]1\xfe\xe9\x15\x14\xf3G\xd8Y\
\xdf\x92\x14#\xaf\x1a\xfb\xb1\x81\x1elH\x84\xedi\xef\
\xc0\xb5\x8bW\xd07\xd0\x8b\xed\xc5yd\xf7\xd3\xe8\x9b\
\x18\xc7\xd2\xcc,\x86FF\xb1\x9a\xd8B\x87D\xd1\xd5\
\xd5e\x0c\x0e\x8f`ki\x15C\xf2\xf3=\x89\xb6\x01\
q\x9a$\xe8\xb4I~\x9d\x92\x08\xaa\xa46y\xe6\xf9\
T\x0ay1\x22\xb3l^\x9eg{\x0c\x9d}\xfdX\
=\x7fA\xc7r[b\x92\xafK`k\x90t0 \
\xa9)\xa3/\x09;~\xd6~\xe49\xee\x09\x0a\x88\xb5\
E\xb01?\x83\xe1\xd1\x11Mi\xbb\xc4\xf9,\xcc\xcd\
c\xea\xd81qB\x17\xc4\x01\xe4\x145\x1d\xc9\x13\x1a\
=y\x12\x1b;{\xe8\xec\xed\xc5\xf4\xc5\x8b\xfa;+\
\xd3\xd7u\xeb\xf0\xb88\x80\x99\x99\x19\x0cJ\xee\xbe%\
\x9f\x85\xba\x0a\x89\xf5ut\x8b\xb3Jln\xa3{`\
\x10\x19\x09:\xceAA\xd7\xe7\x911X*d\xc1\xcb\
\xa6c\xde\x93\xa0\x94K&\xf5Y\x10\x01\xf4N\x1d\xd3\
\x14 \xed:\x80\x8e\x91)\xed\x1b\xa7(\x08\x22\xb0\xb2\
b\x05:)\xed\xa5y\xad\xc0\xcb{_~\x12\x9f\xf9\
\xd4\x87\x10m\xf2\xdbj\xb3i\xadQ\xe3\xed\xa9\xef\x9f\
\xc6\xa2x\x1fnr!\xa4\xeb\xec\xec\xc0\xe0@\x9f~\
Q\xba\x89\xcb\x17\x09E(U\xb4\xb7\x97\xc1\xaa\xbc\xcf\
\xf2\xf2*\xee|\xd9\xcd\x98\x9a\x1a7\x83A\xa5\xb2\x81\
\xc7:\xc8R\xd6\xe1\x18\x92\x802\xe2\xed\x18U\x99C\
\xa7\xe5\x81\xdcr\xf3I\xdcz\xebM\xd5a$\x16*\
\xd7\xd7\x13x\xe7/\xbe\x0fW\xe7\xd7\xd53\x8f\x0et\
\xe2\xb7>\xf0k\x92O6`K\x8c\xe8[\xe7\x9e\xc5\
\xf4\xca<\xfca\xbf\x18{;\x06\xdb;\xd1#Q>\
\xda\xd4\x22\x0e\xa4A\x0bv~m\xb3\xf9\x14e\x04}\
~M;\x8a\xdc7/\xf0iE\x0c~~\xde\xe4\xef\
\x89DRQ\x12\xe1\xb5.\x1b\xd5\xa2h@[Y\xca\
\xda\x92\xcf\xca\x22\x12\x177\xf8\x94\xd8R\x13\xcfT\xd8\
\xcfm\xb8>\xc3b\xa3\x03P\x12\x07\x09&\xd6a\xf0\
3\x15\xe5\x00\xef\xac\xceI\x9eX4\x05$\xc9\xfd\x1f\
~\xe2-\x92G6\xe8\xf2\xd6\x03qB\xdc0\xb4\xb1\
8\x8dK\xcf~Gr\xbf\x82M\xbf\xbc\xea4\x99\x13\
6\xb4u\xe0\xae\x87_\x83\xc3\x8aO\xdbo\xaa\xd6\x5c\
\xa9T\x8d\xdeq\x8d\xbbn\x02\xb2\xda\xd9\xf1\xb8\xb5\x83\
\x9a\xc3\x80\x156\xa9\xa5\x0a\x86\xfc\xa4B\xa9Z\xfb\x81\
\xb6\x22\xf9\xacQ8\xc0\xb3\xdfy\x12E\x22\x18\xfeL\
\x22\xe4\xf1\xfb\x1eDS\xef\xb8\xcaj\x05x\x1f$\x08\
\xf8$\xea\x86\xe4~D<E<|\xb2\x1f\x0f\x9d\x1c\
\x11\xe3\xf7W\x1d\xd2\xa68\xf4\xbf\xfc\xfa38\xbf\x9a\
\xd6\xee\xc1\x8e\x9c\x99\xfd\xd4\x0eJb\xfc\xe4\xbc7\xcb\
9\x0bK\x14\xe4\xe2\x8e\xf9k3\xe8\xeb\xed\xc4\xf6\xfa\
\xaa8\x87}\x9d\x91_\x9a\x9dG\xef\xe0\x80d\x1e!\
\xfd;\x8a\x93v\xf7\xf5bcyE\x07t\xb8\xe2k\
kqA\x05G[\xb9ZkcS\x8c\xca\xb4\x1b\xd7\
$\x0a;.\x83N\xde\xdb\xdb\xda\x86xW\xaf \x83\
\xcbJ\xb5m\x8aD\x90\x96\xb3106\xa9\x15|\xaa\
\x03EZ[\xb5\x8e\xc3{\xd2*\xce\xa8\x22\xd7\xb8z\
\xed*\xfa\xe4Z\x02r\xd6\x98\x92l\x88\x13\x1a\x15\xd4\
\xb0(\x08\x83#\xc4^\xbb\x97\xb2M\x0c\x9f\xacB2\
\xfb\x96\xe7\xe706>\xa1\xab\xbe\xb8\x5c\x84\xcej\x96\
Z\x02\x82\x12x~\xf6\xe4}\xb3{i\x95\x0f_Y\
^C\xaf|\x9f\xcf=\xb9\xb4\xae\xb6\x19j\x94\x141\
\xb3\x87\xbe\xe1A9\xf3\x0dX\xba|\x1d\x15I\xc3\xf9\
\xc3\xc6\xb8\xd9\x0dX\xaeW\x04\xea\x18\x9e\xd2\x81\x87\xed\
D\xa2\xda\x06$\x5cb\xc4c\x95\xb7A\x1eVw\xbc\
\x05\x9f\xfb\xf4Gql\xb4\xd7\x0c\xb1TL=\x7fE\
\x8c\xef\xdb\xdf\xf9\x9e\xf6.\xc7\xc5\xd3uu\xc6U\xc4\
\x91\xa7\x887\x96{\xdf6\xc4\xfb-\x08D\xde\x10\xaf\
U\x90\xdc\x96\x0a\xb0\xfd\xfd\xbd\xb8\xe3\xb6[T\x83M\
i\xc1e\xb3\x02,+\xd0\x99}\xfe\x15A#++\
kH\xca\x83c*\x12\x894\xab2\xee\xad\xe2\x00:\
\xbb\xe3\x06\xce\x96M\x03\x92\x87\xe17\x7f\xfb\x13\xf8\xda\
\xb7Ok-A>?~\xfeg\x7f\x12w\xdd{'\
v\x05\x05\x1c\x08\xda\xe0\xeev\x1d\xa7\x148\x1d\x16\xd7\
\x18b\xfen\xa7\x1du@H^\x87\xc6\x95\xd8J\x0a\
\xacZ\xc2\xdc\xdc\x82\xbe?\x97>\xb06\xa1\x93t&\
>\xd6h\xaat\x14\x92\xb7\x87\xa9s\xc7\x09=\x95\xa6\
\xf2\xd5\x8c\x9d\x0c6\xaf)\x1e\xe9\x82\x0a1Z\x9d\xad\
\xf0\x98\xb5\xde\xd01[\xb2\xf7Lj\xa3\x05w\xf9\x5c\
\x07\xc9u$\xc5\xb8u[\x0c\x95bn\xbe\x1dw\xfd\
\xd0\xeb\xd4\x983\x92k2\xc5\x0a\x0b\xa29\xf7\xd47\
\x90Z\xb8\xa6\xac5\xb7\xb3b\x9b2\xa8\xf8\xc3\xb8\xe3\
\xe1\xc7\x10\x88\xc4\xb4Xhf\x0ejZ\x80\xee?\xbd\
\xae\x03\xa86o\xea\xa7!\x9c\x1b\x1c\x80\xaa3y\xdc\
\xa6\xaf\xab-`\xbb=rN\xd8\x8e\xa2LwP\x02\
\xc6\xc5\xd3\xdf\x13\x83\x9d5\xb4o\xb9\x01\x93w=\x80\
\xf6\xf1\x9b\x04j\x07\x8c\x90i\xc8/i\x95\x83\x98|\
\xbd\xeaD?\xee96\x8cf\xb6\x9d\x1d\xa3\x08\xbd\x91\
\xc9\xe3\xbf\x7f\xfd9|\xe7\xfc\x02\x0e\x0eK\xaa\xa1\x7f\
\xb8\xbb\xab\x14\xdd\x8a8\x80\xb2\xd2\xbd\x05\x05\x89\x93g\
\xfe_\x92\xcf\xc8\xf4\x94\xdb\x949\x17/\xd0M\x1c\x05\
\xff)N]`\xf5\xd1^V\xd3\x00\xa6\x82r0\xe1\
\x95k\xe5,C\x89\xe3\xef\xca(\xf7+\x19\xc8/\xe8\
I\x0b\xa9\x07\x19\xed\xbex\x1d\xe3\xe89\x11\xc8\xf4\xad\
\x92\xcf\xd8Y.qmr\x0d\x01q\x22J\xb2\x95\x08\
L.\x83\xc7\xaf\xf0\x05~A\xba\xbc&r\x12<$\
pq\xbc7\xbb\xa7u\x0b\xb6\x81K\x85\x82:\x17\xe5\
V8\x86-\xc8zE\xa9`&7\x99V8\xf2\x99\
\xb9e\x9a\x0b@\xc8\xced4\xe1\x19\xe2\xe7\xa5d\x9e\
O\xee\xe5\x91\x9cM\xa7!\xa8\xb5(*\x0a+Z\xe6\
\x81\x93\xcf\x12\x14GE$U9(\xd8!4R\x81\
c:\xd9H*\xf0\xae!\x02\xbd^\x1d\x00\xf7\x02\x90\
\x07P\x14#P\x9an\xb9\xa2L.\xb2\xc0\x1a(\xec\
 \xcf\xecw>\xf0n\xbc\xe15\x0f\x1a\xc5\x98\x8a\x0b\
\xff%rWJ\xa6@'\x17\xc1j~b;\x85E\
\xc9\xffWV\xd6\x91H\x8aS\x11\xa8\xd5!0pb\
|\x14##\x03\xca\xa4j\x14\x98B\x81M\x0aH\xb2\
\x87\xbf\xba\xb6!^nQ\x8bg\xbb\xf2\xa0)\x19\xdd\
-\x1e\xbe\xa7\xab\x13}}=\xe8\x10\xcfEqH\x8f\
\xf6\xe2\x8f,J0g\x94\x91\xfb\xf3_\xf8\x0a>\xfd\
\xe7_\x82\xbc=\x1f\x17\x8eO\x0e\xe3g\xc5\x09\xb4\xb6\
\xb7\xaa\x8c\x94\xa2\x05\xc2\xcf\x80\x99\x03gT\xa4\xb4\x13\
S\x95\xa5\xa5\x15\xccI\x84_\x16o\x9a\x12D\xa3\x05\
HU\xd51\x9d\x03S\xb0\xf3\x9b\x88.\x9f3\xa0p\
>h\xa6\xe3\xb8Z\x9a\xe3\xb1v\x8d5\xffL\x07\x8e\
X\xc5e\xff\xdc\x1d\xb7UG\xe3\xad\xea\xe8)\xf4u\
L\xc6\xed\xb5\xfdu\x22 2 \xf7\x12+H\xcc\x89\
a\xb3\xca,X\xed\xd8\x9d\xf7\xe2\xb6\x07\x1eE\xbe\xe4\
\xc1\xae\xa4\x1b\x05y\xb8MA/\xce\x7f\xef_\xb1\xb3\
4mW\xa1\xba4\x0bS\xf2+\x89\x03\xb8\xfd\xa1\xd7\
\xa0\xb1\xbd[+\xe5\x86sQ+\x08V\xe7\x1c\xea\x1c\
@\xfd\x94\x9eaB\xd6\xe5\x00\x95\xf2\x0d\x93\x92\xd5o\
W\x0c#\x94\x8e\x8b\xfcx\xae\xfabmf\xe1\xcaY\
\xac\xca\x17i\xc3\xac\xaa\x0f\xdfv\x0fzN\xde\x89\x80\
\x04\x872G\x84\xe5\xfa\x9bK\xbbx\xfc\xd6q<x\
lH\x9c\x81\xdfr/*H\x1c\xe4\xf1\xc5o<\x8f\
\xe7\xaeH\xce\x9f>\x14@q\x00\xe4\xf6\xc5\xa0\xb3(\
q\x9b\x0eg\xee\xa9\x1d\xc8\x19\x02\xda\x1bkU:?\
\xe6\xd1\xae\x89\x16\x1f9\x84$)e\xd9m\xff\x16\x8e\
\x0c\xcbQ\x0c*\xc0\xfa\x92\xaa\x17\xfbt\x97c\xc5k\
\xd4\x99T\xa6\xdb\x0e\x1d\xf9H\x0dv\x8e\xac\x8a\xb2\xd9\
\xc3\xa7\x0b\x5c\x0a9\xd3\x1dag\xc8\xd2sY\xfd\x0f\
\x1c\x91\xcc\x13\xd4\xd7\xd2\xb4\x99\xd1\x86,\xbf\x92y}\
u\x1e\x1c\x1bW\x8a\xbd\xa1\xf3\x9a\xf1mG[\x81:\
8\xc6\xebp\xb4\x92+\x0eG\xce)\xa9\xc4dd\xca\
\x99-[q\x10\x15e\xa1\x13q\x0c\xd9\x9c\xd3\x87E\
\x92\xb8H$\xab\x18Ef\xfe\x84\xd7\xe6x\x8d@\x8a\
\xaf\xe4\x12\xbf\x1d\xe5\x01t\xb1\x0d(\xf7?\xbdJ\x07\
p\xdf\xe3Nl\xc8\xac\x07Omn*\xd1A\xc9\x19\
0b\x12\x5c3\xac\x030\xe2\x9a\xdf\xf6\xc6G\xf1\x1b\
\xef}\xa7\x0e\xf4T\xca\x1e+\xe1-\x06,\x07ru\
3%0yM\x0c_\xf2\xff\xdd\x14Z\x1a\x9b0 \
p\xab\xb7\xab\x1d\x03\x92\xabtu\x8a\x017\x84\xf5\xd0\
\xd3\xc0\xb8\xdf}Y\xf29\xaa\xffl\xacoj\x1e\xd6\
\xd8\xd4\xa8\xfb\xde\xc6G\x87\xd0/\x90\xa8\xb9\xa9\xc9\xcc\
K\xcb=c\x81\x90\xed\xb4\xe5\xa5%\x8c\x8f\x0fKJ\
\x16\xad2\xd4(\x8e\xf0\xf4sg\xf1\xde\xdf\xfc8\xf6\
\x0e\x8e\xf4p6H\x84\xe9\xef\xeb\xc4\xab_\xfd\x10\x86\
\x86\x06\xb5\x88W\xc8\x174\xfd\xb8>7\xab\x88$\x95\
L\xab\xc4v\x81\x07\xa5b\x8f\xb5\xab8\xe35\xde\x96\
Q\x8d9\xab_;\x10\xc6yp\x08\xa3l'\xd6*\
&\x9ck\x11\xc9l\xa3\x09Tu\xedtc\x8d\xddU\
\xc7\xd4\xa0\xba\xb5\xd7\xef3\x94_u\x14^[\x030\
\x85I\xde\xf3\xdduI5\xe6\xae*\x028\x92'~\
\xfc\xae\xfbq\xf3+^%\x07\x1e\xd8\x93<\x91[\x92\
\x9b\xc4\xeb\xaf\x5c=\x87\x99\xb3\xdf7\x02\xaa\x8e\xdd\xac\
\x04\x8bT\x1a[q\xcf\xab\xdf@<\xa8b\x17\xdan\
u\xdc]\x0b\x95*m\xd7q\x0d\xbf\xeaAP\xad\x15\
T\xa7\x03a\xe8\xdb\xda\xbe\xf3\xb8Rc\xb5\xdf\xf5X\
\x1a4\x7fD\x07\xc0\x9d\x7fk\xf3W\xb1p\xfe9\xc3\
\x09\x90k\xea;u\x07\x06_v\x1f\xe4\xa1JD\xf6\
\xa3]P\xda\xfd\xc31\xbc\xfa\xe6q4\xf9j\x04\xb3\
\x94D\xab/\xfe\xdbi\x5c\xdc\xdc\x17\xc3\x09cmi\
\x0d\x01G\x22\xb6\xe4\xc2\x89\x85e\x94%%\xa4z\x91\
\xea\xf5Kt\x1f=%\xf9\xf4\xe5\xab\xda\x0e\x1b<6\
\x81\x99KW\xd0!\xa9@+\xe5\xbe$_fQ\xad\
Y\x1c\x0e\xd5\xae\xf8\x1cI\x9f]\xb9:\xad[w\xb9\
\xc5giiA`\xfc\xb8\xd6NV%\x08\xf4\xf4\xf6\
\xe9\xb4irq\xd1,\x94\xe5=\x90\xbf\x9f8qJ\
\x9d\xfa\xec\xd5\xcb\x9a.\x90%\xb9:;\x87AIa\
\xa9\x80\x9d\xde\xd8\xc2\xf0\xe4\xa4\xa2\x89\xf5\xf9%\xf4\x0b\
lO\x90\x94\xb4\x95B\xd7\xf8\x08\x22\xb1\x0e\xac,\xce\
\xa1\xa9\xa9A\x02j\x83\xa4\xdb\xeb\xc8\xb2:_\xb6\x85\
h\xb9.\xd2\x87\xe7$\xd7\xa7n\xc6\xc0\xc4\x04\xae]\
\xbe\x82.\x09\x96\xed]]XY\xddPEeNX\
n\xae,*\x19\xce/\x8ev]\xae\xb9\x83\x85K\xb9\
\xfem9\xcf\xa42S\xa3c}iYS\x84b\xae\
\x88\x1d\x09\xc4\xde\x8a)\xde6\xc6\xc5\x01\xc8k\x97$\
\x0e\xed\xb3\x0b\xc0\xed\xc0\xf1\xc1\x09m\xd7l\xc9E\xe5\
\xf7\x0f\xec2\x0es\x08(&\xe1\x11O\xc8V\xd3m\
'F\xf0\xa7\x7fd\xd6p\x19\x8e\xb7\x89&\xd3s\xcb\
\xf8\xda\xd7\xbf\xa5\x9e\xb2_.fttP\x0c\xb9\x17\
\xb1\xb6V\xcdU\xf9Z{\xf2\xba\x1b\x89\x14\x96\x04\x19\
\xcc\x89\xd1'\x92;8\x927\xa2\xfe\xfb\xf0@?F\
\x87\xfa\xc5\xe8;t\xd0\x88SX\xcc\xff)}\xbd*\
\x17?/\x0f~MR\x0d\xb2\xa3\xc8\xe5~\xf8\xa1\xfb\
02\xdco\xc8E\xe4\x9d\xcb\xff\x97\xda\xd9\xc7\xcf\xff\
\xf2\x070\xbd\xb0a\x16n\xea\xb1\xa4xIY\xf9\xe4\
4L\x8aJr\xeb,\xe7\x09\x5c\xd9iF_\xf3e\
\x0ar,2\x12\xa63\x22\xfb\x02F\xf3\xce\xa8\xcf\xfa\
\xed \x8d\xc9\xe1a[\x93\xea\x10|\xc6)\x18\x86\x9c\
_\xdf\xdb}=\xaf\xdd\xbb\xcd\xc3\xa7Q\x86\xc4\x17\xbf\
\xc9\xf7\xbduN@\xc7d\x19\xa1$bl\xaf, \
9\x7fM[|E\xf9\xf3\xa9;^\x81S\xf7<\x8c\
\x82\xc3\x87\x9cT\x18\x1c\x14\xc3.\xe5\x0f\x04\x05\xfc\x9b\
\x1c\xa4u\xa5z\xda\xf1#\xed\xa7\xf7M\xdd\x82I\x89\
\xba9\xa2\x1f+\xd8\xea\xf6\x93i\xc8\xde\xda\xd8\x03\x5c\
\xd0oT\x83jy\xbf[\xed7;\x1fm\xae_\x13\
M3\x14\xe3J\xb9\xea<X\xd2\x88\xb4\xb4)Oc\
U\xae\x7f\xf1\xe2i\xf8+\xa6\xfe0r\xc7\xbd\x18\x96\
4\x80\xfd\xf1\xf6F\x07\xaf\xbb}\x02\xf7\x0e\xf7\x08\xec\
\xd7\x90\xa7\x0e$\x99-\xe0\xeb\xe7\xe6\xf1\xb5\xe7\xae\x08\
\xb4\x8e !\xe7E\x9di\xf1\x00\x87\x120\xf2\x89m\
\xe4\xb7\xb7u\xd8\x86D5\xc6\xe2\xd1\x9bO`\xe9\xda\
\xac\x18m\x11\xc37\x9d\xc4\xda\xdc\x22\x86&\xc9\xa8K\
\xa0gpH\x0b\xca;\x89\x0dD%\xb8$\x04\xe1\x0e\
\xc99\xa3\xa8G\xa3\xa4\xa1\x9d==H&\xb7\xd0\x12\
\x8b+B:\xcc\xeck1\x93[\x87\xd6%G\x0f\x96\
\xcc\x94\x9e/\xda\xaaT\xe0\xd4\xd6\x96B\xebL6\x87\
\xcex'\xa6/\x5cD\xc7`\x9f\xfcM\x08\x05\xaa\x0c\
I\xfa\xd3\x12\x8dbev^\xb7\xfbpjoW\xde\
sT\xaekKR\xb7hk\x8b\x9c\x8f\x0a\xb6\x04\xed\
\xb6\x0a\x9ae\x9d!X\xb6'U\xce\xdc\xd8\xa9\x93X\
\x92\xb3^\xc8\xe70q\xcb\xcd\x98\x9b\x9d\xc6\xa4\xa0\xe6\
\xcd\x9d\xb4\xbcn\x5c\xf9\x16\xdc\xdd\xd1,6@Q\x90\
xw'\x169\x86\xdc\xd6\x8cx\xbc\x03\xdb\xf2\x1e\x5c\
\xc7\xc6\xa7\xcd\x95ll+7\xf8\xc2\xbaB<P1\
\x94<\x0e\x03uNNh\x0d`\x7fk\xd98\x80\xd8\
\xe0\xa4\xcadmo\x18Yp>\xfa\x92n\xf9\xb1\xd3\
fr\xc3\x03\x92\x9f\xc5[\x82\xf8o\x7f\xf8a\x9c<\
6j!\x89\xe9\xa7sck\x8a{\xca\xda\x22\xaa\xd6\
J\x02\x0fg\xbf)\xeb\xbc\xbc\xba\x89\xeb\xd7\xe7\xb0\xba\
\x9a\xd0\xc8O\xc5R^$+\xa3\xbd\xf2\x01\xb8!\x86\
E7\xc6\xd2\xa2\xc0\xabM\x0e\xfa\x88\xd1\xaf\x0b\x1a\xd9\
\xde\xc9h\xc4\xe9\x90\xbce\xb0\xbf\x0f\xbd\xbd\xddho\
\xe7\xe4X\xc0\xf0\xdcY\xf1f\x8d\x96p\xce\x17\xc4\x07\
?\xf2)|\xf5\xc9\xa7\xb4\x9e\xa1\xd1\x94\x93Y\x9a\xce\
\x94-\x83\xd1_#\xddx\x8d\xd8\x89\x97Q\x9a\xd1\x9d\
#\xad<\x8a\x01\x93\xc3\xab4\x96JqC?\x8fF\
x[+P8\xaf}\x7f\xa3Hk\x1c\x89!I\xd1\
\xb8\x8dX\xa5\xc7Fy\xaf\xfd\xf2\xd5\x80\xb3\xb2\xdf\x5c\
i\xac\xdab\x8eR\xd9\xa8\xf8l/\xcf#\xb58\xa3\
}hR\x7f'n\xbf\x07\xa7\xee~P\x1d@R\x0e\
!\x85Q(lJ\xee\x01\x0bm\x8b\x97/ \x9d\x5c\
\xd16 \xb7\xc3\x0e\x8cN`\xe8\xd8\xcd\xf2\xfb~\x95\
\xe8v\xa1\xa3\x15\xef\xadr\xf6-}\xd36\xf8\x9d\x1b\
 >\x1c\x97\x15h]AMB\xb9\x8e\xfbajE\
.\x1d\x84\xce\x984U:\x80\xb5\x85\x19,]:\xad\
\xd1\x9b\xbfq\xe2\xfeG0z\xd7}\x92g\xe7\xf0\xea\
\xdbF\xf0\xd0\x89!4{=v:\x14\xd8<(\xe2\
+\xdfz\x1e\x0b\x99\x92\x9c\x99-\x84[\x9a\x05\xa1\xa5\
4\xba\x06\xf8\xfc\xd8\xfa$Q-\x95\x84\xa7hF\x96\
\x0f\xc4\x09\x8c\x08\x02\xe0pLv?\x8b\xc1S\xc7\x91\
\x5c\xd9\xd4\xe8\x9b\x94\x80\xc3\x89H>\xbb\xbc\xe4\xf3!\
y\x0f\x8a\xdeR\x8f\xf2\xda\xf3/J*\x12D\x97\xa4\
\x96\xc9\xadmA\x0c\xbd\x8a\x8a2\x12\x919\xf2K-\
\xfe\xf5k\xd7UEG\xe9\xc7\x82\x14\x86\xc4\x88\xf7)\
\xbc\x92\xd9Cf/+\xe8v\x08\xd7\xc4\x01p+O\
$\xda\x82\xac\x18i[w\x87\x00\x9cf\xdd\xe3\x17k\
\xefT\x81\x16\xaa\xf4\x0c\x092HK~\xde\xd8\x18R\
\x9e\x0aS\xcf\x80<\x83\xcd\xd9Y\xb9?\x06\x8dq|\
}@\x0c\x93vDY\xf0\xb1\x13'\xb1\xb84/\xc1\
tD\xfe6' \xa4I\xd3\xa4\xdd\x9dm\xb0\x8f\x94\
\xdcXE\x8f\xd8\xc4\x82 \x92PSHl\xa9\x0fI\
Ig\xbb\x07\x06\x14\x09\xa6\x04\xfd0=m\x0e4!\
1\xbf\x22\x0e\xdf\x88\xc3p\x1c8.\xf7\x87\x12\x16\x19\
\xe3\x00\x9epb#\x02]\x04Bm\xafm\x8a'\xcd\
i\xd4#\xbb\xccL\x86\x95\xd5\x90\xd8\xba\x0b\x08\x12x\
\xef\xbb\xff#~\xfc\xad\xaf\xb5Q\xc5gF-\x95y\
\xe6\xd1\xdd\xed[r@\x97WW4r\xa7\xd3i\x85\
\xb7m\xe2\x15\x07\xe4b\x87\x05\x8asetH`\x0c\
#\x0d\xf5\xdf\xb94qS\xe0\xd3\x8a\xa4\x0e\xab\x5cN\
*\x1f\xb6Q\xf2\xc4~I\x1f\xc6\xe4a\x0d\x08:h\
\x95\xc3\xe0\xd7vQY\xaf/#\x0f\x81\x1c\x02\x9f\xc0\
 \x9fE\x01\xdc\xa1\xfeO\xff\xebI|\xf4S\x7fj\
\xea\x00\xac\xbc\xfb=J\x14RZ\xaa\x15\x94\xe4\x9e=\
U\xc2\xf5\xb8B\x19^\xcd\xcf\x98w\xa9L\xb7\xad\xe6\
\xd3\xf8\xc91\xf0\xb9\xbaA4VRU\x03f\x1f<\
\x1d\x00\xd3\x02\xd5\xaa\xb7\xf0\x9f\x95jWx\x03\xaeP\
\xa7\x0a\xaa8\xd6\xd8\xad\xbe\xa2\xee\x96\xf6V\x8d\xcbk\
a5\x8d\x9f3\xe0;k\x82\x00\x96\x17\xd4\xf9\xb0\xdd\
:u\xfb]\xe2\x00\x1e\xc0\xa1 \x9bT*\x85\xe2\xe1\
\x81qD\xdc\x91G\x87\xc6zM>\xa3F\x11`\x04\
\x93\xf4\x8b\xf2\xe1\xc5bYS\xf7\x0a\xdcIGOU\
\xdf\xa0\xc6\xe1\xf2TI\x5c\xd5\x14\xa5: \xe1r>\
j\xa2\xc1n.i\xab\x05\xb6\x06`\x90 {\x10\x1c\
\xebe;r}aV\x1c\xc0s\xba\x94\x85\xc2\x99'\
\xef{\x05^\xfe\xd0+q\xe7d?\xee\x9e\x18D\xc4\
ky\x98\xf2B\xeb\x99,\xbe\xf4\xb5\xd3x\xea\xda\x8a\
j:\xee\x89\xe3\xd7g \x87v#\xb1)9lY\
\xbb\x0bi9#\x15\xea\xee\xeb\xcc|\x11\xb9r\x01m\
]1\xec\xa5w\xb5\x10\x1c\xed\xeeB6-(Q\xf2\
\xdc\x16\x81\xcd\x09q\x18a\xb9\xff\xad\xf16\xec,\xad\
jQ\xae\xb5\xadE\x10\xd6*a#\x9a[#\xc8\xa4\
3b\xb8]\x1a\x1fv\xd6\xd7$ul\x14\x14\xd8\xa0\
D \xafS\xb6EU/\xda\x86\x07\xb4\xc3\xb5>7\
/\xff\x19\x90h\x1eWj/g\xf8\x03\x5c&\x9a\xde\
A\xef\xc8\xa0:\x9c\xc4\xc2\xa2v\x18\x88\x9es{\xbb\
\x08\xb7F\xd1\x12\x8faK\x8c\x96N\x9b#\xda\x99D\
\x12%q\x04^K\xbf\xa6\x0d\x91;\xc0mI<S\
Q\x89\xe8i1v]*\x22h\x82\x05t\xb6\xa3I\
\x10J\xaf\xac\xe9\xccASk3v\xe5\xfepAH\
DR>N\xfe\xc5\xfb\xba\x05\xee\x8bs\x91T\x97S\
\xa2\x8d\x82\x00\xf6\xd3\x19\xfb\xdc\x05\x01\x08\xe2\xee\xa0 \
\x88\xd7\x0a\x82\xd0\x01\xc4G\xa6t\x8a(\xc5\xc5 \xb9\
\x9c\x81$v\x0bP\xa9d\xa6\xb8\xe8\xb9\xfc\x023_\
u\xff\x9d\xf8\xc8o\xbfG;\x03\x96\x11\xa0\x7f{m\
f\x1e\xff\xfe\xdd\xa7$j\xa7\xd1\xdc\x12\xc6\xd8\xf0\xb0\
\xe4\xf2\xa3\xe2\x99\xba\xd4\x80\xa9\x10\xcb\xbb\xcc\xed\xbe\xdb\
\xdb\xbb\x92\x0a\xacJ*\xb0(\x10,\xa9=\x7fRJ\
;\x05\x19\x8c\x8e\x8c\xa8\xf1G\xec\xb2\x06\x1a=Yt\
\x9b\xe2\x19\x99\xff/\xce-\xc8\x8dI\xe3\xb1\xd7\xbe\x06\
}\x03\xdd:\xa1gV\x99\x07\xb4\xf0\xf8\x0b\xef\xfd\x10\
6\xb6v\xb5*\xef\xd1^\xb3i+\x11\xd1\xd0H\xb5\
M\xa7C8>m\xbf\xc0\x16h\x94\xa2i\x8f6\xc5\
+\xd9\xffW\x06\xa2\x22\x00K\xbb$\xf9H\x0e\xa8\x96\
\xaa\xbc\x86\xbc\xa39\xb0e\xac\xf9\xedkxl\xdb\xcf\
\xb4\xcf\x0d\xc1\x86$\x99\xaa\xe8%\x0bG\x96\x00e\xce\
\x97\xcf\xac?\xa3B\xed\x11\x11\xc0\x1c\xb6$_\xf4\xda\
j\xf3\xd4\xedw\xe3\xe6{\xc4\x01\x94<r\xef\xc4\x01\
\xe4\xb3\xfa\xf7\x15\xeb<\x82\x8aV\xfcz\x88\x89\xd88\
tc\x1c\xb7\xa3\x8e\xdd\x95\x01s\xe9\xdb\xd5qf3\
\xb9e\xb7\x029\xb5M@\xf5\x0c\xc9\x8a\xcb\xfb\xa8u\
\x09\xd4\xc7\xa1&B\xe2\x92\x89\xaa\x0e\xc0C\x07@\x04\
\xf0\xac\xa6`|\xdd\x97\xdf{'\xde\xfd\xee\x9f\xc6\xad\
#\xbd\xe2\xb4\x82\xa6\xf0%o\xb4J1\x8f\x7fy\x06\
\xdf\x7fq\x1e\xfby\xb6*\x8bZ\xf4\xe1\xf81\xc57\
\xd85:b5\x9d\x85/N\xe21\xf0h\xd7\xa8(\
\xf7\xa3\xa0\x05a\x15\xda\xe4\xdaF?\x83T\x10\x15y\
\xf6G\xf4\xc1\x15h\x1aU\xe2\xd2\x90\x92a0\x96\xc8\
m\x11\xc3T9\x17>C\xb2P\xcb\xa6\x86\x12b\x1d\
E\xfe\xeeH\x1cV\xa8\xe2N|B\xeb\x0b\x87\x94\x1e\
c\xa7\x83\x85B/\x8b}\x01\xfd[\x1d\xb2\x95k\x08\
P\x1e\xcfo\xf4\x0f<r]\x87eK\x0b\x96\xe0Y\
P*\xb7W\x0bw\xca\x0f\xf1\xc9\x19\xe4\xd1+\x9b\xae\
\x8cO\x8b\x81\xb0\x85@\xf3\x5c\x8e\x1cSxU\xf1\x1a\
\xb6F\xe5=T\xa8\x84\xdd\x82\x92A]\x05\xf9\x0b\xf2\
\x18\xcc\xfeJ\xafQ\x0c\xe6\xfd.\xdbQ}v\xa9<\
A#h\x0bC\xaa\xa3\x03\x88q1\x88|g?E\
\x04p\xef\xeb\x05\x01L\xe9\x18\xe9\xce\xba\xd9\x0e\xec>\
\xd0\x9a\x03(\xe9\x83\xe4\x07\x18\xe9\x8d\xe3\xb3\x7f\xf4Q\
\xf4\x8a\xe75\xcc_\xd3-^^]\xc6u\x814#\
#\xc3\x18\x14H\x15\x89D\xb4\xcd\xc5\x85\x8e\xe4\x07l\
nn\x0b\xb4_Q\x83\xdf\x11o\xc9hLI\xb1Q\
\xf9}\xaa\xc64I\xd4gdf\x9e\xa3\xed\xc3\xbd}\
\xdd\x82\xbb%\x11o{gW\x87]\x98C\xc5\xdb\xa2\
ZH\x19\x19\x1e\xd2e\x92\x86(d\x18z\x8cx\xef\
\xfd\x8d\x8f\xe2\xf4\xb9\xab\xe2\x15C\x0a\x81*vR\xcf\
h\xce\xd9\xf5Qd\xac\xb1\xfd\xa6\xca\xb0~\x83\x02\xbc\
\xbe*\xc4\xf7\x05\x8c\xf160\xca\xbb\xeb\xaf`\x06\x88\
\xf4o\xd9\xda\xf3\x9b\xa2^A\x0c\xd6\xe73\xafm\xe4\
\xae\xbdj\xf4\xeeb\x95\xda\xc6\x9d\x9a~\xbfV\xa8+\
5\xed}\xbf\x8aJT\x94w\xc0\xfc69?\xad\xa3\
\xb6\xca\x11\x97\xeb:~\x878\x80{\x1f\x94\x03\xef`\
G`jN[W\xa6\xf7n\xb6\x01\xf95\xfff\xd4\
Tr\x96YFgd\xc9\xdc%\x1f\xd5\xc4\xbe\x1e\xc2\
\xbb2\xe5\xee\x80\xd3K\x1c@\x95\x0b\xe0N\x11\xd6\xd8\
\x7f\xee\x96!\xb3i\xc8\xceT0\x8aI\xe4\xe3z\xae\
\x8d\xc5Y\xcc\x9d\x7fF\xe5\xe3\xc8#y\xe3c\x0f\xe2\
C\xbf\xf1Kh\xd2=\x04~}\xdd\xb5\xfd\x02\xfe\xdf\
o>\x8f\xe7\xae.#\x9d`\x8bL\x8c0\xe4Cf\
;i\xf5@=\x92\xda\xa4\x10n\x16T\xc3\xf5\xdd\x1b\
II\x058\xa1w\x84#v\x82\xe4\xbe\xb7\xca\x19\xda\
\xdb\xdbA)'\xd1]\x02\xc8\xee\x16\x87`\xda4\x82\
\xee\x08\x0c\xa6\x5cY8\xd2\x88\x8c\xfc-\x8b\xcc\xbep\
\x00\x199W\x8d\x12Y9)\x97^O\xa0Irw\
\x0e\xee\x142\xbb\x88v\xc4\xb5\xf0\x9a\x95\xf7U\xf5*\
u\x00~4tv\xea\x199\x90\xc8\xcd\x9a\x01\x07\xb6\
\x08\xfb#\x12\xd9\x0b\x82\xc8\x8e\xf6\xf6\xe4o\xdb\xb4\xe0\
Z\xccI\xfa!(\xe4\xf0`_\x22\xf4\xba\xb6\xeb\xc2\
\x1c\x1e\x92g\x17i\xef\x90\xafN\xec\x0a\xea\xad\xa8B\
\x90q\xc6D\xb3\x91\x0eA3\xdc\xa7)\xa9rsk\
+v\xc5\xd9s\x91J\xa4\xad]\xb7,\xd3\x90\x1b\xc4\
\xae2\x92\xb6P\x0f\x80-\xcd\xdcVR>oD\x11\
ZnW\x82/7\x11\x8b\x83c*\x1f\xef\xee\xd1\xe2\
\xf6~b[\x9d&\xdd\x00\x7f\x1e'\x02\xf0\xd8Y\x00\
:\x80\xb6\xa1\x09\xa5;RH0g\xd7\x83\xbbp\x90\
-?\xbe \xa7\x9c\xf8\xd8\x9a\xe5\x01}\xe2\xa3\xef\xc3\
}/\xbf\xcdF\x92\xda\xe1r\xf3\xda|\xbe\x88\x1d\xb9\
!\xab\x1b[v\xbcu\x03y\xc9\x81\x9a\xe5\xa2{$\
Ob[ox\xa8\x1fm\x91f\x85D\x9c\x82\xcb\xe6\
\x0aX\x17\xd8\xb2(Pm}c\x13i\x81N|=\
\xa6\x0c}\xe2P\xd8I\x88\xc5\xda\x8c\xc8\xa8\xbc'!\
\x1fy\xe8\xae\xb8\x0f\x0f-\x99\x85\x7f\xf8\xd9\xcf\xe1\xef\
\xbf\xfaop\x82\x8d\x92\x1b5)I\xa7\x0c\xd3v\xf3\
Z\xe8\xee\x0a\x820\xaf\x875~\xd3\x8e\xe3f\xd5\x80\
\x1a\xa7.\xcd\xf0\x1b\x14`\xa4\xf6\x0d\x0aP\xc2\x0e\x0d\
\xc0\xf6\xfc\xd9\x02\x85-\x94\xb9\x02\xaa&\xaa{\xcdX\
\xb5\x1d\xb9uy\xfaU!\x11\xab)\xc0Cn\x1c\x80\
c\xea.r\x80\x92\x0b\xd3\xd8\x9c\x9f\xd1\xc8F\xf8y\
\xea\xaeW\xe0\xa6\xbb\xefG\xa1\xc4\x19\x8dC\x1d\x93\xae\
)\x0d\xd9]~T\xa81\x90\x01.I\xc7\xa8\x05\xb9\
\xbd\xff\xfaq \xf3?\x22\x04wq(E08B\
\x5cO\xfduEQ\xdc\xe2\xe2\x8d\xc3C&\x05\xa8G\
\x00\x0a\xc3\xa3Q\x1ds^\x99\xbd\x86\xc5\xcb\xa7\xb5%\
\xcb'\xf0\x13oy->\xf0\xdewj\x0f\x9c\x9f?\
\x91+\xe2\xcb\xdf|\x01O\xbe8+\xce\xba\x01\xc9\xa5\
EU\xd0\xe9\xe8\x8ac\xf9\xfa5u\xce\x9c\x88[\x9c\
\x9e\xd5\x99\xfe<\x9d\xdeA\x0e\x07\x12\xa4(\xa2\xc1\xa8\
\xdaF\x92OcX\x11\xdb\xb2\xfc\xde\xe8\xc4\x18\xe6\xf9\
\xcf\x13'\xb4x\xda \xd7\xb1\xbe\xb0\x80q9\xf0\x97\
\x9e9\x8d\xb6x\x1c\xfd\xa3C8\xff\xecs\x92\xff\xf7\
\xa2\xbd\xa3\x13\x97\x9f}\x01\xbdr\x16}\x02\xe3\x13+\
\xcb\x88\xc7:%\x85j\xc4\xc6\xdc\x8c\x0a\xae*\xb1J\
N~\xf7\xc9Shio\xc7\xf5\xe7N\xcbk\x8ch\
\x9f\x9e\xda}\x137\xdf\xa4\x9d\xb2\x85\x8b\x971<5\
\xae\x1a\x03z\x9a\xe4\xbd[\xc2A\xcc\x5c8\xab\xb2\xe8\
#S\xc7q\xe1\xfc\x05\x8c\x1d?\xa5\x94upHl\
vFQ\x04\x83T\xff\xd8\x18*\x0dr\xde\xc4\xbe\xe6\
\xae\xca\xebNMa\xf6\xfaU\x0cKZ\xc1\x95\xdf\xec\
\xe2\xecm\xefatr\x0aW\xcf]\x94\xcf\x12\x93\xf4\
\xa7\x133/\x9eC\xac\xbfWS\xe2\xf9K\x17u\xa1\
\x08\x1d\xff\xbe\x04\xd9\xa8\xfc\x0e5\x19\x123\x0b8\xa4\
=\xd1~\xd5\x01L\xe8s\xdd!\x11\x88\x0e\xa0}h\
\xd28\x80D\x02Y\x89\xbcnq\xabbu\xc4t:\
\xb0\x90\x93|\x8eRIe\xfc\x87\x1f\x7f\x02\xbf\xf0s\
\xffA\x1f\x84\x02Q\xcdm\xfdX\x5c\x5c\xc33\xcf>\
\x8f5\xf1P\xdc\xf5\x17\x14c\xa2\xc2\x0b\xa3u\x7f_\
\x97\xae\x87jP\xc2\x8cW\xf3\xa3\x94\x5c\xe4\xd2\xa2\xe4\
\xfe\xcb\x1bH\xed\xeci\xfe\xcf\xe5\x11\xdd\xf2\xe0Y3\
\xe8\xef\xed\xd25P\x145(Hd<\x10\xb8\x98\x94\
\xdcl\x8dm\xc3\xbd\x0c\x1e|\xe5=h\x8d\xb4\x18*\
1=o\xb1\x80o\x7f\xf7\x19\xfc\xd9_\xfcw\xe4)\
\x13\xdd\x106\xb4\x5c\x0e\xec\x90gM\xfe=5\xdf`\
t\xe6x\x9c\x99\xc7\xaba\xdb]w4R\x160\xe9\
L|^\xe3\x049\xcbn \xbd)z\xea*4\xc7\
\xf4\xf9+6\xc2\xb2\xe5g\x1cAMo\xd00\xf0P\
\x15\xda\xf0Z\x9e\x80\xc7\xb6\xbd\xbc\xd5\x15lNu\xac\
\x97,\xb7\xd4\xf2|\xd5\x01\xb0\x8f}\xea\xce{q\xcb\
=\xaf4\xdb\x8e+\xe5\xba\x91d\xc7\x1a\xbaUat\
\xcb\xfa\xd60+\xa8\xf5\xf6\xabJ\xbf.\xa4\x07\xea\x16\
\x99x\xd5\xf8\x15\x99\xb9\x85\xc1\xaa\xd3\xf0\xd8\xdf\xb7c\
\xc2pk\x81V\xee\xacRC\x10\x0c\x1eT\xf5a\x1b\
ky\xf6:\x96\xae\xbc \xbf{\x84\xa0\xc4\xcb\x9f\xfc\
\xb1'\xf0k\xbf\xfc\xf3\xaa\x04\xb4}x\x84\x7f\xe0\xa2\
\xce\x0b\x8bXb\x9bO\xee]zsC\x90_\x1e=\
\x03}X\xb9>\xabF\xd5%g`]\x02B\xaf\xa0\
\xc4\x94 \xc7\x88 \xba\xdd\xe5e\xa3\xe4+\x9f\xab}\
b\x02[\x92\xf7\xf6v\xf5`\xfe\x82\x1c\xfe\xa1>l\
\xad\xadc\xe8\xf8$\xd6$\xfa\x8f\x0e\xf4\xe3\xca\x99\xb3\
8~\xea\x84\xfc\xfc\x0a$\x0f\xc3\xb1S'q\xe5\x05\
\x16\x01\xc3\x18\x1c\x1e\xc5\xcc\xd9s\xda\x0e\x8c\x8a\xe3a\
\x81\x8d#\xde\x0d\x1c\x1e\x92\xdc\x9a\xda\x81\xfa\x5c\x1c\x09\
4\xe2,\xfa\xc7F\xb1p\xf6\x8cn\x05\x8a\xcb\xb9\xa6\
\x03\x88j\xba\xda\x84\xc5K\xd74\xff\xe6\xf0\x1be\xdc\
v\xe5^\xc4\xe4\xecn\x08\x9a#\xed}\xe2\xa6[0\
'\xceix\xe2\x18v\xf6\xb3h\x0f\x87\xb1r\xf1\x12\
|\x8a\xd6\x03\x18\x13\x07\xb3&\xef\xcf\x00y\xe5\xcc\xf3\
\x18\x90\xcf\xbc\xb9\xbe\xaa\xaa\xc0\x1bb\x97t\xac+\x12\
LGF\xc6\xc4\xa9-\xab\x93\xea\x1d\x9b\xc0\xcc\x99\x8b\
h`GC\x82\xea\xc2\xe5\xcb\x8aNT\x12/\x7f \
\xff\x0c *\x06\x9fYM\x08\xdcO*\x1aj\xb2\x08\
\x80\xcfQ\x11\x00\x89@\x9d#\xa78\x09\x89\xd4\xe6\x1a\
\xf2\xca\xa7\xafh%\xb7\x5c1E\x10~\xa8\x92U0\
e\x96{\xdb\xc9Q|\xfaS\xbf\x83f\xf1pf\x91\
\xa8WS\x88\xe7\xcf\x9e\x17\x07\xf0\x22\xfaz\xfa\xc5s\
\x0d(5\xb3U\xa2<\x7fN\x14q \x1e\x9cp~\
S\x1e\xce\xda\xfa:\x92;)=L\xb1H\xbb\x1a<\
\x91A$b\x96\x1c\xd0\x18idt\x0a\xeb\x9b\x09\xcc\
\xcc/*}xO\x9c@s$\xaa\x85\xc5\xce\x8e\xa8\
B\x1d\x1e\x8euy\xf0[\xf2\xcf4\xdf#\xb9\xab\xa3\
\xa8\x8e\xcaN\x99%\x94\xaa\xa2\xe3\x0f\xa87\x0e\xb5\xb4\
\x8a\xa7\x0d\x9b\xde\xbf\xb6\xf0|\x1aqlIN\x0f3\
k\x00\xba\xe9\xc8v\x04\xdc\xdc\xde\xfc,`\xa2\xbb\x8d\
\xf4\xb0m2\xe6\xf2\xc6)\x94-\xf7\xdet\x1f\xb4\x96\
\xe0\xb1\x8a:T\xfc\x91(\xce\x81\x11\x17)8\xd6\x19\
P\x18\xa5t\x98\xc7\xbe@`\x1a\x84\xa7bz\xfa\x13\
7\xdf\x86\x9b\xc5\x09T\xeaz\xf0?\xa8\xb9\xe8\xce\xfe\
\xda\xf9\x7f\xa76\xdcS\xad\xe4\xbb\xe2\xa1\x15\x93\xbb2\
\xf5\xa1\xe6<\x8bZ\xb9\xec\x81\xb2\x1ea\xb9\x02f\xd9\
h\x0d\xddUnxO\xa7\xda9pl\x1bP\x95\x9a\
\xb3Y\x0c\x0e\xf4+\x8aZ\x95\x83\xbfx\xf9\xac\x16\x12\
YL{\xc5\x9d\xb7\xe3\xd5\x0f\xbfRR\xd5\x12\xae\xad\
o\xe3\xec\x5cB\xf2d\x8fN\xc8Q\x01!\x9f\xdeU\
4\xd5!g`\x8bE.A;\x94\xf3Z\x91\xb4q\
@\x02\x08a4\xa7U\x8b\x02\xbb\xd51\xcasj\x1a\
\x18D\xb3\xa4\x8fyq\x02\x1bW\xa7\xc5\x08\xbaU\xd3\
\x226 F\xc9\xd9\xfadB\xe7[\xc6\xc4Qp\x8e\
\xdf\x91\xb4\x8d\xea:s\x17.\xa9\xe8\x08i\xbfK\x12\
e\xb9X#\x22i\xc3\xe6\xd6\x06\x86$\xba\xeb|\xff\
\x95k\xf2\xa1rz\x86\x98\xdc\xfb\xa3qt\xcbu,\
_\xbe\xa0]\x82\xf6X\x0cK\xf3\xf3\x92v\xc4\x95\xaf\
\xb2:3\xafND\xd7\xe1\x95\x0e5\x05a\xed\x82\x0e\
\x80v4r\xe28\x16\xae\xcf\xa1gh\x04\x0db\xa4\
\xfb\xd4\xdeXZ\xd6\x82\x1d\x03TL>KX\xa0~\
I\xce\xc6\xfc\x95\xf3\xe8\x92\xe0\x97\xdcJ\xa8\xe47;\
\x22;\x92\x02\xa4\x04\xee\xf7\x8bm\x91\xb2\xdc\x18\x16\xa3\
\x1f\x1a\x16\xa3\x9f\xd6\xd1\xf8\xb6\xae\x0e\xf9\x8cs\xa6]\
\xd8\xe0Ef'\x81AAD\xfc\xd9\xe2\xb9\xcb\xba\x1f\
\x82\xb5\x86&\xb9\xee\x0e\xee\x06t\xecv`m\x03\x0e\
\x1cS\xa6\xd3v\x82<\x80\xc3j\xef\xd7\x85\x8f<\xc8\
\x5c\x02A\xe1\xc4\x80<\xf8h\xd8\x87?\xf9\xf4\xc7p\
|r\xc4\x14\x0b\xf5|yU\xfe\x89FE-;F\
\xbc\xa2\xa4\x0diI\x05(~1\xb7\xb0\x22F\xbf\xa1\
\x91\x9aSw,\xf8\x0d\xf5\x0d\xa0\xa7\xa7Ci\xbe4\
8\xceb\xef\xeef\x94\x15\xc8\xd4\x81\x93\x84+\xf27\
\x1c%f\x853\xa7\xaa\xae\x1e\x15\x8cP\xad\xba\xa3C\
\xb3\xe2\x89s\xf5\xb6\x1a\x1d\x92\xebnd\xfb#\xecG\
\xa4\xc1\xaf:\xfe\xb9#\xc9\x83\xc4ume\xf3\xbaH\
\xd4\xdf\xd8$\x0f\xaeWnT\xb3\x11\xaaP\xed<\xa3\
\x1a\xe4uW\xa1yj\xc6\x0d\x1b\xfb\x8c\xbf\xf0j\xd5\
\xbfbu\x0c\xdc\xdd\x88\xee\xae=r\xdcU\xefS\xee\
\x8bO7\xf5T\xb4\x0dE\xee6\x95]\xa9\x97\x7f\xa4\
\x0e\xa0XW\x04\xf4V%\xc2]j\xa8\xc7~\x1e>\
\x01\xaa\xfep\xa4\xd5M\xd0um\xbb-\xe2U\xb5Y\
\x94\x19\xe9\xc0\xe5\x1a\xd8\xb5\xc7\xd5Z\x0e\xec\x04\xa4\xfe\
\x9ec\x86\xad\xfc\x0dMx\xf9\x03\x8f\xa0\xb1-\xae\xb5\
\x1f\x1e\xb0\xaa\xaa0\x5c\x11\xd7\x9a\x03\x00j5\x01\xfb\
M\xfd\x0c\xe4\x84\xa4\xc5y\xd0V8\xff\xc1\xaa\xf8\xda\
\xe2\x9c8\x80s*-\xc7\xcfd\xc6\xa5\xcd\xfcHI\
\x03\x86\xd72\x10+:\xc8\xe4HZ\xc3\xe9<\x0f\xeb\
:\x15\xb3\x00\x84\x8e\x99j\xc1\xfal$\xaa\x96\x0b%\
\x84\xe0\xae$\xf7\xa2@\x06\xa5\x18\xc7\x11S\x17\x0a\xc8\
X\x9a\xaf\x02<\xf9\xfdbvO\x07\xbf4\xd5#\xcf\
\x02F\x11\xba\xc2\xed;t\xcc\xf2^\x5clR\xb6\x03\
i\x1c\xa1eU\x9f3\x13\xbe\xdc\xa1)\xfe2@\xc8\
\x03=\xf2\x19\x16\xa8'\x9f5\xcc(\xd6\x8c\xc8\x13\xf0\
\x9b]\x05\xe0>\x8d\x80\xd1T\xa0\xb8(\x17\x81\x90\xb5\
\xe8\x93\xc0\xa9,Iq`L\xdd\xbc\xdc\x90\xd4\x10\xd1\
\xdf\xf7\x1d\x15\xb5\x06@\x06m\x89\xba\x07\x82R\xc9\xda\
,\x1d\xee\xabz\x0fe\xd3Xs\x22\xdd\xbc(\x0e\x96\
\xb7^\x8b\xbd\x94\x90\xd3\xe2\xb5\x84\xe3\xfc\x91I)\x99\
\x8e\xca\xeb{\xc4\x99W<d,\xe6\xe1\x0d\x07\x0ds\
=[\xd0y\x05\x16^\x9b$\x8d\x89M\x8c\xeb\xb92\
m\xc0{_\xe7\xb4\xf5O\xa9\xb8dR G)_\
B\x0d\x05\x1a\xb2\x87\x16\x93Jf\xe1\x84\xee\x05(e\
\xf1\x81_\xfd\xcfx\xcb\x9b\x1f7o\xaa=yCk\
%\xd9\x86\xbdL\xf6\xf1W\xc5co\xa7\xd3\x1a\xd9Z\
\x1a\x9b144\x84\xc1\xbe>\xad\xf0\x93\xd6\xab\x0a9\
N\x09{\xac\xf2o\xa6p\xfa\xf4\x19|\xff\xb9\xe7t\
\xf8\x86\x83Cz`]\x9dxBo\x89\x14\xcc'C\
\xf2\x10\xdb[\x1a\x11om@w{\x14]\xe2\xed+\
\xf2\xf0\x9a\xc8\xfeko\xd5\xed.1\x0el\xc8\xdf\xac\
\xcc\xafb~u\x07\xbd\xb7\xdd\x85\xe7\xd66\xf1?\xbe\
\xfb\xb4\xae\x8b\xf6\x86[\xd1\xd6\xd9+P\xb0E#\x83\
Ry\x99\x8f\xdb\x82\x9e\x0b\xd1\xb5`W*\xdb\xef9\
\xca\x06\xf4i~o\xa2#Q\x85\xce%\xd8\x1c\x99\xec\
A\x96t\xc9#\xa7\x14ur}\x19{\xa9--\xee\
\xf9\xedf\x1b\x8f\x15\x1equ\x14\xebn\xb75jW\
m\xb9\xe6x*F\x96\xc7\xb4\x8d<\xb5\x96b\x0d\x01\
\xd4\xe9\xfbU9\xbcuKO]q\x1f\xc7\xec\x94c\
\x91\x90\xbc\xf7\x07^\xf7&4u\xf6\xe8XsJ\x90\
\x96\xc7n/r\x5c\xdd\x07\xe7\xc6\x0a\x82\xeb\x00\x5c\x16\
(\x9d\x00\x87\xa3\xe8@\x1a\xc4\xe8H\x04S\x86\xda\xf2\
\x02\x16.\x9d5\x15nU\xd15u\x16e\x90\xda\x8a\
\xb4\xa7\xaa\xa3x\xa4\xf9\x7f\xc5N\x16\xfal\x81\xb2l\
\xd3'5`\xd6I\xd41\x04l\xfa\xc6}}~y\
\x8e!U\xfaQ$\x22\xef\xef\xe4\xf2\x86\xa0\xc4bl\
1\x87\x06Az\xfe@H\x9d\xae\x8f\x0f@\xde\x83\x93\
\x844$\x16\x89\xcbE[\x99\xa7\x13\xe2\x1e\x00\xf9>\
;\x0bA\xee\x00d6O\xa2\x17\xb1\x90\xa4\x8f\xd4\x87\
:\xca\xeek;X[\xc1$\x93\xd1\xd0\xb9VM^\
\x9f\xa3\xc9\xba\xf3@\x8c\xd8\x11\xc3\xe5l\x01\x0dQk\
H\x1c\x12b\x90\xf0\xb1\xd0\xdd\xa0\xadL-\xccU\x8c\
\xf6b\xc9\xe7Q\xf5_.Z\xa9T\x8aVv\xbc`\
:J\xfc\xecb{\xba\xa9)\xd4 \xc8\xe2H\x95\x7f\
XO)\xca\xbf\xf3L\xd2!Q \xc5\xab\x9b\xbc\xc4\
\xd1PG\x82]4\xb1M\x7f\xd1t7\xc8\x03p\x1d\
\x00\xafI\x97\x83\x9e\xba\xf7q\xa7}`\x0aey\x81\
\xd4\xc6\x9a\x11Zp%\xbc<\xb6\xb5\xc0\xb6L\xb9\xa8\
\x93J\xba/\xa0\x9c\xc7c\x8f\xde\x87\x0f\x7f\xf0\xd7\xf5\
\xc1\xc1\xf6K\x19\x80\xbe\xfb\xf4\xb3x\xe6\xb93*\x9f\
\xd4\xde\x1e\xc3\xd0\xf0\xa0\xc0\xfb^\xb4\xb7F47$\
_\x80\xa3\xb3\xe9\xf4\x1e\xd6\x04\xe6.\xaf'0\xbf\xb2\
\x8eg\xbe\x7f\x1a\xdb[)\xf9\xd0\x07\xba\xf3-*\xf9\
\x0b#x\xb3\xdc\xd4\xce\xf6&1\xec&t\xb75\xa3\
C\x0c\xbfM`M\x7fG7\x22\xe2D\xc2\x8c\xba\x84\
\xce\xe2\x99\xb9\xe8\x91\x95d\x22\x09/\x0b'\x87e\xcc\
\xacl\x0a\xe4L\xe2e\xf7=\x80\xe1\x937\xe1\xeb\x17\
.\xe0\xcf\xbf\xf1m,\xec\xe6\xe5\xc04\xa3\xa5\xa3\x07\
a\x81M^\x89\xb2\xa6\xc8W\xdb\x85\xe8V\xf7\xcd>\
D\xe3\xe9\xdda\x1f\xd8\x0a:\xe7\xda\xcbv\xc3ME\
\x1d\x82\x07G\xb9=\xc9\xe3\x17\x90Z]F\xf90\xa7\
P\xdag\xb5\xeeU\xf9\x065\x98^\xff\xbfZT\xaf\
\xfd\xd3\xa9\xe6\xefvV\xdf\xd5\xcc\xafS\xf9u\xaa\x0e\
\x006\xf2\xd7\x8a\xb8\x1eW\xba\xdcZ\xb5\xdb\xf2\xe3\xff\
|\xe1F<\xfc\xf8\x9b\xd1\x1c\xef\x16\x07\xb0\x8f\xa4\xa4\
f\xa6\xf0\xedF\xd9Zz\xe1^\x87\xaa\x9dZG\xa3\
\x9a\xf3\x12\x99\x8c\x8c\x1c\x8bn~\xf4\xf4v\xeb}[\
]\x9c\xc1\xf2\xd5\xb3F\x0d\x81/\xc4h'\x07\xb3\xec\
\x14\xab\xfc\x03\x8f] Sq\x95\x88+FW\x91\x10\
\x8a\xed,\xb3\xa6\xdc\xa3\x88\xab\xbd\xb3SG]+\xda\
\xd22\x08\xa2\xb9\xab\x0b\xedr\xb6X{\xd8Z[\xc3\
\xc8\xd4\x18\xe6.^VM\x84\xf6\xee\x1e,\xce\x5cG\
\x9f\xc0|\xaa4mKZ\x15\x93\xc0@ymB\xfd\
X\xb4\x1d\x8d\x82\xaa8\x07\xc2\xd7&\x9fdIr\xfa\
\xc1\xf1\x09\xe4\x99\x0e\xcd\xcdT\xa7\x22\xb9\xc1z\xe8V\
\xea\x12\x061')Ck\xcc\xc0\xfe\xf9+Wu\xcb\
\xcf\xc1\xc1\x1e\x92k\xab\xe8\x1e\x1cP\xc7\xbd+\x8e\x9f\
J\xc0\x84\xc3+33Z\xb1\xa7H\xe9\xdc\xd5kh\
ijFwo?f\xce_\x80\x97h\xc5\xaa1y\
\x9b\x1a\x05\xb2\x8fcfvF\xa7\x0a\xd9J\xe7*\xb1\
\xbc8\xab\x81\xe1a\x5c\xbf|\x09\x03\x83\x83\xaa\x14\xb5\
-\x01\xb6\xbd\xb5]\xce^\x18\x1b\x9b[\xe8\x904\x84\
s\x00+KK\xe8\x1f\x19\x16G\x90\xc5\xba\xbc\xce\xe8\
\xd4\xa4 \xe74R\x0b\xcb0:]\x8e:\x80vI\
\x0dx\x90\xf6\x5c*p{\xff\xa4\xdcp\xbf\xca=\xe7\
29;\x7fo\x8a\x5c\xdejA\xab\xa8\x91\xdc\xa75\
\xd1\x22&Fz\xf0\xa7\x9f\xf9]\xb4\x88gt9\x03\
L\x01\x96VI\xe6)\xaa\x5c\x97+\xe1EJ.\xc7\
z7\x13I\x9d\x8b^Z\xdd@Z\xa0>%\xa5\xba\
\xfa\x86\xf0\xcc\x8b\x17\xf0\xccS\xdfE\xc4w\x84\x1f:\
5\x80\x07\x8e\x8d\xa0_\x0c\xbd\xd5/\x1e+\xe0\xa0Y\
<\x5cH!WQG,\x0b\xfby\x9d\x0d'\xf4\xaf\
\x14K:\x11EOH\x95\x16\x9f\x15\xedd\x8f\x95*\
\xb9\xf3r8\xae\xa7\x0fp\xfc\xe4I\xdc\x7f\xcf\x1dH\
\x8bA^\xcfd\xf1W\xdf=\x8d\xe7\x97$\xa7\x0c4\
#\xd4\xde))A\x0f\xbc!\xbb\x03\xcf\xadqS\xd2\
\xc9o\xc6\x9f\xb5\x1fk\x99}\xda*d\xeb\xcdc\xda\
y\x1e\xbb\xba\x8a\x905\xbf\xb7\x8d\xf9\x0bg\x94\xa1\xe7\
w\x0a6O6\xfd|P6L\xa2ns\xa4\x15\xa1\
P\xd8h\x07\xc0\xa9\xd6\x01\x5c\xed+\x8f]4RU\
^\xb2v]\xd6\x94\xc3W5|#[_\x1b\xdcq\
\xaa\x95{\x17e\xd4\xed$\xf0zl}\xc3\x0a{\xd8\
)\xb3S\xb7\xbf\x5c\xd7\x8e\xef\xcb!\xde\x96TKa\
\xa6\xd7o\xeb:5\x07\xa05\x80\x8aY\x0fg\xb6;\
y\x94e\xc8\xbaN\xd9R\x8dIJ\xe2t'\x05B\
\x16g\xafa\xf5\xea9]\xf1\xe6w\xb2\xb8\xfb\xe6.\
L\x0e\xb7\x9at\xb2\xecQ\xb2K\xb9\x94\x17DYQ\
\x14\x95/:H\xa4\x0e\xb0\xba\x9e\xc1Z\xe2\x00\xb9\x22\
\xefMP\x07\xc6X\xa7!\xc1I\x87\xb0\x88\xd6\x88\x05\
\xe5\xbcF\xc5 \xb6\xf2\xfb:\xe2\xbbt\xe12\xfaF\
\x06\x90\x92`\xd2\x1c\x8d\xea4`^>S,\xde&\
\xe7z\x0b\xf1x\xbbvp\xb6\xe5\xdf9 F]?\
jO\xd0(2\xb9}D[Z\xb0>=\x8b6\xc9\
\xb1\xa9\xf8\x93\xb8rY\xd0K\xd1\xf4\xf2\xc3-\x88K\
\xdeLGC\x19\xaftf_\x0b\xd5Kb\xd0l\x1b\
\xd2\xe9\x17\xb3Y\xf8\x04\xaa\x87$7o\x14\xc7\xba(\
ilwG\x97\xe4\xd9\xeb\x02\x0e\x0e\xd192\xa4\x9d\
\x0e\x06\xaa\xb1\xe3\xc7\xb0t\xe9\x0a\xfc\x92f\xb8\x0c\x8a\
#q\x9e\x1d\xe2@8\x9c\xd6\xd5\xd5#i\xf3\x0a\xba\
\xba;\xb1\xbc\xbc\x84\xa9\x13\xc7\xe5~R\xdb`D\xd7\
\x84\xb7\xb7\xc7\xf5\x19\xa5\x04]G\xe4\xb3\xf2\xb9\x149\
\xc5+\xb6\xe0\x88\x93\x0aI\xf0\xe4Jpv:\xfcA\
\x0f\x123\xb3\x9aV\xb2v\x12\x8e\x92\x070\xaegU\
\x97\x83\x9e\xba\xef\xf5Nl`B\xa7\x8f\xb8k\x9c\x94\
J[\xba6\xaa\xb0^#l\xc9|\xe4H\xf2\x192\
\xb0\x88\xa4\xa2\xcd\x01\xe5\x03\x9c\x18\x1f5o\x0c\xabH\
\xcb\xe5\x0b%#\x8d\xb5\xbb\x97\xd1\xbc\x9f^vS\xf2\
\xcbC\xa5\x027\xa2\xaf\xa7\x07c\xa3c\x92\x0etJ\
~^\xc6/\x7f\xe0#X\xb8v\x15?v\xcf\x18\xde\
\xf5\xd8=h\xa1\xd4\xd5\xee\x81\x18\xfa\xbe\x16xp\xc8\
|_\x0e\xe1\x91\x19H\xe1\x8ap\xb7\xb5mP\x8a\xd5\
\xb2\xd5\xb3n\x07Y\x88N\xe5\xc0\xac\x0b\x14\xba\x9a\xde\
E\x87\xa4\x1e\x8f?\xfc\x10\xd2\x89Ux%=H7\
\xb5\xe0\xcb\xcf\x9c\xc3\x93\x97\xe6\xb1+\x07-\xd0\xd8\x8a\
\xf6.I\x09\x9a\xa3:\xbd\xc5\xf7\xf1\xd9\xad4n;\
\x8cu\x0aw\x18V\xd7\xa0\x13\x11\x04\xac>\x82\xfc_\
n'\x89\xa5+\x17Q\xca\xec\xa8Z\x0f\xf3\x16\xfeN\
H\x0eP\xcf\xd0\x84\xce\x8es\xa1#\x97t\xe8\xfc\x81\
\x12\x8d\x5cIu\xd8\x85\xa5\xe6@x\xabL\xc1\x1b\xeb\
\xf1\xd5\xc4\xa1N\xdd\xd7-\xca\xb9Q\xba\xbe\x8d\xeb\x16\
\x0c\xab\x03?\x80\xed=\x1b\xd1\x0d\xfdb\xaf\x98\x08 \
\xb9ej\x03\x9a\xaf\xfb\xac\xf4\x97\xbbO\xb0R\x85\xfc\
\x8c\xd6\x1cI\xa6x\x8cc\x8b\x8e\xbc*\xaa*q\xd9\
\x07\x8b\xa4\xcbs\xd7\xb1z\xf9\xac\xfc\xa8\x88\x06\xff>\
~\xef}?\x8c\xd7=2\xa8r]\x0e\xb5\x14\x1c\x0a\
\x95\x14T\xf1\x08\x15\xb3\x81\xf7H\x1c\xc3v\x068s\
)\x81\x7fz\xf2\x22\xce\x9cKb?\xdf\x88\xb2n5\
\x0a(T&\x84\xf6\x06%O\x97\x7fF$\xba\x1f\xfa\
\x0c\x89l\xe5\xd2e\xf4\x8a\x03Hol#\x14\x89\xa0\
A\x8c8\xb3\xb7\x83\xb6h\x0bJ\x8c\xb4r\x85<{\
\xecr\xf1\xfd\x19\xa0\xc8\xe78\xdcI\xe3 \x97\x95\xff\
n\xc5\xc6\xec<\xa2\x1cB\x93\x08\xbcyI\x22t\xa5\
\xa8\xc4!oP\x22\xf8I\xaa\xee\x14\x91\x13\xa3;\x14\
\xc3\xed\xe8\xe9\xc4\xca\x95k\xba\x1a-$\x81\xec\x80<\
\x00q\x0a\xbco\x1cm/\xd8Z\xd8\xbe\xa4UYq\
\x18=\x12\xddw\x96\x97q\x98MclrB\xce\xc9\
U\x95\x04\xf3X\xe0V\x92k\xe9\x18\x90\xeb\x17C\x8e\
R\xd5\xa7\xc0\x91o\xbf\xee\xfeS\x0707\x87\xbe\xe1\
!E[4~J\xc8e\xc4\xe90\x00rvA\x03\
\xf4>\x83w\x08\x0d\xcd\x0dH,. N\xd6m\xd8\
\x8f\xcd\x99yu\xdcZ\x04\x14dB&\xa0Q\x04\xb2\
z\x00\xd1\xbe1\xb3\x18\x84m@\xf2\x00\xd4\xc1;\xd5\
\x85\x8d~-\xd8Tt\xcd\x12\xc5BY\xa0\x0ax\x8f\
\xf0\xeb\xef\xf9y\xbc\xf9\xf1\x1f63\xc9\xe4\xb2\xeb\x16\
\x952\xaeL\xcf\xe1\x92<\x904+\xbb\xf2\xdf-\xf2\
@h\xf4}b\x84\x1c\x05nn\x0ck\x0e\xc6J\xee\
\xf3g/\xe0\xb7>\xf2I\x94w\xb7\xf0\xfb?\xfb:\
\xdc\xdb\x1aD\xf2\x85\xab\x08e\xc5\xd8)\x0d\xa6c\x93\
\x96\x89g\xf3RW\x9e\xdc\x9dd\xabn\xb7q\xab\xd5\
\x96\xc4\xc2\x83\x93\x92\x03ve/\xad\x87\xe2\xad\xaf{\
-r\x82r\x8a\xdc\x5c\xc3\xd5\xc9\x9d\xbd\xf8\xd7\x99\x05\
\xfc\xcdw\xbe\x8f\xcd\x8c\xbc_\xa0IR\x82n\x84\xdb\
:4\xf7b!\xe9\xc81\x0e\x90\x06\xc9Qb%\xf9\
hZP\xd1\xce\x82J|\xc9!\xcc\xedn\xe3\xfa\x99\
\xe7Q:HC\xb2B\xc3\xee\xf3K\xaa22\x81S\
\xb7\xdd\x89\xa8\xe4\xd9t,*\x98\xed\xb1c\xb8n\xa4\
wkj.\xcc\xae*/{\xec\xff\xabW0\xbe\x91\
\x8b_\xcb\xd0\xeb\xfa\xf7\xeew\xad\xa2\xaf\xfb\xb3Z\xcd\
\xa0R\xed\x16\x18\xa4\xe3\xa8H\xe9\xd6V\xc2@R\x8b\
\x00j\x0e\xa0RMAT\xb3A~\x97\xd0\xd4\xe3:\
^\x8b\x5c\xc8Hdq\x97\x08`y\xee\x1aV.\xbe\
(\xf7\xa1\x84\xa0g\x17\x7f\xf0\xfeW\xe1\xf5?\xd4/\
\xaf\x993\xeb\xcc\x98\x0aH*\xc9V\xb2\xd9=\xe8S\
\x82\x10\xf1e\xd9i\xc2\xee\xbe\x1f\xdfzz\x19\x7f\xfe\
\xb7g0\xb7Ng\xdajt\x07\xe8\x1e\xb9YG\xe0\
oE\xceQSgL\x95y\x0aT\xc1\x15\xd4X.\
\x945\xb5\xe1\xfc\xfd~z\x1b\x01\x89VM\xf2{\x19\
\xf9y\xa8\xc5t\x98vS\xbb\x88JzJ\x02PJ\
\x8c\xd2Ln\xca\xb3\x96\x80\xe5on6\xe3\xb7;\xdb\
:\xce[\xb2\xf78\x22)\x05s\xed\xed\xf5u\xcd\xbf\
)6s$\xe7\xdb\x1b25\x89\xa2 \xa1\xd6\xce\xb8\
R\xaf\x19D#\x12\xfd\xd5\xd9p\x0b\x91\xd8@\xa8\xb5\
\x05\x8e\x18\xefQ\xe9PIH\x9c\x04\xf4\xdaIJ\xdd\
\x8f!\xef\x12\x92\xeb\xe1\x9a4\x06\x87&\xea\x03\xee\xa6\
%\xb8\x16\xd0\x1a\x8fc7\x9d\xd2\xf7\xe4D\xe0\x8e \
i\xaa\x00\x13\x11\xedl&\xd5\xb115\xc8KZ\xed\
\xf3\x85Ut\xa5(\xe9\x03Q\x13\xe9\xf0\xc5tF\xcf\
\x1d\xdf\xaf9\x16\xd36 \xcf\xf3\x8e\xab\x07\xd0\xd67\
\xae\xbd\xc8-.\x06\xe1\xee3\xc7\xe4\x7f\x0a\x1b=\x86\
\xe3\xcd\xcc\x8b\xf4KV6U\x18B\x8c\xe8\xb5\x8f\xbe\
\x02\x1f\xfc\xc0\xaf\x98\xbdp\xecyW\x8c\x22\xed\x95k\
\xd7\x91Jn\xa3S<\x10\x97\x18\xb0m\xd2\x10j\xd0\
\xb3\xc8\xbd}{\xe2\x11Y\x03\xd8\x12w\x7fM\xa0\xcd\
?}\xf5\x9f\xe1\xdb]\xc3g\x7f\xeeu\xb8U<n\
\xfa\xec\x02\xc2E\x16c\xa0\xca;.\x0f\xd5.\x222\
\x94W\x1b\x89\xeb[\xd6\xae\x89T,\xec\xad\xf0a\x8b\
7\xbb,p\x9c3\xe8o\x7f\xd3\x1b\xe1lo\xe1\x88\
rIrH\xcbr\xc3%!\xc3\xc5\xed=|\xee\x9f\
\xbf\x85\x8b+I\x14\xbd\x0dh\xee\x1c@L\xbe\xefU\
\xd6\x9f\xaf\xeadL\xbb\xce\xb4\xfa\xb4\xe8$\xb9!\xc1\
oHR\xa2\x99\xb3\xcf!#\x87\xc3\xc7\x0a,\xb5\x00\
\xc2\x11\xdcr\xc7+0y\xcb\xcb\x94\xe8B\xc7A~\
A\xd1\x8e\xb2\xd2a\x1a\xa6\xa9\xa7j\xa0\x8e[\xf8\xb3\
\x82\x9c\xd5\xca@}/\xff\x06)\xafJ\x8d\xc5g\xf3\
\xf2\x97J}\xe1%u\x06wg\x91\xd7\xcd\x19*\xe6\
\xbd(\xa4b\x22\xba\xf2\xd2\xeckU\xaa\xe8\x82\xd7O\
\x12\x12ES(=\x0e\xb8\x0bd\xab\xa0Dr\xe4\x80\
\xc0\xd7\x0e\xbd?\xab\x0b\xd3X\xbe\xf8<I\xad\xe2\x10\
w\xf1\xfb\xef{\x10oxu\xbfx\xe5\x1d8\xc5]\
1\xfcCE\x93t\x00ZQ\xf74\x98UVJ\xa3\
\xe6J+10O\x13./T\xf0\xd9\xbfx\x11\xdf\
\xbf\xb0\x87,W\xb0\xdb\xe9921\x8f\xe4\xfdr\xd4\
\x17$Z\x93/U\xd2e\xa5_\x1c?\xbbZ:4\
T>Ti\xbb\x90\x9b\x06\x91\x92\xab\xc5=\xa3\x9cD\
=\x80#j\x02\x08\xb4\xe7`\x8e\x16\x01I\xdd\xe6\xb4\
\xabm\x9b\xb2\xc6EU`\xf6\xbb\x820*\xd1\xbc\x03\
!;\xc7O'\xe1\xe7<\x86\x16y}\xaa~L:\
1\xff>X6\xd2\xe2\xfcYC\xc9h\x11\xb3\xca\xe6\
\x17\x9b\xf1\xea\x0eN\xb3\xf0\x94\xa9\x5c\xc9(\xc7\xa8c\
e\xad,\xa0\xade\xa3\x06\xcc\xa2r\xd11\x8bU\xd5\
0l9\xd6_1\xb5'*G\x85`\x9c(\xd5\x80\
\x83L\xb5\xa8\x9dA\xe5\xe3\xa3\x8a\x16\x01\xc9\x03hn\
oG\x9b\xa0v:\xb3=]\x0cr\xaf\x99\x06\xe4f\
\xa0\x94 \x80}\x81\xdc\x5ct\xc1\xaaU\x9d\xf6\x8bV\
\xfa+\xce\x91B\x0d\xdda/7md\xa0C\xd2\x80\
\x8fI\xfe\xd4dTg\xea\x0b\xd1\xf2\x00\x8et \xa5\
\x84l\xf6P\xe0\xe5\xb6\xb6\xf5\x96\xd66uskk\
\xa4\x0d\xf1X\x9b\x1a\xc5\xe7\xbf\xf0W(l\xcc\xe1\xbf\
\xbe\xe3\xd5\xb8[ K\xea\xec<BE\xfe\xbd\xdch\
\x9df1\xe3\xabFZ\xe7\xa5\xc7\xd9\xb9\xa1\xa0\xa6\x90\
\xd4k*\xd9e\xf1\xa4\xd4o\xb9&P0'7\xf1\
\xff\xfa\xd1\xb7\xa0Ar\xc6\xa3\xacY\xe4H*)%\
\x9a!^qQ\x22\xdb\x9f\xfd\xcf\xaf\xe3\xd9\xeb\xcb\xc8\
\xfb#h\xed\x19B\x5c\xf2A\x1a\xb9V\xf6\xbdfn\
\x9fL\xc2j\x87\x84\x0f\xaaT\xc0\xd6\xe24R\x0b3\
*\xe1E\x18O\x9e\xc1\x1d\xf7=\x8c\xd1c\xb7(J\
\xa0\xe2\x11\x87\x98\xb2\x92\xff\x15\xad<\x17P\x07\xff\x1d\
\xa7\xce\x0d\xa0\xca\xbc\xab~\x9e\xba<\xa0^\xabO\xe3\
F\xa5\xbe\xdf_\xbb\x0f\xd5\x99\xfezgP-\xe8\xd5\
;\x00;\xf0c\xeb>\xf6?4\xf7\xd6\x16\x1f\x9d\xd6\
QA\x89]$\xb4\x18\xfa\xb7[\x97\xf0\xc0\xddrl\
\x10\x80\xbf\xea\x00\xd6X\x04\xbc\xf4\xa2\xfcHR\xc6J\
\x1a\xbf\xfb\xde\xfb\xf0\xe6\xc7\x06\xc5(\xb7P\xceo\xc8\
a,\x98\x9a\x06\xf3l\x96\xc2\x99\xefk\x0b\x8b\xa9g\
H^\xa3\x85s\xb8\xf2v\x11,'\xfcx\xff\xa7\xbe\
\x81g.I4\xadx\xd5\x00\xc9;\xf1\xb7\xb6!\x22\
\xa82#\x918/Q\x97}\xf8\xbdDJ\xdbfm\
\xe2\xc0\xb7\x96\x96t\xf8\xa7)*QSrg\x0ef\
564\x22)\xe9hWo\x8f\x22\x82\xb5\x85\x05\xb4\
45\xa9\x03M%\xd6\x05\xa1v)\xd1*\xb3\xb9\xa1\
u$\xf3A}\x88\xb2\xbd\x19\x0e\xeb\xfa\xb0\x88\xa4\x8f\
4(\xae\x10o\xef\xecB\xee0\x87\xbc\xa4\x00\x1c*\
\xcar\xd3\x90\x9c%\x16!\x8f\xf2\x92\x06'6T3\
0\x22\xa9Qry\x05-\xedQE\x00Iy\xdfr\
6g\xe8\xde\xd4\xb4\x90\x88\x1e\xeb\xeb\x91\xe0\x98\xc1\x01\
\xd3\x80\xb6\x18v\xb7\xb6TO2&\xe89\xb1\xb2\x84\
Fj\x11Jj\xb3!v\xc4\xf1\xf2`(\x8cmA\
\x00\x1d\x92z\xf8\xe5=R\xeb\x9b\x92\xf2\xc4%m\x92\
3~p io\xaf:\x9c\xed\xa5U\xf9L%u\
\x00-\x82|b\xc7&\xf4d\x18\x22\xd0\xbd\xafW=\
\x80\x12\xb7\x03\xcb\x1b\xb2\x1dD\xe2\x8a\xab\x8f\xe1\xb5<\
{.=T\x7fB\x9d:]lXAc\xb0\x82\x8f\
}\xe4\xfd\xb8\xe3\xb6\x9b\xb5rZfnW6\xb9e\
Rr+\xea\x04.\xcb\x8d\xa7\xac\x17S\x83&\xc9\xbd\
{{\xba0><\x8c\x1e\xea\xb9\x09\xc4\x9e[Z\xc6\
\xfb\x7f\xfb\xbf \xb7\xb6\x84\x8f\xfe\xd8\x03xM_\x0c\
\x1b\xcf_\x87\xff\xd0\xa7\xf0\xbbd\xd7\x89\xbb\x9bc\xe1\
\xfe\x9b\xe3\xee\xafq\xaa\xd0\xdf\x8d\x98\xb0m6J\x83\
\xec\xc9\x01\x9e\x93\xfcvO\xbe\xf1\x86'\x1e\xc7H<\
\xa2\x9a{\xe4\x93\xd3\xcbr\xdc\xb6\xc0C.\x87wC\
\x0e\xd6\xd7\xce_\xc3\x93\xe7f\xb0\xe3oB\xf7\xf81\
\xb4\xc4{T\xddE\xa7\xfa\xbcV\xb5\xc71}rn\
L\xde\xdfIh\xbf\xdb\xc7\xe1\x15\x22$\x89^/\x7f\
\xe0Q\x1c\xbf\xfdn9\xfa^m?\xe5\xe4\xfdK\xba\
\xd0\xd1\xe4\xf9\xaezr\xbd\x08\xc7\x0d\xd3wV:\xdb\
\xd42\xbc?`\xc0u\xcd?[)\xafT\x19z/\
E\x0a?P7\xa8\xf2\x85\xdc\xae\x82\x1d\x08B\xd9N\
\x7f\x1a\x8a07\xcc\xb0o\xcd\xcd\xcbGva\xa5\xe6\
\xfan=\xc1M&*\xb8\xc1\x010\xc5c\xaa\xb4,\
\x08`\xed\xeay\xad\xfc\xfb+;\xf8\xc4\xaf\xdc\x8d\xb7\
\xbe\x96\x0e \x05'\xcf\xbd{Eu\x1e\x8c\xa5\xba\x80\
\x04n:\xc43\xc4\x00\x14\x82\xa7AR\xb1P\xab\x1c\
\xde\x16\xfc\xfbsY\xbc\xff\x93Obm\xc7\xabz\x91\
\xa4\xcf\x86;z\xe1#\x94\x97<\x9c:\x00}\x93\xa3\
bX+z\x7f\x87O\x9d\xc4\xcc\xf9\x8b\x18;>\x8e\
\xdd\xdc>B\xf2\x9al-wuubvv\x06\xc3\
c#(\xca\x19\xd0\xa5\x19\x8e\xa9#pt7\x1cj\
\x14\xa3kDje\x11%1f\xa6\xc1\x81\xa6(\xba\
&\x8f\xe1\x90\xfb\x11%\x9d\xe4z\xb0\xa6\x888\x8f\x99\
\x19\xf4\x8dN\xe8<\xc8\xa6\xa4\x12}\xa3C8\xd8\xcf\
\xaa\xf2TY\xae/\xd6\x12\xc5\xe6\xe2\xbc\xa6\x89\x83\xc7\
\xa7p\xfd\xfc\x05\x0cO\x8e#\xbd\xb3\x83\x00)\xdf\xe2\
\xa0|\xca\xf6t\xe4oG\x90\x13\x14\xd2.)\xd4\xec\
\x95\xeb\x18\x19\x1d\xc7\xaa\xe4\xfd\xfc\xdb\xf1\x93'1}\
\xf5\x0a\x06G\x87\xb1\xb7\xb3\xad\xc8\x81)X4\xd6\x85\
\x95\xf9\x05%/Q$f\x7f{G\x90v\x93vP\
\xb8\x96\xac5\xd6\xae\xac\xc5\xad\x999\xd5#\xf4;\xa6\
\x0b\x10\x9f\x9a\xd4 \xb9k\xa8\xc0\xec\x02\x8c\xe9tS\
Z\xa2\xf4\xc1^\xc6\xcc\xb6[\x1a\xac\xc7\xebB\xa7\x8a\
\x8e \xb22N\xc8\x0f\xee]\x17\xf3\xfc\x89\x1f\xff\x11\
\xfc\xf4O\xbe\x1d\x87\xd9\x8cVU+\x15\x9f\xde\x90\xef\
|\xefi,\x89G\x8a\xa9@\xe8\x00z\xe5\xc6\xb7\xb5\
\xb6\x8a\x07\xa6\xe8\xa6\x197&\xf3\xec\xda\xdc2>\xfd\
g\x7f\x81\xb4\xdc\xc0\xf7\xbc\xeev\xbc\xfdx?6N\
_\x87/\xebWvb\xc9\xebT'\xd8\x1c\x17\xc2Z\
AP\xaf\x1b\xf5\xe0\xb1\x83-nd\xb6E5\xf9\xca\
\xcbM]\x96\xc8\xbbQ\xc8a\xe4\xd8\x14^\xfd\xf0C\
h\xd0\x9d\xcfE\x8b\x80\x1d\x95\xd8b\xbdbK<\xef\
\xfaa\x19_=w\x15\xdf\x93\xb4\xa0\xb1s\x18]\xc3\
\x93\xf0\x87\xccR\xca\x8a\xc7\xe8$\xe8\x8e:v\x01\x04\
^\xceK\x9e\x9b\x97\xfc,\xa0\x86(\x19\xc5\xf8\x09\xdc\
\xff\x9a'$7\x94\x9c,_\xd0\xfdm,\xa0\xd6\x97\
\xee]\xbb7\x834\xb6\xd3\xef\x18\xa7f\x0c\xb5\x5c7\
\xa3\xef\x8ax\xd4\xca\x80N\x1d\xf4W\x11U*89\
\xb5\xd7\xacT\xca5c\xc7\x8d\x03?\xa6(\xe8\xd6\x1a\
\xcc\x85TT\x98\xd2\xcc\xf6\xb3\x93B\xe5+\x83\xe6\xaa\
8\xc4\xdd\xadj\x07\x81j\x14d7\x19\xe3\xdd\xe6\x08\
59\x18A]\xa29\x87\xe5\xabg4\xdf\x0fyv\
\xf1\x89\xff\xe7.\xbc\xf95\xe2\x00\x8eR\xa8\xe4\x97\xe5\
0\x1e)\xd9\xc5}\xadz\xfccn\x07\x8d\x5c\xf2\xd9\
\x86\x98\xa0\xb0\x98\xa0\xc6\x18\xfe\xe4\xaf_\xc4g\xff\xfa\
\x02\xf2\xa5F\x9bsD\xe1\xb4\xb5\xe9>\xbf\xb5\xd9y\
t\x8c\x0e\xea\xc0\x10wK\x8c\x9c8\x81E1\xd0\xd1\
\xe3\x13\x12\x8cv\xd0\xde\xd8\x8a\xcd\xd5e\xf4\x0f\xf5K\
\xd4_D\xcfP\x1f\xb2\xacg\xe5\x8a:g\x10\x91\x1c\
\x9d\x9b\x90U\xa4E\xa2\xebAr\x0b\xa5\xdd=}^\
\xc1\x966\xb4I\xd0\xda\xdf\xdb\x15\xa8OJ\xfa\xbeR\
\xdc\xd7\xc4\xf8\x9acq\xe5\xdbo\xce/\xa9\x1e\x80K\
\xc4:\x10\x83\x8cS\xcf\x7f}MQ\xf0\xf0\xc9\x13\x98\
\xbb~]\x8cxT\x02m\x12\x91`\x10\x9b3\xd3j\
\xcc\xfc\xf8=\xe2\x90v$\xf8\xf6\x0a\xa2\xb9~\xe9\x92\
Q/^]\xd3{<z\xe2$\x16\xe6f\xe4{C\
\xd8\x94\xd7k\xa1\x83\x12\xb4\xde50,h`\x05]\
\xfd\xbd\x92\x9e\x09:?\xc8\xe9\xf8\xbb?\x1cP\xbe\x02\
k\x22\xcd\xf2<v\x17WM\xcdA\xae\xaeQ\x1c@\
\xe7\xe4\xa4\x04\xd7\x12\xf6\xd9\x05\xb8\xd9\x0a\x82\xb0!\xb2\
\x9dH\x1a\x07\xe07\xad0\xa3fk\x1c\x80\xae/\xd2\
V\xe0\xa1\xd9\x16[\xa4\xa2i\x09\xb7\xdd|\x1c\x1f\xff\
\xf0o\xa93\xa0\xe0\x87Q\xe4+k{\x88m\x97V\
Vd\x83\x01\x85\xab\x5c\xf8\xb1\xbd\xb3\xa7*\xbe+\xf2\
\xe1Hu<\xc8\x97\xf0\xfd\x17\xcebgu\x03?\xfd\
\xc0$\xde\xf9\xb2Q$\x04\x01x\xf7\xbd\xba\x1a\x9ay\
\x9d\xa6!.\xb4\xad\xc2~Cl0k\xc9<n:\
\xebV\x00`\xd7Y\x1a\xedwqXK\xe2\xa0\xb2A\
\x1f\x86\xe5\x01\x1c#\xddSR\x9c\xacx\xd1Lf\x1f\
\xbb\xe9\xb4\x5cK\x0a\xbb\xf2\xef\x07\x82T6\x8a\x1e\xbc\
\xc0y\xcc\xd6~\xf4L\x9e\x90\x08\xd0\xac\x0c+\xc7j\
 \xea\xc0\x9d\x18\xdd^b\x15\xab\xd7/\x22\xa4\x1c3\
\xd2\x0a\xa2x\xe0\xf5?\x82\xb6\xfeamsqN\xbd\
\xa8\xf7\xa4.\x0f\xaf\x13\xdas\xb7\x09\xbbc\xb5Z{\
\xb1\xb4\x1f\x8f\xad\x0e\xaa\x18\xa9~\x19\x9dF\x16\x94\x18\
\x91\xdd\x9dz\x95r-r\xd7\xba\x02\xae\x83\xd0L\xbd\
\xfa\xfe\xfa=\xd7S\xb8h\xc2\xe3\xba +\xecQ1\
\xcbM\xbd\xee\xdao{\xd7]\xc8\xefj\x0e\xa2\xfa\xda\
\xb5d\x8c<\xff\xb8\xdd\x0f\xb0\xb1\xb4\x80\x15\xe5\x01\x94\
\xd5\x01|\xec\x97\xee4\x0e\xa0\x94T\x04\xe0\xd3\xdc\xbf\
d\x9f\xd4\x8d\xb5\x0b\xbd\x17:k\xc0\x94\xa0\x11\xdep\
\x5cR\xa9\x0e\xcco\xfa\xf1\xee\xdf\xf8'\x9c\x9d)\x99\
\xb5i\xde\x10\xc2$sI\xa4\xdd\xd9\xd8B\xb4\xbf\x07\
\xd9\xed]]\x10\xd356\x8aU\x81\xeb}#\x83h\
\x95CO\xad\x8b\x031\x02.\x1c\xe5f\xde\xfe\xf1\x11\
\x85\xd4\x9c;P\xb1\xcc\xa6F\xec$\x93\xe8\x1b\xe8\xd7\
@\x96\x98\x9dS\xee\x02oJ@\xa2j\x17Gh\xe5\
\x9aY]\xe7\x15\xb7E\xdb\x95\x9e\xdb\xd6\xd3\xadE\xe1\
\xcd\x85e\x81\xd7mj\xfc\x9c\xe6k\x97T\xa8\xc4\xe5\
.r\x0dL!\xa8\xfb\xbf\x22\x0e\x88-\xbe\x888\xad\
\x84\xa4\x00\xfbr\xfe}\xa6\xf2\xab\xc2\x22\x1d\xfd\xfd\x82\
R\xf2X\x92\xc8\xdf%\xb0\x7f\x97\xdb\x83\xe5o)Y\
\xb6\xb2\xbc\x88\xb8\xb6X\x83\xe2@\x12(H\xfa\xd0.\
\xaf\x95\x5c[WU\xa2\x86`\x18\x09A\x14\xfc}\x16\
\x01s\x994\x86\xd8\xef\x17\xdb[\xb94\xad\xab\xd2=\
\xea\x00\xda\xe4\xb3L\xe9\xe8\xf2\xde\xda\xbca\x02\xc6\x06\
\xb9*\x88\xcbA7\xd5\x1b\xc2k\xd65\xb9\x14Uu\
\x040rU\xcc\x079\xa8A\xf6\x15\xcb\x22\x9dmM\
\xf8\xbd\x8f\xff\x0e\x06{;\xcd*+\x18\xf2\x90+{\
\xc5\x82\xd1\xde\xee.\xd6%\x17\xda\x12\xcf\x97?,\xea\
\xecrXr1\xf6f\x9b\x22\xed\xf8\xc2\x97\xfe\x06/\
>\xf5,\xde|[\x1f\xde\xf7\xf0\xcd\xd8~\xf1\x1a<\
i\x03\xe1\x8b^\x17\xee\xd7ZR\xa6l\xee\xd1vV\
\xad\xfe\xed\xadF\xab\x8aS\xdbR\xcc\xfbK\xa8\xb7-\
\x0e+%\x0f4\xcf\xff\xf6r\x96\xba\xa2PW\xf7\xd3\
i\xd9\xcbD\xa1f\xc9\xa5\xbc\x916\xfc\xdd\xfc\x1av\
\x1b;\x05.\x1dGC$\xa6\x04\x1e\xe6\xff*\x94\xca\
\xcap1\x8f\xc5+\xe7QL'\x10\xf4\x98\xe9\xc0I\
\x8aw\xde\xff*A-\x01d\xc5\x91R\xf9\xc5\xf0s\
\xca/q\x00?x\xe8Qm\xeb\x99\x08N\xa4\xc1\xf9\
\x09\xa2)\xceb(\xf5\xb8bI3u\xb0\xdeSA\
]\xb4\xaf\xbf?\x16=\xd4\xd5\x10\xaa\xefSu<5\
\xc7Tqy\xff\xd5\x1bj\x17\x84\xe9>GT\x87\x8d\
\x1c\x8f\x9bny\xaajFz\xef\xe5\x9eP5*\xc6\
-Ar/\xd6\x97\xe6\xb1v\xed\x02\xfc\x12\xe5C\xd8\
\xc3G\x7f\xf1\x0e\xfc\xc8c\xd6\x01\x1c.\xab\x22\xae$\
\x1a\xd5{\xe1\xa6o\xb5\xcfb\xe728\x83*\xe9\x98\
'\xd4%\xcf\xb1\x15\x7f\xf9\x8fs\xf8\xf8\x9f\xbc\x88\xac\
\xd3h\x94\x9d\x02\x02y\xfdA=S\xe5p\x08\xbe#\
\xeb\xb2|A\x15\xd5t(C.F\xe0+\x9aB_\
\x89B\x9f\x14\x08\xa5\xdc\x1b[\xb8\x14\x80\xb5\xec\xc6r\
\xd1\xd0ju\xada\xa1\xac)/\x7f\x16\xf0\x87Pb\
\xb5\x9f\xaa:\xea\xd0\xa9\x08\x15T\xa7_\xf4\x98\xb1k\
\x1f\xd5|}v\x17d\xd9,\xfbP\xb1R\xf9\xa2 \
\x0aW\xbeA\x09a>\xa5\xfdz\xb4\xdbV2B\x9e\
<\x8b$\x9d\x09jtH/.\x19%e\xb6H\x95\
9*\xefO\xdbS\xa2\x9aR\x8c\x8d1\xf3\xcc\xf1s\
\x95\x94\x82\xec\xe5H\xa7\xda\x08\x83\x9e\xb6W\xa9\xc1\xc1\
\x02\xebaE\x83\x8bj\x02\xaa\x03\x98TI0\xdd\x0d\
x\xf2\x9e\xd7:m\x92\x02\xd0\x01\xec\xd0@\xa9\x07`\
e\xaf\xeb\x11\x00/\x80\xde\x8d\xb4G\xe6\x85\xa4S\xb2\
\x82\x1a\xf6W\xf0\xab\xbf\xfcN<\xfa\xf0+U\xa9G\
o\x0es_y\xb33\x17\xcfce}]\x1f$\x97\
\x19R\xe8\xa3+\xde\x81Fn\xc4\xf1\x98}f\xec\xfd\
~\xfe\x8b_\xc2\xd7\xfe\xf1\x7f\xe1\xc1\xa1f|\xf2-\
\x0fb\xff\xdc4*\xa9\xb2\xd6\x00\xf2.\xdc\xaf\x16\xba\
n\x8c`U\xa3\xf2X\x96\x9b;\xe3^W/\xe0\xea\
\x05\xa6\x02y1xqo\xda\x198\x92\xdf\xf59\x1e\
[\xb55}\x0e\xcaF\x0fw\xc7\x11\xe9\xe9\xc4'\x9e\
z\x1e\xf3hATr\xbf\x96\xb6\x1e%\x9fx\xad\x03\
`\xae\x9fK'\xb1|E\x0e\xf8QN#@P\xa2\
\xd0\xc3o~\x1b\x22\xddC:\xde\x9c\xd9I)u\xda\
\xb1c\xb9n\xf5\xdd\xa4\xdc\x8e5\x9a\xfa\x9c\x1d\x8a\xae\
\x0e\x05%Q\x15\x86\xc5\xb7zJ.\xaai\x83-}\
:6\xf9qP\x17\xed_\xe2\x04*u;\x01\x9d\xfa\
\x7f\xaf\xdc\xe00\xcckVj\xc3\x84\xae\x0fp\x95~\
l\xd1\xd3\xe3q\xdb\xac\xc6<=p9\x00\x86\x03\x1f\
\x0c\x18\x07\xc0\xfb\xb9\xb28\xa3\xe8\x88\xb2\xd6Ad\xd4\
\x01\xbc\xf5\xb5\xc3\x926mI\x0a\xb0\xa2B\x19\x15\x0a\
ayp\x83\x030CK\xa8\xbe\x83\xc9\x08\x02Z\x0f\
p<\x11A\x01\x0d\xf8\xb9\xdf\xf8W\x5c^1\xfa\x0d\
\x1e\xc7O9(x$\x02:\x5c\xcd\x95-\xa8\x14x\
CS\xc4\xf4\xc5\xe5\xc7\xdcAY\xdc\xdb7Y\x0c\xcf\
\xb2DY_c\x83\xe1\xe7K\x8af:K^\x14\xe5\
\xdeS\x0dH\xd7\x99\x1f\xe4l\x8b\xb2\xac\x0bb*\x8d\
!\x83BY\xb8\x0b4(\xa7\x9f6\xc1\xd5\xdf\x9cW\
(QOP^\x93r\xdf\x15jD\x84\x1b\x14\x01T\
\xf2F\x16\x9c\x7f\xc3B9\xbba\x94\xf1.\x0a\xea\xa4\
b0\x1d\x80vQ\xb94Fl\x84\xa2\xbc\x84s\xbe\
PP\xf7\x1b\xb0\x1e\x17\x90`\xc9\x1d\x90\x9c\xb8mh\
lB>\x9b\xd7t\x8bv\xea\x902\xaf\x0e\x00\xaa\x96\
\xcca7]Uv`\xaeGS\xbaB\xc5\xba\xd3\x0a\
\x9a$\xe8vR\x14\xd4[\xe7\x00X\x04\xac\x88\x03\xd8\
Nl\xa9\x03\xe0\x0d\xf0\xda\x8a\xbb\xd7g<\xa8z \
{t9\xb0\xc0\x0fC\xd5\x16Vs\x9fx\xec\x11\xbc\
\xe7\x17\xdf\x89,g\xb6\xa9r\xea5\x031W\xae]\
UD\xd0\xd7cF&\xf9}\xb6\xf5\xd8r\xe2\x8c\xc0\
z\x22\x85\xf4\xee\x01\x9e~\xee4\x9e\xf9\xee3\xb85\
\xee\xc1\xe7\xde\xf1Z\x1c]\x9a\xc3\xe1Z^\xc9\x149\
\x85\xc7n<wG`\xeb\xd4h\x80\xaa\xfc\x96\x16\xc3\
*u\xbcw\x9dcpTk/G%\xe6\x80v\xe8\
u\x18\xa5\xe2\xe6\xdd.w\xdeF\xca\xa1\xae6\xc4\xfa\
\xbb\xf0\xbb\xdf?\x83\x0b\xf9 \xa2\xa3\x13J\x95\xa5\xc7\
7E\xc0\x92j\xcf\xaf\xcf^\xc3\xce\xca\x82\xe4\xfee\
\xd5\xe7\xeb\x1c\x99\xc0CO\xbc\x15N\x88\x0f(\x87\xfc\
\xfe\x9e\xbd\x10\x97HT\xb1\xa3\xd3\xae:\x8f\xf1\xda*\
\xde\xc0Y|\xae7W\x87a\x13\x98\xbaB[\xcd\xe7\
y\xaa\xffa\x0a\xa1/q\x84U0\xeeX\xc5\x9e\x1b\
\xa7\x06\xffO\xad\xc1Za\xf0FbQ\xc5:\x093\
XT+\x1a\xbatcO\xb5\xe6b\xa9\xc3\xdc\x1f\xc1\
\x19\xfe\xf6\xa8\x1e\xce\x99\xab\x17\xb1>wUgG\x1a\
<\x19|\xf2=\xf7\xe2M?\xdc/\x87>\xa1\x08\xc0\
\xab\x0e\xe0\xa8\xae\xa8X\xafc`\x08]\x1e\x8b\xeb\xa8\
jT\xf1\xc9\xeb\x06\xe2\xc8\x96Z\xf1\xb1\xcf\x9d\xc7\x17\
\xfeiE\x17\xa5x$\x80puZ\xa8\xad\x03q9\
\xd8k\x92\xefv\x0c\x99\x15\xdf\xf9\xdd}1h\x9f\xde\
\xfb\x8c\xc0fv\xb7\xa2\x92\x13S\xb3\x8f\xb3\xfb\xdc\xbb\
\xbe1\xb7\xa0\x13\xab\xfcLII\x81\x99\xdbSWq\
UR\x83\xf2\xc1\x81N*\xd2\x16\xba\xc6\xc7\x10l\x08\
c\xf1\xf2\x15\xf4\x0f\x8dHZ\xd8\xa4m\xf3>\xc9\xd5\
y\xafV$e\xe8\xee\xed\xc6\xcefB\xe7\x0a\x9aZ\
[trvu~V\xb7\xfav\xf5\x0f\xe2\xca\x85\x8b\
\x18\xd6\x16\x5cPW\x92e$\x0d\x0e\xa8m\xfa\xe0o\
\x89`\xf8\xf8\x09\x81\xff\x8bjW\xc3Sc\xb8v\xe9\
<:\xe3q-\x04\x1er\xd6\xc0\x17Tm\xc0\xdcA\
^\xd1OsK3\x16\xaf^\xd1t\x83\xa4#\xae\x87\
\x1b\x95\xd7\xe7\x0e\xca5\xab\x0a|(\xf6\x9c\x5c^\x87\
\xbfb\x02P\x93\xee\x06\x9cD\xde\xad\x01\x9c\xbc\xe7u\
N|`\x5c\xa2qP\xbb\x00\xa4;\xc2\x12_<v\
'\x9fFk\xa7R\xa5\x9er\x9c\x95\xf3\xfcG\x87Y\
-\x84M\x0d\xf7\xe1\x0f~\xf7\xc3h\x10\xcfvxh\
w\xc0{-=\x95\x06W\x92\xc8\x9b=@r{[\
U~\xb8MH\xb7\xeb\xc8\x81o\x08G\xb0)\xdf\xff\
\xfaW\xff\x05cM\x05|\xe1\xe7\xde\x80\x86\xf9M\xec\
No\xeb\x92\xcb\x03\xadFy\xab\xa31\x1ew\x1a\xcd\
\x86\x09\xafE\xd7\xd4f'\xbd\xd5\xe3\x98~-a\x10\
\xa5\x9e\x08\xf7\xbd\xd1\x18\x22\xc7'0|\xe7\xed\x98~\
\xea4\xb6\xce_Q\xa9(\x9dw\x80!\x19\xb9\xd3\xee\
\xb1h3\xfa\xc7\x86\xf0\xdf^8\x87\xefm\xcb\x0d\xeb\
\x1eD\xb4oP\x05 \x5c\x99\xaf\xdc~\x1as\x17\x9f\
GQ\x10\x0f\xab\xb8\x8ex\xf7;\x1ey\x0c\x13\xb7\xdd\
%\xef\xe9(\xfc\xe7 \x88\xddhms\xe82\xdcA\
\x1aM\x8d\xc4\x11f%\x12\xe5r\x05\xdd\xc4\xe4\xae \
\xafq\xf8\xab<\xdc\x1a\xe7\xe1\x07\x0c\xb6\x0e\xd6\xbb\xf9\
\xf9\x0dH\xa9\x9a\x1f\xd5\x0a\xa4\x8e\xdb\xc5\xbc\xd1y\xb8\
=\xff\xea\x8a0\xc7]\xa3\xea\xa9u\x19\xb4\xc3\xea^\
c\xed5]2\x04;\x93f\x00\x00\xff\xffIDA\
T\x0b+\xe9\xb1h\xab\xa6\x02\x97\xcf\xbe \x07oN\
\xa3[K`\x1f\x7f\xf8\xc1\xfb\xf1\x9a\xfb\xfb\x04\xe6l\
\x02y\x8e\xc1\x1e\x1a'c\x0d\xbd\xea\x00\xaa_fk\
\xaf\xa6\x9ee\xf6\xc5\xb9<\xb5G\xcc\xb1\x05\xdf9w\
\x88w\xfe\xce\xb7\xb0{\xd8\xaa94Y\xac^1 \
J]\xed\xedf%\xbf\x1f\xc5\xd2\xc2\x92\x16\x9ey}\
\x5c\xa3\x15m\x0acS\x0cd`x\x10\x1b\x8b\xcb\x88\
\xf7\xf5 +A\x0c\x12\xb1sr\x16\xdb\xda\xdbu\x1e\
\x82s\x03\xc1\xc6f1\x8e\x14\x8e\xa8\x0a\xc4\x15y>\
\x07\x81h\x14=b\xc4\xf3\x97\xae\xe8V\xa0X\x0f\xe7\
'2\x08\xb7\x18y\xfaljGG\x87\x89\x00\xc2\x82\
H\xf6\xe5\xbc\xc7\xa3\x11\xa4V\x96t\xbapD\x8c{\
\xf6\xfa\x0c\x86&Gu\xa3P\x87\xbc\xdf\xf2\xf9K\x08\
X^C\x91\x1c\x8a\x91q\x9d\xaa<\xd8\xdb\xc6\xe0\xd8\
\x08\xd6V\x96u;6U\xb1Z;bZ\x9f\xd9\xdf\
;@\xb4\xb5U\x7f\xaf\xab\xb7\x17\x8b\xd3WuU{\
\xac\xa3S\x82\xa9|\xaf+\xae|\x0e\xb6E}\x0d\x0d\
*\x8a\xb23\xbf\x5c\xddt\x1dnkE\xe7\xb1q=\
\x8dJ\x05>q\xf7k\x9d\xce\xa1)\xdd\x0d\xb8EU\
\xe0\x5c\xbe\x069\xa9r\x13\xf0[\x01\x0c\xc3y\xa78\
\x08\x09!\xba\xcdG<\x95G\xa2ak\xd8\x87\x8f}\
\xf8\xfd\xb8\xe9\xa6\xe3\xd8\xcf\xe4a\x0a\x88&\x02_\x9d\
\x9e\xc5\xc2\xd2*\x92\xa9\xa4n\x09f\xef\xb2\xbf\xaf_\
\xbf(\x03\xc6\x8d\xb1\x17\xaf\x5c\xc3\x1f\x7f\xe6O\xd1\xe5\
\xdb\xc7\xe7\xff\xd3\xe3\xe8\xd8\xca yqS\x10\x80\x83\
\x9c\x1eZ\x9f\xad\x16[\xf1J\x97\x9a\xea\xe6\xb90U\
rG>!\xbb\x06G|s9\x10\xcd\xe3#\x18\xbc\
\xe7\x0e\xf4\x1c?\x8e\xb0xI\x8ev^\xf9\x87\x7f\xc5\
\xb9/\xfe\x1d\x82\x5c\xda`Y\x85.a\xce\xf1Vt\
\x0d\xf9\xb0<\xa4\xaf\x5c\xbd\x86\xff\xb9v\x80`\xac\x1f\
\xf1\xc1\x11\x1d\x08Q\xf1\x0eI\x13\xf6R\x099\x08/\
\x98\x22\x11I#\x91v<\xfa\xd6\xff\x1b\x8d\x1d\xbdZ\
\x81\xce\x09\x1c4b\xff\xf5P\xdb0\xde\x98\xcbS<\
u_`\x5c\xd9n\xd5\xa9*\x03\xa3\xae\xa7V\xa5\xee\
\xbed\xb5w\xc5\x15\xed|I\x04\xaf\x8e\x13\xd6\x0c\xba\
\xbe5X\xef,n@O\xf5\x84\x9fjz\xe0VU\
PU\x0cr\xcf\x84\xc7[\xff\x1e\xb5\xf4\x82H\x812\
p\x11U\x85.\xe1\xdcs\xcf`okC\xf3\xe4\xee\
\xe6,\xfe\xe4\x93\x0f\xe3\xce\x13\xadr\xcf\x92\xe2\x00V\
\xac\x03p\xd41\xc2\xa6D\xb5\x9a\xc2\x8d\xdd\x10\xa7\xcc\
m\xd3!\xc9\x91c\x12\xb5#XMG\xf1\x8e_\xff\
\x1a./\xf8M\x9b\x94\xa4\x1f\x89\xce]\xc7&\xd5\x01\
\x0c\x0a\x12\xc8f\xf7U`\x84\xd3s:'\xc2\x1a\x90\
D]\x0a\x8e\xac\xcd\xccaprL\x1f\xd1\xce\xc6*\
\x0a\xf2,\xd8~K\xa5S\xe8\xed\xebWq\x9c\xf5\xd9\
\x058{\x19\xcd\xfb\x89f\x1b\xc4\x01t\xf7\x0f`\xfe\
\xe2%1\xfa\x16\xc4\xba(\xda\x99\xd2\xf9~\xa6\x85\xc9\
\xc5\x15\x048\x99\xa8\xd2[^-02\xfdY\x9b\xb9\
\xae\xf7G\x1d\xc0\xd5\xeb\xe8\x1d\x19\xd2\x19\x19\xb2g\xd7\
\xae\xceh-\xc4k'\x1b\xbb\x87G\xb5\x10\x99\xdd\xdb\
Q\xd5\xa1\xb5\xb55\xed\xf1\x97\xecRW\xa5\x9fs\xa9\
\x89\xd8`v?#\x11\xbe_\x07\x9e(\x98\x1a\xeb\xec\
\xc6\xf6\xce\xb6.\x22\xcdf3H\xac\xac\xe9@\x12\x05\
x\x92\xb3\x8b\xe6\xae:P\xf9\xb0\xb88\x00\x16l\xf7\
6\x16]\x04@I\xb0\x90:\x00*\xc3\x18Df&\
\xe3t\x85\xb5v\x05\x0c,\xac(\x046\xa2\x93T\x09\
r\xe4\xc6\x06\x05\xca\xfd\xecO\xfd\x18\xde\xf6\xa3o\x12\
\x07\x90\xb5\x92Z\xd0\x85\x9fO\xfe\xdb\xb7\xf5\xb0ww\
w\xa2\xaf\xb7\x07\xed\xe2\xf9\xb8 \x84\x17\xc39\xf2B\
\xa1\x84i\xf1\xd6\x1f\xfb\xf8\x1f!\x5cL\xe3O~\xea\
QL\x14\x8e\xb0qf\x09\x87\x92\xa8\xe4`P\x84\xe9\
\x14U\xec\x9es\xc7\x0e7@\x0brE\x8e\x81\x93\xbb\
 7\xb6a\xb0\x0b\xfdw\xbf\x0c\x03/\xbb\x0dQy\
`\x1c\xd0P\xc5|\x92G$\xea.\x7f\xebi|\xef\
\x8f?\x8f\x86R\xb9\xaa\xf8k\xa6\xcb\x8c\x03\xe1r\xc8\
\x91\xc9!|}e\x05_\x9eK\xa2\x12\xedB|h\
Tg\xe7\x03\xa4\xa0\xca\xe7O\xac,b\xf9\xda\x05\xbb\
\x91\xc7A\xe7\xf0\x18\x1ez\xe3\x8f\xa3\xeco\x94\xfb\x97\
U\xf1\x05\x8f\xad\xe6\xbb\x85-^'\xb7\xdaf\xb9\xd8\
\xf2\xa8T\x95\xdap'\xce\xcc\x99\xbf1\xfa\xff\x9fE\
?LQ\xd4\xa98\xb5\x8c\xc0M\x8d<?\x98\x0eT\
\xeb\x00n\xad\xc0^W\xb5\x03PmGZWSq\
\x97\x7fz\xaa\xf3\xfe.\x13\xd2e\x05\xd6y\x1c\x8bp\
\x1c]\x82\xda&\xf9\x7fCP\xd2\x9a\xc3}\x9c}\xee\
i\xdd\xe8\xc3\x14\xe9\x8eQ\x0f>\xfb\xf1W\xa1\xbfS\
\x9e\xc4\xa18\x80bB\x9e]\xd1\xea\x17\xd49\x9f\xfa\
Z\x80\xdbn\xe4\xb5VHJ\x92<?\xd0\x22\xb9~\
\x14\xd9r'>\xf0\x07\xa7\xf1\xf7Onq\xe1\xb5q\
\xa2r\xd0\x83\xf16\x09H\x92\xf377\xa3\x89\xfd\xef\
\x8du\xb1\xe5\x90\x16\x9a\xf7$\x00Q\x13\x80\xd2_y\
\x89\x9e\x8d\xb1V1\x9c0\x92\x12\xa1\x09\xf1I\xab\xe5\
\x06\xabhg\xa7\xbc\x97\x1f\xfb\x5c\x0f^2b\xa14\
<\x0f\xcf\x96\x04\xac\xdc\xce\x8e\xda\x83?\x14@A~\
\x9f\x82 \xec\xd0d\xb7\xb6%\xef7\x8b_y\xae\xc9\
\xb8;\x14#-\xa4w4E\x0d5Kj\x98\xd9W\
\xf5\x1e\x0e\xf0\xa47\xe5l\xe5\x8bFt\x96\xa8U\xce\
/\xaf\xbb \xe7\xe7H\xec\x8a\xbf\x9f\xd3\x9aDP\xd2\
\x89\x88*\xfb\xb2=O\xe7\xb1\xbf\xbb\xab\xf9|0\xdc\
(\x91>\xa3j\xc1\xecTp\x9f@k{\x9b\xb2M\
\x0f\xb6\xd3\xaa!Aa\x9f#\xa5\x02\x9b\xdb\xdc$)\
Z\xfb\xe4\x88\x9e\xbb\xbd\x0d\x22\x00:\x80\xc1I\x8d\xc4\
\x09\xf18\x8c`\xd5\x9e5#\xb9?`\xa7\xd6*\xca\
&\x82\x9d\x0a#+\x8c\xb9N\xe90\xa7j\xc1\x0f\xdd\
\x7f;>\xf0\xbe_QaKV\xae\xcd\x89\xf3jk\
\x8dN\x84\x02\x9e\xbe\x97(\xda\x94\x8f**\xe4I\xf9\
\xa6\x0f\x7f\xec3\xc8\xa7\xd6\xf0{o\xbd\x0f\xf7\xb5\x84\
\xb1\xf2\xdc4rG>\xad\xda\xbb\x95g+\xd2j\x09\
#\xc6\xf8\x8e\xa8\xe3\xdf\xd9\x8e\xd8\xa9c\x18\x12\xa3\xef\
\x98\x9a@(\xd6ff\xa1\x09\x22\x1dG\xe9\xc9\xfe\x82\
G#\xee\xda\xf3/\xe2\xc9O}\x06\xcdG\x15\xbb\xb8\
\xdb\xa8\xdfT\xcc\xe5\x22\x18\xf0`l\xb4\x0f\xcf\xa7\xd3\
\xf8\xfc\x95\x15\xe4Z\xe3\x02\xcd&T<D+\xbf\xf2\
\x99\xe7\xae\x5c\xc4\xce\xfa\x92J@\xf3\x81\x9fx\xf9=\
\xb8\xe9\x95\x8f\xe2H\x90\x0a\x07?\xd8\x225\x01\xdc,\
\xd2`\xe1t?\x93QF\xa4;<S\xed\xafW\xcf\
\xbb\xdb\x0f\x7f\xe9\xffjFXq\x5cN\x04\xac\x81\xd4\
\xb8\x0fnq\xd1\xa93\xf8j\x0aq\x03\xdcw\x8d\xae\
\x96\x1a\xd4\xdaz\xae \xc9\x8d\xe9A\xcd\x01\x00\x96\x0a\
h\xff\xd8\xea\x1ax\x8c\x18([i\xd4k\xd8Z\x9d\
\xc7\xfc\xb5K\x1a\xa9\xc4\xac\xf0\x93\x8f\xf5\xe1\xd7\xff\xf3\
\xcb\x04\xaa\x1e\xc8\xa1\xdf\x84\xf7hG;H\xaa\xd6\xee\
r\x1enpr5\x85b\xf3M\x9f:\x01\xf8\x9a\xc4\
\xd0\xdbQ\xf2D\xf1\xe5\xaf\xa7\xf0\xa1?:\x83\x5c\xb9\
\xd1\xf8%9\xa7\xe5\xc6\x90\xd2a\xcb\x1e#\xd9Fx\
\xad\xc2\x1c\x92;s\xd5\x97\xd2\xd9%X\xf9\x04\xfa\x1f\
:GF\xd1Y\xb5\x03\x0c\x0d)@\xaa.\xa5\xdd\xbd\
\xa6\xc2O\xb4G\xd6!\x15\xa3\xcb~\xc3\x8c\xa4\x0a\xaf\
\xeb\xd0u\xeb\x91\xe5\xcb\x04JD\x9e\xe6\xd9\xfa\x94\xe6\
\x04E\x88T\x0b\xe6\xf9\xa2r/{\xfe\xbat\x96e\
\xcdb\xc5\xb2\x00\xcd\x19,\xab\xf8\x88\x11\xe1UUg\
F|\xc7p\x0a\x1c\xaf\xc7\xaefwi\xee\x9c\xb0\xb4\
\x05b\x8b\xd5\xb8\xaa\x8ft\xe8\x92-8\x07\xe4\xe7D\
\x15\xba9\x8b\xadc\xeb\xbf\x9b\xc5I\xc6\xa7\xc6\x14\xc1\
g6\xad\x03\xe04 7\x03\xb9\xc3@\xb5\xffy\xf5\
\xd0s\x04\x95\x95o\x16S\x8c\xf2\x0eT\xb8\x80\xdd\x00\
\x0a]\xf8\xe4f\xf6v6\xe1\xbf~\xea\xbf\xe8\x94\x15\
7\xa7\xe8*\xaa\x8aq\x1an\xfd\xa0Z\xd5u\xac\xcc\
\x18\x09'Ge\x9d\x0d\xf8\xe4\x1f\xfe\x05Vg\xaf\xe3\
\x03?t\x0ao\x1e\xeb\xc7\xc23\x17q\x90\xf7\xa2\xa0\
\xd6^\xa9S\xaa\xb1\xbb\xeb\xe4\xffr\xf2\xfd\x81G\x1e\
\xc0moy#\x9a\xfa;u\xc4\x91T\xbb#[\x14\
\xf4\x94M\xa4\xe3a\xf0\x1e:\xca\x8dN\xce\xcc\xe2\x9f\
?\xf2{h\xcc\x16l\xf5\xdf\xbcn\xc9\x122\xb8\xfe\
|b\xa8\x13\x0b\xf2\xb7\x9f9;\x8dT\xb8\x05}\xe3\
'\xd0\xd0\xda\xaeC(l\xff]|\xfeY\xc9\xffw\
\x0c']\x9c\xdb+\x7f\xf8q\xc4'o\xd2\x1d\xed\x94\
\xc5r[\x8b|\xf0\x944\xe7\xa4\x1da\xe2\x0d\xbds\
\xdb\xca\xd45\xe8\x96\x18X;\xf0\xf5\x06Q38\x97\
\xf6\xabi\x90;\xb2l\xe1a-\x92Z\xa7P%\x15\
\xb9\xae\xc6\xa9\xa1\x85j\x1b\xb0\xe6)\xdcv\xa1\xc7v\
\x03n\xa8C\xd4\xa3\x11\x8f\xab1\xe0\xad:\x19\xae\xdf\
bT\xd3\x141\x97\xc1\xdc\xc5\x17\x90Ko+\xb7\xa0\
\xd1\xc39\x80W\xe0\x89\x87\xba\xe4O\x0eP:`\x0b\
0\xa3\xb5\x04N\x00z\x1dwk\x81{\x1f\xdc&g\
\x9d&\x02\xd1\x1bu\x00\x1c*=\xc7t\xf1\xe9\x99\xb9\
F\xfc\xcc\xaf~\x13\xeb\xfb\x01M\x11\xb9\xe0\xa5mh\
\x00\x07;\xfb\xa8\xc8\xbfG\xe2q]\x89\xc5\x88\xde\xc4\
\xd5\xdf\x02\x89\xa9\xed\xd8\x18iDra\x1em]\xed\
\x1a97$\xcff\xc1.$\x01cG~'\xde7\
\xa8\xd3|\xfb\xec\xc1\xf3\xdc\xd0\xf1\x04C\x88\x0b$\xe7\
h{B\xfe\x96\xd2\xe7\x81\x80\x17\xc9\xb5\x15t\x0d\xf4\
\xeb\xbdI\xael\xa8f`J`x.s\x80\xa11\
\xb3\x1a,'p\xbeE\x90\x11\x11\x01\xf7\x08\x04\xca\x9c\
\xc8kAzyM\x87s\xa86D\x97\xe1k\x0c\xa3\
\xb3\xaf\x17\xcb\xcb\x0bJ=o\x8b\xc5\xb0\xcb\xba\x82\xbc\
6\xc7\x9d\x97\xe7f\x94\xf1\xd8\x1cm\xd5beX\xae\
\x89\xd7\xc1\x09N.@\x09\x09\xd2\xa1&Ak\xa4\x15\
\x05A\x00,\x80v\x0f\x0f\x8b=\xef#'\x01\xb6l\
JD\x8a\x00bS\xa3z\x8f\x8d\x03\xb8\xd7\xa4\x00\xac\
\x010\xff\xc8\xdb\xcd@\xc69Y]}r\xe69\xf3\
\xef\x94\xab\x11\x9c\xc3?.)\x88\xdbX\xc3\xbe\x12>\
\xfc\xc1_\xc3]/\xbf\x13\xdb\xbb\xe9\xba\xbeu\xfd\xf6\
\x18\xc7\x92i\xe8\x00`\xa8\xc3\xe2\x05X8\xfc\xf4\x9f\
~\x09W\xce]\xc0;n\x1f\xc0\xbb\xee<\x86\xc5\xe7\
.bo\xaf\x84\xa2\xb7\x8as\xdd\xa0S}\xdd\x03\xc9\
\xd9o\xf9\xa9\xb7\xe3\xd6\xb7\xbdE\xc53\xbdv\x0d\x95\
\xea\xfdS\xc5'_F&\xb1\x8d%\xc9\xbd\xae\x9c\xb9\
\x80\xe3\xf7\xdf\x83\xc1\x81^\xfc\x8f\x8f\xfc.|[i\
C>U\xd1G\x83\x12\xf8\xb9\xb9\x1fh\xa8\xb7\x0d\xfb\
\x02\xaf>{\xee*\x96\xe4\xbe\xf4\x8e\x1d\x93C\xd4\xa5\
\xfa\x02\xe5\xc3,\xce<\xf3\xb4D\xb2\x03=\xbc\xc1p\
3~\xe8\x8d?\x8a\x86\xce~\xa5\x8aR[\xcf\xd5\xbc\
\xc9\x09\xe4Og\xf6\xf4zkD@o-_\xafu\
4o\xa0\xf8\xba|\xbf\x9a\x81\xd6U\xe8\xeb\xfa\xf8n\
\xfe\xeeT\x0d\xd4M9\xea\xc3\xbb\xcb\x9f@\xad\xbc\xe0\
\xb8MI\xa7\x1a|U;\xde\xe3:\x12\xd8\xb6k\xad\
\x95\xea\x16\x07\xddT\x83\x0f\x82\xce/,\xf7\xa9Qr\
b\xaf\xdf\xab\xe9\xe0\xc2\x95\xf3\xd8][2\x1a\xf8\x9e\
\x12\x8e\xf5\x95\xf1\xe7\x9f|\x1c#\xddT\x95\xda\x84C\
\x07\x80\x82=\x0f.\xbf\xa3b\x9b\x0b.\x11\xca\xa9R\
\xbd\xab\x9f\x93\x9d\x00\x81\xe6>\xb2\xff\x02\xcdXO\xc7\
\xf1\x8e\xf7>\x89sK\x1e\xe5\x0ah'F\x0cpW\
\x0e\xfe\xa1\xbc\xf5\xe0\xb1)\xb9\x96\xebJ\xbd\xdd\x15h\
\xdc$(`O\xe02\x05K\x16\xae^AO\x7f\xb7\
@\xfe\xac\x16r\xfdr\xed\x5cV\xbbt}\x1a\x9d\x92\
\xee5\xb5D\xb0!g\xc6\xa7\x04H\x81\xd7\x12\xd4\xba\
\x8fO)\xab\xf3hoW\x87\x87\xa2\xe2H\xb6\xc4\xe0\
:\xba{\x94\xb3\xc1\xea?\x9d\xcd\xa1\x9c\xbb\xed\xb5\x0d\
\x8cLMbw+\x81=\xb1)n\xfc\xd9\xa7\x8a\x0f\
g\x0c\xc4\x18\x07G\x87\xb0x\xe9\xb2\xaa\x02\x19\xbd\x16\
A\x17\x92\xc2t\x0f\x0ebm}\x0d\x9d]\x1d\x124\
\x04\xce7\xc9\xe7\x94\xb4|\xe2\xd4qL_<\x87\xa1\
\xd11l\xa7w\x05mET\xd1\x89]7?\xd7\xac\
s?\x85\xd8RA>K8\xcciFqN,\x82\
NL\xa8-\xa4\xa6gl[X\x10\x80\xa0\xe3\x8ec\
\x13Jh\xcb\x18A\x90\xd7;\x1d\x92\x02H*\x8e\x8c\
\xe47\x07\x96\xbc\xa2/j\x85.JV\xfd5\xe8\xf3\
\xd9QV\xc3\xcfW>@A\x9c\x80DEo\xa5\x80\
\x9fx\xdb\x9b\xf03?\xfd\x93\xd8\xdd\xdb1-\xad\x8a\
\xc7\xaa\xe6\x96\xe1\xcaT\x1bHjf\xd0\x0d\x93\xad$\
)\x83\x07\x9f\xff\xc2\xdf\xe1\xd9\xa7N\xe35\x13q|\
\xf0\xc1[\xb1v\xe62R\x89\xac\xaa\xbf\xea\xca\x09\xb7\
Kd\xc92\xfc\xb7\x03\x81s\x83O<\x8a\x07\xdf\xf5\
\xf3:\xfdEi)^gQ>\xc3\xd6\xf4<.|\
\xfb\x7f\xd3\xf5\x1dp\x92Ue\xf6\xe7\xbd\xca\xa9s\xee\
\x9e\x8e\x93#3\x0c9I\x8e\x02\x0b(\x8a(,\xa8\
\xb8\xba\x06tUd\xd7\xd55\xacaW\xd7\xbc\xea\xae\
\xab\xb0&\x10\x14\x10\x16\x10\x908\xc0\xc00LN=\
3\x9ds\xaa\xae\xea\xcaU\xef\xfd\xbf\xef\xbb\xf7\xbd\xaa\
A\xff\xe3\xaf\x7f\x83=\xddU\xaf\xde\xbb\xf7\xdc/\x9c\
\xef\x9c\x97\xb1\xe7\xc5\xed\x94oM#\x9b\xcf\xe3\x82\xf7\
\xde\x88\x0b\xaf\xb9\x12\x8f|\xeb{\xc8\x1f\x1b\x96P\x0d\
b\xd2\xe18\xe7\x1a2\x02\xda\xd2X\x05/=\xf4\x9f\
\xee?\x80#\x94\x86\xb4\x10\x00\x84\xea\x1ad:\x90\xf5\
\xfd\xf6\xbd\xf1\x1a\xe5\xb1Y\x99\xaf\xae\xaao\xc2\x85\xd7\
\xbd\x1b\x9eh-\x01Y\x86\xc2\xfc%\xd9\x8c\x9c\xeb/\
\xe9B_eV\xfe\xd6S\xf5\xady\xbe:d\x9d\xd3\
\xf0-\xed==\x1f\xe0\x16\xea\x8c\xf2\x98\xf0_N\x0a\
\xc2u\xfe-\xf7\xee\x9d\xcd\x8e\xb2\xcc\x98\xa5\x0c=<\
\xa2\xc2c\x0b/\x9f\xaf\xd0\xe3F\x08\x86\x9b\xa2\xb8\xe1\
9?\x11Z\x1fQ\xda\xf8\xcc\xefp\x8a\xa3\xa3\xc7\x0e\
a\xf0\xe0.\xf1\x03\xe4\x8eI\xd0L\xe3#7\xaf\xc3\
\xdf\xdf\xbe\x85Bs\x96\xf5>F\xe1\xf7\x94\x84\xff\xea\
\x8f\x02\x1b\xf1\xe0@e!\xd4r\xd3=\x85\x92\x86n\
\xa7zi\xa3\xb0\x1e~=m\xa8:|\xfc\xcb/\xe2\
\xc97\x98\x9e\xceF\x1d\x06\xaa\xdb\xda\xb0\x94+\x8a\xf9\
L\xf7\xda\xb5\x18:: \x000K\xeb\xb1.V\x8d\
Q\xca\xf7\xd9\x87rth\x10m\xed-H$\x17)\
bY\x12\x8a/\xf3S\xc6\x8f\xd2\xe9\xde\xdc\x22\x05\xb5\
\x89CGD\x06\x9f{\xef\xbe\xbaz4\xafX\x8eE\
\xda\x1f\xcc\x03XH\xcc\xa1\x99\xd2N\x1e\xcb\xad\xado\
\xa0\xb49-\x5c{n=\x9a\x22q>\x8c\xe6\xcev\
\x11\x09a~~\xc7\xaa5\x98\x9a\x8f\x8b\xaa\xf1\xd4\xf0\
\x10\x96\xafX\x85\xe1\xc3\x87\xc5\xa0\xc4\xc1S\xee\xcb\xd7\
\xb7w\x88R\xb6\x14\x18\x17\x13h\xa6\x93}\x986r\
\xef\xba5\x18\xea?H\xc0\xd1\x87)\x02\x90:\xf12\
\xb407;\x87\x10\xa5=\x0c\xc4%J)X\xeb\x90\
\xf7\x15\xeb\x01\xcc\x1d\x1fB]\xe72\xa9K\xcc3\xdb\
\xd1P\xf74L\xd1H\xf3\xda\xd5\xb2'E\x14t\xdd\
\x99o\x17\x00(\xf10\x10\xbd8\x17\xb1\xdcYq\x96\
\xb3\xf6\xf9\xb4\x84\xb4\xa2\xbb*r\xa0%\x8b\x90u\xe0\
\xa5%\xc8^u\xa5\x0cN\xda\xb0\x0a\xff\xfa\xd5/\x8a\
\xfc\x15\xd3\x82\x1d\xf9j\xae\x8cr\xcb\x8b%\xbf\xa6\xa7\
\xa6\x851\xc8RM\xcbX\x8f\x9d~6\x91*\xe0\xbe\
\x07\x1e\xc7\xf3O\xbf\x80\xb3[\xa3\xf8\xea\xe5\xa7c\xf1\
\xe0Q\x8c\x0f\xcdC\x11i=\xe56\x97\x1b.\xda\xc8\
\xd25\xc5\xce\xdc\x8c\xab\xbf\xf899\x01\x92S\x938\
\xf4\xca\x0e\xec~v\x1b&\x0f\xf6\xa3\xb8\x90\x12\xc7\x18\
.\xf20\xdfk\xfd%\x17\xe0\x8a[\xdf\x8d\xc7\x7f\xf2\
3\xc4w\x1f\x82W7\xba\xa4Ig\xa9z4\x03R\
]m\x185\xcdM\xb8\x87\x1e\xd2\xde\x8c\x8d\xc6\x9e\xe5\
\x886\xb6HA)>3\x89\xc3{w\x0a\xdb\x8bO\
\xc9\xb6\xee\xe58\xe7\xaa\xeb(\xec\x0cK\x11\x89[0\
<Q\xc9\x9fW&\xea\x9c\xf3\xfb\xff\x13R\xff\xb5B\
\xdf[\x87\x1e\xcb\x8a\xbf\x96{\xd2\x9f\xd0\xdf/\xc7\xf3\
\x15@\xa3\xf6\x97Qa\x09^\x090\x96\xaa\xf1\xa9\xa2\
\xaa]\xd6\x1c\xb0\x9cG\xefp\x0d*\xdeD\xba&\x1e\
C\x0c\x5c\x02\xb4\x98\x83\xf4\xc5\x7f\xf3\xa7\x9c\x18<\x86\
c\xfb\xf7\xa0\x98\xa5\x08\xc8\xe0\xcav\x0e'\xaf\xf6\xe3\
;_\xb9\x16]\xcb\xe8>g\xa6\x80y\x02];\xa9\
\xba#\x92g\xe8*\xbf;h\xa0\xfb\xa6FI\x03\x8d\
\xfe\x5c\x1c\x86\xf3vd\x00\xa0\xf0\x9fv$\x9d\xf25\
\xf8\xe2\x0fv\xe3\x97ONQ\xf4\x16\x92\xc3\x8aUu\
s%[\xc8e\x8dt\x9aN\x8eN\xa0\xbd\xb3C\xcc\
C\xa6\xc7'\x90\xe46YS\x03&\xc7\xc6\xd0\xd5\xd3\
%\xa7\xe7\xb1}{%\xade\x02\xd3\xcc\xe8(\xc2\x04\
\xf4l\xdd57:\xa6\x87\xa2\x09xB!\xe1\xf23\
p\x0e\x1e<(\x83d\xb55U\x12\xd2w\xf6t\xcb\
\x1e\x18\x1e\x18@\x0d\xfd.\xbd(\x16'&Q\xcb\x06\
#\x19:\x10\xe2q\xba\x96n1\xf4\xe0\xcd\xcf\xe6\xbb\
\xed\xed\xcb(\x5c\x1f\x13\xd9:\xc7\x86\x8d\xc1\xb7\x8aM\
Nh\xed\x04bQ46\xb7bqzZ\xda}\xcc\
5\x18\x1b\x1eDck\xb3\x84\xfd\x93\xe3\xe3\x88Q\xda\
bj\x11\x9f:\x02/\xd6>\x9c\x1e\x1a\x91B5\xbb\
/'&\xa6\x11kj\x14\xc3\x91\x04\xa56\xb6\x8e\xaa\
x6@\x8cAhq\xc4\xc7\x07\xd40\x10\xd7\x00\x8a\
\xb4X\x85\x09()\x80\xb6\x12\xd2F\x1ab\x87]R\
\x13\x22baN\xff\xcdVM\x8a\x8f^\x12\xf1\xc2b\
!\x83p\xc0\xc0W\xbe\xfc\x05\xac^\xb9RX\x81l\
\x13608\x88#\x14\x82\x0c\x0c\x0c\x8a#p*S\
\x90\x1c\x8b\xfd\x01\xbb:ZQG\x1fdv>\x81\xa1\
\xe1i,\xce.\xe2\xa4z?\xbe\xfe\xf6\xb3`\x8c\x8d\
\xe3\xf8\xa11\xe4m5\xfa\xa9\xcf@U\xad\xd7=s\
6\x87\x08\xac\xee\xc5\xbb\xbe\xf9%\x1c\xd8\xbb\x0fO\xfc\
\xd7\xcf\xb140\x86`\x89N\x1f\xcb\x03\xc7{\x8e\xa7\
Ms\xb4\xa8ZO\xda\x80k?v\x07\x9e\xfc\xf5o\
1\xf5\xf2N\xf8,U\x03\xb0\x847\xa0\xba\xce\xdc\xc1\
\xa8\x8a\xf8\x09\xa0\x9aq\xdf\xe0ql_\xc8\xa1\xba\xa3\
\x8b\xd0\xb9K\x22\x80\xa9\xd1A\x0c\x1d9 \xc5#^\
\xa0+7l\xc1\xd6\x0b.\xa3H\xc5\x8b\xa5D\x02\x0b\
\x84\xe0\x0c\x02b\xba\x81\xbf\x04\x80\xbf\xb6\xe1\xdf\xfao\
.\xe7\xe1-\xf2\xdeFE*\xc0\x00\xc8=k\xcek\
\xf9\x04\xf68\xbc\x0d\xa3\xcc\xd0\x83S\x14|K\xa4a\
\x18\x0e\xa3B\xf3%m=u\xa8\xef\xaf\xda\x9cp\x0b\
\x13j\x16C\xfd\x7fer\xa2Z\x91~\xad\x88;6\
|\x14\x13\x03\x87\x85o\xae\xac\xc73h\xad\xc9\xe0\xab\
\x9f\xbb\x04\x17\x9f\xbb\x8c~v\x09\xf9\xc5#\xf0\xa5\xa7\
\xd5g3\xf5\xe9o;@`T@\x8d\x0dE\x9dv\
\x98\x89\x86\x14\x01\xe5\x0b~\xb1\x0c7\xfdu(\xd81\
\xfc\xfb=\xc7\xf0\x83\xdf\x1dG\xc1\x0a\xab\xcf\xc5\x22\x9f\
b\xcf\xe6\x15\x1d\x07i\x99\xb2\xa0\x0d+\x0a\x8b\x9e\xa5\
\x12\x1c-\x09\xa9\xcd\x92P\xbeD\x9b\x94kAJm\
\xb7(\x91$\xcf\xb0\x18\x9a\x07\xc1k\x87\xdb\xc76\xd3\
\x869\xf5\xcc\xe5\xf4\x0c\x8aJ\x839\xf2\x90\xfd@\xa1\
?{L\xc883\xcfgpQ\x8f[\x82\xfco\xfc\
z\x5cG\xcb\xa9\xf7b\xa9zS\x83/\x9c\x96\xb6Q\
RE>[=\x15\x83\x89g\xcc(\x14.\xbeOR\
p\xcb\xb4\xa5\xf0\x9cg\x86\xa1\xa1X\xac\xf2\x1e\x22\xe0\
\xe2eQ\x07]\xd4\xa6k\xe7\x02\xa8\x9c\xd6\x96\x5c\x8f\
\xaa\x01\x18Z\x10d\xb9\xac\x81\xf8\xb8\x9e\x06l\xd0\x11\
\x00\xdb\x83'\xb9jo(\xfbk\xbe>\x96\x87\xe2\x10\
\xc3rGr\x952-\x8f\x8c\x15D\xd8\xa2$\x92K\
,\x14R,f\xb0\x8e\xc2\x95\x15\xcbW\xd0\x86?\x8e\
\x11BT\x1e/f\x22\x10\xe79f8\x22\x0f)\xc0\
\x9e\x03\x94\x97\x15\xf3ZlD\x16\x84\x17\x99x\x02}\
\x11\x1b_\xbf\xe6\x5c\xd4.%qd\xf7Q\xe4-\xe5\
\xcc\x02\xc3)\x5c\xa9j8\x13\x19r\x5c\x0clm\xc0\
M\xdf\xfa2\xde|e;\x1e\xfe\xe6w\xd0\xe0\x0b!\
D7\xd8\xaf\xcfw\xee%3\x11\x83\xae\x02\xb5\xbd\xdd\
x\xc7\xdd\x9f\xc2\x8b\x7f|\x1c\x83O>\x8f\xa0\xe1H\
\x9d\x18\xe2\xceZ\xd2\x05\xc3H\xc0\x83\xbe\x9e\x16\xfc\x91\
\xf2\xb1'\x86\xe7PE\x9b\xbf\xa9\x93\x19\x5c\xec\xcd~\
\x0c\xe3\xc7\x0f;%*l<\xe5,\xac?\x83\x8d;\
\x81\xb1\xd1\x11)\xf8\xc9\xf2\xb6\xd5g\xaa\xe0\xe2\xfcu\
V\xde_\x9c\xf4\xba\xff\xee\x14\xea,\xcb\x9d\xdc\x93\xa9\
Bz5n\x051\xe9Ji6\x96g\xf3\x857n\
\x96\xa9\xb5'D\x06\xee\xdb\xe9h\xc04\xf5\xa9\x80\x0a\
\xce\x90Z\x90\x96N\xb3\x9c\xcfh\xea\x96\xa0D\x05\x0c\
\xf8\x85,\xa5BI,\xce\xcda~f\x9a\xd2\x9d\x05\
\xd1\xcf\x93GD\x0b9\xe6\x9b\xc3Go>\x15\xb7\xbd\
\xe7$\x84\x02\x14\x09\xd1\xc6\xb7R\x83\xb4\xe0\xb3e\x15\
\x04\xd7\xa2\xcc\x01\xa7\xf2\x80\x94R\xfd\xd7\x9b\x9f\xaf\xd1\
R  \xa0e\x06\xe1\xf1\xd7\x13\x00D\xf0\x83\xfb&\
\xf1\x8d_\x1cB\xd1\x88\xa8\xcf\xc1Vo\x14\x82\xf3f\
\xb05\xa0A\xbb[\x8b\xc7\x85\x1e\xbc\xb1\xdd\x16\xad\xee\
x\xe8\xf1Q5\xf2\xeeL\x86\xa8\xeb\xa1W\xa4\x97\xf5\
\xea\x88\xc9\x16UaC\x17\xc2-\x971i\xbb2z\
2\x9e\xa6\x09p|`\xda%\xdd\xee\xd43!bc\
\x07\xbf\x9a\xb3q\xdb\xaf\x15mY\xcb\x11\xfb\xf0\x88P\
\xa9z>J\x9d\xa9$a\xbcr\x09\xb2\xb4\x9a\x94\xfa\
\x94\xaa\x0b\xc0\xfa\x05\x5c\x5c-\xe9\x07*i\x95\xa1\xc0\
\xb4d\xa8\x5c\xcb\x01\x00\xfe\x01\xe1\x01\xc80P\xc7J\
\x99\xaf\x9e\x1a\x9fDbqQ\xb9\xe4h\xb7[\xa7\xfd\
\xc4\x08\xa5f\xc7K\xc2\x99g\x00\xe0\xd1`[\x0f\xaa\
\xe4\x0b\x05\x99\x96r}\xeey[\x11x465\xa3\
\xabw9Vn<\x09Y\x0aY\x8e\x0d\x1d\xc7)\xab\
\x97\xa15\xe2\xc3\xfd\xf7?\x8e\xd1\xd1Ii\x07\x8a4\
r:\x85f3\x83/^q&z\xe9}\xfa\xf7\x1c\
G\xa6d\xaaj\xb1\xa1=\xee-S\x04Qx+\x14\
\xe8g\xb2Ua\xbc\xe3k\x9f\x17!\x85\xdf\xdd\xfd%\
4\x94<\x1a\x11\xb59\xa7\x18I\x96\x90\xe4\xb1\xd4\x96\
F\xdc\xf4\xf9\xcf\xe2\xc8\x9b{\xf0\xc6o~\x8f\x88\xdc\
D\xaf\x1a:\xb2\xcb\x0d\xb2\x10\xe1\xcd\xaa\xde\x16\xbcH\
Q\xcc}\xfb\x87\x10hjCs\xd7r\xf8\x82\x94\xdf\
\x8dQ$3\xd4\xef\x1e\x92\x9b\xcf|\x1bVo=\x83\
\xf2\xcc$\x01\xc0hY\x97\xc00u$e\x00o\xc9\
\xc1Q\xb11\xff\x1a8\x98zSXz\xa19c\xc3\
\xccQ\x08\xd15x\xbc\x0e-Z\xe5\xf3<<\xc2\x03\
\x22\xd2B*9}|WN\xb4\x82\xf9\xa7k\x06\xba\
\xb5dk\xa4\xd2\xf5!'\xc6\xd2\x96f\xaa\xf3\xa2\xe6\
\x004\x01,\x9bE.\x9dDz)\x8et2!\xac\
7\xd9\x0c\xb26x\x1c\xd8Bc\x9d\x8d[\xaf\xdb\x88\
\x9b\xafZ\x83X$E\xaf\xb3\x00ci\x04^\x0a\xfd\
U-\xc7\x09\xedMmRd\xbb@\xe0r\x11`U\
\x5c\xb3\xc3\x82\xd4\xeb\x90\xb5\x14\x8dZ\x8a\xd8\x22\xb8\xe7\
\xf1\x0c\xfe\xe9\x87{\x08\xbc\xa3Ju\x99\xa5\xbeY\xdd\
\x99\xb9\xfb\x0e\x88\xd1\xbd\xc93\xedX\xf4\x1c\x0d\xd9\xc0\
\xfc\x1e\x1c\x15\x88\xc6\x83\xd4\xa1\xd4\xd4\xa5%ReJ\
\xf1\x87\xe5\xc2-\xba\xa7\xec#\xc5-l\xa7[d9\
\x00\xc0b0r\xc0\x16u6\xe3\x942\xf5\x15\xdb\x86\
\x06\x9f\xbcK\xa6R'=\x0f\xa2\xfa\x94L\xba\x0cZ\
\x95e\xd6\xcb\xeaP\x86\xdb\xe2ST\x08\xbd\x86\xd4\xe4\
\x97\xa4u\xce \xb9;\x12oi\x9f\x058\x1a\x8e\x80\
\x8a\x81K:jV/\xcd\xe3\xc0\x5c\x04\xe4W\x10\x00\
\xd8\xc0\x00\xd0\xbeJ\xe6\x9e\xa6'ge\xd6Y\xb4\xc4\
\xbd\x01\x89\x04\xb4J\x91BfQ\xfbP'\x00\xa3e\
I\xcf\xb9\xf3k\x8bh\x04\xfd0\xcb\x81747S\
n\xdc\x8d\xee\xd5k\xb0\xee\xe4\xad\xa8!\xd4)R\x14\
\xb1\xff\xe0\xb0\xa8\xffn\xee\xab\xc3\x07\xdfy\x15\xe5M\
\xc7\xf1\xe0\x83\x8f\xe2\xf9\xe7^G\x22\x9e\x11I\xefH\
>\x85\x9b\xb6\xf4\xe2\x82\xc6\x18f\x0e\x0c\x22[\xf0\xc8\
f\xe7Ef\xe9|\xb0d\xa9\xbe*\x03@\xcag\xe2\
\x9a\xbb?\x83PS=~w\xd7\x17\x10\x5cL\xc9\xcd\
5\xb5If\x9e\x09K\xf4\xd9R,\xb9T\x15\xc1\x8d\
\x9f\xfe82\x8b\x09<\xf3\xd3{\x10\xces\x0eF\x00\
`\xe8\xbe\xad\x01!\x0d\x05<%\xac\xe9j\xc5a\xfa\
\xfd_\xec9\x8c|\xac\x0e\xad\x94\xeb\xb3\xe3\xf0\xec\xf8\
0\xe6\x08\x04\x94m\x8a\x81-g]\x80\xceu'a\
\x8ar5\x969S\xe0\xab\xd8}\x0e\x89\xb7|\xba9\
m<\xb7\xcf\xa2+\xef'\x02\x80\xa1\xd9}jt\xd7\
\x9206\x1a\x0e\xd2\xe6\xf7\xeb\x87\x5c\x12\x16fj1\
.F\x9a\x9cg\xe62\x09\x91\x1a\xe3\xf4\x8aA[\x89\
\x18+\xfd4\xc5\xa1*\x9f\xb4\xb6\xee\xac8\xd3\x85\xea\
\xff\x99e\x99q\x0d<\xaa\xf0jjE`u\x92x\
\x0c\xb5\x15\xa4\xbb\xc3\xef\xc5\xa2\x99\xf4\x15\xf2\x17\xb0a\
E\x14\x1fx\xefY8\xff\xd4\x0e\x84\xbdKt\x99\x0b\
(\xa4&\xe0)\xcd\xc3k(\x191[w\x10\xd4\xeb\
j\x80r\xda\xc4\xb6CEv\x00\xa0\xdc\xdat6\x96\
H\xb4\xdbU\xb4\xf9\xaa\xf0\xe0+\x1e\xdc\xf9\xcd7\x91\
\xa1\x14@(\xca\xb4\xf1}\xa1\xb0\x08\xb8\xc8\xa2g\xde\
\x0a\x9d\x16\xd5\xbdt\xe0\xacY\xe9\x86\xf0\xcc\xf7\x08\xd5\
\xd5\xc0\xe7\x0bJ\xf1\x87\x87y\x18\xe0<R\xe46\x85\
0\xc4\xd1\xe8\xe1\x97w\xa0@Q\x0e\xab\xef\x88\x8c\x98\
\xbe\x0f\xdc\xbe\xe3\x14\xc3\x13\x0d\xcb\xb5\xb3\xd0\x88\xa4\x1b\
\xcc\xd4\xb3\x14+R\xe9=\x96\x94~$\xdb\xda\xa7\xd3\
\x8a\x88\x13\x0d\xc9\xb8t\x22\xb1$\x1b\xd94\xca\xe9Y\
\xd9V\xae\xdc\xf92\xf4|\x84\xd4K\xcaA\x9c~N\
\x15\xc5b\xcbi\x01k.\x87\x06P\xcb\xd0)\x81\x9e\
\x1a\xf5\xd7\xd7\xa0iy\x9f\x84\x99\xda\x1e\xfc*\xbbq\
\xd9\x1a\x91\xde\x9a\x1e\x9f\x95\x0b\xb5\x1d\xe7Y\x8f\xa9\x0a\
\x7f\x8c\x92r\xba\xe7\xdd\xbf\xd9\xd0C\x84\x9cX\xb2\x88\
6|\xdf\xaa\xd5X\xbbi\x13\xbaz\xfa\x10\xadk\x14\
)\xad4\xdd\xfc\x0cmj\xd6s\xe7\xa2`<\x9eF\
?[+Y\xf3\xf8\xd4\xfbo$\x90)J\xfb\xed\xf0\
\x81\xa3x\xe07\x8f`\xf7\x8e\x03\x22\xf7\xdd`fq\
nK5\xfaJ^D\x0a\x0ax\x0c\x07\x04x\xec\xd3\
R\xa4\x1e\xde\xac\xb4\xecq\xc9\xc7>\x8c\x8e\x0dk\xf0\
\xc0\x17\xbf\x82\xc2\xd8\xb8\xb8\xc7xm\x8f\xe8\x09d\x02\
^T\xaf\xecE\x03\x85\xfff4\x8a\xde-\x1ba-\
e\xf0\xe4\xf7~\x0a?K\xa0[\x90VcAKp\
\xf3m\xf6\x1aE\xac\xech\xc24}\xb6\x9f\xed:\x80\
d \x8a\x96\x1e\x05\x003cCX\x98\x1a\x13 \xe4\
<\xef\xa4\xd3\xcfEC\xd7\x0a\xa4ha\xc5\x13K\xe5\
\x19\xfc\x0aGa\x87\x85\xe7l\xf4\x13\x00\xc09\x91\xdf\
Rts6?\xf7\x9e\xa3\x91\x90\xa8'q\x10\xcc\xae\
3s\x93\xe3\x18;~\x0c\x99\x04[y\xe5]\xd0p\
)\xcd\xee\x02T\xb5\x02\xb7\xf8\xe8\xb0\x07\xb5\xfd\x99m\
\xdbn\xaa\x01w\xb2\xaf\xfc\xc7r[\x91\xea\xf42\x0c\
\xa7\x5c\xa7\x81\xc9\xca\xc3K\x11\xdb\xb2f?\xae\xbcp\
\x0d\xdeq\xd5&t\xb7\xf2\xd0\x17\xad\xa1\xe2\x1c\x85\xfd\
St2$\xe8Yd\x04\xb44\x19D\xbf\xa0\xfbJ\
\xee\x90\x97\xd3\xddq\x89H\xd6[\x86\xa2x\xb6\x83\xee\
\xb3\xd7[K\xe7@\x15\xfe\xb83\x8c\x8f}\xfd\x0d\xa4\
\x8aQ\x15\x0d\xb1^\xa3\x06\x00C\x87\xe7\xac\xd7\xd7~\
\xf2z\x91\xf4\xe2\x01\xb6<\xado\xb6\xda\xaa\xe2\xa1\x1f\
\xed\x12-|\x95R\xd9\xe8\x94#\x5c>\x8c\xfa_~\
\x9d\x0e\xa1\x83\x04f^\xe9\x92X\xbaei\xf0iO\
\xcf\xa5\xb9\xbbS\xc6m\xf9w\xd9\xdd\x87?\x11_\x1f\
\x0fE\xb1#Vuu\x95\x0c\xf1TWW\xe3\xf0\xae\
=\xb2\x8e{V\xf4\x09Y\x8c\xc5<=V\x05\xe8k\
\xb2\x95\xbc\x87\xfc\xb7\xda\xd4\xd2\x9e\xb5*\x13I\xf7i\
\xa9[\x0aG\x15\xaa\x0c\x1c\x86]1%\xaa;E\xa6\
]\x01\x00}\xbd\xc2zM\xce\x08\x0f\xe0\x0a\xbb\xa1c\
\xb5\xf4\xd1g\xc6f\x950\xa4U\xd2\xd5v\xe5\xd8\xc2\
|\x22\xcbPZ\xf2\x5c9\xe5\xbe/K\x0e\xf3\xa6_\
\xbd~=\xda{z\x11\xae\xae\x95\x934\xc9\xce\xc0\xc9\
\xac\xc8\x1b\xa7\xd8\xc8\xa1\xa42\x15y\xa8t\xa3\xe6h\
\x03\xcd\x1e\xdb\x8d\x8f\xdcr\x0d\xda\xda\x1a(<\xcb\x8a\
a\x88Q\xb0\xf1\xf2\xb3\xafHD0>0\x8a0\xc5\
W\x0d\xf4z=\x14V.\x0f\xf9\x10\xa3\x88\x83Ud\
8;,Z^\x09yX\xb29I\xdf;\xe3\x96\x9b\
\xb1\xee\xbc\xb3\xf1\xfbo~\x0b\xc9C\x87\x106\x94\x9d\
S:\xec\xc7\x96\xeb\xae\xc2\x0a\xfa\xb7B \xa0z\xfd\
\xf40\xd3\x133x\x9a\x00\xc0\x98\x9c\x97B\x0c\xb7`\
\xf2\x86\x0a\xd7\x95\xd1&=\xa8\xd6\x1ad\xa2U\xf8\xd9\
\x9e\xfd\x98\xf7\x85\xd1\xda\xb7RF4\x99\x06\xbc8=\
\xa6NI\xfa\x9du'\x9f\x89F\x02\x80\x1c\xdb\x9a%\
\x97t\xcb\xcd!\xfbhM\x02\xab\x92ywb\x95\xbf\
<\x82\xe3\xb4\xeeL\x1d\xc6Q\x14Fqm\x8cN\x99\
\x00\x85\xaf\xdc\x8b)\xa4R8v\xe4 =\xa7\x01Q\
4\xf2\xcat\x0e\xa4\x10eHm\xa6(\xd5\x0cS\xea\
5\x96\xb8\xe8\xf0\x97\xc7T\xbe\x87\xecx\xa3\xc85\x1e\
\x89-\x95\xd1hQ\x9f\xf6\x8a\x8b/\x1e\x05\x95v\xe2\
p\xea\x10%9\xad|>\x035\xb1\x00Z\x1b#X\
\xb1,\x86-\x1b\x1b\xb1uc+:\xdb\xe8d\xf3\xd3\
\xfb\xd3s\xb1\x0b\x8bt\xd2\x8e\xd03e\xfb\xeb\xbc\xdc\
O\xf5\x9aF\x05\xeb\xaf<\xf6\x0b\x1d\x01\xa8\xef\x96s\
\xearw\xc0\x96\xae\x8b%\xb2k\x05:[\x9aQ\xf0\
\xc6\xf0\xe8\x1ba|\xe2\x1b;\x91,V\xa9\xd6%o\
\xd4@H\xd4\x97\x9d\xb0\x9a\x0f\x89\xf6\x8d\xab\x84\x88\xc5\
-9\xf9\x9c\x8e\x15\x1c\xab:\xbb\x80\xa6?\xa7X\xaa\
\x03\xd5MMH\xd3\xcfO\xed\xdd\x870E\x99\xd2&\
\x85\x92N\x0b\xd1\xe1\xc6\xc4#&\xef\xe4\x8b6\x1a\x1b\
[\xc4t6\xbb\xb4D\x07\xa8\xfabA\x9c\x96\xd66\
\x19\x80kji\x12\x8e\x01\xdf\xc3\x8d[6\x0b\x10\x1d\
\xdbwP\xda\xc8\xee\x1c\x97Q\x195BEENq\
V\xd7.\x9cEc\xb8\x87\x8a\x86i\x0d\x00e2\x97\
\xd2\x89\xd0\x03\x04\xaa.\xa1\xbbA~\x8a|ZW\xae\
\x10]\x84\xe4\xcc0\xcf\x02\x5cn7v\xad\x93\x8a\xe1\
\xc4\xe8\x0c\x92|\x8a\xf1\x03+\xe4P\xc8%\x04fX\
\xb0\xb0\xbd\xa7\x1b\xab6\xac\xc3\xda\x0d\x1b\xd0*m\x8d\
z\x91\x12_\xa2\x93]}\x15\x90\xa6\x90\x9a\x05?\xf3\
\x05Uf)\xe9\x8b2U\xf2$\xa2\x99\xc9\x99i\x8c\
\x1d\xdc\x85\xcb\xdf\xb6\x09\x17\x9cw\x06\xfdlFn*\
\x8fj\xf2\xe4\x12\x9bE>\xfd\x7f\xcf\xe1\xe9\xa7^\xa1\
\x90z\x01\x9e\x859\xf4\xd2\x06X\x1b\x0b\xa3\x85N;\
\xaf\xa8\xe3pDd \xa7\x01`\xf3\xf5\xd7\xe3\x8ck\
\xaf\xc1o\x08\x00\x12\xbb\xf7#*\x8a\xaf\x06\x02\xcb\x97\
\xe1\xda\xcf|\x14\x19\xba\xfe%[\x15\x0e\xf8\x5c,\xcc\
,\xe0\xe9\x1f\xfe\x17@(\xcc[C\xa8\xa3\xa2]c\
\xe8\xa6\xb4\x85e\x0dt\xaa\x10\x82\xff\x0f\x9d\x00S&\
-\xf8\xde\x95\x08U\xc50:\xd0/\xde\x02\x8a\x9ai\
b\xc3)g\xa1\xb1{%2\x94krXgi\xb2\
\x93z\x98\xd0R]o\xa9\x008\x84\x1a\x0d\x00p\x18\
pz|\xd8P\x89(\xaa\xab\xc2\xaa\xd8\xc7\x05\x9b\xe9\
)\x1c\xdd\xbfW\xfa\xcd,\xb3\xa5\x08=\xac\xe3\x94A\
$l\xa1\xb3#\x82\x95=\x0d\xe8j\xafEmU@\
*\xf4\xca}\xd8'\xe9\x9c\x18\xb7\x14s\xe2\xb4l\x1a\
J\xf2\x8d\xa3\xb9B1\x0f\xc7K\x80\xb9\x1f\x5cXT\
Tn\xe5\xb9\xe0\x84\xfc\xbc\xf9\x83A\x1f]\x93\x17M\
to\x1ajc\xa8\x0ez\xe1GZZ~\xac\xffo\
\x9bK(\xe5\x92(\xa5\xe9\xb9Yii\x07:\xb5\x8a\
2\xf9\xd9\xf1m\xa8\x00F\xcd{8\x81\xe4$\xc5@\
]\x0a\xe4\x03)\xb3\xc4\xc7\xab(\x01y\xc2m(\xf8\
\xea\xf0\xf0v?>\xfe\xb5\x1dt\x07j\x04X\xbc\xec\
\xdf\x17\x08\x8a\xcb\x15L=\x8bE/\xd9\xb1n\xb9\xa8\
\x00\xb1\x22\x90%\xd6Y\x5c\xf9\xf1JGCq\x10t\
=EG\x1d<\xb2\xdeD'5\xa7Q\x13{\xf7\xd2\
\x86W)\xa5\xaa\xe5\x95\xa40\xc8\xbf\x91+\xa9\xca=\
\x03@<\xbe(U~+\x9f\xd5\xedM\xd6\xee\x8f\x88\
\xb5\xb7\xcf\xef\x11\xa3P\xbe\xcf\xb1\xdaj\xb9\xa7\xf1\xd9\
\x19\x05\xd4N-\x14'Fj\xa6\xc3\x14\x95\xc3S\x89\
\xdf8h\xe1\xa8a[\xda\xa1\x99\x8b\x82J\xc9\xc9t\
\x1b*\xdc\x05\x90\xe4\xef\xaf\x00\x00\x8f6\xf3a\xae\x00\
\xe0\xb4\xcb\xed\x86\xce5t\x0a\x12\x00\x8c\xcd\x88\x99\x07\
\xdf\xcc|2N\xd1e\x125\x8d\xb5\xb8\xf1\xf6\xbf\xc5\
i\xe7_@\xa7|\x0dm\xf2\x22f\x93\x19L\xcc-\
aq)K\xe1}Qz\xe8\x96t\x0e|.\xddW\
\x8aIR\xc8*\xea\xc2EQh\xb4\xec\x977N\xa7\
\xd8\x86\xe5M\xb8\xe5\xa6\xab\xd5T!\xf7\xe05\xbb\x8f\
)\x96!Z\x88#\xfd\x03x\xe2\x91\xc7\xf0\xd2\x8b\xdb\
\x91ZH\xa3\x83\x1e\xdc\xc9a/\xe8\xd1#\xc0v\xe5\
\xf4\xa6).d\x110,\x7f\xdb\x058\xef\x86w\xe0\
7\xdf\xfe>f_y\x03Q\xb6\x1f\xa7\xc5\xd7y\xd6\
\xc9\xb8\xe8\x8e[\xe9\xe7<\xc8J\xd1U\x81\xd1\xc2\xb1\
!<\xf9\xe3\x9f!\x94J# y\x17\x07\xd7~5\
|j+zm{]\x10\xd1\x86\x06\xdcs\xe40\x06\
)D`\xdd\xb9hm-&G\x07\xa4\x0e`B\xf5\
C\xd6n9\x03\xad\xab\xd6R\xbaSD\x22\x9e\x84\xed\
\xf2\xe3M\xcdZ\xac\xdc\xf7\x8a\x1dy\xc2\x86p\x8b\xe1\
V\xc5\xf0\xa0\x8dp8\x80h4@!6h\xe1\xce\
\x0a\xf9(O'\x8bG\xf4\xfb\xb8\xe2\x9eCG\x83\x07\
\xe7\x9d\xd2\x8aK\xce[\x8e\xf5\xab\xeaQO\x9b\xd3\xef\
\xe5)\xc7\xa2\xce'\xbdzY{\xdd\xe2Z\xb9\xe0\xa4\
\x81\xc9(\xea\x13G\xa5-\x02\x0c:\x05\xac\x8cH\x84\
de+\x05\x1bI(\x0dC\x9b\x87p\xf17\x05\xab\
\xc0\x06\x9d\xb4v\x8a\x09\xba\xc7\x05\x9d\x06\x95\x17\xb5\x93\
6\x94S\x00]W\xb0*\xc7\x9d\xcb\xdd\x07\xe7w\xc5\
30\x93\x82\xa7\x90\x95\x14\xc0\xe2\xceGd\x19J\x14\
\x05<\xb8\xcd\x8b\x8f\xfd\xebv\xe4\xcc*MN\xf2\xc9\
a\xc5\xad<\xf9L\xda%j\xd9\xfa\xe5\x98\x1e\x18\xa2\
u\xb4\x80\xe5\xeb\xd7!\x91LcjxB\x03\xb1\xc7\
\xdd\x5c\x1e}\x12s:\x5c\xb7\xa2G\xee\xd7$\x01@\
\x84\x8dR\xa0<\x1d\xa4p'<8K\xeaK<G\
\xc0\xa3\xb8s\xa2\xb9g\xcb\xc1\xc9\x91\x9b\x18Cs\xb1\
\x8f[xR?+\xca=\x09\xd1\xf5\x89\xa8N1'\
\xdf\x93\xf9\x84BQ\x86v\x18|\xa3\xd1\x08\xe6\xe6\xe7\
\xe5\xff\xab\xb5a\xa0*\x1aS3&\xe2\xc0d\x88u\
=\x17|k\xea\xaa\x15o\xa7\xc4\x02 y\xd5)\xb1\
\xd5\xc67\xe4\xf38\xa9\xa8N\x01x\x95\xd7\x12\x00\xac\
\xe8\x93\x96br\x8a\x00`\xed\xa9\x97\xdbu\x9d\xcbE\
\xc6\x8a+\xf2KIv\xdc-\xa0\x98\xa6\xf0\x98P\xfd\
\xc6\xdbo\xc5e\xef~/\xc6\x17S\x98YH\x08\xcb\
*\x9bg\x07 =@\xa3\x1f\x9f\x08\x5c0\x088\x95\
]\xd8\xae\xa5\xb4\x84\xcbR<\xcc!\xbf\x14\xc7\x04\x01\
@\x9d\xdf\xc0\xdf\x7f\xf0F\xcao\xfd\xd2{g\xd4\x15\
\x85.\xa9J\x97\x10\xa0\x0b\xe4\x8e\xee\xa1}\xfb\xf1\xdd\
\xff\xf81\xe5\xbd\x0bXE\x1f\xfc\x14\x1f=\x1c\xda)\
M'm\xc4\xcas\xce@\xb8\xb5\x99\x16C5\x81S\
\x03\x9e\xfd\xf5\x038\xf8\x87GQe\x88\xd6,j\xd6\
\xf6\xe0\xaa\x8f\xbc\x1f\x85pDR\x9c<k\x14\xd0\xfb\
\xec{\xf2\x05\xecy\xecI\x8a\x14\x00?\x87\xbd\xd0=\
f\xb6\xbb2Un\xd5\x5c\xe5A\xd3\xb2f\xfc\xee\xd8\
\x08\xf6\xa53\xa8nn\x17\x00\x98\x99\x1e\x17\xc3Om\
\xea\x8d\xbe\xf5[\xd0\xb5\xfe$\xa4\xe93\xf0\xac6K\
B\xcb\xc77\xcb9\xae\xda`\xd0=\xf2\x0a\xfe\xaf\xb3\
5\x9c\xe2\xa0\xfe\x9bO\xef\xea\x9a\x88\x8cTg\xe2s\
8\xf0\xea\xcb\xb4\x00\x16\x94\x09\x09}\xae\x90?\x83\xf3\
O\xeb\xc0\x07\xdf}*6\xad\x0aQ\x8a\xc0\xd3\x87Y\
\xe9\xf7J\x16iX\xbar\xeb\x83\xe2\xf4\xf1\xb3)(\
/\x02\x01\x83\x82\x8e\xc6\xf9\xdf\xb3\xda\xa9\x17\xeag\x0d\
\xd5\xf1Q\xb3\x0c\x5c\xf0\xf2\xa9Z\xb3\xb0,\xb3\xda\x1a\
0'\xfff\x17M1\xf70\xad%8\x15\x14\xfe7\
\xae\x92+\x9d\x05\xe74w\x8a\xa0p\x88\x85Jf\xde\
\xd2\xb5&\x1d\x11\xb9\xbd\x12\x87\xd6\xcc5\xa7lZ\x86\
nL]\xe0(r\x98O\x00P\xf47\xe3\xfe\x17\x0c\
|\xf2\x1b\xafK\x17@\x19pz\x10\x08G\x95'\x80\
&\x15\xf1\x15t\xac\xe9\xc3\xf4\xf0\x08r\xf3q\x84h\
\xd3,\xdf\xbc\x11\x8b\x8bI\x0c\xee\xedg\xbd8\xf5\xbe\
\x96N8\xe8\xb9\x09\x00PZ\xcb\xe9\xd4\xf4\x81\xdd\x08\
y\xc3.QJ\xea\x12\xb6\xd2\x86\x14mFZS\x1b\
N\xdb\x8a\xb9\x9994\xb4\xb6\x8a\x0c\x1c\xcf\x15\x8c\x1d\
\x1d\x90\x03\xa1\x95\x22g\xf6\xfa\xe3\x90\x9f;d\xbd\x94\
6\xb3f\x1fw\xa7\x92\x898\xc2\xc1\x00\xa5\x04\x19\x02\
\xfc\x10E\x11\xb3\xa8m\xa8\xa7\x835\x85f\x1eK\x96\
\x82$\x8f\x9f\xcf\x8a\x0e`gO\x8f\xcc\x96\xf0T\xed\
\xf8\xd0 mp\x0b\x83\xc7\x07\xd1\xd6\xd2\x81\xf4\x12\xef\
[\xda\xd4\xf4\x19=:E\x10 0\xf5\x0e\xb5\x95\x9f\
\xa5\x9f\x22\x90\x96\x15}\xd2R\x14s\xd0u\xa7]i\
7tS\x0eK\x0bclt\x8ar\x97,\x0a\x84\xb8\
\xa5\xdc\x22bUA|\xfaK_BxY/\xf6\x1c\
\x1dS\xd2L\xdcb\xd1\xce\xad\xee\xa9\xa6\xf3]h\xbb\
\xac2g\xddvGJ%\xdf\xe4\xe2!\x85r\x0b#\
\x03\xc8\xccN\xe2=\xd7_\x8aS\xb6\xac\xa1\x0bO\xab\
\xc5`\xfbTG\x81\xd0\x91)\xb5\x0b\x14\xee\xb2\xf9\xe4\
s\xcfn\xc3\x9f\x1f\x7f\x16\xcd\x14\x9an\xf1Z\xd8\xbc\
q5\xae\xfe\xf0\x07(G\x0f!\xc5\x1aj\xa5\x00w\
kq\xe0\xd9\x17\xb0\xfdg\xf7 VTm\xc8l\xd8\
\x87S\xaf\xb9\x0c=[7\x8bY\x04\xb7\x83\x06\x0f\xf5\
c\xc7\xc3\x7f\x82\x19_\xa2\x8df\xaa\xf6\x91D\x00>\
\xa9+\x94t\xe8X\x1f\x06\xbazZ\xf1\xc4\xc4,^\
\xa2\x07\x10jhBU=\xcf\x80\xcf\x88F\xbb\x93\x9d\
v,_\x8b\x15'\x9f.f\x0f\x9c\x02\xf0C\xb6m\
\xd5\x02\xb4]\x9bn\x9dcj\xea\xed[\x01\xc0\xa9\x0d\
(\xf9s\x93r\xec(B\x14^\xb3\xfd\xf9\xfe\xd7\xb7\
av\xe4\x88\xb2\xc5b\xfb\xa8H\x11\xb7\xdfx2\xde\
\xf3\xce\x93\xd0X\xc3td\xb6s\xe7\xfb\x97\x12\x89)\
p+\x8bs\x1dI%\x18\xa6\x02PF\x1f|\xe2(\
\xad\x06Kk\xfb\x19R.uh\xc5\xb6\x06\x0c(\xb0\
\x90\xeb\xe1\xc98\xc5\xca3\xf5\xdc\x86-'\x17\x85\xfb\
FQ\xe7\xad^\x95&\x98\x0eO\xa3(tj\xc3\x8d\
8\xe0FD\xb0\x9di\x05\xb8\x9c\x025\x8f`\xb9\x85\
@QL\xe2\xef\xe7\xb2r\x9a\x9a2\xf6m\xb9U\xee\
\x12\xa5\x89f\xb8\x03\x05o\x13\xee\xfdS\x0e\xff\xf4\xbd\
=\xf4\xc9\xa2\xda\x9b\x91\x22 n\x03z\xbc\xba\x15\xa7\
r\xec\xb6\x95\xdd\x98\x1d\x1b\x17[/\x9eYh]\xb5\
\x1c\x9d+Wb\xd7s\x14=\xc4\x97\xca\x1a\x87P\x85\
8\xa6\xbe\xd7\xb0\x06\x04\x81\xd9\xcc!\x02\x00_XG\
L\x96\xcb\x19`\x8e\xbd\xa81\x13\xe85,k\x83\x9f\
\x0eP\x9e\xb4c\xcay\x8cB\xff\x81CG\x90\xa6H\
#H'z$\x1a\xc5\xc2\xf4\x8c(\xf66\xb6\xb4H\
[\xdaGQ*\x9b\x8a64\xd6ci1\x8eh\x8c\
N\xfe\xb9i\x8a&\x1ad\xa8,H\xbf\xc3\xfe\x93\x0c\
\x00\xec\x0c\x9c\xa7\xfd\xc0reK\x994\xea\xeb\xea\xa4\
\x03\xe4\xf7{1<4\x8c\xc6\x86\x16\x09\xae\x02\xfe0\
F\x08x\xbcN\xd4e8\x15\x14[\xb7%\x01_M\
5\x1az\xba$8L\xcd\x8e*\x00\xe0\x08 O\x1b\
\x80\xd5z\x93\x89\xb4\x84s\xa5l\x12\xd1\xea >\xf5\
/\xff\x82(\xe5\xb8\xbb\x8e\x8c\xd3\x8d\xf1i^\x80\xa5\
\xf3\xb7\x0a\x89\xeb\xf2\x08\x8bz\xec\x96\xed\x86V\xb6>\
\xd9\xa5\x8b@9\x7ffn\x8aB\xb2\xa3\x94g\xc7p\
\xd3\x0d\x97\xa2gY\x93\xfc|*U\x10\x99\xb0\xfec\
Gq\x9c\x10{nQ\xcd13\x1b\xf1\xd0\xf6\xd7a\
O\x8c`]\xc0\x83[?t\x0bV\x9fv*Rl\
\x1d\xc6\xb9N\xd1/\xceFCo\xbc\x89\x17\xff\xebg\
\x083\xeb\x8b\xde4\xef5\x90\xa1\x8d\xc4-\xc2\xa0\xcc\
Wg\x10\x9f\xa6\xcd\x9c\xa5S\xd4P\xde|J\xa2\xcb\
\x10\xb2\x11\x03\x80\xa8\xf2\xd0\xcd\xaa\x0e\x00+{[\xb0\
\x8dr\xbb'\xc6&\xe0\xa9\xadG]k\x9bHG\x8f\
\x0f\x0e\xa8\x85I\xd7\xd6L\xe0\xb8\xf6\xf4sE\x84$\
\x91L\x8a\xc4\xb8\x22\xad(\xe2\x8a3\xbf\xe0\xb6\xb8,\
'\xce\x7f+\x00(f\x1c\xfb\xbc\xb1Q%;$O\
\x8e\x1c\xc7\xfe\xd7\x9e\xa7\x8d\x9d\x13\xe5\xa3\xaa`\x12\x9f\
\xb8\xe3L\xfc\xed;7\xd2\xc9\x91\x97\xd3\x1b\xc5\x14m\
\xca\x04\xdd\xbe\xac\xe4\x94\xfc\xc5\x92g\xb9l\x00~\x9f\
\xa5z\xce\x0c\x00\xc2\xe4\xa40\x9dsu\x89_\xc2\xe2\
8#\xe3\x1e%\x8f\xf4\xce\xc1\xf7D\xa0S\x85\xa7\x1e\
\x8b}\xe5\xc5\xe8A:A\x85\x92O\xe4\xdc\xac\xbc)\
\xdd\x09\xaf\xaf\xa8\xaa\xe2l\xdb\xee\xcd\xe9\x02\x1e\x04 \
8\x0dq\x9e}%\xb1Y\xe5\xb4P\x93\xa5%\xa7\xee\
a\xa9\xfe\x8b\x90\x5c\xf2\x02|\x86\x8c\xef\xea;d\xd9\
n\xd1\xd5\xf2G(\x05hC\xd6h\xc6\xb7\x7f5\x81\
\xef\xde7@\xf1L\x95\xb6\x11\xf7\xc9\xc0\x96\xa4\x00z\
\x84\x96\xbf\x9a\xfb:1?1\x894\x9d\x8e}kV\
\xa0\xb9\xb3\x03\xbb\xf7\xecCra\x09\x8e&\x22\xcf\xe4\
{\xe8s2u\x9c\x0f\xb7Xw\xaf\xa4Y\xd3\x87w\
\x11\x00\x84\xd4\xca\xb6T+\xda\xc7\xd6\xdf\x9c^\xb08\
\x07\xdd\xd7\x0c]\xb3\x87\x7f)\xe0\x13\x13\x10f\xfa\xb1\
n\x1f\xaf\x00\xfe\x19\x09\xcbyp*\x18B\x81\xc5C\
\x8b%\xb7\x95*\x1c+\xd1\xdbT\x94y\xa6Z\x8b\xfb\
\x8f\xa9\x0c^=P\x9a\x95J_C\x0d\xbb9^\x0e\
\xaam\xa9\x80\x8b\x0b\xbd\xbc\x84X\xd7\xd0S\xd1mq\
\x22+!S\xb1\xd8)\xd7\x00\xfaz\x04\x00\x92\x1c\x01\
\xac%\x00\x10sPz\xf8\x13\x84\x92\xac\x8f/\x8c\xa8\
BJ\x08'7\x7f\xf8\xc3\xd8r\xf1Ux\xe3\xc8(\
RyES\xb4\xf4\x80\x89\x1a\x09-\xb7\xb0\x9c\x07\xee\
0\xca\xca\xdet*\xff.2\xd5\xb2H\xa1Jz\x11\
\x93\xc7\x8fR\xca\xb8\x80ZJ\x01z;\x9a\x94\x85\xf3\
\xfc\x12fi\xd3gXNK\xfc\xdf\xfc\xd2\xb2\xe9\xee\
j#\xb4~\x1aS\xbb^Co\xd8\x8fO\xfd\xc3G\
\xc5n\x99\xb2\x11yXf\xc9'y\xee\xbe\xe7^\xc0\
\xae\x07~\xcf\xe7\x81\xccK\xf3\xacvF\x18\x83y=\
\xeek\x88\xc0c\x80=\xda\xe5\xe4\x82K\x88-i[\
jV\x05\xe2\x0e\x02\x93\x81Vw7a7\xe5\xdd\x8f\
\x0c\x8f\xc2\xaa\xaaEcW7\xb2\xa94\x86\xfa\x8fH\
M\x83\xe5\xc0j\x9a\xda\xb0\xe9\xec\x0bP\xf2+t\xce\
\xc8\x0c\x80\x8e\x86*\x1e\x81\xa1#\x00\xa7\xc7\xef\x9e\xfa\
\x95\x14X\x1e.\x8aV#B\x0b\xc9K\xe1\xf6\x8em\
\xcfbqz\x14>\xcb\x83\xa0\x9d\xc4\x0d\x97w\xe0\xf3\
\x9f=\x1f\xd5\xd1\x822\xd6(.\xc2\xe6\xbc\xbbd\xeb\
JrA\x18b\x89B5\xfe\xfb\x17{p\xd9E\xab\
\xb0\xa6;\x22$*\x1e\x8df`\xe7\x93;\x9e0\xf1\
\xc6\xdey\xf4\xcf\xa4\x91\xa3\x90'\xc2f\x93\x01\xaf\xf8\
\xe3\xf1I\x9e\xc9f\xe9s\xe4q\xe6\xa6FI18\
$J\xe4Cx}w\x06\xdb^=\x8a\xa5x\x06\x91\
P\x08\xcb\xba\x1a(-\x0aQ\x8e<\x87\xcb\xce\xac\x82\
\xd7\xcc\xaa\x11l.\xea\x98\x05\xfd\x99*\x01@\x17\xb0\
t'DH5\x02\x02Eio\xca\x17\x8f\x9d\x0b\x0f\
\xaeL\x94r\xa2\x05\x89\x11\x82u0\xc2\xadH\xda-\
\xf8\xec\xb7\x0f\xe2\xfe\xe7y\xec8,\xa1\xbb?\x10\x10\
\xe5&\xa1\x01Kj\xa7\xd6`S\xef2,NN#\
3O'ng+\x16\x09\xd4s\x94\xd2\x06(\x1f\xee\
\xdc\xb0V\x0a\x81\xbc\xf1\xf9g&\x8e\x0f\xc9f\x89u\
\xf4J-c\xf6\xe8>\xb1\x057\xb4F\x22\xb7\xbf\xf9\
\x14g\xce\xfd\x04\x1d\x0c\xbcY\xfd\xb1\x90|\x8e\x16\x0a\
\xcdGGG)\xcf\x8fb\x89\xeea$\xe0\xa7\xe77\
#\xfc\x8c\x86\xd6\x164\xd67\xd1\xda\x19\x10\xb98K\
w\xdaT\xea\xe1\xa4@pk \xce\xf8\xbc\xf4\xa4J\
\x0eO\xa0\x92I\xaa\x15\x88u\x84\xe9\x04\xdc\xa6\xe9V\
S\xd4\xbd\xd3\xbf\xe3\x00\x00\x17\x01\x9b4\x00H\x0a\xb0\
\xf6\xf4\xab\xec\xba\xb6^qb\x99\x1c\x1b\xc5\xc2\xdc\x9c\
\xb2\xfb\xb6x\x0c'\x8f\xad\xe7\x9d\x87[\xee\xbc\x0b\xbb\
\x06\xa71\x1dOK\xe1\x8b\x0b~n\xabK\x17w\x1c\
e\x18Wv\xca\x0dku?\xd2Rg\x0b\xeb\x0aX\
\x14]d\x17fe\x5c\x92Uc,\x96c\x16\xe9d\
\x9f\x085\xb2\xf69K9qQ$\x10\xf2\xe3T\x0a\
\xe1\x8f\xee\xde\x81\x97~K\xe1=-\xe2\x0f\xdct#\
\xce;\xf7\x1cQ\x02b\x96\xb1\xd7\xf6#=\x97\xc0\xc3\
?\xfd9rc#\x88r\xa1H\xdd\x0d-\x00Z\x12\
\xe9f\x0e\x89\xc5;N\x16\x88jI\x99\x1a\x00l-\
\x0f\xc2!/\xff\xcd\x0e\xc8+;\x1bp\x8c\x00\xeb\xc1\
cC\xc8E\xaa\xd0\xd4\xdd#\xa1\xf8\xd1\x03\xfb\xe8\x81\
\xe7E\x80!@\x1bv\xcb\xb9\x17\x8bMU\x8a\xbb!\
ZO\xc1Q/t\x05G\xdd\x81\x1e\xbb\x5c\x80sW\
\xb8\xaa\x88\xf3\xa3\xabe]}]\xa1\xdd\xf9\xcasR\
\x01\xf7\xd3\xbf\x9d\xd4k\xe0;_\xba\x1ak\xfa\x98\xee\
\xcb}\xf6\x05\x01iU\xe8\xe2Qmu\x9a\x17\xcc \
\x8e\xce5\xe0\xc3\x9f|\x0c\x97_\xb0\x0c\x1f\xbfy#\
\xa5:K\xd2\x8e\xb3\x0b)\x09\xd13\xb9 F\xe6\x82\
\xf8\xe9\x1f\x8e\xe1\xd1\xa7\x0e\xe0\xdd\xd7\x9e\x8aSOb\
\x9bk\x08\x80\x14\x8a!\xdc\xf7\x9b\xe7q\xf2\xdaj|\
\xf4}=\x02\xae\x7f|-\x85\x9f\xde\xbb\x1d\xd7]r\
2\xb6\xaco\x92n\xcf\xb6\xed\x13\xf8\xc5o_\xc0e\
\xe7\xb4\xe2_?\xb5\x0eA\xdf\x82\xa4\x0a6\x0b/p\
q\xd1\x91o\xaf\xc8z\xca\xc2\xae\x0a(l\x8e\x98\x0a\
9%\xbe\x01U\xc3P3\x1c\xces\xd1dma\x9e\
\xd2\xebFZ`\x05\x9b\x11/\xb5\xe3\x03_x\x0d\xcf\
\xec\xc9H-\x837\x02+\xf60o\xde\xd2\x0cV\x07\
\x80\x9a\xfa\x08\x00ff)\x02H\xba\xb5\x16\x09\xc6\xe8\
\x03\x87)$\x96b5\xe7\xf3\x94v\x14\x92)\xc96\
\x02\x8d\xed\xb21\xb3\x93Crh8\xd1\x04\xf3\x0a\xea\
\x9a\x1a\xb0r\xc5j\xbc\xf2\xf2v\x91\xf2^\x7f\xc6V\
\xccNL\xd0\xfd\xcd\xd3\x9a\x9eA\xdf\x8aUHd\xd3\
\xc2\xdd\xe8\xdf\xbdG\xe4\xbb\xbaW\xadD.\x9d\xa3H\
dF\xda\xe1%m:*[\x5cu\xeb$\x22u\xa8\
\xc5\x8e.\x83\xb0IK\x15\x83\xd9\x8e)\x8bf\x1bV\
\xd2$*\xa1\xd6i-\x1b\xda5\xdac)\xee\x07k\
\x1b6\xf6vs\xb0G\x000\x0cc=\x01\x00\xcb\x82\
\xb3\x0f\xdf\xec\xe4\x84\xcc<3+\x8a5\xcdY\xb7\x9d\
\x85\x07\xef\xfc\xd7ob\xbc\xe0\xc5\xe0\xe8\x9cro\x85\
f\x18Y\x86\xbb\xa8+\xe7\xda\xa1s/\x97y\xc6\xff\
^\xd2\xb2\x98\xdc\x0d\xa0\x85he\x16Q\xccfd\x18\
\x83\xf3|\xcb\xf4\x8b\xac\x93S]\x16^\xbb\xdc\x14\x1b\
k\xe9\xe6\xf9\xcd\x1c\x1e\xf9\xc1\xb7Q\x9a\x1e\xc7\xa6\x8e\
6\x5c{\xc9E\xe8\xe8\xee\x92\xd7O\xcc'\xb0\xe3\xd9\
W0\xbe\xf7\x88\xb8\xfe\xb0\x12\xad\x90\xdd\xf4L\x83\xa1\
\xe9\xb4p\x8a!0\xb5EWY\xdc\xc2\xd0\xf4K[\
\xfb\x10\xf0\xa2\xeb\xedhD\xdcS\xc2o\x08\xb5\x93\x94\
_5uu\x8a`\xe4\xf1\x03{\xa48%\xbdg:\
q6\x9dq\x1e\xa2m=\x94\xbb\x95\xb0H\xb9\x99\x0a\
\x8e\x8c\xb2?\x81\x13\x15A\x93[N\x18\xcc1\xdcB\
)3\xc4\x98<\xe2\xa1\xc5\xde\xbf\xeb\x15\x8c\x1d; \
\xb4\xe6\x887\x8d\x7f\xb8m\x13>|\xeb\x16\xba\x0fq\
q\xd7\xb1\x8bK\x0ab,=\xc0\xa34m(4\xae\
\xc6O\x1f\x9c\xc0\xcf\xee\x1bD\xf72\x03\xdf\xfb\xc7\x0b\
\xd0\xd9@\x1b\xac\xc4\xa7\xf3\xac\xe2/\x96l\x11\xd7\xfc\
\xcd3y|\xe9{/\xe2\xee\x8f\x9c\x8a\x9b\xaeh\x15\
\xe0)zBROak\xee\xfd\xfbG\xf0\x9ewt\
Q8\x1b\xc2\xdf}\xedY\xb4\xd3Z\xf8\xc2\x076 \
\xec\x9b\x97\xfb\x97)\xb4\xe2\x9f\xbf\xf5\x1c\x82tM\x9f\
\xff\xfb\xb5tR\xce\xc8IJ\xf9\x104S\x1e\xce \
\x91T\xc1\x85:\xaeNy\x96\x94\xe7\xeb`\xde\x803\
\xaa\xaa\x9a\xd7\xfc\xa5R\x0b\xdbV\xf3x\xaa\x9d\xc8\x1f\
\x956v\xb4\x03\xb6\xbf\x01\xc3\x8b\xcdx\xcf?\xbe\x88\
\xfd#\xa6~\x0d\x13\x01\x02\x00C\x8f\xb1;\x09)_\
AKw'E\x96\x0bX\x9a\x99W]\x0c\x97\x86m\
K]\xca\xd6\x9d\x08f\xed\x89\xf4=\xbd^\xa0\xb6A\
\x8al\x05\xda\xd0~\xed\xeal\xdaJ\xd9\xb9\xa5\xbdU\
N\xf9\xa3G\x8fI\xb4\xd1\xd8\xde\x22B\xb0V6/\
a|C#\xad\x1bZ\x07!\x8a\xe4fhO\x15\xf2\
Y\xb1\xfcn\xa8k\xc0\xd8\xc0\x10\xdd\x06\x06\x12\xd5\xa2\
s8!>\xcb\x90\xf7/9G9\xd7XJ\xea \
)\xd9Z\xd7\xdfp\xaeZGS\xb6\xd3\x12tr\xfc\
\x0a\x13\x18\x0d\x16\x0e\xf1\xd2SR\xb3\x0c\xc2\x03X\xc5\
\xa2\xa0E=\x0e|:K\x82-\x97i\xc0\xc9\xd1\x11\
\xf1\xb1c6\x13O\x22Y\x14R\xb27\xc0\xdf\x7f\xe1\
\xcb\x88\xf6\xad\xc5\xfe\xfe1\xba9\x1em\x97`\xaaP\
\xd7e\x94U\x14\xb3p\x22\x00\xa8\x02\x1f\x14\xcas+\
\x83i\xc4<MX\xa4M\x94O\xd1\x7f\x97\x903\xfc\
\xa2\xeej8\x1a\xfd\xeeC,\xa1\xbd\xb9\x09\x9d\xedu\
x\xe2\x17\xff\x89\xc9\xdd;)\x0d\x08\xa2\x8d\x22\x85\x18\
\x85X^z\xdf|\x86\x1eb\x9aNc\xcb\xab\x9d\xb5\
\x15\xf2\xc9\xb4\x94\xb4\xaa\x1c\x00\xd0g\x90\xad\x02\x7f\x87\
\x86\xabf\x1e\x1c\xcd\x01\xed\x02L\xe1_gk\x1d\xec\
\xa8\x1f\xbf>r\x14\xd3\x04\x99\xf5\x9d\xcb\x10\xae\xae\xc7\
p\xff\x01\xe4\x92\x0b\x1a\x81M,\xdf\xb0\x19\xcb\xd6m\
\x15\x19\xf3x|A\x8a=\x8e\x9bp\xb9N\xe2\x00@\
Yt\xb3\xf2\x0f\x7f?\x1a\x8eH5\xd8\xce\xa7\xb1\xf3\
\xc5?!\xbd0)\xb9ag#p\xcf\xb7\xdf\x8d\x8d\
k\xe9:\x8b\xb30\xb2S\x9a\x01X\xd2\xaf\xa5\xed\xd3\
\xad0F\x17\x03\xf8\xcaww\x22\xda\xbc\x11\xdbv\xbc\
\x89;\xdf\xb7\x0e\xd7]\xd8\x0a/\xa5\x0bl\xcaQ2\
\x8a\xd2\x13.\xd9\x01\xfc\xfa\xa9,\xbe\xfc\xc3\xd7\xf1\xb9\
\x0fm\xc1M\x97\xd7!\xc0\xa7.\x031e\xd5K\xf1\
\x22&\xa7R\xe8^\x11\xc1\xc8D\x0c7\xdf\xf5,6\
o\xe8\xc4\xbf|x-j\xc2K\xca\xc3\x8fB\xef\x17\
v$\xb1\x8fN\xb9\x0f\xbc\xa7\x976J\x92\x16\x9a\xa5\
\xc22\xb6\xff\xe6M\xcf)\x01?s.NJ\x1dB\
\x9f\xf4\x12\xea\x9a\x1a\x90\xcb\x15\x02\xe1\xa0\xd8E\xad;\
\xa1\x0b\xa9P\xed/\x9b\x87~\xa2\xed(\xf9\xea\xf0\xcc\
N\x03\x1f\xfd\xc6\x9b\x98\xcdFTw\x836~@Z\
\x80\x8e\xb5\xba\xd3y\x01\xeah\xfd\x04\xab\xa2\x04d)\
\xe1\xec;mW\x19l\xe2\xc3\xce\xb2\x5c9{\xce\xef\
e\xf2\x90\xd6W|~\x06V<A\xc0\xe8\x91q]\
\x19\xc4\xe1\xcd\xe8Q\x9c\x00\x87^]\x14tR\x224\
\x9c\x8ap\xfd\x81G\x84E_\x91A\x8f~'T\x1d\
C,\x12\xa5\xc3*.\xa2\x1d\x16\xa5\x10\x05\x8a\xa2\xd8\
_\x837~\x88%\xe7\xf3j\x9aR\x81gQ$\xcf\
\xf9\x1eD\xaa\xa3B\xd0\xe3\x1a\x02\x8b\x80\xa8\x16\xaav\
\x16v\xb4\x1a]\xcd\x04\xc7\xed\xa9L\xae\x12p\xb3\xca\
\x00\xd0\xd8\xd7-\xb5\x9d%J/\x8d\xb5\xa7]a7\
v\xa9i\xc0\xc9\x91aq7\x95p\x88\xa7\xfbl5\
\xe5w\xdd\xad\xb7\xe1\xd4k\xdf\x89=\x87G\x91\xce\xd9\
\xf2|%X\xab8\xf5\xd5Mu2\x19\xcb\xcdIl\
\xcbi\x07\xaa|\x9dCZo)\x8d\xa0\x95Ak\xd4\
\xc0\xba\xbe\x16\xc9\xbf\x9f\xda\xde\x8fE+(\xa3\xbf\xaa\
\xc2\xee0\xe2\x8aR\x15_\xd1\xd7\x8e\xbd/<\x8e\xd7\
\x1ez\x00\xcb(O]\xceN\xaf\xf9\x22\xe5\xc6\xdc\xc4\
c1\x10\xaf\x14\xbb,\xdb\xc9\x87\xa1'\xdet_\xde\
\xcd\xb1\xd4\x8d\x12f\xa3\x83\xa4z\xb4Rn\x1c\x87\xe3\
\x02\xaay\xdax1\x84\xea\xa2\xb8\xaf\xbf\x1f\x03\xb4v\
\xeb;\xbb\x10\xadk\xc5\xd4\xf8\x00\xe5\x8b#N\xdc@\
'@76\x9c}\xa1\x8c\xa2.\xd2I\x90\xcd\xe55\
 \x96\xeb#N\x8d\xa4\x0c\x98\x15=r\xfdw,\x1a\
\x93\xb01\x1d\x9f\xc1\x8e\x97\x9e\x82\x9dIP4\x90\xc1\
E\xa7\xb7\xe0g\xff\xfe.Dc\x04:\xb99 ;\
C\xbf\x9fWSg\x0e\xc8\x0a1\xa1\x0a\x7f|q\x0e\
{\x0f,\xe1\x8ak\xaf\xc5]\xdfx\x10\xdd\xcd6\xbe\
\xf1\xd9sQgN\xc3\xceQ\xe4`d\xd5}B\x10\
\x0f>\x9f\xc1\x17\xbe\xf3\x1a>\xfb\x913p\xe3%~\
\x04Lz\xeeF\x1033\x19\xca\x97\x17\xd0\xd9\xc1\xde\
|^,\xa4)\xa5\xf8\xc2\xeb\x18\x1c+\xe2\xd6\xab{\
q\xc3U\x9d\xa8\x8fqT\x91\xc3\xccl\x12\x13\xa3\xe3\
XG@!\xd6\xe8l\xc9\x9dMI\xca\xa1\xc2fm\
\xebf;\xa7\xbbf\xfb9D\x17\xdbI\x91\xdc\x8a\x9f\
\x066K\xaf\x01\xa5\xae,#\xbe\xbe\x06\x98\x91&d\
\xbd\x8d\xf8\xe6\xcfG\xf0\x13\x8at2\x08\xa9\x05\xee\xe7\
9\xf8\xa0ji\xea\xa9<w\xa3x\xbdb\x98\xc1\xd4\
v85\x09\xdd\x99\x92\x5c\x5c(\xd2j0\x0c\xba\x87\
\xce\x87 \xab\xeb\xfahS\xfbx\xbaP\x0dTh\xe0\
\xd0\x92l\xfc>\xf4\x10Z\xbb\x97\x89\x05\x5c>\x9d\x91\
\xd6`GW\x17F\xe80\xad\xa3\xcd\xc6\xec@\x1f\xfd\
\x8c\x9f\xae\x8d\xfb\xfd<@\x95\xa6\x88\x97\x1d\x8cM6\
\x22\xd5\x1d\x02?\x1d\x82\xa9\xf9y\xb12\xafo\xaa\xa2\
4\xd8\xc4\xc4\xd0\x84DAk6\xac\xc7\xd8\xd4$\xaa\
\xabj\xb0H\x00\xc25\x09\xd6\x220J\xb6\x1b\x15\xb8\
\xe1\xab\x1bZV\xd2\x87\x95\x1e!\x7fL_m\xb5\x00\
\x00\xcb\x1d-\xcdh\x00`c\x90\x12}\xc8\x89a\x02\
\x80\xc4\xa2\xda,B\xb6Q\xad\x98\xf5\xa7\x9e\x81\xf7|\
\xe6\x1fqtt\x1e3\xf3\xf4!\xe9\x85\x0a\x12z:\
\xee6\xb6\x16\xa9)\x0f68\x02\x96r\xe0Y\x15\xda\
|v\x16\xcd\xc1<\xce]\xdf\x8e\xb3\xd7t\xa2\xb9&\
\x82\x85L\x11\xdf\xfa\xe5\xd38<k\x8a\xbb\xae\xc7\xcd\
\x1d\x95=u\x806\x05\x03@zz\x00\x8f\xfc\xe7\xf7\
\x11]\x9a\xc7\x06:-\xebh\xd3\x87\xa0XZ\x05K\
\x15$\x0d\x9d?\xc1\x19dqNbM\xa5T\xb5\x1c\
\xdd\xa3\xd7SR\x0e\x05V\xb5\xc8\x0c=;\x9dG{\
M\x18\x8d\xcd\xf5x\xe0h?\x0e\xd2\xa6n\xe8\xeaA\
U};\x16\xe2\x93\x98<\xae\x14c\xb8\x1a\x12\x88\xd4\
\xe0\xd4\x8b\xae\x84'R\x85%\xf1\x1b\x5cR\x84 M\
\x8ar\xfer9\x11\xce\xe2\xac\xd8\xfc\xfc7\xfb(\x86\
\xfc\x1e,L\x8c\xe0\xcd\x97\x9f\xa5P\x9f\x8dW\x12\xb8\
\xe3\xc6u\xf8\xca\xa7\xcf\x87\xc7\xbbHq\xf7<\xdd\xfc\
\xb8\x84\xc9\xaeP(\xd4\xe7Ldc\xf8\xda\x0f_\xc5\
\xa5\x17m\xc6\xa9\xa7l\xc1?}\xe79\xbc\xb6\xe30\
\xbe\xfe\x99\x8bq\xeeZV\xe4\x9d\xa2\x9f\xcc\xd0{\x07\
`Q\xa8\xff\x7f\xaf\x14\xf1\xd9o\xbc\x8c\xf7\xdf|*\
\xae\xbf\xa0\x8a\x00e\x89\x9e\xad\x1f\xcf\xbe8\x01\x7f6\
\x81w]\xdb\x0c\xaf\x97{\xf5!<\xb3\xbd\x84\xbb\xff\
\xedu,\xa6\x8b8ec\x03n\xben-\xb6\xac0\
\x10-\x8e)6\xa0W\x0d\x0aq!\xcf\xca\xa5$\x5c\
6\xb4\xa4F\x99\x1bb\x95\x17\xa6\xfbm\xa3b\x12\xce\
\x91\x04+\xb9\xadS\x19\xba\xe2\x11W#\x003\xdcB\
\x80\xd4\x84\xe9B;\xde\xff\xf9\x17\xf0\xda\x01nn\xaa\
\xf7\xf0\x86B\x02\x02\xb6.\x9c\xb9\xf7X\x03\x8f\xa5\xc7\
u\x9dM\xe1\xd4\xd3l\xab\xc2\x8a\xbd28\xb3\xf4\x0c\
\x8a\x05a\xa9*\x04(i.\x80\xa5\x99\x9e\xf4^a\
\x1f\xce\xbe\xf8\x02\x89.\x16)\xc58x\xe0\x00V\xac\
[C\xeb \x05\x9f\xc7#)Q\x81No\xd6\x09\x14\
\xf5^\x8a,\xc6\xc7'\xe9 \xcd#@\xf9\xf89\x97\
^\x82\xdd\xdb_Cb\x9c\x9eM\xae@\xeb\xb0\x84\xce\
\xe5\xad\x92\xfa\x8e\x1c\x1f\x91\xe6M/\xa5\xc0\x8b\x99,\
\xc2\xc1\x08\x12\x0b\x09a\xcc\x8e\x0e\x8d\xc8,\x81\xa9\xf1\
\xcc8\x01\x00\x9c\x12\xa0s\xd0\xe8N\x8a\x06\x80\xa6\xe5\
\xaa\x08(\xd3\x80\xab\xb7^f\xd7S\x0a\xc0\xee\xc0\xf3\
\x93ta\x84X\xec\xfd\xc7\x1f>\xcf\x85@\x8a\x00\xea\
Z\xdb\xf1\x91\xaf~\x1d\x89B\x00\x03\xc3\xb3`\xdb\xb4\
\x9c#z\xe0lx\xa6P\xb2\x5c\xb8\x1eG\x95I3\
=\xd0\xc2a\x16+\x06\xb5Vyq\xce\xc6N\x9cL\
\xa7~;\x9d\xac>Cp\x1dI\xfa\xe7\x1f\xff\xfe%\
\xec\x18\xce\xa1\xe4\x0d\xa9\xc9.\x9dB\xa8\x89\xc3\x12\xe5\
\xb3\xcd\xa8\x0bX\xf8\xc3\x0f\xbf\x83\xe4\xf0Q\xac\x0b\x04\
\xd1\xe5\x09\xf3d\xb5z\x7f)\xa6T\x14&\xa1\x8a\x80\
%Wh\xc3\xa1\xbf\x19\xa8\xf4\xcbs\xca+\x0aD\x0d\
\xe1\x010+\x925\xed\xdab!tv\xb6\xe2\xf7G\
\x0e\xe2M\xf6\x9fokG]S'R\xd98&\x07\
\x8e\x88\xd8\x83p\xec\x08\xb46Q\x04P\xd7\xd1%6\
\xe8\xf3\x0bq\xd1@P\x1b\xc0I+\xf4\xc9_r\xcc\
K\x9d\xca\xae\xe1\x02&\xe7\xff\x11\x9f\x89\xf9\x89a\xec\
y\xf5\x05)\x8ey\xac8>\xfb\x81M\xf8\xd4m\x1b\
i\x93\xd1\xe6\xa5\x8di\x94\x96\xe0\xd0\xf9\x0c\xcdd\xe4\
\x0d\xf24\x85\xe3\x8f\xfdy\x00\xff\xfc\xe9\x8bPS\x15\
\xc1\xef\x9f\x9e\xc1W\xbe\xf5$.=\xb3\x05_\xfc\xf0\
\x1a\xf8\xed)\xca5\xb9\xb8\xcb\xc2\x19A<\xfc|\x96\
@b'6\xad\xaf\xc5\x9aN\x9f\xb0\xfd\xf2\x05\x13o\
\xec\x9b\xc6\xc5\x9b\xa3\xf8\xe8M-\x94\x02\x16dae\
s\x11<\xb9=\x8f\x9f?:Lk\x80\x16/=\x8b\
\xf5+\xc2\xb8\xfa\x8cz\x5c\xb8\xd5FU0\xa5\xaa\xee\
|h\xf0\x98\xb0#\xf6\x8129\xcc)H\x9d\x90\xfa\
\xd8\xf6_\x00\x80\xedjOj\x000\x0d\x99\xf9\xf7\xc6\
\xdaax\xdb\xb0c\xa8\x167\x7f\xeeQ\xcc.UK\
\xbe\xce\x7f\x02\xb1\x98\x08w\xf0$\xa8\xc7\xe5\xc8\xab\xee\
\x812hqJn\xba\x16\x04\x15y(\x81\xd9\xf2\xb5\
8H\xe0\x14\xfd\xa4\x00\xcf~\xb0\x963\xb9_r\x07\
\xb8\xd8*\xde\x1f\xf2\xe3\xa4\xd3NA\xff\xe1#\xb4)\
8uJ\xa0\xaa\xa1\x966xV\x22\xe9 \x1d\xacL\
6c\xc6\x1e\xb3\xf7Bl\x0d&-\xef\xb4H\x81\x87\
iC\xe6(\x22(\xa5\xb2j\xde\x81[\x83\xde\xa2\x10\
\xafX\x90\xd4\xeb\x09 T\xa5x\x0euu\x0d2\xb2\
\xdfN\xfb\xf1X\xff1i\xcd\xbaU~'\x05\x80\xe3\
\x8b\xe9\xc8\xc7\xa9u\xa2M\xb6\xdd\x08\xc0\xa2(zi\
z\x84\x00\xe0\x14\x02\x80e\xaa\x060?5%\x8a@\
\x16W\xea\x99\xb4\xa3\xbf\xbc\xa1\x08>\xf4\xf9/\x22\xd6\
\xb1\x02\xfb\x8f\x8dQ\x08cI[\xcd\x0d\xb3l\xdb\x05\
\x00\xc7}\xb6(\xf9H\x11\xbeR\x0a\xd5\xfe\x126-\
o\xc4E'\xafA_=\xe5q\xf4\x9a\x05\xa1\xb4*\
\xf4\xcf\xd3{\xff\xdf\xf6C\xf8\xc3\xab\xa3(zx\xb6\
\xbb\xa4\xa3\x07-EN\xef\xd4P\x17Co{-\xfe\
|\xdf\xff\xe2\xd8\xf6\x97\xd0Ch\xba\xd6\x1f\xa5T\x02\
\xb2\xc9\x9d\x22\x9e\xa1Fd\xd4\x8dq\xe8\xb8Na\xd2\
y\xc8N\xf1\xa4B\xa2[\xd9Q\xab\xd6!\x83\x89\x8f\
\x16N\x07\x81TkW\x1b\x1e9r\x08\xbb\x12\x09\x84\
\x1a\x9a\xd1\xd4\xb2\x8c~\xc6\xc2\xd4\xd01\xe4\x97\x12R\
\xb0\xe3\xa6UG\xdf\x1a\xac9\xe5t\x14\xe8\xba\x98N\
\xcd\x06+\x96f\xe1UX\x9b\xba\xf5\x10\x87\xf5WN\
\xd4l\xc4h\x11\x87}^J/\x86\xb0\xe7\xb5\x17E\
l\xd5c-\xe2\xee;N\xc2'\xde\xbb\x9a\x00\x80\x80\
9\xb7(nL\xbc\xca\x85\xb3 ,?/\xb2\xc50\
\xbeu\xcf^\xfa\x99v\x5cy~7Ba\x13S\x0b\
U\xb8\xfb\xeb\x0fQH>\x8f\xef\xfe\xd3\xc9\xd8\xd4\xb9\
$2\xd5\x90Y\x89\x10~\xff\xe7\x02\xfe\xe5G\xaf\xe1\
\x93\xb7\x9f\x86\x8b\xcf\x08j\x0d\x880\xde<\x92\xc2\xcc\
\xc0A\xdcte\x95z\x162\xe0\xc3\xda\x8da\x0c\xcc\
\xc5\xf0\xf8\xcb\xf3x\xe2\xd5Y\x8c\xce\x97P\x15(\xe0\
\x83\xd7\xd7\xe3\xdd\x17\x86\x102\x08\x9c\x8ai\x02\xa9\x9c\
\x22#9\xc5\xa9\x0a\x17a'MtY#\x15\xadP\
\xc3\x8d\xceU'F\x1d\xc7\xaa\xb5i\x87\x9a)\x02h\
C\xcel\xc5\x0f\xee\x9b\xc17\xee\xddO\xa0\x10&\xc0\
\xf1Ih\xcf:\xfa\xd2\xfb\xd7J\xcfN[\xd5\x8d<\
\x1c{u\xfbD\x00\xb05M\xd3UM\xb6\xca\x00\xe0\
v\xb3\x8a\xce\x80\x8ez~\x91\x86\x1a\xe9*\xa5f\xe3\
\xc2\xb4\xf3\xb0\x04}QyM\x1aR\xe1\xb0\xdc\x9a\x93\
ikJ\xb2ei\x12\x94\xa5gc\xd48\xbb\x14e\
]e*\xc5\xa2q\xda\x82\x22\xc9\xc7s\x1b\xba\x88\xcc\
->UD\xf6(\xdf\x19\xa3\xec\xa9\xa0\xe69\x5cy\
\x18\xad\xe7\xa0\x96\x97\x85\xf24\xa0\xb7\xb6Jf\x01\xb8\
\xdd\xcd\xeb\xccXC\x00\xc0D \xcb\xf0a\x8e\x22\x00\
\xees\xb3|\x92%3\xffZd\x82\x16\xcc5\xb7\xde\
\x8e\x93/\xb9\x0a\xbb\xfbG)\x04\xce\xb9b\x97NK\
\xab$C\x14\x05\x01\x02E\xac(\xa0\xda\xcc`Kw\
\x0d.:u%\x96\xb7\xd4J(\xc5\x11B\xa1T\x12\
\xd3\x10V\x06f\xe6!\xbf\xce\x91\xe9\x04\xfe\xfb\xb1]\
H\x191-[\xed\x00@In\xbc?`bUO\
\x0b\xfaw\xbc\x84\xed\x7f\xfc\x03\x9a\x09lN\x0aDP\
%b\x96\x1ea\xdfY\x1em'e\xe8\x09D\xfd\xb7\
S\xac\x84\x9e7p&p\x0c\x87,\xa2\xbb\x06\x8ey\
$\x17rx\x02\xaf\xbd\xbd\x09\x85p\x10\x8f\x1c:\x82\
\xe3t\x1aG\x1a[P\xdf\xd0\x0a\x837\xe9\xcc8E\
Lc\xb4A\xd5\x84\x1d[Dm=\xffbJ\x03(\
\xef+\xb0#\xf2\x02\x81\xa4\xa1O@[w\x02\xcbm\
RGP\xa4\xfc\xf0\x80X$F\xe1\x9dGL\x1b\xf7\
\xd1\xe7\xe4z\x09\x03\xc0\xe7>\xb4\x99\x00`\x15]\x17\
\xa5\x16\x85\x04\x01@^W\xfe-\xe9\x12\xd8\xdc\xfa\x1b\
\xf5\xe0\xe3\xff\xfc\x18\xa2\x91\x08\x9a\xc2tr\xf8Y\xcf\
>\x80=C9\x8cN\x15\xf1\xbe\xab\xeb\xf1\xf1w\xd5\
 b\xa7d\xa30\x00<\xf0\xb4\x81/\xfd\xf85\xfc\
\xe3\xed\xabq\xc3\xd9>x}\x86Xn\xcf\xa6)?\
\x9c_BW\xabZd\xd9|\x10\xf1\x85\x14\xe5\xfdJ\
\xe2\x84]z\x0fO\xc7\xf0\xe0\xcb\x09<\xf5r\x1cU\
\xbe9|\xebS]X\xdfN\xe9c)\x09#\xad%\
\xd0\x8d\xcaa\x17C\xf3\xd4\xcb.\xce\x7f\x11\x0e8\xdf\
0\x94\x1f\xa4\xb2\x0f\xe7-\x12\x81\xa7\xaa\x1b\xb6\xbf\x0e\
\x83\xf3\xd5\xb8\xed\xf3/a\xd71S\xf4\xf7,JY\
\xbc\x81\x80\x18h89~\xa5\xe1\x89\x0b\x00\x1a\xf8\xe1\
\xc4\x8b\xb2\xb3\xf5\xb5\x18Vy\xa6\xde6]r\x92\x93\
\x868\x16\xec\xea\xdb\x16\xaaZ\x1a\xb1\x92\xc2\xf27^\
\xd8\x86\xf2\xf1\x01]\xbc\xf6\xa8(\xc6Qr\xd2\x9d \
K\x17\x0cY8\x85\xf3q\x8e\xa0\x8b\x0e.\x16\x95h\
\xae\xe9W\x04#&s\xf9\xf4u\x8b\xb6\x85\xdb\xb9\xd0\
<J\x87i\xea\xba*\xe1\xc4{\xa9#.\x87'P\
\xb2\x9d\x96\x22\x81Uu\x8cR\x80^Y\x96b\x0d\xc6\
\x00 \xee\xc0\x1e\xbf\x00@\x8e\x89,\xbcA\xf3\x19e\
\xfcA\x9b\x9aO\xfbug\x9e\x85w}\xe4N\x1c\x1e\
_\xc0\xc8\xc4\x82\xea\xc9\xea\x5cJ*\xea,\xbe\xc13\
\x04\xfa\x83\xd7\xfbrx\xdf\x85kq\xce\xaa\x16D\xbc\
e\x06lQ\x18\x81\xb4\xf1S9\xec:2\x8a\xc7\x9f\
~\x11g\x9ev\x12\xba\x96\xaf\xc4\x8f~\xff\x02\xa6\xd3\
\x018BG\x96\xb6\xca\x86\x9e\x8e\xeb\xechB)>\
\x81\xa7\x7f}\x0f\xc2\x899l\xf2\x85\xd0,\x95b\x06\
\x00/\x01\x95\x0a\xd1TPl*\x06\x95D\x06E\x89\
\xe3\x5c\x9d7\xba)\x01\xfa\x9d\x00\xe7dt\xd3\xf9\x8b\
-\xd0\x9c\x09\xbe\x12\xc7\x90\xb4\x11\xf3\xf4\xfd\xc3\x14\xce\
\xbf:3\x83\xa5`\x10\xcd\xcb\xfa\x10\x08\x85EI&\
\x97^\x14!L\xc9w\xe5A\xf9\xb0b\xf3Vt\xac\
X/\xf2b\xac\xac\xc4\x83R.\xf8\xa0\x12\x00\x1c\xfb\
[g\xa1jk-\x06\x00\xaf\x81\xf9\xb1c\xd8\xbf\xe3\
e\xc9\xa3=\x94\x97\xdf%\x11\xc0Jz\x8f\x04\x85K\
\x0b\xb4\xaf\xb2\xce\x19&\xd6\xd1Eo=\xee\xb9\x7f\x00\
\x83\x93\xf3x\xff\xedk\x11\xb2\x99\xca\xcd/\x1c\xc2\x91\
\xf1 >\xf7\xb5\xe7\x10\xf5Y\xf8\xee\xddk\xb0\xaa1\
.\xcc=\x06\x80\xdf\xfc\xc9\x83/\xff\xe0\x0d\xdc\xfdw\
}x\xd7\xdb(T\xf51\x1f#\xa0\xc6\x86\xe9\xb6\xa7\
\x92\x1c\x02\x17\x90\xa2\x0d\xff\xe4\x93Sx\xe7U\xcd\x88\
z\x16\xc5$\xd5\x22\xa0\x9e\xc7J\xfc\xfbog\xf0\xf8\
s\xaf\xe2+\x1fl\xc6U'\xf3I\x9b\x82\x91Y\x14\
V\x1d*m\xc4P\xce\xc2\xd4\xbd\xa8\x8c\x0c\xf4P\xb4\
>\xb1\xdc\x9c\xdc\x93\xd3\x96\xd8\x04\xba\xcc\xff\xf7\xd6\xe1\
\xbeg\x92\xf8\x87\xef\xec@\xbaP-\xa2\x98E/\x81\
5Ka{T\x1d\x87\xd7\xa3\x07\x8e\x1b\x93:D\x9c\
\x8e\x92+\xbcQ\xb1Q\xd4\xf7J.\xc7\xdf)H:\
\x87\x10_\x94\xa4\xb0z3s\x1d\xab\xba\xa9\x11\x8d\xf4\
ul\xffa\xad\xe8\xa37\x9cQ\xde\x98\xae\x16\xa3\xe5\
\x08\xaeH(*\xd3\xa7\xbc\xaes\xb4\xbe\xdah#\xf2\
\xaf\xb0\xca\x12\xbfwCs\x87\xec\x8b\xc1\xc3\x87\xe0\xa3\
(J\xa4\xd5M\xdb\xc1\xd2\xbf\x04\x80JK7\xe7 \
\xa9\xf8\xac\xa6\x06C\xa9\xbd\xe9h\xcb[SE)@\
\xcf\x89\x00P\xdd\xde#\xe6\xa0\x89\xd9Y\xa9\x01\xd8%\
\xd5\x8a\xe1Z\x00\xa7\x00lw]\xdb\xd6\x81\x0f\xde\xfd\
\xcfH\x98\x11\xec?:J!\x8f\xe1\x86Z\x96\x9er\
c\xb3\xcf\x92\x9e\x1do\x8dX\xf8\x87w\x9e\x83Uu\
*\x0f\xe6m\xc9\xc8\x96+X\xd8q`\x08\x0f?\xfd\
\x1av\x1e\x1cA:o\xe1\xf2\xf3\xb6\xe2\xea\xcb\xcf\xc3\
\xcf\x1f~\x1eG\xa7XR\xda\xefRh\x85\xc1'\xac\
\xa9\x12\x9a\x9a\xebQ\x1f2(\x0d\xf8\x05\x92\x83G\xb0\
\x96N\x80>vD\x91\xeb\xf0J\xcb\x92u*\x99g\
\x1d\xe2\x19z\x1e\x09\xf6\xaa\xff\x16Y'\xd16\x84\x0c\
\x1f1\xdf\x9bS\x87\x22!,O\xacg)2Y\xa4\
\x1cn\xb1\x90G\x8a\xa7\x16)T\x8e\xd3\x0fO\xe7)\
\xaf\xf3z\x11kjE]s\xbbp\x0b\xbc\xec!_\
\xca\x11`\x8ebinZ\xbc\xd8\xf9\x1eDj\x1a\xb0\
\xf9\xec\x0b\xe0\x8dV\xcbH\xedB<\xa5h\x9d\xee\x03\
\xd2\xedP7\x1f\xd6\xc5H\xbd\xf0\xb9M\x14\x22\x00\x98\
\x1b\xe9\x97\x19\x00~h>\x8a\xa2\xee\xfa\xbb-\xf8\xf8\
\xcd\x04\x00X\xa0\xd52G\x8b!\x05G\xb5\xd9\xf6\xd5\
a<\xd9\x88\xbb\xbf\xfa0>\xf6\xa1-\xd8\xb2\x9a\xf2\
oJ\x13\xac\x0c\xa3n\x04iO3\xbe\xf8\xa3\x03x\
\xf2\xd9I|\xec\xe6.\xdcry\x88\xd2\x80Y\xa9\xf6\
\xff\x92\x00\xe0_\xbf\xff*\xee\xfe\xfb\x93p\xe3\xf9&\
\xfc\x1e\xcaC)\x9a\xe0VY\x86\xc2\xfd?=7\x87\
5}Q\x84\xebk\xf1\xe5o\xbc\x86O|\xe0$\xac\
n]P\xa1\xa7\x87Ge\x96\xe1'O\x98\xf8\xf9\xef\
\x9f\xc1\xf7\xef\xec\xc5Y+R\x22\x08\x0aZ\xd0f\x05\
\x00\x9c8\xe4\xe3\xfc1*\xb6bY\xe6\x5c\x01\x81Z\
[<h\xc3\xce\xbf\x9e\x08\xb7\xfe\xda0\x91\xac\xc7'\
\xbe\xfa\x22\x9e\xd9K\xc0@'\xbfT\xb2\xc2\x14\xb9\xf8\
#\xfav\x98\xcaMG\xdfk\x87\x87\xe1\xa4YN\xcc\
\xea\x16\xce]\x99\xfa\x92\x96Fs8\x0b\xa8\x90\xd7*\
I\x04\xa0&Z-9s\xd9\xaa\x8b+\xfay\xca\xdd\
M\xa7\xde\xe4\xd61L\xedR\xedh:\xda\xee\xfb\xc9\
\xc4!\xd4\x98|\xb0\xb9\x81\x80\xa4\x0e\xc3\xfd\x87D\x18\
\x97Io\xd3\xd3\x0b\x94r\xf6\x89[\xd6<+\xfc\xf2\
\x00\x96\x1e\x115-\xc7\xc3\x11\x7f\x15\x00\x5cS\xd9\xf2\
b\xd3)\x80\xe1\xfa?\xf0\xcf\xfb(\x05\x10E \x0f\
{\x14\x0c\x13\x00\x9cz\xb9]\xd3\xde+\xd6`\x0b\xd3\
\xd3XbQP9\xd1\x0b\x02\x00L\x0bf\xfe\xb2\x11\
\x08\xe2}w~\x1a\x0d\xab6a\xe7\xfe\x01\xe4\xb3\x15\
*rR\xdc\xb2\xdd\x9e*\xb7BBH\xe3c\xd7\x9e\
\x8eS{\xaae\xd3\x14\xe8\xdf\x07Gg\xf0\xec\xab\x07\
\xf1\xec\x8e#\x98Z\xa2\x1bKQ\x07\xd7\x01\xbaj\x81\
;\xff\xf6Z<\xb7\xe3 \x9e\xdf=N9UT\xcd\
j\xbb\xb4\xe3\x92\x98:E\xab\xa3\xe8k\xaf\xc7\x9eg\
\x1f\xc3\xde\x17\x9e\xc2Z\x7f\x10\xe7P\xe8]E\x9b\x86\
\x8b+\x01\x02\x84\xa0\xcf\x94\xd3\xdc\xa6\x8d\xcfu\x06\xae\
 3\xdd5\x95/\x22\x99\xcfc\x91\xbe\x12\xacN\x94\
\xcf!\xc9\xa6$\x04\x06Y\xba\xe6,\xfb\x13\xb0\xe5\x19\
\x03\x84&\x11\x19\x04\x1a|\xc2\x84#U\xa8\xa5\xf0\xdf\
\x1b\x8a\xc1\x1f\x0c(;)\x02\x00\x1e\x9a\x9a\x18>\x0e\
;\x9f\xd5<q\xa0g\xedf\xf4\xae\xdf$\x9f7\x95\
\xcd#\xc9\xb5\x00\xa7mTQdR\xa1\xa7\x0a\x19\x9d\
\xfc\xaf*\x16E\x906\xd6\x02G\x00\xaf\xbd$lF\
\x05\x00\xa7\x08\x00\x98\x04\x00\x16+\xeb\x962jQ\x13\
\xa0\xe5\xbd\xcb\xf0\xe3\xdf\x0e\xe1\xf1\x97\x0e\xe2\xc7_\xb9\
\x10m\xfe\xa3\x149'\xe1\xc9{\x84WQ\x0at\xe0\
\xa1m\xc07~\xf6&Zks\xf8\xf7\xbb\xceBg\
\xfd\x0cEx&~\xf2P\x12?\xbcg;>\xf2\xde\
s\xa5\x0b\x10@\x96\xc2i\x05\x1c/\xee\x99\xc1\x1f\x1f\
\xdb\x87\xaf~\xea\x14\xdaga\xfc\xed\xa7\xff\x0f\x1b\xd6\
t\xe0\x03\xd7\xf7\xd2\xeb@\xc6\x5c\xa7\xd2\x04\x0c\xdf\xdb\
\x8ebf\x02\xff\xf6\xf1eh\xab\x8a\x0b\x7f\xc2\xc8\x97\
t\x8b\xb8\xb2\x15\xa5\x16\xabY\x8e\x01*\xe3\xd5\x0a0\
P\xc0 \x90oF\xe1\x8d\xb5\xc0\x08\xd7#\xe7\xe9\xc2\
O\xee?\x8eo\xfdl'R\xa5\xa8\xcc.p\xeb\xda\
\x17\x09\x8bc\x13\x03RY\xbd\xd8\xaa\x087\x14\xa9X\
\xd6\x91c\x9cRr6\x8a\xa5\xaa\xfdP\x9b[.\xba\
d\xe8\xa9\xe5r\xeb\xd24\xca\xb5\x03G\xe3Q9\xfa\
\xe8\xc9\xb1\x8a\x14\xc0v\xa8\xf1.\xef\xc3v\xc1C\xd6\
\xb1\xa1\x8a\xcd\xed+W`fz\x02Y\xd6\x05\xd0\xd2\
^<\x85\xe8\x8dV\xa1\xa1\xa3\x17c\xfdG%\x8d\xf6\
\xe8\x16\x9e\x07\x9e\x13\x22\x00\x95j\x94S\x80\xb2H\x88\
\xed\xfemhE\xa5\x92\x8e|\x15\x00T\xbb\x11\xc0\x12\
3\x01%\x02h\xeb\x11k0.\x02\xf2\xdc\xb1\x0a\x7f\
JZ\xf7//=Q\xa6w\x9fw\xcd\xf58\xe7\xfa\
\x9b\xf0\xe6\xc1a\x0aq\xb3\xae\xd8\x85j\x91\xaa\xe1\x0e\
\xa6\x11\xcb\x98d6\x8e\xebN\xef\xc3ug\xad\xc1\xd0\
\xf8,\x9e{\xfd0\x9d\xf8\xa3\x98^\xe4^\xb3W\x04\
\x1c\xb9\xda\x9e\xe7Jiq\x11\x1f~\xc7\x05R\x87\xf8\
\x9f\x87^\x81\xe5\xabV\x8eD:\x0a\x90\x08\x83}\xda\
\xfd^\xac\xec\xeb@b\xf8 \x9e\xbe\xff^t\xd2{\
^\xd5\xdd\x83*:\x81\xb3t\xe2&\xd9\x14\x91nb\
\xba\xc4\xdc\xf5\x02\xe2\xd9\x0c\x96\xe8+'\xe6\x8b~Q\
,\xca\x99\x8a\x85e\xcb\xe4\x9b)\xa7\x8c*\xc5\xe8\x85\
 \x96\xe8J\x105\x1c\x0e\xc3O9u\x80\xad\xa0\x02\
\x14\xfa\xd3W \xe0\x97\xc5Pdq\x0d\xba?\xb3\x93\
c\x88\xcfLIt\xc3\xcf\xc7C \xb1~\xebi\xa8\
nnE\x81>C\x86@ \x9d\xce(>\xb7\xce3\
\xcb%AEB\xf2\x9a>Y\xa0\x91X\x08~\xd6j\
\x1b?\xae\x22\x00\x01\x804>\xf7!\x06\x80\xd5t\xb5\
\x8b\xb03\xb4`\x8aK\x22E\x95\xb3\x82x\xf1\x8dE\
\xfc\xe8\xde}\xa0\xc7\x81k\xcfk\xc2;.\x0c\xa0>\
\x9a\x81\xb7D\xa0K\x9f\xf1\xe8\xa8\x1f\x0f\xbd\xb0\x84m\
\x87\xe6\x11\x9f[\xc0ik\x1bp\xfd\xdb\xbb0x|\
\x0e\x0f==\x85\xd1\xe9,\x1a\xaa\xc3\xe8i\x8b\x22\x12\
\xe0~\xb9W\xc0aW\xff8NY_\x8f;o\xef\
B2\x19\xc17\x7f\xba[|\xe7yQ6\xd6\xd6\xc0\
\x1f\xa8\xc6\xe4B\x02\x85\xf4,n\xbd\xa6\x19\x1b;\xe2\
\xb4\x1d\x15\xf1\xc7\xe0\xe7\xcfL6\xc7\xdd\xc7\x95\x1e.\
;$\xe9'\xeb\x16\x03\xd5\x89\xa6\x85\xbb9\xc5`:\
w\x88B\xff`\x13\xf2\xc1F\xec8\xe4\xc3'\xbe\xf8\
\x04\x06\xa7=2\x8d\xca\xaa?f0\x04/\x012\xb4\
\xf6!t\xca\xa7\x99\x5c.\xcbS\x22=Y\xa3*\x97\
\x17-C\x8e\x16L\xe5w!\x04\x1eK\x11\x96\x14;\
Qo\x5cK\xd1\x92}Z\xfe\x5c\xa9(\xe9=\x0f\xa7\
\x80\xac\xdb\xce\xf2\xd9\xb4\xca\xb4C\x82\x81\xae\x1f\xc8`\
\x1c\xfb\xf3Y\xe2\x00\xc4\xba\x99m\xcb:p\xec\xe0A\
\x98L\x18\xb2U2\xc4\xeb\xb0@\x17\xd5\xd1\xb7\x0a\xd3\
\x13\x93\xc8fS\xd2i\x0a\x145i\xca\xbdw\xder\
\xa5\xdfi\x99\xbbls\xbb\xec\x12\xe7\xd4\x1f*#\x80\
\xbaj\xb4p\x11\x90\xbe!\xb3\x00\xd2\x05\xe8\xa0\xb0\x83\
\xa0\x89\xe7\x8e\xb3Ki\xa5w'\xf3\xda\x05\xa9\xc2\xb3\
\x05\x18\xeb\x9ew\xac^\x8f\xf7\xdc\xf99\x1c\x9d\xa0\xfc\
wjAU\x87+\x88-2\xf2\xcb\x1f\x98\x81#\x97\
\xc4\xc6\xd60\xee\xb8\xe6m\xf8\xdd\xa3\xcf\xe0\xe9\x1d\x83\
@\xb0V\xd0Z\x08,\xa6\x12\xfb\xb4\xc4`4\x89\xeb\
\xce^\x8b\xd36\xaf\xc5w\xef}\x1c\xb3\x19\xbf\xcc&\
x\x0cKs\xc3,5fJ'}ww;\x9d\xf8\
\x05<r\xefOQ\x22\xf4l\xe4\x9b\xc0\x06\x0c\x14\x92\
e$GS\x0f\x9b\x0b,\xa6\x975\xe1=2\x0a\xec\
\xf5\x84\x08sL\xda\xc8\xf4E\xff\xe3\xb4\x8e\xc5 Y\
VL\xca\x19R\x05\xf4\x88N\x1c[Eqq-\x10\
\x0c\xc3GQ\x06\xff\xbe\xc7\x17\xa4\xd7\x0a\x88\x18\x03\x87\
\xef\x92\x1e\x15\x94J\xee\xf4\xe80\x9d\x82)\xdd\x7f\xf6\
 T]\x83U\x9b\xb7\x8a\x9d\x18\x03\x19\x17<S\xe9\
,\x01iAFj\xd5\xcc\xbe\xed.\x1a\xaf\x19\x90\xdc\
3\x1c#\x90\xa1\x85\x1b\x17\x00P\x11\x80\x17)\xdc\xf5\
\xa1\x93q\xe7{\xd7\xd0\xcf&`g\xe7hQ\xa4\xe5\
\xaep\xa7e6^\xa44*\x88\x14\x85\xa3\x9eb\x9c\
Nw\x0b1\x9f\x9a\x92\xe2\xdfN\xa4\xbd\x98\xcf\x04Q\
\xf0(\x01O/}\xdf\xef\xa74'\xcb,\xb8\x08}\
.S\x98o\xcc:\xe3\xa63\x9b^\xc8\x8c\x04]W\
u\xccFmu\x92R\xbb*L\xc7yP)\x88\xf8\
|\x06Ssi\xf9\xfdH\xb0\x88\xdef\x0b\xb5\xc14\
=\x9a\x92;\x98\x227W\xeb\xdb\xc3\xcd\xbb+Oz\
\xa7.`\x95\xe3\x01\xc3R\xd2\xdb\xdc\x05\x0a\xd4\xc1\x08\
U\x11\x10\x87P\xf4\xd4\xe2\xf0t\x0d\xfe\xe5\xfb;\xf0\
\xe2\xce$}f\xaf\xacI\x9b\xd2<\x7f4&\x7f\xab\
}\xae\x05P\xb9\x93!\x1e\x09\xaa\xb2\xcb\x13\x8f\xec\xed\
\x17\xaa\xaa\x16_\xbc*\x02\xaf\x10E\x92l\x90\x11\x88\
\x86e\x16?\xbd\xb0\x884\x81\xe3\xd2\xdc<\x16'g\
\x91\x9c\x9cA>\xc9QTQ\xe6=<Z\x9cCN\
z\xc7Q\x05\xe5\x8a\xbf+jj(\xe6\x9ee9\xf5\
\x03h\xef\x0cu/\x02\x14~\xd7\xb65Kj\xba8\
3M\x1bp\xc6\xf5\xaftRAf\x1c\xf2|B\xac\
\xa6\x16\x06\xad\xc50]\xfb\xc0\xde\xfd\xf0j\xc7mu\
/=\xea}4\xaf\xc2\xa8\x88\xaa\xdcZ\xa1>\x94E\
y\x098!\x02hY\xde+\x85`\x01\x00\x8e\x00\xaa\
Z\xbb\xe5\xf4\x8d\xd3E\xb1W\xba\xe0\x9a\xa5\xf8\xd8y\
\xd1\xfb\xcfKx\x1f\xa8\xaa\xc3m\x9f\xf9G$\xbd1\
\x1c9>.\xbe\xed\x95\x05.iu0x0\xbf\xba\
\x90A\xa3/\x87;\xdf})\xf6\x1e\x1a\xc0\xff>\xbe\
\x03t\x07d\xb4\xd7c\xaaY\x02\x99\xf9b\x00\xc8-\
\xe1\xe4\xae(\xde{\xdd\xa5\xf8\xdfG^\xc2\xce\xfeY\
J\xe4\xc3n/\xb9\xa4O\x0b\xfe\x14M-\x8d\xe8\xa6\
\x18\xf4\xcf\x7f\xf8\x0d&\x0f\xee\x93\x09\xb7\x5c\xbe(b\
\xa1RR\xf2\xd0\xab\xfa)/\x0c\x05d\xc3\x8b\x88\x93\
i\xcb\xc6\x0a\x87\xf9T\xf7!\xec\x09#\xb9\x90\xa7\x8d\
\xa9\xd8\x89\x0c\x18\x5c\xd9\x17\x8d8f\x22z\x15%\x94\
=\x11\xfc\xfe\x90T\x9b\x03\xc1\x88\xb2\xc0\xe2p\xcaT\
\xe6\xa8E\x06F\xfa\x9c\xd9D\x5c\xe6(D3^\x16\
\xb3\x07\xc1h\xb5H\xa1\xd7\xb6\xb4Q:\x12\x90\xf7\xc9\
3\xf53\x97\x91\xc2\xaa:\x8d\x94\xf7\x1c\x8f\xec*\xb5\
\x98 \xd7\x1e1?v\x1c\xfb\xa4\x0d\xc8\xf2SK\xf8\
\xec\x876\xe3\xce[V\xd1\xcf,Rx\xcd\x92`)\
\x99UgJ\xb5U\xb0D)Y\xa8\xa3\xba\xf2+\x14\
\x5c;\xabC\x5c\xbf^\x1a9\xd5z,\xf9\x95,\x96\
\xe8\x02\xfa\xb4\x0d8?Gqj\x15\xbe\xbe\x08\x97\xc8\
\x09\x19T\xd6\xf0f\x98\x9e\xc1\xa2\xd8\xa1\xf1\xcd\xe2q\
a\x8b\xf3S\x16\xc3\x94\x93Q\x9d\xdaL\xa5\x95P7\
\xaf\xfc\x22l\xd3\xae\x00\x80rq\xef\xc4\xd0_\x9d\xd2\
\xb2i}\xac\xeb_E\xf7\x9b6\xb6\xc9\xb6\xeeQ\xf4\
\x8f\x05\xf1\xd5\x1f\xbd\x81\x17\x0e\xe4\x90\xe1\xcfRRa\
\xaf/\x14\xa4\x9f\x0d(OH=:\xcb\x85@\x19\x0b\
\xa0\xe7\xc7\xc5\xd1pS\x03\x96\xad_\x8d\x15'\x9dD\
\xb9u\x0f|\xb1\x88\x04\xcd9\x8eh\x19\xec\xf4\xe1b\
h\xdd~y>\xc9\x14\x01\xc04&\xfb\xfb1\xb2g\
?\x16\x8e\x0f\xc3$\xf06+\xc5Klg\xd4\xdd!\
)[n\x18\xae\xa4\xcel\x97{ \x00\xc0{\x83\xc0\
\x89\xdd\xa6\xc2U!,,\xce\xa1\x98^\x12\xde\x80(\
\x1eYjXN\x0d\xa9\x81I\xad2cR]WO\
\x00\x5c\x87\xc3\xbb\xf7\xc0\xc7\xa2(\xa6.P\xc2\xd1z\
xkME\xa55N\xab\xfb\xff\x07\x002\x0cD)\
Sbf\x04\xc6\xaa\xad\x97\xdau\x94sp\x11pn\
bB\xba\x00\x9c\xf3\xb0\xf8\xa2\x92\xb0*J{\x8fG\
\x1a9\xef\xba\xfe\xfd\x1fB\xc3\xeaM\xd8}`\x88\xd6\
\xdf\x89\xa3H\xae\xba\xaa\x1e\xed\x0c\x14\x12\xf8\xe05g\
!\x1c\x0a\xe1;\xbf\xfc\x132F\x98\x16T@I!\
\x0b\xed\xd6\x82\xdff\x86\x93\x07\xcb\xe8\xb4\xb9\xe1\x8a\xf3\
\xb1}\xef0\x1eyv\x17J\xb4\x08\x14\xc6\x16\xe5T\
W\x14O\x0a\x93\xa3\x11\xac^\xde\x81\xdd\xaf<\x8d\xbd\
\xaf\xfe\x19\x01[\x199\xd8zhD\xd8}^\xd6\x8f\
\xcf\xd3\x89m\xa3\xae>\x86\x9e\xde\x16l\xd8\xd8\x87\x8e\
\x9eV\x1c\xee?\x86\x8e\xe6. \x1d\xc0c\x0f\xfd\x19\
\xc3\xc3\xd3\xd2J\xe2A\x13?-*\xf6\x89\xe7\xa9D\
\xf64\x90\xf1\x1a\x8a\x00\xbc\xbe\xa0\x881\xf0;qt\
 ]\x12\xa9\x8f\x14\xc5\x11\x89\x09;\x89\xf9Y,\x88\
\xce\x9b\xaa\xe8\x0b\x0d(\x10B\xfb\xf2\xd5b\x1f\xc6j\
\xb5\xd2\x01\xb1\xac\x8ab\x8e\xd2\xe7\x13\xf9u\x1d\x84\xf0\
'\x99\x1f\x1b\xc0\xaeW\x9e\x93\x0d\xee\xb5\x19\x006\xe1\
\x93\xb7\xac\xa0g\xbc(\x05>\x8e\x00\x98\x86\xcb\xf7\xd8\
\xb0\x9c\xbc\xb0\xfc\x97\x8c\x8f\x89\xc9EA\x85\xa8\xbc\xa2\
\xb8\xe8\x09\xa5\xe4\xec\x0d\xb6\x10\xd85\x88\x84\x9b\x05'\
\xa6ux\xeb%\xb5\xc8DW\x8f\xee\x85\xc7/\x91\x11\
\x8a\x0b\x04\xea\xc9rj\xad[b\xd2\xc7\x16\x1f\x06\xbf\
\x12\x1b\xe5\x08\x905\x055x\x1b\x15,\xdf\x13\xff\xc3\
98,\xcdg\x80\xceky\xe3\x87\x11O\x87\xf0\xdc\
\x8e\x04~\xfc\xbb\xfd\xd8?lS\xf8\x1cR\x89\x9a\xb4\
\x84\xfd\xf2\x9c8\x0d\x10\x83\x0c\x11v\xf1Hm\xac@\
Q_\xa4\xb1\x0ek\xcf>\x03\xa7\xbc\xed\x1c\xd4\xb6\xb6\
P\x1a\x98\xc7\xe4\xd4\x1cF\x06\x071=6\x86\xe4\xfc\
\x02\x8a\xb4\xd1\x99I\xc7\xd1\x04\x1f0U\xf5\xf5\x88\xd4\
\xd7\x8adW]m=b\xb4\xf9\xf8\x8c\x9d;:\x84\
C\x7f\xde\x86\xe9CG\x01\x8a\x16<\x962\xc9\xb55\
\x0f\xc6\xae\xe8\x18\x98\x0e3\xb6\xb2\xeb\xa3]\xb2\x95\xda\
\xaf\x8d\x00E\x1f\xb1\xc6z\x84(\xba\xe4\x89S\xb6\x02\
g\x93\x5cY/\xa6\x92p+R\xc4\x98N%\xb14\
?\x87<\xd7\xe4,\xc5\xb2\xf4\x18\x0e\xc3\xd1t\xdd\xb2\
]`u\xcb(N\x0d\xc0)\x04\xaaz\x8aY\x91\x02\
4\xf5\xf6\x08\x22$]\x00h\xef\x15\x22\x10\x17\x01\x19\
\x00TEQ\x19wJ\xe9\x84\x8bd\xd9\xb4T\xf8O\
\xbf\xf82\x9c~\xf5;\xb0s\xef\x00\xb2\xc9B\x99\xd2\
)\xba~\x96\xea\x02p\x0a Zn\x8b\xb8\xf6\xb4\x1e\
\x5ct\xee\xe9\xf8\xf6/\xfe\x88\xb1yZ\xb4\x9e\xa0r\
\xe2\xa1\x8b\x0b\x19K\xb8\xfa\xbcMX\xb7\xaa\x0f~+\
'L\xec\xc3\xc3\xf3\xf8\xe5\xc3\xcf!mE\x94\xcc\xb3\
\xa3\xef\xce\x03\x22\xfc\xc5\x9a\xee\xbe\x12F\x8e\xee\x93\x02\
\x5cPD/}\x04R)\xda\x8cIB\xd8 \x1a:\
j\xb1le\x036\x9d\xbc\x02k\xd7\xf7\xa1\xbe>\xc2\
Q \xe6\x16\x93x\xf8\xd1gQ\x1d\xae\xc7\x0dW^\
\x83\xf9\xf1E\xfc\xea\x9eG\xf0\xe6\xf6#H.\xb2.\
\xbc_<\xdc\x02U5t\xc2DELSl\xb78\
j\xf1\xfa\xb4\x9b\x8b\xca\x17\xc5\x00\x85O\xe0R^R\
\x01\xbbP \x00\x98\x12\xa5\x16\x8f\x9c\xa0\x8a)\xc6\xb3\
\x0d\x11B\xf1\x96\x8e.\xd45\xb7!\x14\x89\x8a\xa2\xac\
\x84\x11\xb6\x22\x80\x98\x86\xe3\x8e\xa4\x1er|r\x04;\
^xJ\xa2\x0b\x8f\x95\xc4g>\xb8\x1e\x9f|\xdf\x0a\
i\x09\xda\x19\xee\x04\xcc\xd3~\xcd\xeb\xa7\x5c\xd2\x22&\
\xa6.F\x95\xe4\x14\x97\x5c\xdc\xed{\x9b\x9a\xd4\x92\x13\
\x00\xf2\x84{\xe9\x1a:$\x12(\xd1)/\xe1\xa7\xa5\
~\xcfp\xa9\xb1j\xec\xbb\xe4Q\x12\x98f\x91\x9e?\
G\x15\xb6\xb2\xccv\xa65\x0dS\xd3z\xb5s\x8f\x5c\
\x83\xfe\xfc\x86V#v\xd5\x91te\xda\xe5\xe1j\xe6\
\x0f\x83/\xaf\xb5l\xaeD\xcf\xc8\x8b\xbdG\x16\xf1\xe0\
\xe3\xbb\xf0\xd2\xae\x19\xcc\x17\xa3t\x0d\x04.\x96OZ\
\xcf\x86\x9f\xdb~A\xad\x00\xa4\xee\xa32\x0e\xf2\xc2\x8e\
\x86\xd0\xb9y=N\xbb\xec\x22\xd4\xb67KT\xc6\x0e\
\xc1\xa3\xfd\x03H\xcc.\x8a\x97\xa5\xc7\xa3>\xab\xb0\xfe\
%])H\xca\xa26(D\x0e\x9c\x8djj\xda\xda\
\xd0\xb3i=zW\xaf\x11\x01\xd1co\xee\xc5\xfeg\
\x9f\xc7\xd2\xe8(\x02y%\xaf&\x0c\x10K\xb9\xf58\
\xceL\xceX\xbc\x13\x82\xdb\x96C\xfeR\x9d\x06.*\
\xb7\xad]-\x81L\x89\xbd59\x8at\xb4\xfeX\xed\
\x88>\xab0\x1a\x8bY\xcc\x1c?J\xf9\x7fI+/\
y\xca\x82\xcan\x04\xf0\x16\x8dE\x1d\x01\x94-\xd5l\
\x1d\x01\x94\xf5(D\x14\xb4\xb7W\x94\x91\xe2\xec\x0b\xc0\
\x00P\xdb\xd6#\x82 q\x06\x80LVv\xb3e;\
\xbdY[\xf2\xff\x5c>#Q@\xdb\x8a\x95\xb8\xee\x83\
\x1f\xc7\xd1\xd18\xa6'\xe6\xcb\xe3\xae\x82\xa6\x96\xb2\xda\
\xe6\xb0\x87\xc3\xdc\xec\x126\xb5y\xf1\xd1\xdb\xde\x89_\
?\xf2<^\xd9;D9]\x04\xaa+o\xd3\xe6_\
\x8b\xcbN]\x03\x8b\x905\x9fQ\x003\xbe\x90\xc3/\
\x1e|\x16\xb3\x19:m\x09\x11\xc3\xa6\x85\xc4\x02\xa1v\
|Z\x1b\x92\xe4\x91M/\xa2\x94_\xa4\x7f\xa7\x10\x99\
B\xfa\xaa\xa6*\xac^\xd3\x81\xe5}\x8dh\xed\xadB\
Us\x8c\x169\xdd OI\xbc\xd2\x93K\x09\x02\xef\
4\x16\xe3\x05\xec\xde\xc9\x06\x95A\xdc\xf2\xae\xb7\xa3\xa9\
:\x82B\xc6\x87\xd7\xb6\x1d\xc6\x83\xbfz\x02\xe3\x04>\
\x86\x976~\x88r\xc5\xfaf\xc4\xaa\xeb\xa5\xda-D\
!\xa6\x98:\xd5`\x0d\x8e\x9c\xeep1\xd0b\x99,\
&L\xd1\xf5\xa5\x16\x17)\xbd\x98W)\x94\x08}\xaa\
\xd6\x1f\xa7X\x1eJ'\xc2\x91\x18\xe5\x9eQ\x91\xaeb\
?:\xe9-\xf3h,?>Z\xd0\x5c\x10,J]\
a\x80\xee{Nf\x01>s\xfb\x1a|\xe2\xe6\xe5\x14\
\x1d,\xa1\xb88\x01OA\x19l*\x7f\x8f\x92\x92\xe7\
\xd2j<\x86{\x02Y\xe5!(!k(A\x08\xf6\
T\xe0\x9e\xba\xe9m\xc3\xe8B\x09\xbf~\xf8\x08\xe5\xf3\
~\xa5\x16\xac\x9d\xcb\x9d\xde9\xab\xfe\xb0m<o\xe8\
|6)\x05[\x8e\xe0\x98\xd3\xce\x9d\x16\xbd\xee\xa4-\
*%)\x06F:\xd1\x98\x11\xca-Y\x1fE~\xdc\
\xde\x12k66\xc6\xe0\xd7\xe4B\x9dG\xb5\xb0\x8ab\
\xc6\xe1\x95I\xbeT\xba\x80\xd1\x89$\x06\xc6S\x18\x9c\
\xca\x22\x9d\xe5+\x09h\x93\x0fC\x9d\xf4\xb49\x02\x94\
\xda\xf1\x89o\xb3'\xa2D\x93\xa6\x14\xd7\xbc\x94\xd3o\
\xbd\xf6J\xac=\xe7tLONb\xef\xcb/cj\
xX\x98\xa2<\xbdV\x94\xda\x07\x1d>\x05\xeeje\
\x85\xe8\xc57\xac\xc0\x16\xe1KK\xf4\x5c\xc2\xa2\x18%\
<R\xba\xde\x1c\xe5\x87\xa1X\x15l\xda\x94+7m\
\xc2\xf2\x0d\x1b\x90]\xca`\xd7\x9f\x9e\xc2\xe8\x8e7\xd8\
\xfd\x96i\xa3\x9a\xb6\x5c\xd43\xfd\x9at\xa6\x0b\xd7\x86\
f\x01\xca}\x11r\x9c\xea\xe0\xb5\xafY.rw,\
\xe1\x15\x8c\xd2{\xd0s\xcf\x13\x18\xf89,g\xd5g\
>\xe4\x02>\x8c\x1d<\x82\x90m\xba\xa7{\xb9~\xaa\
\x0e\x0f\xd1\x810O\x04\x802\x7f\xc1a\xbb*j\x83\
\xa1\xbd\x05\xb8\x0d\xd8\xd8\xdb+ER\xe1\x01\xac$\x00\
\xa8n\xe9\x12\xd6X|f\x86B\x0fU`\x92\xc5\xab\
\x11\x8d\x11J\xac\xa7\xf2i\xf8\xe9\x84\xbc\xfe\x83\x9f@\
\xceW\x8d\xa3GGT\xf1\xc8\x86\xae\xd4[\xcaeW\
B\x1fZ\xd4\x94k5\xf8R\xf8\xcc\x1d7`\xdf\x91\
a\xdc\xf7\xf8v\xe4\x8c\xa8\xf4\xe0\x03~\x0bw\xdcp\
\x01:jCB\x0d\x16\xda1m\xa8x\xaa\x84_=\
\xfa*F\x16\xd2\xf0\xd2\x06H\x10J\xc5g\x8f\x8b\x9e\
\x1d\x13C\x82\x01\x03\x0dM1\xb4u\xd5\xa1oE\x0b\
\xba\xfa:\xd0\xd4Y\x87h\xad\x1f9\xca\x8d\x17\xd2q\
,$\x16\xb1\xc8N\xbd\x84\xae\x05\xb1\x82\xf2H\xdaa\
\xe5|\x18\xeeO\x221W\xc4\xbb\xaf\xb9\x10+\xbb\xab\
\xe8Z\x99\xb6\x1a\xa5h\xa0\x88?=\xb2\x0d/\xbfp\
\x00\xa9\x14\x1b\xa2F\x10\xadi@\xac\xb6ArS'\
L\x97z!\x9f\x22l\xb8(]\x92\x9c\x9c\x22\x5c\xe5\
\xe5\xd6 \x1bF.%\x13\xa2\xf3\x96#`3\xdc\x16\
\xa0\xc6nS9\x1d+\x93M\xed\x1fg\x17u(\xac\
\xa8\xac\xa6Fo>AL\x83\x22\x80\xdbW\xe1\xe37\
\xf5\xd2\x02Z\x84\x15\x1f\x85\xa7\x98\xaa\xa8\xfe\xaa\x89I\
5S_\xc1\x0a\xd3|\xf8r\xa8\xad\x19\x9b\xcc\xc7\x08\
u\xd2u4b\xd7\xf1\x02\xde\xf5\xc9'0\xbdd\x8a\
\x92\x0eoFg(J'\xb5.\x99E\x15\xb2\xd4\x80\
\x0f\x17H\xb9\xc0\x0aw\x1a\x11\xba\x95\xafUnX^\
\xcb\x86\xfe\x8c\xea\x0a\x8ar8\xa8\xf4\xc7\x1d\xd6\x81\x9a\
\xbfwdBT*n\xaak\xd4\xf7L\xea\xf0\x0c\xbe\
<\xfa\xed\x0b\xa8v\x1f\x17\xfe\xb8\xb0K)\x16\xb3T\
#m\xcd8\xfb\x86\xbfA\xe7\x96\xf5\xd8\xbf\xf3M\xec\
~\xeaYQU\x0aPDP_]K\xebgA\xa2\
\x9dX]\xadD\xb8,BS\x15\x89\xc8\xbdOR\xda\
67>!B,\x8c\x80>\xae\x1d\x11\x08s;<\
\x16\x8e\xa0\x7f\xffA\xb9y-}\xbd\xd8x\xde\xf9\x88\
\xd4\xd4\xa2\xff\x95\x97\xb1\xf7\xc9?\x01\xf1%!k\x09\
u\xd9q\x06\xd2'\xad\xa3\xc4\xcbE\xbe\xa2\xad&\xf1\
\xbcj\xb2\x01\xb1\xa6\x1a\xba\x96\x08fgf\x11\xa4\xc3\
\xc6\x08\xc4D\xcd\x88\xd0\x88\xd6\xcd\x1c\xaa\xd8Ix|\
\x0c\x99\xc5\x14\x82F@\x89y\x98\x96\x1b\xea;\xf4j\
\xb5Gm7\x92R\xcf\xddq\x10*\xa7\xe7\xe2\x02\xad\
\x01\x80\xa9\xc0b\x0cB\xe9\xf2\x12\xf3\x00Vm\xbd\xcc\
\xaei\xef\xa6\xcd\xe7\x11\x00\xc8fT\xdf\x9a\x7f\xdfc\
ztno\x8b\x07z!G\xa74!\xefyo\x7f\
':\xd7\x9d\x82C\xfd\xc3(f\x95\xb1\x842\xd6\xb4\
\xdcp\xd2\x12\xf9/n\xf1\xc5q\xc7\xbb.A\x90\xd0\
\xfa\xbf~\xfb\x04\xe2\xb9\x80\xb4\x93\xfc^\x0b\xb7^{\
\x0e:\xeb\xc2\xe2'\xcfy+K}\x8f\xcf'\xf1\xc0\
\x93\xbb\x90\xc8\x14)G\xe9\xc7\xdc\xd8az\xcd8\xda\
{\xab\xb1\xe5\xac\x15X\xb3a\x19\xdah\xc3\x07\xaax\
\x00&OH]\xa0\x9f\xa5\xd3\x9dNy\x96\xe4JR\
xV\xd0\x85\x97\x92#X\xaa}\xda\xec\xbc\x0f\xd3#\
9L\x0c&p\xc9Y\xa7\xe0\x82\xb3V\xd2\xc2\x5cP\
\xda\xedf\x84\xf2\xed\x18\x0e\xee\x9d\xc2\xa3\xbf\x7f\x15G\
\x0eN\xd2\xa9\xc1\x22\x931\x02\x82&\xa9\xecsa\x86\
o\xba\xd7\xd0!\xb3\xee\x94\x88\xb8\x05\xbfWA\x15L\
\x8b<\x14E\x9f\x9f'\xc4\x92\x8b\x09\xbao9\xd5R\
\xe2{\xaa\xc9.\x8e\x11\x84bRZ\xea$\x97]\xaa\
\xc2kK\x0bjx\x0d\x02\xd0\xdb\x14\x00\x98V\x9c\x00\
`\x04\xdeB\xaa\x9c\xef\xe9\xf1Yg\x80\xc6%\x9dT\
\x96\xdb\xb4\x9c\x95,\x01\xe6\x96\x87\x96\xd1&j\xc2\xee\
\xa3E\xbc\x83\x00`2\x15\x94\x9a\x87G<!\x1d\x0a\
5*f=\xca\x00\xa2*\xed\xfag\x5c[+\xad\xdd\
#)\x8dj\xd9Zl\xde\xe2ld\xc3T\x84\xae\x8a\
E\xa9{\xa0j\xa9V\x10Xlw\x84Z\x853\x1c\
\xe6\x8b\x09\x87\xd7\xab\x94\xa7\xb9\xc0\xe7\xf3\xd0\xfa\xf1\xa3\
D\xa9@\xf5\x8an\x5c\xf8\xae\xebQ\xd7\xb9\x0c;\x9f\
z\x01{_\xd8F\xcf +\x92e&k\xf4\xf9}\
\xc8$\xd3\xe2wi\x04\xfdX\xa2\x13_\xe9\xf3\x05\x11\
`\x9fA\xd6\xf4K$\xe8+)\xf5\x1b?\x01\x00\xcb\
\xc5\xe5)\x221i\xfd&\xa7\xe7\xd4H1}?L\
\xe1\xf3\x96\x8b.Es\xdf\x1a\x0c\xbe\xba\x1d\xdb\x1f\xbe\
\x1f^\xfa]\xd3\xd2kL\x7f\x02\x15\xf1\xd9\x9a\xf3o\
\x09HI\x8b\xb8\xa8>S\xd1k\xa3\xbe\xb5\x1e\xd5\xb4\
\x19S\xc9\x14\xc6\x87F\xe5\xf3\xb7uuHz\x93\x98\
K\x88\x85\xb9\x87\xebR2\x0b\xa0\xd6\x83;\xfak9\
\x03m\xfa{\x86S\x002\x1c$\xae\x00\x005\xf0d\
j\xa0V\x11@\x8f\x14h\x97\xb8\x0b\xb0\x8ay\x00\xad\
].\x00\x88\x18\x88f3\xa9\x89ZUMd]\x80\
l.%H\xbe|\xd3V\x9cu\xc5\x0d828\x8d\
t2\xa5\xf3\x0cC\x8au\x96\x1e\xb8\xf0\xd8)\xca\xb5\
\xbd\xa8\xf3\x17q\xd1i\xeb\xd0\xd6\xd2\x8e\x9f?\xf04\
\x06\xa6(\x95(\x19r\xe2\x9f}R'\xce=e-\
BJ\xad\x00\xf3\x894\x9e\x7f\x9dr\xad\x81\x94\x84\xb7\
\x93\xc7_A>5\x84\x93No\xc5-\x1f\xbd\x02\xd1\
\xb6 \x96\xb2\x09\xc4\xe9\x84_H%\xe8\xb4\xcfQj\
R\x92\xf0.OiJ\x09e#\x0a\x85|\xb6f&\
jZh\x9e\x0b\x1f\x16\x86\x0e\xcfc]W\x0fn\xbe\
\xfe\x02z\xd8\xf3\x04Hi\x09\xf98\xa4\xf4zk(\
\x8c\xf7\xe0\xcfO\xbc\x81'\x1f}\x83\xd2\x0f>\xf1\x03\
\x88QJP\xdb\xd4.\xc51\xaf\xeb\xec\xaa}\x0f,\
U\x81\xe7T\xa0\xe4\xd4\x06\xf4\x22f\x89u\x9e\x15\xcf\
\x12\x18\xb02\x8c\x12\x89\xb4\xb4\x0e\xbf\x92Rw\x16\xbb\
\xbcfI\x85q\xac\x1d\xcf\xff\xc7\xcb]\x00J\x01\x14\
\x00\xcc\xc3Z\x18\xa4\xc8(\xed\x94uU\xa8\xef\xce\xcf\
\xeb\xc5\xe0\xf6\xa1]\x15\x04\x0d\x0a\x1ee\xb5\x1e\xe6\x14\
\xa0\x05\x87\x06J\xf8\xc8\x97\x9e\xc6t\x96\xc2j6\xcb\
\xf4\xea\xb1h\x87\x1c\xa3AEDy\x9d\xd6\x97+D\
\x09\x0d\xf4\xba\x02\xee\xe1\x03# \xf4U\x96d\x9fO\
\xfa\xb0\x90\xcc\xab\xfa\x03\x17\xb6\xdcB\xae\xc3~\xb4\xcb\
\xbdk\x97\x1ed\xebPW\xbd\x0fozN!\x1cg\
^9a}\x1e\xf1\xbc\xf7\x10\x00D{\x96\xe1\xaa\x8f\
\xdc\x86\xdae\xedx\xe1\xa9?\xd3\xc9\xfc\x06<<R\
\xeb\xd55\x8f<\xa7\x7fK\x00mv\x8e\x5c\x1b::\
\xd0\xba\xac\x13\xb5\x0d\x0d\xa2\x0f \xc3O\x12\xdd\xe6\x04\
\xa8g\x87F0\xd9\x7f\x9c6\xfd\x0c\xa5\xc2):\x10\
l\xf1\x04\x88\xf3\x0c>\xa5m\xec\x8a\xc5F\x0d\xa7\x5c\
\xf97\xa8m\xeb\xc4\x9e\xa7\x9e@\xff\x9f\x9e\x80/[\
\xa8\xf05\xb4\xdd\xdb\xcd\x9f\x8f\xa3\xe7\xea\xe6&\x04\xe8\
\x1a&\x07F\xc5TD\x08AL\x982\x1c\x16mA\
#\xa2G\xe8\xcdN\x81U\x94\xa0+[~\xd0\xdc\x06\
=\xdbo\xba\xb4i\xc7J^w\xfd-\xdb5\xc7u\
\x80\xdb\xa3\x8b\x92\x0e\x11\xc8`& \x0f\x039\x11\x00\
K~/LM\x89J\x09\x17\xaf\x0c\xd3\x99S\x87\x1a\
\x08\xa2\x9b\x94\xe7\xde7!fuC\x13\xae\xb8\xf9\x0e\
L,\xe41G\x08\xa9\x848L\xd1\x09P\xe3\x93)\
\x9c{R\x07.>s\x13\xa2>S\x0cAx\xde\xe1\
\xa1g\xde\xc0K;\x8f\xd3\x03\x0a\xcb\xa6\xf5ZI\xac\
\xe8jDGs\xadh\xe9\xf5\x0fN`&Y\x847\
X'So\xe3\xfd\xdb(U\x98\xc1g\xbf\xf6.T\
Q\xda\xd2?=\x22\xb6c\x99LI\x0d#93\xfc\
P\xa7\xa8m\xab\x89,G\x15U1=U]BH\
^E\x0b\x85\xa4\x8d\xc1}s\xa8\xa6\x14\xe6\x8e\x9b\xaf\
Ak-\xe7\xa2Idi\xf3\xe6Y\xb5F\xb4\x01\x02\
\xf4\xb3A\x1c\xd89\x89?\xdc\xff<F\x07\xe9\xe4\xb5\
#\xa8\xaamC\x03\x01\x19\x8b\x95\x8a\xcf\xbb(\xb8\xaa\
\x81\x15U\x18\xcc\x0aE\xd4QMv\xe6\xff\x1d\xa2\x94\
PJ-\x87\x9f\xee\x11n\x01\xe7\xbf\x1c\xfa\x8bS-\
=\xc8\xa0YB\xd4o\xe0\x8d\xd7^\x93\x0d\xe6\xa1\x14\
\xe0\xae\xdb\xd6\xe2\xce\xf7\xf4\x11\x00\xcc\xa14w\x8c\xee\
[Z\xe7~\xce\xa8s\x99\xb7\xee\xc8q\x9fh\xef\xe5\
\x9c\xe2<EF\xd7\x1e\xeb\x86I\xf78\x9b704\
O\x1bL\x98\x97~\xbd\xb1\x95L\x96\xbay\xceH\xa9\
\xd3\xda2\x95u<\xb4#\x8d\x9e\x99\x97\x9b\xcd\x0a\xc4\
t\xdf\xb8b\x9d\xa1\xc3\xe4\xfe\xc7'\xf0\xe3_\xbeN\
\xf7\xde+\xc4/'d\xd7\x9c4\xb7W\xeep\xf1\x0d\
mJb8\xfd|g\xf19\x91\x8b\xad\x94u\xc1\xb9\
;\x01\x80Q\x1d\xc1\xa5\xb7\xdd\x8c5\xe7\x9c\x81mO\
?\x8f\x83;v\xc9&\xac\xaf\xad\x05\xf7o\xd2K\x8b\
\x12\x1cMSd\xd8w\xf2\x16\xf4\xac^\x870\x9d~\
\x16\x01Df..\xbd\xff\x0c\x81\x03\xf30y\xbe#\
@\xaf\x17\x8eFD}ynl\x1c\x87\xf7\xecBj\
v\x0a\x11\xae\xa2S\xbe\xef\xf5\x06%L\x1f\x1a8L\
\x97\x10\xc0\xd6\xcb\xafF\xa4\xb9\x0d;\xfe\xf0 \xa6(\
\xed\xf0\xd3\xfaQ\x05\x14S\xe7\xdd\xea \xe2\x033\x5c\
_\x83\x95\xab\xd7`\xd7\xabo\xc0/X]\xd4\x9d\x04\
\x9d6k\xbe\x8b\xc7\xd2\xc5=S\x9f\xe4\x16t\xa1\xd8\
\xac\x10\xf8\xb0\xdd\xa8\xac\x9c\xebU\x02@Y2\xac\x92\
\x19\xe8D\x00\x9c\x024\xf6t\x8b\x04\xa7\x06\x80K\xed\
\x9a\xb6\x1e\x91\xd5\x8e\xcb,@Z\xbb\xca:\xb3\xea\xb6\
l\xfcBN\xa5\x06\x5c\x98b\x0a\xea\x95\xef\xb9\x03F\
U\x1b\x86\x8e\x0d)\xc1OZ\x5cy\xaer\xd2\xc9\xb5\
\xac\xde\x83\x8f\xdf|\x11b\x1e\x0a\xaf2t\x02\x8am\
u\x09/\xef\x1d\xc1\xfd\x8fm#\xf4\xa5|\x8b%\xc0\
Xv,\x9f\x84]\xcc\x88\xc0\x08\xfcQ\xf8|\x11y\
\xc6\xf9$\x81\xc1\xc0N\x0a\x93\x16\xf0\xc5\x1f\xbd\x1f\xb3\
\x9e\x19\xec\x19\x19D\xa6`\xba\xad(\xaf\xce#\xdd\xc9\
/\xcd#wB\x007l\x15\x8e\x82!\xa4#.d\
\x8f\xf7/\x22=_\xc2\xbb\xdf~1\xce\xda\xd4#\x80\
U\xe0\xc9G[U\x83\x99`\xc3\xf2\xd7\xc9\xc5\x0c\x0e\
\xee\x1f\xc7\x9f\x9f<\x88\xc1\xc3\xb3\xb4\xa0\xaa\xd0\xd2\xd9\
G\x0b\xa9V,\xb7\x98 \xe2\x00\x00\x9f\xec\xbcq,\
\xad\x17\xef\xc8%\x89\xf5\x96:;\xcb\xf4PFdf\
\xba\xb1\x04\x1a-&\x7f8$\x8b\x9d\xbd\xfd6\xaf\xe9\
\xa2\x10\x7f\x09\xbf\xfc\xf9\xbd\xc2m\xf0\xd8K\xb8\xeb\xf6\
\xb5\xf8\xd4{W\xd2\xe6\x9aEq\xee(\xed\xb5d\xc5\
\xa4ceLm\xabM\xeb\x8e\xbc\xaa|\xd4\xa9\x04\x89\
\xb1j\x91\x00\xa0\xa6\x87B\xda\x1aI\xbb\xc4\xd1\x09z\
j\xd1p\x02\x8b\x12\xdc\xf1i8\x02\x1bf\x99kn\
\xd9\xee\xb8)\xb4\xf0\x87\xed+\xaa\xaa?\xdd\xbb\x9c\xcd\
\xa3\xc9\xc7\xf1\x1f\xff\xbb\x87\xee\xa5\x1fEz\x0f\xbf\x14\
?\xab\x5c\xb3\xd4\x92\xe5D\x17\x8eH\xa7\xa1\x8d,\x9d\
n\x82\x96\xdfr\x83Y\xc9I\x05\x04\x8aA/\xd6]\
q!.\xb9\xf5&\xbc\xba\xede\xec|f\x9b\xa4M\
\xe1H\x14E\xda\xe0\xb9\xc4\x12\xa5_\x09t\xac[\x85\
\xcd\x97^Hy{\x1df\xfa\x870\xf4\xfa\x0eL\xf5\
\x1fCf\x96\x22\xa9\xac\xe2\x020\x1f\x85\x0b\xafL\xf1\
\x0e\xd7Uc\xd9\x9a\x95Xs\xda)\x04\x08\xd5\x18\xed\
?\x82=\xcf<\x8b\xf9\xe3\xc32_\xc2\xd6c\xf94\
Gs\x09\xc4\x1a\x9bp\xf6\x8d7I\xe4\xf9\xca\xaf\xee\
E~\xec\xb8\xf09x(\xcd\xb0\x1d^\x00$\xdd\xad\
niB[s+\x8e\xec>\xa8T\x90\xe5\xd1\xa9\xda\
\x8dtX4}\xd81cu\xc7z-\x07\xfdL\xbd\
\x9f-\x94\xa5\xd7\xcb\xfdXG\x13\xc0\x91\xbdpj\x02\
v\x19/\x84\xaf!\xa63u\x1c\x01\xf4\xaa!/\xf6\
\x05X!m\xc0>\xa9\xb0\xceO\xcd(\xdd4=D\
 \xf3\xc7\xb4\x18X\xc1\xb4\xc8\x02\x07\xcc\x95\xcf\xa6\xa4\
\xf2}\xcaE\xd7\xa0o\xeb\xf98rx\x00\xa5lI\
N\x97<\xab\x9f\x14\xb28sc\x1b\xae?w=\xc1\
_Z\xa2\x02F<\xfe\xdd\x9d\xfd3\xb8\x8f\x00\xc0\xf4\
W\xd3\xeb\x07\xa5r\x0e\xd6\x9e\xe7\x22\x18c1\xf7\x9d\
\x85LA'\xe9\xd2\x02\xa6\x86_C(6\x87\x7f\xfa\
\xb7[`7\xe7\xf0\xc6\xe0\x80H\x92I\x81\x11\x9e\x13\
,\xae\xdc\xcdUQ\xffp\xa5\xcatH+\x1e\xf0Y\
\x83>x\x16S\x83\x8b\xe8\xa1\xd3\xfc\x9d\xb4\x90:\x1a\
k\xa4\x18\x95\xa3\xebIP\x8e8A\x0bdpt\x02\
\xfd\xc7\x06\xa4\x7f\x5c\xc8\xf81~x\x11\xc5\xb8\x175\
\xf5\x1d\xa8\xeb\xe8T\xf92-F^\x90\x85\xbc\xf2\xd7\
\x93\x05eY.\xf7_\xe5\xb2%5\xd2,m\x22\x8d\
\xdeRa\xf7I\xdf\x97}\xeb\x03a:](\xdc_\
\xde\x1a\xc3\x19\xebW\xe0\xc0\x9e\xbd\xf8\xf9\xbd\xf7\x0b\x95\
\x97y\x00w\xdd\xb6\x1a\xff\xf0\xbe\x15\x04@\xb3(-\
\x0cP.\xb9\xa8-\xdb\x0d\xcd?\x87{\xf2\x1b\xb6\xe5\
\x82\xa1*\xd2\xe9TN\x00\x80\x7f\xca\x0f;\xc8\x85\xcd\
\x10\x9c\xf6\xa0[evBJ\xdd\xe9P\xa9\xa5\xa9x\
\x00\xaa\x18\xe4\xae2)\x13I\x97\xa3$\x91\x18\xcf^\
\xf035\x02\xd5\x04c\x11|\xe77\x83\xf8\xf7\x9f\x1f\
\xa45\x11\x11\xfeA R\x0d\x7f,&o\xe2\xd4g\
\x14o^\x93\x904\x98\xa3\xc2\x10T\x9d\xa2:\xb2\xd1\
\x14m\xfe\xe7@W\x1b\xae\xfa\xec'\x85\xd5\xb0\xed\x8f\
\x8f\xd1\xfa\xb3$%\xe0\x04\x90{\xfb\xd3#cXw\
\xda\xc9\xd8z\xf1\xf9\x92z\xbd\xf6\xe0C8\xfe\xf2\xab\
\xb0\xb8hWR\x80#z\x91\xb6S\xe7\xb0\xb4\xf8G\
Q\xe4\x00k\xdaZ\xb0\xfe\x82\xb7\xa1\xe7\xe4S\xb08\
=\x8fm\x0f<\x80\xf8\xc8\x08\x22\xd1\x98\xbc\x07\x17z\
\xb9\x09\xd7\xb8\xac\x0bk.\xba\x12\xa3\x07\xf6`\xdf\xef\
\x7f\x0d_\x0erzKQP\x8bxrD\xec\x0b\x84\
\xe4\xfd\xd8\x99\xd8\xadw\x98\xda)J\x17o\xd5\xf4\xa0\
\xe9\xd6\x12\x14\xa9\xc8\xd6\xd6in\x1c\xe7@\xa1\xf2T\
p\xe7\x9c\xca?!\xb5(y\xa4Z\x1b\xd1rd\xe9\
\xd5\xf3t\xad\xc1\xe8\xb3\xf2\xd8\xb9\xb1\xe2\xe4K\xec\xda\
\xf6>\xc9\x0d\xe33sR\x04\xe4?\xca/\xdd\x998\
*IA\x8f\x09\x0a\x85\x5cJ\xd8l\xcbVo\xc69\
\xd7\xde\x8c\xe3CSH'R\x84l\x94\x02p\xc5\x93\
\xa2\x85M}u\xb8\xfe\xc2\x8d\xb4x\xd3\xaa\xa2k\x19\
2\x90\xf3\xc7\x17\xf7\xe1\x95}\xc3r\xca\xb3\xa8\x81\x13\
f\xca{\x18J\xd8\xc2\x12\xce|\x86N\xea\x14&\x87\
^\xa3\xeb\x1f\xc3\x87>s\x19V\x9e\xdd\x84\xd7\x8e\x1f\
\xa3\xdc\xdfR\xaa\xb2\xb6S_.\xe7\x5c\xb6\x0e\xf5\xe1\
f\x94\x152\xe5Z\xb4Dl\xeb\x08\x04f&\x17\x90\
]\xcc\xa2\xb5\xaa\x01\xbd\x1d\xdd\x14\x8e\xfb1\x17\x9f\xc7\
L|V\x5c~\xb3\xdc\xeb\xb5Uo\xb7\xa1\xba\x0e\xa9\
\xf1\x22\xfa_\x1fE$\xd4\x8c\xb6\xde\xd5R4\x93\xbe\
\xbd\xc7)\x94\xaaPX@\xc0%\x03\xa9\xab(iU\
\x1a\xd3T\xee>\x86\xb4\xd7\xbc\xa2$\xc4s\xfb1_\
\x01\x1b\xbb\x9bp\xda\xba^\x84\xe9\xe5^zy\x07~\
r\xcf\x03\x04\x00\x042\xa5\x04>\xfb\xb7\xab\xf0\xe9\xf7\
-\xa7\xcd6M\x8bx\x90\x00 \xe1\x86\xf5\xae4\x95\
>\x02T.j\xb9Q\x80F\x07]Q75i\xca\
\xd4$\x5cGBM\x85\xe1\xe5t\xa1\x22\xb44\xf5\xcf\
\x89\xdcWY\xfa\xcdp\x16\xaf&u\xf1Yf\x981\
\xf8jz)\x0an\xc0\x7f>4\x8b/\xfdd\x17\xad\
\x89\x083\xdcE>\xdd\xcfm5\xe79\xc9\x01\xa7<\
\x8d\xcb\xa6\x88\xe5\x11ag~\xdd=\xe5\xf4}+\x04\
M\x9c\xfc\x9ek\xb1\xf6\x82\xf3\xf1\xdc\x1f\x1e#0\x9f\
E,Fa\xbf?$\xe9W*\x9b\xa6\xb5\xd9\x87\xd3\
\xcf?\x0f\xb3t\xda\xbf\xf4\xeb\x071\xb9k?=\xf3\
\xbc\x80\x95s\x18\x98z\xf6\xa0r\xf6_\xc2r\xcd\x07\
\xe0\xceO\x17\xa5\x0e\x1b\xdf~\x192\xc9\x14\xb6?\xfa\
\xa4\x18\x7f2\xc9\xc9\xd4 \x99\xa0u\xb2\xe1\xfc+\xd0\
\xd8\xd5\x87\x1d\xf7\xdd\x8b\xc4\xe1\x83j\x16\xc0\xb9\xbbn\
\x01U\x11w\xa0+\xf1\xfa\x96\xea\x0d]r\xb5\x08\x0c\
\xed\xb3!\x1b[\x8f&\xdbV9j\xd4/\xaa\x0a\xc7\
\xa5\x92.\x00\x02\xe5\xf1\xf2\x8a\xf7t\xb8\x17\x1a@\xa4\
#a\xeb6`O\xb7\x98\x83r\x87M\x22\x80\x9a\xd6\
\x1e\x05\x00\xb3s\xc2\x03(\xf7\x82\xd5\x1c1\xd7\x00\xa4\
\x17\xcc @'<w\x03\x825-\xb8\xec\xa6\x0fb\
\x81\xf0b~jA@\x9cO\xc2\x12\xdd$\x96\xb1\xbe\
\xee\xd2\xad\xe8[V/\x1f\xa2\x903\xb0k\xffq\xfc\
\xdf+\xfb\x91\xa5E\x22^\xea\xee\x09\xe0\x147\xd4\x07\
V\xcf(#\xa2\x17\xb3\xa3\xbb\x91J\x1d\xc3E\xd7\xf7\
\xe1\x86\xbf;\x1bo\x0e\x1e\xc5X\x9crua\xc09\
yO\x05\xebJ/r\xa7'z\xe2\xbf\xe9\x09\xbc\x92\
\x9a\xad.\xa4\x0b\x04xI\xe4\x97\xf8\x14\xf3\xa8z\x02\
\xb7\x98\xb8\xf0\xc4\xbe\x04>E\xa1\xe5\xdc~\xed\xca>\
 i\xe0\x8f\xff\xf34aS5\xda\xbaV\xc3\x17\x8a\
\xe9i>\xa7\xa0eHUF\x0d/9\xca\xac\xe5k\
0\xb9\x80\xc494\x17\xdaxZ\x91i\x9f\xf4\x151\
\x0b8}e3.:e\xb5p\xe08\xfa~\xe6\xa5\
\x9d\xf8\x8f\xff\xbcW\xe63L\x02\x80\xbbn]A\x11\
@\x9f\x06\x00\x8e\x00\x92z\x83\x9aNi\xbf\x9c\x06\xe8\
\x0d]\x96A\xb7\xf5A\xaf\x9df\x0d\x87\xbe\xed\xc8\x93\
;\x06\xe5z-9\xf3\xb0P\x1e\x01\xd2\x0a\x94( \
 \xd1\x83\xc5\xacB\xbe\xcbl\xe0ae\x85\x92\xac\xa2\
\x0ef_\xc6\xe0\xad\xeeC\xd1\xd3\x8c\xff~,\x89\x7f\
\xfe\xc1\x1b\x02\x00\xccS\xf0\x13\x00\xf8\xaa\xaaTx\xaf\
\xc7\xa2\xc5c\xa2b\xc8E\xdd+\x07\x00\xecrq\xdb\
T\xf5\x01\xce\xf9b\xab\xbap\xc5]\x7f\x8f\xb1\xa11\
\xbcr\xff#\xb2\xe9\x15? \x8a,\x85\xf5\xddkW\
\xe0\xca\x9b\xfe\x06\x89\xc1Q<\xf4\xfd\x9f \xcdF\x1f\
\x99\x82LgBwnT]F\x81\xa1\x9b\xe8\x9c\x00\
\x04\xaa\xa6c1i\xe7\xf4\xad8\xf9\xaa\xab\xe9\xc0\x98\
\xc1\xab\x0f?\x82\xc2\xdc\xac\xb4\xad\x99\xc3\xc0\xb5\xa0\x9a\
\xde\xe5\xd8|\xd9\x0dX8~\x18{\xfe\xf0+xr\
\x8a\xadh\xc2v\x95\x7f\x84\xc0\xe4D5\xee@\x94\xad\
\xbb(\x9a\xbf\x01\xe7gT\xc1\xd3\xf1\x04\xd0\xc4\xcc2\
\x9fC\x83\x8f\xe1J\x999\xe4\x0f'\x02\xd0\xc0\xa1Y\
\x89\xce\x935u\xc4\xc6\x00\xd0\xd0\xdd%]\x80\xc4\xcc\
\x90\x02\x80\xea\x96n\xee\x10\x22\x19\x8f\x8b$\x98\x0a\xab\
-\xed\x86\xa2\xd5\x5c\xb9MWT\xbd\xefB&\x89\x22\
-\x88\x0b\xae\xbf\x05\xe1\xc6\x1e\x8c\x0dO\xa1\x98)\xc9\
\xdc\x00+\x09\x15\xb3\x8b\x88\x06\x8aX\xd9\xdd*H;\
=\xb3\x88\x11\x02\x89\x12\x85\xfe&\xe5\xf9\xa6>\xad,\
\xdb\xb1|\x82\x8b\x8e\x90\x5c=+\x16\xd8\xa9\xd9c\x98\
\x9b=\x84\xe5\x9b\xfd\xf8\xe4Wo\xc0pr\x0c{G\
\xa6\x90\xe5\xcd_<1\xaf.o\xfa\xf2f\xb0t\xc1\
\xcd\x91\xdfq\x0e\x15\xa1g\xe6m\x09\x1d\x0b\x19KL\
\x15e\x82\x8b'\xcc\xb8\x1f\xceE\x08\x1e$\x91\xbc\xbe\
\x80\x9e\xae\x164\x87j\xf1\xf8=\xcfc~\x98\x22\x82\
\xa6^Dk\x9b\xa5\xb5\xe4\x02\x8cN\xfa\xb8\x98'\x12\
L\x1eS\xab\x12+Z-\xbf&KV3O\x9d\x01\
\x86oB\xd8[\xc2\xe9+:p\xc5\xe9\xeb\x106\xf3\
(d3\xd2z|f\xdb\x9b\xf8\xc6\x7f\xfcX\x86\x88\
Lk\x11\x9f\xb9e\x05>\xfd^.\x02\xce\xa04?\
\x00\x9f\xb5\xa4OM\xa7\x1dT\x09\x00N-D\xfb\xed\
\xb9\xdd\xa0\xffG\xd8{\x80\xd9U\x1d\xe9\xa2\xff>9\
\xf7\xe9\x9c[jI\xad\x88\x12\x22+!2\x18\x8b\x8c\
\xc1`lc\xe3\xec\x19{<\xcf\x13<\xf7M\xf0\xcc\
\xbbs\xed{\xe7\xcd\xdc\xeb\xf1$O\xb0\xb1\x8d\xc1\xe4\
\x8c\x90\x90\x84\x04\x08\xa1\x84rj\xa9\xd59\x9d>}\
r\xde\xfbU\xd5Z\xfb\x9cf\xee{\xdf3\xd6\xa7\x96\
t\xc2\xdek\xafU\xf5W\xd5_\x7f\x19P:\xfb\x8e\
j\xbb\xab\xdd\xa0#D\x1b\xeb\x13\xb8\xc9v6t\x08\
(T\xf34\xc2\xf4ua*\xe5\xc5\xc4t\x0a>\x8f\
\x13mM~\x84]I:\x5c\x97\xe0(%\x84\x94\x02\
G\x10\x8ep\x0f\x8aV\x13~\xfaB\x0c\xff\xf5g'\
Q\xb6xX'\x1d\x96`X\x06S\x8ao,\xeb\x89\
8\xacfd\xa8\xe6\xaaZ(\xa7\x91\x8c\x9d\x00d\xa3\
*\xde\x9f\xae\x91\xd0\xd2U\x8f\xdc\x87\xd5[o\xa3g\
\xf1k\x18\x93\xb3\x84X\x8b\x98\xa5\x98\x9fIV\x8eP\
\x00\xf7\x7f\xfe3\x08{\x9dx\xee\xef\xfe\x11\xa3GO\
\xc2[ \x8f\xcd\xe57\xd1\xe27\xd5uV\x892\xce\
j\x9bp\xb5\x91\xa9\xa2Q\x8d\x96.\xa7\x87\x85\xc57\
\xdd\x88\xcbn\xbe\x11\x87w\xed\xc5\xe9\xdd\xbb\xe5\xf3\x83\
\x14\xce\x14\xf2\xdc\x80F\x0e\xe2\x86;\xd0B\xe1\xe4\xbe\
_\xfd\x0c\xd9\x81a\x1d\x9a\xaa\xd2\x9bY\xb1\xaa \xcc\
D\xa5\x06t\xe6vFZ\x86\xae\xed\x7f\xd2q\xa9\xbe\
\x8e\xea\x1b4\xbf\xc0\xd4ID\xb3\x8a\x8ej\xff\xd3:\
\x94\x9aa*\xa1\x96n!v\x99\x0aUx\x84\x0a\xbc\
@\x19\x00A\x00\x14\x02\xd4\xb5\xf5J2*A\x08@\
\x04A\x0ce-\xb8\xdceI\x17\x92%\x9a\xeelD\
\x99\xe5U\xcc%\x90'(\xbdj\xe3mXv\xe5\x0d\
\xb8Da@j6+\x09\x18\x86\x02\xe5rNB\x81\
r>\xabt\xe1\x05\xea\xfa$\x0b\xecT\x9cW\xa5\xdb\
S5.\xaa\x93P\xba\x10\x99\x22i\x16d\xd0\xa5\x99\
\x1d\xc7\xf4\xe4Y\x84\xdbR\xf8\x83\x1f}\x06h\xc8a\
\xcf\xc9s\xc8\xb2\x18I\xa9F\x8d\xb4a\xd2\x5c\x08+\
L\xb3J\xe5\x13\x9dY\xf6a\xa9\x98\x8a\xee\xc9\x90\xd6\
\xe4qg%\xba\xcf\xb2&q\x88\xa7\xa1\x9f\x9dz\xe3\
\xd1\x1b\xdb\x1aCX\xd2\xd9\x8d\x0f^<\x8c3\x1f\xcd\
\x22\x18\xec@}K\x97\x10S\x98\x11'u{\xcb\xac\
N\x04\xe6f$\x87S1\xd8,\x19Y\xe5Sq\xb2\
\xc7]\xa5\x01{\xe8\xc0o^5\x0f\x0fn\x5c\x87\x90\
\xc5\xdd\x82i\xa4r\x05\xc4\xd3%<\xf5\xdc\xeb\xf8\xcd\
\xd3\xcfK\xa3\x88a\xce\x0a\xfc\xff>S\x81+\xd3(\
\xc7/\xc2E\xa8\xc0\xf8D\xed\xd71\xc7\x13\xd8\x1eM\
\x19\xbej\xf5]\xfe\xda\xa9\x87\xb9\xd4\x1aX,-\x85\
^%,\xd9\x09%QG\xf6\xd2\x81\xeeB\xc6\xb9\x18\
\xaf}\x90\xc4\xbf>}\x00\x97\x86\xe2\x08\xf8\x9dX\xb9\
\xa2\x0d\x9f\xbbk\x056\xad\xa0\xb82w\x06Vq\x86\
\xde\xeb'\xab\xd6\x83\x92\xd9\x8c\xff\xfb7#\xf8\xef\xbf\
<C\x87.\x88\x8a\xa3\x02W\x94\x07R\xf4\x89\x01\x98\
\x1e\x1dG!M(\x92cc\xae\xc5k\x03^Ck\
\xda\xe7\xd9\xde\x9f\xf3\x0b\x8c\xa0\x1a\x22\xb8\xeb\x07\xdf\x93\
6\xeb7\xff\xf9\xdf\xd1\x14\x09\xa3\x9c\xe5v\xeb<\xed\
G\x0bko\xdf\x82M[\xae\xc3\x1b\xff\xf03\x9c\xdc\
\xb6\x93\xaeK\x8fD\x93\x9cbE5(\xd9]\x98P\
\x06@\xf6\x9e\x9e\x0e\x05\xd3\x1e\xd5\xa5\x90\x90\x9a\xb8D\
?\x93a\xd9\xf2\xd8\xa3\xf05\xb5c\xcfSO\xd1\xc1\
\x19AK{\x1bK6b\x86B\xc6FB\x01W\xdc\
~\x0f\x06\xf6\xee\xc2\x897\xde\x82G\xe7d\x04\x19\x99\
J.Ori\xfcy\xce\xdalM\x87Fd\x0a\x8d\
\xa8\xf3P\xd5-\xe0NP\x0a3+2lV\x1b\x04\
1\x84\x16\x8at\xae<\xd2\xb0\xe6\xa6p<\xaf\xd8\x98\
2\xab\xa0\x027W\xd8JJ\xe7\x80\xef\xca\x17\x0c\x08\
!\x8d \x90T\x18\xbc\xf5\xf5hY\xb8P\xbe#=\
5\xc8\x06\xa0\x16\x02$b3:\x09hJm[\x86\
\x0fJ8P\x96\xb2\x17{C\xa6\xe2\xf2\x07\xe6\xe9K\
:\x16\x5c\x86\x8dw~\x16#\x93iL\x8dM\xcb\x88\
/S3\xa38;n\xca\x80G\x05=\xd9\xa3J\xd2\
L\xc7\x9e\x12\x8f\xcf)_\xc9\xc3\x91\x04\x1a\xe4;D\
\xf6\xaa0\x83\x192\x00e\xc78\xbe\xf6'\xb7\xa3o\
C\x13v\x1d\xfa\x18\xc9\x9c)b\x90\xa8v\xbf)\xdb\
gK\x94\xd8\x86\x85\x0d\x00\xdb{\x87\x0d\x02\xb4\xa7V\
Z\xf0\x90x\xdd\xe09\x07\x05\xa7\xcc\x17\x0c\xb9}\x88\
F\xeb\x85\xae{f\xf2\x12\x0a\x04\xcfY\xc70\x14p\
c\xd5\x82N\x0c\x1f\x9c\xc6\xae\x97\xce\xc2\x8dF4\xb6\
\xf5\xc0\xe9\x0b\x8a\xa7\xe7Y\xee\x86h\xf3)\x92\x8c\xdb\
\xa5\xa6(s8\x01nGf\x95a\x16\x17\xf1\xb8\x84\
\xd8\x12\xa0\xbf\xbe\xaa\xaf\x19\x8f\xddt%\x9a\xfd^\x81\
\xae<\xf6\xf9R,\x83\x17w\x1e\xc6\xb6\xb7\xdeA\xff\
\xc7\x87Dp\xd4a\xcd\xe2\xf7\x1f]B(`\x81\x18\
\x80J\xa2_r\x00v\xe7\x99\xedR$!\xa8\xc99\
\x0a7VP\x9d\xce\xab\xd7\x5c\x0d<0\xb4\xf1\x983\
\xcd\x09\xd0\xbd\xfb:$p(\x99\xb5\x8a\xab\x01\x95\xba\
exjG\x09\x7f\xf5\x93\xf71\x9d\xe1\x01\xaaNI\
\x94yh#v6\x95\xf07\x7fx=\xae_\x12\x83\
\x95\xbe\xa0B\x8c\xe0\x02\x94\xacf\xfc\xe4\xe9a\xfc\xd5\
\xbf\x9f\x10\xe90nq\x0d\xf7t\xa0c\xf5j\xc9\x15\
\xa4'&1~q\x80\x90\x84OH7\xba\x8f\xb3\x9a\
{P\x8cEM\x9du\x1bR\xfa\xe3\xd6\xd8\xd0\x8a%\
\xb8\xf9\xf7\xbe\x81\x13\xef\xbe\x8f\xe3\xb4FL\xebu\x95\
U\xa8\x12hk\xa20\xf1K(\xcf\xc4\xf0\xdc_\xfd\
\x18\xe6\x14\x8f)\xe3\xce\xd4\x8a\xba\x1f\x1bm\xea\xc3\xa5\
\xbb0thh\xe9\x8c\xbb\x0e\xe7,\x1b\x07\xe92\x1d\
]u\xdb\xb2e\xd8\xf8\xc5/\xe1\xfc\xfe\x838\xf8\xca\
K\x82\x10\x1c\x5c\xe1\xa0u\x0e\xb0\xbc\xf7\xc3\x9f\x87\x95\
/b\xd7?\xff\x03\x5c\xb9\xbcj\x0a\xd3-\xf2%K\
\xe5\x85\xcaV\x09\xd1\xc6\xa8\x0c0Ig\x0b\x08\x86\x94\
\x220'\xc3\xb3\x89\x94\xa0\xc4\xb6\xeen\xcc\xc4\xa6\x10\
\xe2\x09\xd1\xc1\x80\x90\xca\xb2r&-\xa9rx=<\
mh\x94\xd6\xce\x01\xbf\xdf\x87\x89X\x8c^[\x07\x0e\
X3\xe9\x04\xdc\xde\x10r\xa9\x02}^\x12.\x9f\x0b\
\xbd}\x0b\xd0\x7f\xf6,\x90W\x89I\x9e\x87\xd84\x7f\
\xbe\xb4\xd6\xa7X\x10d1\x19\x00N\x02V\xc8:$\
\xc9\x00\xf0\x97\xa9qE\xcaj9\xf4dR\xd5\x13P\
\x92\x04\x1c\xb7S\xb2\xde]\xa0\xae\x157\xdf\xff\x05d\
\xca>\x0c^\x18&\x03P\xae\x1a\x00K[?I\x86\
iMv\xdb\xf7\xc8V3\xe7JE\xa9\x9a\xb2xQ\
.Mq9\x8d\xcb\x8d\xb4\xd1gcg\x91\xca\x5c\xc2\
m\x9f]\x81\xbb\xbev-\xf6\x1c;\x82\xc9\x19\xb6z\
>\xc0\xae*[\xb6\xe2\x0bt\x97\x94\xda\xc8*\xa1\x88\
Z\xdcej/ \xc3(\xf9*\xdchq7\xa09\
\xd8\x8e\x85\xf3\x17aQG\x17\xeaC\xf5H\xd2\xfd\xfd\
\xf4\xf9\x7f\xc7TyV,6\x9f\xe3\x15\x14\x06`\xc6\
\x8bW\x9f\xfc\x08\xa5d\x00\x0d\xad\xf3\xe0\x0e\xd6I9\
\x8f\x87j\xb2\xce\x01\xe7\xb2\xd9j\xf3/\xfe3\x1fz\
\xce+p\x83\x07|\xf4w>\x87\xc0\xfe\x0dK\xbaq\
\xdf\xe6\xcb\xd1\x16\xf6\xc1\xc9\x8cAZ7\xa6>?\xf9\
\xfa\xfb\xd8\xbe\xf7\x08fF\x861~\xe6\xa8\xf4\xa23\
W\xe2\xdb\x0f-\xc4\x0f\xbe4\x9f~\x9e\x84\x99\x1c\xa2\
\x8d\x1d\xd7kiKn\xdbt\xda\x1a\x0f\xc0N.)\
\xaa\xf0\x1c\x03!\x09=\xb3\x16:\xe9\xf53\xe6$U\
9L\xe1\xde\x05\xcb\xdb\x8d\xb1\xf2R|\xe1\xfb\xef\xe0\
\xf0\x05Sr\x00P@\x02.\x8b\x8cA%\x86\x87n\
\xeb\xc4\x8f~g1\xbc\xb9\x13r(\x9c\xa1\xf9(X\
\x8d\xf8\xd9\x8bS\xf8?\xff\xe1\xa0\xb4\xf4r\xa9-<\
\xaf\x13\xdd\xeb\xae c\xe0@bd\x0c\x93\x03\x83\xa2\
\xe0\xe4\xaa\x96!k\xde\xdf\xd2a\x89\x0c\xb3`qS\
\x0e\x99|>,\xb8\xfd&\xac\xb8\xf7\x0e\xec\xf9\xe5o\
\xe1\x98\x9c\x95~\x0cn_g\x89\xed\x9e+V\xe1\x8e\
\x87\xef\xc3\x9e\xffx\x12\xc7_~\x13\xce|EwE\
\x96\xab\x19\xffZ\x85c\xae\x82\x8f\xad\x08d\xaf\x93\xf5\
\x9f\xd6\x86a{\x09\x86\xcf\x8f\xcd_\xfa2\x02\x0d\xf5\
x\xfbg\xffBN\xc1\x0b\xb7/,\xea\xcf\x1ca,\
\xdet3Z:{\xf0\xce?\xfe=*t@\xf9\xd9\
\xa9\x09L\x151\x12e&u\x913\x08GCX\xb6\
j5\xed\xe9\xbc\x1c\xd6$\x1dT\xa6&_:\xdf/\
\x9d\x88\xeb\xae\xbd\x06q2b3\xd3\xe3\xf0\xf9=\x08\
P\xa8\xd1\xd0\xd8\x22\x03M\xe5z\xc9\xa9e\xd3\xb3j\
L;\xb8\xdf\x93B\xd2\xe66L\x8f\x8d\xd0Y\x99\x92\
r\xbe\xa3\xe2@z&\x0eo\xd0\x87%+\x96\xe2\xc8\
\x81C\xf0\x94T\x02\x97\xc30\x1e\x0f\xee\x22g\x94\xe0\
^\x80E\x97\xdf\x22\x08\x80[CyBI\x8e<\x91\
\xcb\xe9\xd0\x89\x1a\x9e\x97fh\xbe\xb6\x1a\xa0(}\xf0\
d\x95r,\xfd\xec\xf2c\xe3\xed\x0f \xd2\xba\x18\xfd\
g\x06(\xa6.\xea\xf2NY\x8byB\xcb)\xe9C\
YM\xea\x1a\xd5\x8d[\xb5\xc0:\xef`ZEU\xaf\
g\x99e\xe4\x91\x88\x9f%\x8bx\x0eK\xd7\x85\xf0\x8d\
\xff\xeb\x1e\x1c\x1d9\x85\xfe\xa1\x04\xbd\xda_\x8b\xa3,\
\xc0N\x89H^A\x0f\xfc\x80\xad\xee\xc2%d\x9e\xf8\
K\xa1H\xc0\xe1E$\xc8\x09\xa3\x9ch\x18~\xe1\xb6\
G\xd0\x1d\xeaVuy\xe9\xdf6\x904\x8b\xf8\x97\xd7\
~\x89\x13\x13g(\x06\xb6\x84\x9d>\xbf\xb5\x1em\xfe\
v\xbc\xf5\xeb\x8f0y\xd1D\xb4\xa1\x0b\xfe\xbaf\xf1\
L\xdc\x9e\xca4a\xeeM\x17\x03\xe0V\x93\x8d\xb9g\
]\x1a\xfc\x99\x04\xe3\xe1\xc6\xa6\x02\xaeZ\xd8\x84\xcf\xde\
t\x0dZ\x82\x1eQ\x88\xe5\xb5\x1a\xcbX\xf8\xc5\xdb\x87\
\xf1\xfa\xdecR\x8a\xb5f'1t\xfc y|\x16\
\xf0\xc8\xe0\x91\xdb;\xf0\xdf\xbe\xb3\x04>c\x8c\x0c\xc0\
8\xc5\xdcq\xed\xc5\x9d5\x0e\xd0\x9cR\x10\xaaq\xae\
\x1d\x168\xaaM[\xea\x7f\xb52e\x15\x01T\xe3\x7f\
\x08r\xb1\x9c^X\x04\xe7OM.\xc4g\xbe\xf3\x06\
\x86S~8u\x9a\x8a5\xe5]&\xc1S\x0aE\xd6\
,r\xe0\xa9\xbf\xde\x82&\xeb\x94\x0cVuQ\xc8\xc0\
\x06\xe0\x9f^\x8c\xe1\xcf\xff\xe1\x00\x8a\x08\xc8%\xba\x9b\
\x1b\xd0\xb9f\x9d\x98\xec\x89\xfe\x8b0\xc9K\xb2\xb8\x8a\
s\x8ed\xb8\xcd*\xb4\xd9\x0b\xf2]\xe4\xe9X\x90\xc5\
\x8a\x84p\xdd\x97\x1eE\xe3eK\xb1\xe3gO\xa2\x95\
\xa0n\x22\x1e\xc7l\x22!\xc9\xe9-\x9f\xbd\x0f\xf3\xfa\
\xba\xf0\xe2\x0f\xfe\x12irF\x5c\x7f\xb6\xb3\xfe*\xf1\
i\xd4\x0c\x80a'\xd9j3#\xe6\x1a\x00\xd3\xde\xa8\
\xd2)]Q\xc6\x94\xfeb\xfe\xa6\x8d\xb8\xe2\x9eO\xe3\
\xdd_\xfd\x1a\xd9\xa9)z\xfe\xf5(\x91#\xe4k\xe8\
]\xb7\x1e\x8b\xd7]\x85\xbdO\xfe;\xd2gN\x8a\x80\
\x87\x84\x1fP\x03EM2\x00n\xf2\xc8\x85b\x01\xa1\
\xba\x88N\x5cr\x0f\x80\x9f\xc2\xe7\x04R\xe4|9<\
n\xeaT#\xe8=\xe4(\x0a\xb9\x94\xec)?!\x05\
>\xf8\xdc-(IzV\xc0\xca\xa4\x09I\x04\xc1\x5c\
K\x1e5V\xc9\xe7E\xad\x8a\x11Z&\x96\x14t\xc4\
\xac\xc5\xa5\xcb\x97\xe1\xfci\x0a\xc5\xb2\x05q\x0e\x9eh\
\x04\xd1\xee.\x91~\x13\x04\xb0h\xed\xcdV\x9d]\x05\
\xe0\x09\xaa\x84\x00\xd4\x90Du \xa5UU\x97\x1a\xf8\
\xcf\xa2\x0d\xc0ZzL\xa4 H\xb9d\xdd&\xac\xb8\
\xf2f\x5c8\xcb\xcd\x0b)\xcd\x80+\xe9RT\xed\xc0\
W\xfd\xbd-\xc9mgC\xf4\x82\x1b\x12\x22\xa8,\xb9\
\xdb\xc3\x5co\x079\xcd\x0aF\x87\x8eb\xe0\xfcA\xd4\
5\x17\xf0\xbb?~\x00\xb3\xee\x18\x0e\x9f\x18\xa4\xf7z\
\xd4\xc6\xd6\x0fW\xd1\xe9\xd5\xd8\x06\x03F\x95\xc4\xe4\xa1\
\xb0cA\xe3<,j\x9d\x8f%\x1d\x8b\xd0\x14j\x82\
\xdf\x13\xc4\xb1K\xc7\xf0\xca\xee\xd7\xf1\xc5\xbb\x1eEO\
\xa4[\xa0i\xb6T\xc0t\x22\x8d\xb1D\x0c\xbb>~\
\x17\xe7\xa7\xfbQ\xa6\x07\xc1\xf4\xd6\xe6H\x00K\xc8\xc2\
\x1fz\xfb\x1c\x8e\xed\x9dD0\xd0\x8e\x86\xf6y\xc2p\
\xe3Va6\x04\xdc\x9f\xee#O\xc1%E\xeeVs\
\xb1\x01`\xe3@\x9b\xb8\xd1g\xe0\x9a\xde\x16\xdc\xb3q\
5Z\x22~\xe8\xe9\x84\x88e\x8axr\xc7\x11\xbc\xf4\
\xc1ya8\xe6\xa6\xc7`%&1x\xe2\x10\x1cE\
n\x07.b\xc3J/~\xf6\xc3\xab\xd0\xe4\x9f \x9c\
7Ep.\xa6'\xef\xd4\xbc~\xd5k\xcd\xa5\x02\xdb\
\xc3C4/\xd5nU\x9d{\xd8kvC\x7f\x0e\xaf\
\xa7S)2Y\xfen\x9cO\xf4\xe1\xc1\xdf}\x13\x17\
g|J\xa2\x9a_\xcaZ\xf8\x15'\x85P\xb3X=\
\xdf\xc2o\x7f\xb4\x05\x0d8\x07VYs\x05:\x90E\
+~\xf8\xb3\xf3\xf8\xe7g\xcf\xea>~:\xf6t\x80\
\x83]\xbd\x22\x05W\x8c'\xe8\xfd\x15\xe1RT!H\
5Cnk\xe8\xeb\xd2\xa3\xc7)\xc6\xd5l\xac\xc3-\
\xdf\xf9*|\xcdM\xd8\xf9\xf3\xa7Q\x8a%P\xa1M\
\x9d\xa3x\xd8M\x07\xea\x9eo~\x19\x85\xd8\x18^\xff\
\xf3\xff\x06\x8b \xb0\xe8\xfeU\x14\x0a`\xca\xafe\x8b\
h\xce\x1d\x99e\xda\x99y\x9b\xd4T\xebC\xb0\xf4R\
\xaav_\x85NC\x0bzq\xc3W\x9e\xc0\xb9}\xfb\
\xf1\xf1\xae\x9dt \xbd\x12~0\x01\xac\xa3o\x15\xd6\
\xder\x0b\xf6?\xfb[\xc4\x8f\x1f\x92\xfbc\xce\x81m\
\x00\xa0\xc3\x81\xea\x18\x12\xe1\x90\xb8\xc4Y\xb0\x93\xf2\x88\
nf\x09yn\x8a\xe3\xb5\xe1\xd1jP\x1a\x82%S\
\xd1\xbdEp\x85\x03&NT\x8a\xca\x87C\x12\xcb\x1c\
b\xba\xa1\x94\x90\xb8\xe2\xe02U\x8f\x09\x87^2q\
Xd\xda\xb4\x90J]\x98\x0c@'\xedW\x83\x0c\xc5\
(\x8c\x85d\x00\x22\x04g\x19\xa6r\x19\x90\x11\x00_\
,\xb7|2Y\xc0\xa1\x87n8\x1d\xea\xf4r\xad?\
\xc7:{\xb9\x9cd\xa9\x1b\xba\x16\xe3\xba\x9b\x1f\xc2\xf4\
D\x163c\x93Jw_\x8a\xedjQM-\x8aX\
\xb1c<]\xf2p\xe8\x12\x13\xc7=l\xb9\x02A?\
\xbc>\xaf\xc0i\x1e,Y\xcc\xc7)\x96\x99\xc6P\xff\
Q\xc4cCt\x90\xd2x\xf8{[\xd0\xb1\xa6\x01\xef\
}tB\x94S\x15}\xd5\xa5J\x90i\x9eIGa\
\x09y\x86\x96h\x03\xba\xda;\x90.\xa4\x91\xce\xa7\xf1\
\xbb\x0f~\x03\x1d\xc1\x16\x19\x0d\xce5Y\x9e\xde3\x10\
\x1f\xc4O\x9e\xf9'\xac#8\xd6^\xd7\x81S\x03\xc3\
8?p\x09\xb3\xe9\x8c\xb4\xb1z\x83\x84\xf8\xb3\x93(\
\x18E\xd9\x00!\x9f\x13\xab\x16\xf5 ~.\x83\xb7~\
s\x8c\xbcW3\xeai\xdd<\x81\x88\x8c\xa42y3\
\xb3\x8c\x18\x1fz~\xb8\xf4\xbb\x93`\xab\xd3\xed\x86\x8f\
<\xffMk\xe6\xe13\x1b/GC\xc0m;\x17L\
\xe7J\xf8\xe5\xb6\x03xe\xcfI$\xd2%\x99\x96\x5c\
J\xcd \x1f\x9f\xc4\xccp?\x0c\x99\x02d\xa0;\x9a\
\xc1\xbf\xfe\xf0\x1a\x5c\xdeW\x84\xb3D\xf1vr\x8c\xd0\
JI{z]\xa9\xb1\xd3\x01\x12m\xcd\xd9\xe4\xff/\
\xff3\xec\x9eu\x9b)\xa9\x0d\x87\xa1k\xd6\xcc\xc7`\
\xe9-\x04Z\x11w.\xc1W\xff\xf4C\xec<BP\
\x97\xa761\xea\xe0\xb0\x889\x12\xe64\xbexg/\
\xfe\xe2\x8b=p\x15/J\xb3\x8d\xc3\xdd\x86\x99r\x07\
\xbe\xf4g{\xb0\xebp\x9a\xa0\xafG\x92\xc8\x9eH\x18\
\xfe\xf6\x1ei\x1a(\xa7\xd2Rs7\xb5,\xba\xc3>\
m\xfa0Zv\x13\x97C\x0d\xe9d\x03k6\xd7\xe3\
\xd6\xef}\x1d9\xda\xc8\x17\xde;@\xc8\xc8D~\x9a\
[\xaf\xe3\xb0\xeaB\xd8\xfa\xd5/at\xdf^\xec\xfa\
\xe9\xcfdn\xaaQ\xae\xe9\x1b\x88\xd0\x86Q;\xdc5\
\xe6\x9cQ\x0b\x09\xec\x22\x94]\x8d\xd2\xecD\xc9\x17p\
\x03\x0f\xcb\xa954a\xcb\x17\x9f\xc0\xd4\xc4\x04\x06\x8f\
\x1f\xa1\xef0\xab\x12x\x96+\x84\xcb\xef\xbc\x03\x1f\xbf\
\xf22b\x1f\x1fT\x06@'\xa7+\xb0\x1f\x91F\x1c\
\xe4\xec\xb8\xe3o\xfe\xbc\x1e2\xfay\xd1\x08\xac\x14\x8b\
r\xae2\x85\x8c\xd4\xf8#\xe1\xa8\xa0\xed\x10\x9d\x8b\xf3\
\xfdg0\x9bI\xa0\xb9\xb9\x95\xce]\x09\xc5lQ\x0d\
\x1314gA\xf5hj\x9e\xa0\xa5:1\xf9\xcc\xcd\
\xd1\x0apTTn\xc8\x15\x0d\xa3i>=\x072\x00\
2\x1bp\xd1\x9a\x1b\x05\x01\xf0\xd8\xef\xc4\xcc\x8c\xc44\
*\xc1\xa46\x12\x87\x00.\xa7\xa3\x0a\xd1\x18bs\xe6\
\x91\x0d\x05\x97\xfd\x5c\xbe(\xae\xbd\xe53\xf4\xfe(\xc6\
\x07G%G`h;\xe7\xb0\x19NL\x11\xd6p\x80\
\x13\x81\xcc\xa9\xe6\xfek\xf6\x96nVsq\x9aR\xfa\
\xcb\x11\xe4I\xceN\xd1u\x8c#\x95\x98 \x03\x10'\
\x88\x95\x86\x87\xbc@\xd9Q\xc4uw-\xc1\xf5\x0f\xad\
\xc6G'N`v6\xa3Tk(\xd6nrE\xb1\
\xb2m\x19z\xdbz\xd1\xdb\xd2\x85\xc6\xba\x06\x89\xa7\x0e\
\x9f=\x82\xe7v\xbd\x88o?\xfcM\xb4\x06Z\xc8\x92\
\x961C\xdf10:\x82\x83'\x8f`\xdf\xe9\x0fQ\
0\x09\x92y\xa2\xa8\xafkCOW\x0f\x16t\xcfG\
gK\x1b\x197\x8a\xc9_}\x0aS\x85\xb8\xc0H\xd6\
q[\xb1\xb0\x13\xe1\x8a\x1f/\xfcl?\xccB\x14\xd1\
\xa6n\xc9\x03\xf0\x8cx\x8bc~\xe6\x0fx\xb8\xeb\x8c\
\xbd'\x0b\x89\xba\x11&\xaf\xb8aI\x0b\x1e\xbe~\x0d\
ZB\x81\xea!\x9c\xc9\x15\xf1\xcb\x9d\x87\xf0\xf2\xde\xd3\
\x98\xe6\x0a\x0a\x0bC\xf0\x9a&f`\xb1\xe1\x9a\x1a\xa5\
\x9fc\xa2R\xebu\xa4\xf1\xdd\xcft\xe0;\x0f\xcd\x83\
\xdfE\xff\x9e#$\x90\xa5Cdr\x1cX\xd0\xad\xc0\
\xd5\xce\x9a\xb9=w6\xaf\xa4f\x0e\xecx\xbf\x9au\
\xafR\xeeQ\xa5.i\xce\x80\xe9\x0c\xc2\x8c,\xc1\xf6\
#>\xfc\xe1\xffx\x17\x033NQrf\x9d\x86\xa0\
\xb3\x8c\x8dkB\xf8\xe1\xb7\xaf\xc1\x82\xe0\x10A\xce\x04\
\x1cd\x0c\x0dG=\x0e\x0d\x87\xf1\xc8\x1f\xbf\x8d\xd1Y\
\xda\xd8\x96Sz&\x98>\xede\x8dD\xa6\xd3\x12d\
\x16\xaf\xaaG\xcc\xdb\xc9`\xc3.\xd7j\x8fii\x03\
\xc0!\x89\xa3\xb9\x117}\xf7\xab\x98\xa6\x03\x7fn\xe7\
\xfb\xf03\x03\x93\xd0\x13\x0f\xb21\xea\xc3\xf8\xf4\x13\x9f\
\xc7\xa9W^\xc1\xa1\xa7_\x90\xfc\x8eC\xc6\xd1)r\
\x13\x1b\x80\xea\xf8wA\x19\xff\x89(U]\x0f[\xdb\
\xc2n\xad\xd6\xc3<t:\x90\xb0;\xae{\xe4sH\
\xd2A=\xbd\xf7=\xfa\x8e\x92\x9c\x8d<\x87\xcd\xe41\
\xae\xb9\xfb\x1e\x9c|\xf7]\x8c\xed{\x97\xbc\xb0\xee\xc0\
\xd33\x22+\xa6\xf2\xda\xa2zD^\xb9\x9eu\xffh\
?\x04\x02>D\x08\xc1LNL\x8a:Q\x98\x0c%\
W\xda\x0a,j;;\x8bz\x8a\xd9c\xb1iL\xcf\
L#\xc0:\x12\x9e\x00\xd2\xf1\xb483\x15\xa3\xa8\x87\
\xe7\xd0\x04/\xb5\x17\xd4\xf5\x9b:\x97\x22\xf7 \xf9\x10\
r\xecQ5\x18\x84\xd3\xe3\x22\x09\xd6\xb7\xf6&\xe1\x01\
p\xdf\xd9,\x19\x00\xee\x5c\xb3\xa1\xbb0\xb3\x15)Y\
\xe0\x9a\xa5\xcb\x17E\xb1VY\xa5\x16L\x9eb\xc5\xba\
\x1b\xd0\xda\xb9\x02cC\x130\x8b\x19\xb5\xaeN\xad\x13\
'\x03\x11\xd5\xe0\x0d/y\x08\xce^z9\xae\xa38\
\xb2\x90MR|O\xde\x8e`o\x86=\x1fy\xebJ\
9\xaf\x84)\xb5,y\x99\x16E\xb2\xecd(\xe6\xad\
\x8e\xe0\x81\xefl\xc1\xb9\xc9K\x18\x1e\x19WU\x0a\x87\
\x1bkZ\x97\xe3\x9bw|\x05\xf5\x8e&\xa9wr\xc2\
\xc5$380{\x09\x7f\xff\xe2?\xe2\x8a\xd5W\xc3\
H\x03\xfd\xfd\x17006\x22r\xdd\xac\xf6\x9b3\xc8\
\xab\x99y<z\xd7\xc3X\xdc\xbc\x10\x01\x8f\xbf\xca\xae\
J\x97\xc9\xeb\xbe\xfc$N\x8e]\x90P\x83\x1b\x8c\xe6\
\xb77`I{7!\x80\x8f15\xc4*\xbe\x1d\xf0\
\x85\x1b\xe0$\x0bnp\x1d\x9a\xcb|d\xac\xc0\x86\xcd\
\xefE\x9d\xd7\xc4\xa6\xa5\x1d\xb8o\xf3:\xb4\x85\xfc*\
\xabM\x9f\x1d\xcf\x97\xf0\xcc\xee\x03x\xeb\xd8%L%\
M2z\x09\x95\xd4\xc9e\x10\x1f\x19B\x98\xd6\xa7\x90\
\x8c!6<\xa4\x08O\xe4}.k\xcf\xe0'?\xd8\
\x84\x95\xf3\xf2\xf49\x14jeg\xc9P\xc4\xe8\xdfR\
2\x97\xc0\x98\xe3\xf0\xe7\xd2\xa1\x8d9\x1b\xbb\x8a\x00\xaa\
\x89\xd29\x09\x80j\x22\xc0\xfe{\x86\xccn\x99\xc6S\
\x0c,\xc4\xfb\xa7\x80g^?\x87\xd3\xfd3`\x1d\xd1\
\xcb\x96\xd4\xe1\xb1{W`\xe5|:h\xf9Iz\x16\
d\x04\x09\xed\xe4\xb9\x02\xf0L\x0c?\xfe\xe5\x19\xfa\xd9\
'\xd5\x047\x19E\x7fC\x03<\xf5\x8db\xb4\xf3\xf1\
Y\x15s;T&\xbeb\x1b\x00\xcb&\xc6\x98\x9f4\
\x00\xb4w\x9cM\x0d\xb8\xe1{\xdf\xc0\xc4\xe4\x14\x8e\xbf\
\xb9\x03>\xde\xf4,\x0d^\xa2\x8d\x1d\x0a\xe2\xce/\x7f\
\x0e\x87\x9ey\x06\xa7_\xd9F\x9e\x99>\xabT\xd6Y\
\x7fC\xd0,>A\xcc\xd2\x9cz\x9b8e\xd9\xb9\x80\
\x9a\xb8\x8dR\x04\xd6b\x9f:(\xa8\x90Q\xbf\xe2\x81\
\x07Q\xa0\x17\x1d|\xed\x0dQ?\x16\xbe\x08\x1d\xd6`\
0\x8c\xeb\xee}\x10g\xf6\xef\xc3\xc8{\xbb\xe0\xb6\xec\
\x16\x5c\xc5\xbb(\x9b\x15\xedT\x9dJ\x5c\xc6\xa1\x07\x88\
\xf0\x9cf\x9e\x1c\xcc\xc6\xc4\xa5\xa6\x13\xf3\xcf%\xbd\xf7\
\xf9\x1e\x19\x95p\x98\xe1\x0f\x85\xe5\xfd\x85LA\xed%\
}P\xed1g\x86eT\x91\x94\xaa@h#k(\
]\x02A\xf6\x82\x00\x14\x11(\x13\x1bQ\x08\x80\x93\x80\
l\x00Rd\x99\x0b\xd9|\x8d\x0a\xca\x93L\x18\xce:\
t\x15@\x8fSfe \xd5 T@\x9e\x1e@K\
\xd7R\xacZw3\xe2\xb3yI`\xb0\x8c\xb2\x8f.\
6\xc0\xa5\x8c\x00+\xdf8e\x83\xe7\xe9\xc0g(\xbe\
M\xcfN\xd2\xeb&\xe8\xd7\xa4L \x92\xf6aE\x9b\
R\x5c\x0c\xbd\x11D\x88Db8\x96Kr\x22\xd4n\
\xe1\xb3\xdf\xbf\x0d)O\x02\xa7\xcf_\xd4\x0bi`q\
\xa4\x07\xdf\xde\xfam4{\xdaQ\xacd\x09.\xf1\xf4\
\xa2A|xr\x1f\x8eL\x9e@*UD\x8b\xb7\x15\
\xf3\xc8c\xb7\xb7w\xa1\xad\xa5\x93<~3\x06&\x07\
\xf0\xda;\xaf\xe2\xf3\x9fy\x0c=\xd1N\x81Q\x05Z\
\x89l9\x87\xa9\xd4\x14^\xda\xf5\x0aN\x0d]\x10\x16\
\x1c\xe7'Z\xa3\x01\xac^\xb4\x10\xa7\xf7M\xe0\xf8\x87\
S\xf4\xe0Z\x11\x88\x92W\xf3\x07D\xa2\xdaA\xa1\x8c\
\xc9\x09?\xbf\x07!g\x11\x9bWt\xe1\xd1-W\xa0\
\x89\x8c\x8d\xd2\xbc31K\xa1\xcb\x8b\x1f\x9e\xc2o\xf7\
|\x8c\x8c\xc3\x8f\xa9\xe9Y\x91\x86.\xd3\xdaX\x85\x1c\
\xe2\xa3\xc3p\x93\xf1sS\x0c\x18\x1f\x1f\x13\xa91\xa7\
I\xc6\xd3\x91\xc1\xd6\xf5u\xf8\xcbo\xaeBs\x88\x0f\
\x10\x19\x81\xfc\x0c*\xb9\x18\x5c\xe5\x8c4\x12\xd9\xee\x7f\
\xee \x8e\xaar\x5c\x950d\xd4\xe0\x7f5\xfe\xb63\
\x03\xea\xb5\x8a\x14\xe3\x10\x98)$!O\x18V\xa0\x1d\
y\xb3\x1e\xc9\xac\xa2\x97FB\x15\xf8=y%\xa9\xe5\
\xf0\xa9\x9e\x08\xc3\x8dw\x8f\x1b\xf8\xfe\xff8\x88\xf3\x13\
^\xd9S\x0c\xe3\x83\x91 \x1c\x8c\xf8\x1a\x9b\x85\x0d\x99\
\x8b\xc5\xa54k9l\xdd\x01;_Tc!J\x1d\
\xdbP\xed\xb7l\xfc\x1d\x8d\x0d\xb8\xe9\x0f~\x07c\x93\
\x93\x18\xfa\xe0\x00z\x9a\x9b\x91Ne\xc8aQ\xdcL\
\xc8\xeb\xa6G\xee\xc7\x87\xbf\xfa\x15\xce\xbe\xf2&\x1d~\
\xa8\xeb\xd2-\xcc\xac\xbc$\x19\xf4j\x98Q\xa9\xe6A\
\x0cs\xae\x01PT\x00\xf9\x97\xaa\x01\xd0\x9c|\xe6\xf5\
\xd33\xbe\xfc\xbe\xfbQ\xa4\xeb\xbe\xf8\xe1~\x19\x0c+\
\x8cY\xfa\xe7\x029\x95U\xb7\xdc\x8e\xc1\x8f\x0fc\x88\
\x0d\x80F\xc0J\xb9\xc7!-\xccm\x14\x96\x0e\x0f\x92\
Q/U\xa4\xacn\xda4\xe0j\xb2\xac\x16\xc7\xd9\xa8\
\xc8\xb2\xe7\x17\xea\xfc\x01W4\x9c\x22\x0fV#\x0e)\
\xce\x81\x8d\xf8tR\x13V\x95D$$u\xd36\x00\
!4\xcc\xeb\xa65\xe5\x1c\xc0\x18\x1b\x80\x1b$\x07`\
\xd1&\x8f\xc7b\x8a\xcc\x03\xc5[\xb7$~r\xe8\xa6\
 -n\xc8\x84 \x99\x15\x90\x97\x06!\x9e\x80\xe3\xa4\
0`\xcd5\xb7\xd1a\xe8B\x9e6\xb8G\xe2z&\
\xc8TD\xbekvz\x0a3\xe3CH\xc4\x08\xd6g\
g\x05\xba\xf2\xf8m\x9b\xc3b\x0bP\xd48\xe6NI\
F\x99\xa6j\xb0\xe1\x0b\xf70j\x08\x16q\xdf\xb7n\
@t\xb1\x07\x1f\x9f>K\x90\x9e\x13\x87@\xa3/\x82\
MK6\xa2\x14\xab\xa0\x7f\xa8_\xe0M\xc8\x1b@*\
\x97\xc4t%\x8e\xc6\xfaf<z\xeb\xc3\x84\x10\x22B\
\x002+N\xc9\xc2N\x14c\xf8\xd7\x17~\x8e\xf5\xd7\
mD[\xa4\x15\x13\xe3\x13\xe8\x1f\x1dD\x82%\xc7\xc8\
\x08L\xc4\xc71\x93M\xc9\xd84F2\x91\x80\x07\xab\
\x17\xf7\x22=Z\xc1\x07o_\x80\xcbhB]s\x0f\
,\xda\x18\x04o\xe0\xf4+A\xd1\xb0\x0f\xb8\xae\x8f`\
\xff\x8dW\xa1\x83`\x9eS\x1f\xcaD\xa1\x8c\x17\xf6\x9f\
\xc6\xdb\xc7Fpq,\x0e/y\x94T2\x81<\xc1\
\xbb\xf4\xd48\xfc^\x07\x12\x84P\x5c\x1c\xab\x91\xd7O\
\x13\xdc\xe5\xd1\xd2\x0eS\x0d\x82\xf0\x9bc\xf8\xea=\xf3\
\xf0\xed\xcf\xf5\xa1\xce\xc3\xe3\xb7(l(\xd0\xb5f&\
D(\xd4\xa1\x15b\x181\xd8\xad\xbcV5\xcb^\xa3\
,\x1bs\xe1\x80\xbd\xf1mq\x0e\xd4\x18\x83\x0eM\x1e\
\xe2\x83l\xb1wrsX\xc0\x9fG\xeb\xe1\xa0_.\
\xd6\x11`\x05\xdf\xa0\x94\xf7\xfa\xc7\xbd\xf8\xe3\xbf9\x82\
w\x8e\xa5P\x84OZc9,\x0aGi\xdd\xc9\x80\
\x07\x9bZ\x04\xb1e\xa6bJ\xa2\xca1\xd7+\xd76\
\xae\x1c*\xae\xc80K\x90{\xfb9\xed\xd0X\x8f;\
\xff\xf4\xff\xc0\xc8\xd88\x8e\xbf\xb5\x13-\x14Cg3\
ya\x02\x86z\xbap3\x19\x80\x0f~\xfes\x9cz\
\xf15\x18\x9c\x1ag=\x05K\xf1\xebEvL\xaf\x86\
\xdd&]\x15\xd2\xb1\xfb\xf7\xff\xb3\xf0\x89e\x8f\xde\xb6\
l\xa2\x04\xcc@H\x0c@\x9e>\xe3\xe4\x8e\x9dBV\
\x93\x8aEY\x85,Wl\xbd\x1b#'\x8ea\xf0\xbd\
\xdd\x84\x00lN\x15\x7f\x0a7}9\xb0\xf6\xea+q\
\xfa\xf8\x09\xe4c\x09m\x00tr@\xeb^+\xd4e\
\x0b}\xd4\x88Q\x983\x15\xc8\x96\x1f\xaf\xc5w\xb5\xc3\
/\x97:g\x02\xb3\xbd\xaeb8t\x07''L[\
d0\x88\x81\xe4\x04\x19\xa3\x85\xabo \x040_\x0c\
\xc0\xcc\x14\x97\x01s*k\xaa7\x8b\x90w\x1c\xba\x87\
\xbb\xac\xc49\x99\x8a\xc8(\x80\x1b\x87\xb83\x90\x097\
\xbe`\x13\xe6-Z%\x12Z\x5c\x97M\xcc\xc6\x90N\
\xc7\x09\xae$Q\xca\x11\xfe&h\xafd\x8d5\x9dq\
\x8eJ\x8d\xd0\x04\x1c:)\xc8y\x07I\xa8\xa9\xce0\
\xde\x10\xac\xb2\xe3b\xcc\xe3*\xe3\xca;\x17c\xdd\x1d\
\x0bq\xac\xbf\x1f\x89\x5cQ\xb5\xa2\x13Tu&\x81v\
\xf2\xf2\x0b\xe7\xf5aq_\x1f:\x9a\xda\xc8\x08\xb9\xf1\
\xfe\xf1\x0f\xb1\xff\xe8\x01|\xe9\xfe/\xa0\xd1\x15\x95Y\
\x00Y\x82l\xf1D\x1a\x17\x93#\xd8qt/\xb2\xf4\
9F\x8eEJ\xddh!\xcf\xd2\xd3\xddA(\xa1\x09\
\xb9b\x16/\xbc\xfd\x062,\xffHP\xcc\xc3\x13\x89\
\x17t l\xd4c\xef\xeb\xa7\xc9\x00\x86\x11i\xe8\x81\
\xbf\xb1\x09\x14\xcc\x09a\x85\x07\x8d\xdd\xb0j\x1e\x1e\xde\
r9\xda\x03\xfej5b\xb6P\xc4\x0b{\x8f\xe1\x85\
\x0f\xceP\x08@\xc6`&)\x15\x0a.\x03\xc6GG\
QJ%\xc8\xa0P\xd8\x93J\x09\x0d\x9a7\x85\xe8$\
\xe6\xf3J\xfd\x976\x07g\x86\x83\xce\x04\x1e\xbfo)\
\xbepO\x1f\xda\xc3qZ\x92YZ[^\xdf\x1c=\
\x9f\xbcP\xb1YP\x92'\xf48l\xcf`O\xbf\x85\
\x9d#\x98S\xf8\xd3\xcf\xd9\xac&\x0e\x1c\xd2\xde-\xb3\
\x024\x7f\x809\x22e\xc9\x09\xb8D\xb7\xd0\xe3\x0d\x0b\
\xab\x13\x1e\x82\xf8\xce\x00y\xfe:\x1c8[\xc4\x8f\xff\
\xf5 \xde;\x92E\xce\x0a(%g\xfa\x8fG[\xfb\
\x02>\xf1\xf6\xc1\xc6V2\x08>\xa4&\xa7u\x5cm\
\xdb\x1f\xfb\xf0\xa3\x9a\x04\xe4\x01\x1d<\xf4\xd5\xa1\x0d\x80\
\x9bB\x80\xfb\xff\xeaOpqh\x10G^\xdb\x8e\xa0\
\xdb#\xb2\xee\xe5\xb2\x89PW'ny\xf4~\xec\x7f\
\x92B\xb6\xe7_%\x0fk\xaa\xd9\x04\xf6\x1d\x19\xce9\
\x9fm\xe9\x96\xa3\xb9=\xe3\xeaw\xdd\x93S\xfd\xfb\xda\
\xac]\xa5\xf0S&\x83\xbd\x8e\x0c@\x81^t\xf4M\
\x0a5\x8aJ\x0f\x92\xcb\xe2L\x0d\xbe\xf2\xee{p\xfe\
\xe0~\x8c\xee{O\x84?\x94\xed`\x01\x157LB\
\x87\xeb6\x5c\x8d\xe3\x87\x0f\xa3L\x06\xc0\xa1\xc5s\xa4\
\x14\xac\x93\xb9\x5c\xc2\xabN\xfd\xad&em0n3\
\x5c+Z\xb6\xdd\xd0LB=\xc9\xc8\x9a\xd3K\xa0\x83\
\x0b\x99\xb5 -\xc7\x15\x9d\x184\x84\x09\xc8\x9a\x80l\
;\xd2\x9c\x03X\xb8j\x8bU7\xc7\x00\xe4)\x04p\
\xe9\xf2\x0c\x7f\x91t\xbb\x19\x8a\x0b\xa0\x92\x0b\x15a\xea\
1\x02\x90\x99\x01\x22\x83UP\x9d\xa2<\xc0\x88\xe2}\
i\x22\xd1\x84\x14\xa7C\xa9\x94\xa8\xe6\x05%\xf6\xa0f\
\xa7U\xb4\x85U\x93^l1\x08\x87\x18\x00\xa7\xb4~\
\xf2w2\x02\x91\x0e;\xfa\x0e\xb6\x09\xad\xcb)\xde{\
\xe2\x1a\x0c\xcc\x8cbd:\xa1<U\xd1\xc0\x15\xf3\xd7\
\xe2\xa1-\xf7\x22`xU\xc9\x85\xa5\xbb\xe9\xbf\x0b\x93\
\x97\xf0o/?\x85M\xeb\xb7\xc0[t\xa2\xff\xd2\x00\
\x06GGdb\x907\xe2G9\xe0\x12\xce\xc1\x03\x1b\
?\x85\xee\xc66i\x02\x12\x12(\xddc\x9c\x10\xc4\xaf\
^y\x1e\xc3\xe9\x19\xf1\x5cl\x08\xe7\xb57bQG\
/>\xd8v\x9a<\x99\x876x;\x82\x9d\xddps\
\xb8\xe35p\xd5\xc2f\xba\x8e5\xe8\x08\xfa\xe0\xaa\xa8\
N\xbd\x09\xf2\xe2\xbf~\xebC\xbc\xbe\x9f\x0e\x7f\xba\x22\
p\xd1\xcc\xab\x19\x01\x1c\x02\x99\xac\xb5\xc0\xed\xd6\xf4\xb3\
\xa3\xc4\xb3\x18s\x92\x07q\xe8\x0c\x7f\xb9\x90UY\xed\
\x8a\xa5\xd0\x8d\x91\xc1\xa6\xcb\xc3\xf8\xe2\x03}\xb8\xb2\xcf\
\x87:gV\xcd\x09\xe0\x06\x09\xce\xa1\x88H)}\x06\
\x1b\x83\x8a\xa2g;,=\x90D\x1aZ\xcd\xaa\x01\xc0\
\x1c\x93\xa0\x1a\x7f\xc8\xe3k}\x07\x07W\x02$i\xe5\
\x11\xdd:\x87'(\x04'\xa1\xb3\x12<(\x18aB\
Ia\xbc\xbcs\x10O\xber\x0e\xfd\x13\x06\x94\xb6\xb3\
S\x0c\x00\x1fv?# ~\xd0\xe4\x01\xc3M\xadp\
\x11ZJ\x8eM\x0a\x0a\x91\x11l\x96\xa3\xda\xbcd{\
dK#\x00%\x01\xa6\xf6\x86\xab\x95\x0c\xc0_\xfe1\
\x06.\x0d\xe3\xfc\xbb\xfb\xd0\xd8\xd0(\xcdR\xb94\xa1\
P\x9f\x077<t7\x0e\xff\xe6i\x9cz\xf9u8\
\x19b\x97k\xe5QC\x8b\x98\xd8\xdc\x16\xe5\xfd\x1d\x9a\
?R\xab\x02X\xda\x1bY:\x89\xe2\xb0\x95\x8c\xf5\x84\
\xdd\x12\x19\xf9\xd5\xf7\xdc+\xc6\xf0\xcc\xb6\x1dd\x00r\
\xb4V|\x16\xb2\x08\x84\x22Xw\xf7\x038\xf7\xd1{\
\x18\xdf\xf7\x01\xdc\x86.MKr\x8e\xa7\x18\xf9\xd0\xdc\
\xd9\x8a\xb1\xc1Ax\xf8\xfa\xa0\x8c\xae2\x93\x95\xb9M\
\x89\xd5\x1e\x01U}W\x16\x89\x93\xe8\xae`X\x06\x93\
2Qnzt\x08\x14\x87+U#\x13\x9a\xe8\xa5\xa8\
\xfb\xac\x90\x1c!\x07\xc8\xd5\xactj\x1a\xa9\xf8\x18\x85\
\x94\xbc\x07\x9c\xf0F\x1b(\x04\x98/\x0cV\xd1\x03`\
\x04\xc0\xaa\xc0\x9c\xcc\x8bOM\xd3\xe6\xcc\xd3\xb3R\xc3\
9UW\x9b\x1d;A\xb4\xf0x3U\xe8\xd0\xf3\x06\
-\x15\x0b\x22\x10R(\x16k$\x0e\xc3\x8e7\xf5\xd8\
m\xa7\xb2K|\xb0\x22\x91:\xb9`N\xfb\xac]\xb5\
\x02'\x09\xc6\x0f\x0e\x8f\x89\x87\xe1\x8d'\x87\xde\xa9\xaa\
\x0e,\xb8!\x0d5\xf4n\xf6\xda\xec\xdd\xf81\xba\x9b\
\xcb\xb8\xfb\x1b\xeb\x91\xf7\x15pv`TM).Y\
X\xdc8\x1f_\xb9\xeb\xf3\xa2\xa1\xc6\xf9\x89D&\x81\
\xb1\xf8\x04N^8\x8b\x9d\x87>\x12E\xa2@\xc9\x85\
\xb6\xd66,[\xb6\x14}]\xf3\xd0\x16m\xc1h.\
\x85\xe7\xde|\x19\x9f\xff\xf4\x83h\x0b5\xaa)\xc7\x14\
\xa2d\x0biL\xd1\xc1\x7fm\xefN\xf4OO\x8b\x5c\
\x18o\x84\xe6\xfa\x08\xd6,]\x86\xfe#\x93\x18<\x99\
\xa5\x05mC\xa4\xbb\x07\xe1\x90\x07\xd7,j\xc6\xfd\x1b\
\xd6\xa2=\xe4S\x06\x93\xaem<\x9d\xc5\xbfm\xff\x00\
\xef\x1c\x1e\xc0\xf8,\xbd\x9e\xa5Xh9\xb9d\xea\x0b\
\xf9EA'6=\x8e`\x90>\x9f3\xbf\x93\x13\x08\
\xd1\xcf\xdc\xa7\x96\x8a\xc7(\xd6\xf6#\x9fJ#\x13O\
\x08\x19D\xf8\xe9,\xa1NF\xb15l\xe2\xc6\xab\x1a\
q\xef\xcd\xf3\xb0z\xa1\x9fB\x94\x02!\xa8\x82\x1cv\
0ED\xeb\x15Z,\x5cj*\x82\x15\x97\xc6\x1c\x95\
\x8aN\x90\xe9\xe7k)o!\xf3\x10E\x93\x81\x05J\
\xf4|\x04\xcd\x09\x80[%\xf4L\xa9W{1\x163\
\xb0\xf3\xc3q\xfc\xf6\xcd~\x1c;\x9fA\xd6\xf4\xcal\
\x892\x87\x0bN%\xd9\xed\xf2\x05\x14\x0d\xdaQ\x91n\
\xc8H\xabB\x00\xc9\xd1\x09\xf1Fe\x87f(V\xc7\
x\xa3z@\x15e\x99\x0e\x89K\xfdn4Ep\xd7\
\x1f}\x17\x13\xa3S\xd8\xff\xc2\xab\xb4^!\xda\x90^\
Tx\x98cC\x147<r\x0fN\xbc\xf02\xfa\xdf\
\xd8\xa6+\x00f\xcd\x98\xd4\xbant\xdf\x895'q\
\xa63\xfeV\x0d\x8e\x9a6*\xb5\xc9k:\xd3^\xf6\
\x07\xb0\xf2\xd3wKO\xcc\xf17\xdf\x82\xc5\x1a\x99\xa2\
\x9a[\x80\x9f\x0e\xe7\xba{\x1e\xc2\xc5\xc3\x1fbd\xdf\
\x1ea\xa9\x18\xd5\x99\x15\xcej\x19\x5ce\x04j\xda\x90\
f5\xd6\xb7\xbd\xbd>;\xb0\xdb\x81U\xbe\xa2Bk\
\xda\xb5\xf6\x0aB;]t\xcfY\xc4\x07\xce\x2212\
\xac<\xbb\xa1\x92\xa9\xa2\xf9\xc0\xe5Jw\x00>rL\
\x19Z\x86\x90\xdf\x81\x89\xc1\x93\x14&\xc6\xc5\x00\xf8\xea\
\x1b\xd0\xd83_!\x00\xdb\x00\xb0*0#\x00\xe6\x01\
\xb0<\xb1a'\x1e\xf4C\x90\x89+6\x8f\x9aW\x82\
\xa7\x94@\x19\x82\x820\xea\x8a\x9a\xd6\xa2!\x95&\x1d\
\x04\x83A\xb4\xb7\xb7\xcb,\xf5\x85\x0b\x17\x22\x14\x0aQ\
\x0ct\x0c\xe7\xcf\x9c\xc4\xd7\xbe\xfc\x05,_\xbe\x0c\xbf\
~\xfaY\xbc\xfe\xe6\x0eL\xce$\x14\xc4\xe4\xa4\x0dy\
\x19?-\xb6\x9a\xe6k\x08\xc4\xe2\xef\x92\xf0\xc3\x9f\xc2\
\x8d\x8f\xacE\xcb\xf2\x06\x1c?w\x01\xa2\xb7I\xd6\xbe\
\x9e6\xe8\xd6\xcd\xb7`6\x16\xc3\xa5K\x97D\x86:\
G\xefq\xf8\xbc\x98LdE\xc6\xe9\xd1;\xeeCg\
}3\x02\xccAg\x90F\xa1\xc3t)\x83\x9f\xfe\xe6\
_q\xd3\xfa\x8d\xe8ni\xc7\xc8\xe48\x06G.a\
jz\x121\x0aab\x04\xc3\xd3e\x874\xfe\xf0f\
\x0e\x13\xac_\xbdb\x05\x0a\xd3\xc0\xe1\x8f&\xe1\x0d5\
\xa3\xb9)\x8a\xcd+\xe7\xe3\xc1\x8dk\xd0\x1cT\xdd\x8e\
\xdco=\x9d/\xe3\xdf^}\x17\xbbN\x8f\x88\xe7\xe7\
\x0d\x90\x99\x8d#ZW\x87\x91\xfe\x014ww\x229\
;+\xeb\xca\xa5\xce|\x22!:vL\x1ed\xef]\
LQ\x98\xe06$\x118;1\x85b6/=\x16\
\x8a\xcel\x08\xcc\xf792h&C\xb0ni\x1d6\
_\xd5\x86+W5\xa2\xab\xd1\x85\xb0\xcb\xd4\xc6\x80\x19\
`EY;C\x8b\x87\xdarU\xd5h\xd1N@\xc9\
\x95\xb3\xaa\x0dyy\xde\xc2t\xa09\x13_\xa1\xbd\xc1\
\x84\x9eL\xde\xc0\xb9\x91\x1cv\x7f8\x86\xb7\xf7\x0c\xe3\
\xf4@\x06\xa9\xb2[{9\xed\xb1\xc9\xc0\xb9},\xff\
\xa5\x06w\xf0\xfe\xf1\xf0\x9c>B\x00\x112\xbe\x06\x1b\
\x80\x91q\xb5\xa9\x1d\xaa\x0ch\xeb5\xd8\x09H\x81\xb5\
N\x15\x12V\x5cJX\xd4Q\xe7\xc7M\xdfx\x1c\xb1\
\xa98\x0e\xbf\xfa\x16\xa2\xe1:\xa1\xc1\xb2\x96\xa5U\x1f\
\xc5\x86\xcf\xde\x85\xfe\xd7\xb7\xe1\xd2\xb6wT\xfe\x83\xd7\
\xa9b\xb7\xfe\xea2\x9f\x1dvV\x87\xa9\xd8\xdfm\xea\
\xe9\xc0\xd5\xcchu\x9e}-mJ\xdf\xe5!\x03p\
\xcb\xedR_?\xf2\xf6\xdb\xe2\x89\xe5>\x08\x09\x04\x22\
a\x99\x97q\x81\xc2\xcd\xa1\x0f\xdf\xa5\xb0\xd4\x12\xf6\xa9\
\xf0\xa6-\xb5\x8f\xedk\x906{[kC\x13\xee\xaa\
\x09H\xdb\x00X5\xb1\x1b~_\x99\xc2\xd9\xde\x0d\x9b\
a\x12\xf21\xc9\xb9\x19\xb1\x11\x94bS\x12J9\xf5\
:\x0bZ\x109?/\xed}/\xd2\x05\x13\xf5\x91 \
\xa6F\xce\xa0\x98\x9c\x96R\xa1\xa7\xae\x1e\x0d=\xf3\xe0\
\xf6\x92\xc3\x1f\x1f`\x03\xb0E\xba\x01\x19\xe6\xcd\xc6f\
$\xb3\xcf\xe3\xa6L\x8dE\x84\x22+\x06\xa0\xa2.\xb6\
\xca\xd5\xcfk\x9d\xfe\x92\x1a\xb9\xadc(\x9e\xdc\xd3\xdd\
\xd5\x81\x15\xcbW\xa0oq\x1fZ\xe9\xa1s\xbd?O\
\xb076=\x85#\x14#\x1d?|\x00\x9b7\x5c\x83\
?\xfe\x83\xef\xc9E\x7f|\xec$\x9ey\xfeE\xecz\
o\x1f\x92<\x9b\x90\x07f\xd2F\xf1z\x03\xc2P4\
uc\x11Kp[\xce\x14Vl\xee\xc6\xe5\x9fZ\x8e\
\xe3\xe4\xdd\x93\xc9\x92\xd2\xfc#C\xd4H\x10\xb5\xad\xa1\
\x05\x0b\xbb\x16b\xf1\xfc%\xf4\x00<2\xd2\xeb\xd0\xb9\
\xe3\xf8\xf0\xe8A<~\xf7C\xe4\x9d\x1b\xa4\x8em\xd1\
S\xe4r\xe0Df\x16O\xed~\x89\xbc~\x1e\x0d\x14\
\xe3q\xc9\xb1\xab\xad\x8b>\xa7UH1\x19Z\xd0m\
\xef\xbf\x8f<\xb3\xa8x\x08\x09\x19\xa5>B\x10>g\
\x04\xc7\x0f\x8c\xa2\xde\x15\xc2\xfa%\x0b\xf1\xb9\xdb\xd7\xa3\
5\xe2\x93\x87\xce\x87!V,\xe3\xb9\x0fO\xe3i\x82\
\xfe\x05\x8a\x93gi\xe3\x86i\xd1\xc7)\x86mln\
\xc4\xe4\xd8\x18\x1a)v\x9d\xa6x\x98k\xbf\x9c\x0bH\
\xcf\xce\xa0\x8166\xab\xd8\x14\xf8!\xcbL\xc6<\xfc\
\xe4\x89\x93d\x9cY\xed\x86\xdb\xb5+L\xc3f\x83\xeb\
\xb0\xaam\xa7L\x9b\xf6\xbb\x0a\xe8\xa8wca[\x00\
}\xdd\x01\x5c\xb64\x8a\xde\xce\x10Z\x1b\xbc\x08yJ\
\xf0\xba\xca\xe4\xd4-\x89;\xabB\x1bvm\x5cz\xc8\
\xdd(\x99n\xda<Ndr\x0eBQ\x0eL\xc6\x0b\
\x18\x18\xcb\xe1\xe4\xf9\x04\xce\xf4\xc7\xd1?\x92\xc2t\xda\
\x89\x82\xe5\x97g\xcea\x87\xda\xa3\x8a\xd4\xe5a\xf2\x93\
\xcb\xa3\xdax%c\xed Di\xa9\x10\xa0\xadCh\
\xbd\x89\xa11\xf1\x84e\xd9Ov\xa7<\xa4b\xa0\x14\
\x87\x1dj8\x86\x88\x80\xaanK\xcb\xeb\xc0\xca[7\
!Ehh\xe8\xc81\xd4\x91\xc7\xcdWx\xd2\x12}\
G4\x8a\x157\xacG\xff\xeew\x918qJ\xb1\xf7\
\xf8\xf03\x120\xb5\xbc\x99\xce\xd6[\xa6->2\xf7\
\x9ck&\xe0\x9cI\xbe0\xe7\x84\x0bb\x1b\x99u\xe7\
A\xcfe\x97!C\x9e\x7f\xe8\xe4)\xd8\x03\xde\xf9{\
\xb8\xf2\xb3x\xed\xd5\x98\x1c\x1e@\xec\xc2\x19\xb8,\x99\
R'S\x849\xa7R3t*\xbegY\xf5Z\xcf\
\x81\xce?\xa8vT\x8d\x00L\xcd\x92\x85b\x98\xb65\
\xa2u\xc5*\x94\x19\x89%f0y\xfc0\x0a\x89\xb8\
$\x98\x1d\xba\xd6oj\xea1s\x05\xda:\x16\x92\xa1\
\xf2\x08\xbfdz\xec\x82\x84+,Y\xe6\xa9\xe7\x10\xa0\
K\xca\x80\xa9I\x9b\x08\xd4\xa6r\x00q\x9d\x04d+\
\x22\x16J\xcb\x82\xf1E\xf0\x10\xc5bIw\xfb\xb1~\
\x1e'\xf6\x08Vz<n\xd4\xd1\x87\xb6ww\x93\xa7\
_\x8aE\x8b\xfa\xd0Fq\x0a\xc7\xf1,\xf4\x99\x98M\
b||\x02\xf1\xd9\x04\x1d\xd6Y\xa4\x93\xe4U\xc7G\
\xe9\x01\xfa\xf1\xdf\x7f\xfcWh\x22H\xcd-\x8f\xcc\xce\
;p\xe4c<\xf3\xdc\x8bb\x10\xb8\x9a\xc0j\xbcn\
\xafRo\x15#S\xce\x89WkX\xe0\xc7\xad_\xd9\
\x80\xf3\x13\x03\x98\x9c\x98\x15=A\x9e\xd5\xbe\xb4\xab\x0f\
\x8f}\xea3\xa8\xf3\x84)\x06t\xca\x9co\x16\x82\xe8\
\x9f\xa6\x18\xf5\xd5gp\xcb\xc6\xeb\x11\xa5X\xf6\xe2\xf0\
\x08\x86\xc6\xc6\x11Kd$\xe7\x90tq\x9a\xaf\x80{\
\xd6\xdf\x80\xc5\x9d\xbd\x08\xf9\xc2pW\x9c2`g\x86\
P\xc4\xd3;\xb6a<\x9b\x80\x87\x07Q\x90\x11h\xea\
\xedF4J\xf1\xdc\xc7C\xb8e\xf1R<\xbce#\
Z\xeb\x82b\xbc9\xb93[(\xe1\xe9\xdd\x87\xb0\xf7\
\xcc\x04N\x9f\xbd$,8\xceX\xa5xr\xd0\xcc,\
\x22\xd1:\x8c\x8f\x8e\xa0\xb3o\x11!\x18\xf2\xee\xf1\x19\
\xb4\xb6\xb5\x88\xee\xe2ll\x96>\xbbNf\xc7M^\
\xba\xc8\xf9c\xf8\xc8\x00$f\xa6\xc4\x100c\x8c\xb5\
\xed\xf9a\xcb\xd8g\xcb!\xdf)%'\xa3$\x8d+\
\x8a\x01\xc7\x83&\xca\xa8\x0f\xb9\xd0\x1cu\xa1)\xea \
\xaf\xe9Bc\xbd\x0f\x01\xbfG\x9e\x1b\xb3.\x9d.C\
\xca\xad\xf9\x5c^\x86s$3\x90f\xab\xa9X\x0e3\
)\x90\x11(!_r\x10\x86pI\x83\x90\x82\xb4.\
\x9d\xe4+k\xb7e\x08\xb7<\x14\x09\xd1\xef>Qj\
6u\x9c\xcd\x01\x9f\x83'0\x93'\x0f\x13\x1aty\
\xfcH\x0e\x8f\x091\xa5d\x0f,\xb1\x09-NU6\
T\xd2_n\x99\xd4T!\x83!\x08\xd4\xa8\xa0\xec\xd1\
\xe8\x93\xbbLe\xf8\xa7RU\xe2\xbe\x0bn\xb56\x09\
1\xb9$\xef\xa1\xb5&l\x96\x9e\xccb\xb4\xf4\xa8n\
\xb3\x9a\xf4\xab\x91\x80\x8c\xda\xe1\xd7\x06\xa1\xa2\xc9Hs\
\xb46\xa4t\xc9F/O\xfb\xd0U6\xabz\x0f,\
$\xca\xd3\x90-\x83%\xc5M\xd5\xc5\xc9#\xbd\xd90\
W9GvN`\xae\x96\x7f-\x01jj\xe5e\xa3\
*\xd3V\x96|O\x99\xcb\xa8\xe4\xf5Ct\xa62\x85\
\x92L7r\x13\xe2\xceNLH\xf8hW7\x1c\xb6\
\x111l#\x10D\x88\xbc=w\x16rg\xadG\xd0\
\x88\x0b\xde\x86z4\xf6\xf6\x90q(#)L@\x0a\
\x01\x22\x14\x02p-\x97EA\xd3da%\xf2vj\
!B\xdaL\xa9tJH?\xbcQ\xd8B{=.\
4\xd4\x85\xd0K\x96\x84\xbd|wO\x0f\x19\x81\xa8\xe8\
<\xa4\x92i\xc4\xc9[M\x911I$\x92j\x22\xae\
\xa9U\x86-%*:\x1b\x9bF&\x99\xc0w\x7f\xef\
[\xd8x\xdd\xd5H\xc6\xa7%\xa1\x18\x8aD(\x9c7\
\xb0g\xef\x07\xf8\xed\xf3/\xe1\xfc\x85!:\xc0\x86T\
\x05XhCi\xad\xd1\xc6n4\xb1\xf5\x9b7`\xd6\
\x91\xc6\xb9\xfeKBO.\xe6\xca\xe8mY\x80o\xdf\
\xf5E\x04d\x18'\xc5\xd0\xb9\x1c.\x0c^\xc2\xa9\x8b\
\xe7\xb0\xef\xecQI\xbc\x04h\xc3\x84\xea\x1a\xd0\xd3>\
\x0f\xf3\xda\xbb)\xa6o\xc0@r\x04{\x0f\xee\xc5\x17\
\xee\xb8\x1f\x1d\x04\xe9\xed}\x92\xa7\xc3?I\xb0|\xfb\
\x81\x83\x18\xcf$d> \x1b$\x7fK\x0b\xe6w\x92\
\xc1#X\xfc\x99+\xaeD\x9b\x88]\xaa\x9d\x92\xa4\xc0\
\xeb\xa9\xb7\xf7\xe3\xb9w?F\x96B\x80l2\xa5\x86\
\x93\xb0\xfe<wq\xe5Jrx9\xf9g\x11\xac\xe3\
/\xcb\xd1uzy0\x04\x1f)B%\xac\x18$#\
\xc72i\x95@eo\xc9|\x09\xb3\xac\x12\x83J\xfd\
Ny\x96\x8a\xf2VB\xef5\xec!#\x8e9\xd3\xb7\
T\xe2\xd6\xa1\x1b\x84d\x0d\x8dJu\xe3U\xeb\x02\x96\
GmD\xcb\x9e\xd9\xab\x0e\x9d\xe4\x05,\x8f\x1a\xc0\x09\
%d\xc9\xe59\xe9fw\x1a2\x80\xd5\x96\x0d\xf4Q\
\xd8f\x8a\xa2R@\x9e;\xb7\xc99-\xa5\x85X&\
d\x15lk\x95\xe6\x171\x00\xbc\x06\x86]~3\x85\
G \x95 \x1e\xc2\xc2\xd4_\x9e[\xc8MU\xe1\x10\
\x1a\xda[\xd0\xd0\xda\x00w\xc8#h\xc2\x96\x07\x13\x91\
\x1f\x0eV8\xaf\xc4\xf5vV\xea\x91\xbc\x07$\xffb\
\xea\xb6t\x96f\xb7\xe3{[\x9dy\x8eL\x84\xd6\xce\
\xab\xc1n{\xba\x92\x08\x96\x02U\x9d\xc7J\xb1\xa2\x06\
\xc20\xd5\xbd\xac\xfa\x15$p\xe1\xefs\xa8!\xad\xac\
\x9e\x9d\xa3\xbd\x9d\x1e\x1dC\x89\x10\x9d\x93K\x85\x15\x9b\
\x8b\xa1t6\x1c6\xb47\xec\x0a\x8d\xa6%W\xb4z\
\x83\x1e%V\xa4\xe7\x19%\xc7\x10\x8a6b\x9cB@\
\xafKu\xf9I\x85\xa1\xac'\x0f\xd9d&\xd8=\xb0\
\xea\x19\xf1\x9f\xc2d\x00\xd2\xa9Y)\x0f\xf3x3.\
\xef\xb2&`#90S\x10\xc0\x9c2`\xd9tI\
G\x12O\x06\x92\xdc\xa8\xc0\x8a2\xf2\x5c\xca\xa3\xc3\xcf\
10\x13\x19\xe6\xcf\x9f\x87E\xe4\xb9\xba\xe7u#\x12\
\x0a\xc8\xc6L\xa5\x12\x88Q\xec=>6A?3E\
\xb8\xac\xe7\x9dA\x86_\xda\xc4\x06\xe1'\x93\xf5N\xa7\
\x93\x14\x0eL\xe3\xa6\x1b6\xe2\xdb\xdf\xfc\xaa\x0c\xd6\xcc\
dR\x22\xf5\xe5\xe1\xba1yL\x86\xe7;v\xee\xc1\
\x1bo\xed\xc4\xa5\xc1!U\xea\x90$\x153\xb22\xb8\
\xf5\xd1M\x88\xf4\x85p\xf8\xcc9\xe4\xf2\xac\xa6SF\
\xd4_\x8f\xfb7\xdd!\x10ydt\x14\x03\x83\x14{\
\x13\x02\xe1>\xeax%'MF\x0f\xdct'\xda\x1b\
(,\xa1\xfb\xf1j\xd2\xd1pn\x06\xcfn\x7f\x057\
Q\x8c\xd5\x15n\xc6L<\x81\xc1\x89I\x0c\x8f\x8f\xd3\
z\xe4P&$RdO\xcb\xe2\x9d\xc1\x00\x22\x04?\
o\xbb|\x0dn\xeb[\x86V\x11\xd7T\x8a\xba3\x99\
<\x9ez}\x1f^~\xf7$\xe2tM\xec}\xd4\xa1\
/\x8a\xe0(g\xf39\x1b\xc9\xc6Ix\xff\x1c\x8b\x97\
+RG6<J\x0f\x9e\xe9\xa5\x9c\x0ba_\xee`\
!\x07\xa8Y\x8b\x9c\xc8\xb3\xa76\xab!\xe4Z\xc3_\
\xcf\x15`-\x06\xcb\x16@\xb1c\xea*\xcb\xcf\xd2\x0d\
\x00:\x06\xd5\xde\x02Fm\x8a\x82(\xc7\xebV\xee9\
\x03\xe6u:\xca\xa5+4\xfa\xe3x\x88\x08w;\x8a\
\xb2\xb1\xa5\x0c\x85Tu\x08Q\x90\x11/\xb3\x93 #\
\x5cbV)\x8f\xd8\xe62\x22\xbd6\xd8\xda\x22\x03X\
\xe3\x83\xc3\xe2\x19e\x8e\x04\xd7\xd7\x0dK\x1b\x00\xa7|\
.\x97SM\xda\x07\xf5\x0b\xe7\xe1\xba;oF\xef\x92\
E21\xd7\xb4\xd9u\xfa\xfetAY&\xee\xb8\xb4\
\xa4\xb9]\xcec\x14P\xb6\x94\x18\x87Ye\xf7\xd5\x86\
u\xb2D\xbc\xbdVv\xfc\xafSi\xb0\xf5#\x85\x87\
R\xae\x88\xecX\xb9\xac\xc2P6\xde\xdch$\x02\xb3\
\x96n>c\xba3\xb3^\x0d-\xa2\x9b\xcf#96\
\x8a\xc1c\xc7)\x5c9J\x90}V\x97\xe1\x00%\x85\
c\x88\x09W\x13;\x95\x18\x89\xa5\x11\x82\xba\x16%b\
\xe2k\x8c\xa2\x81\x0c\xc0\xe0\xc0\x10\x82\x81\x10\x19\x968\
\xca\xb4\x1f=\x5c\x95\xb1\xa0\x1b\xee,\xddUj\xb3(\
 \xc9_^\xd3P\xb4\x01\xd9\x14\x0f<Q\x0e\x83\x9f\
\xbc\x8f\xc2\xa5\xe6\x05\xf3D\xa3 3\xc5\xcd@kn\
\xb2\xa2B\x04\xf2 N\x9b\x9eg\xe8AC\xa0<\xc1\
\xfc\x22A\xdf:z\xd3\xadw\xde\x85%K\x97\x89\x08\
A\x91\xa0j\x9aP\x01\xc3\x8b\xd8\xd4$y\xb0\xac\xc8\
g\x95$w`\xd44\xf1-\x9bX\x82\xaa\x11\xe0\xcd\
\xce\x89CN\xb2u\x92e\xff\xeb\xbf\xfc3\x81LI\
\xb2\x9a\xdci\xa8\x9a5Li\xaa\x89\x90\x05c\xcb\xf7\
\xfc\x0b/c\xfb\xf6]d\x5c\xf2\xb2\x11K\xae<\xd6\
\xdc\xbc\x14\x97\xdd\xb2\x04G\xfaO!N\xb8\xb5TR\
\x19\xd7z/\x1dP\xb2\x91\xedu-\xe4\xe1{\xd1\xd5\
\xd2%\xac\xbfc\x03g\xf1\xc1\x81\xf7\xf1\xb9{\x1f@\
C0\x02;\xeb\x92%\x8b}11\x85\xb7\x0f\xbc'\
\x9e\xc7\xc8\xd1&+\x9ad\xdc\xea\xd0\xd5\xd1\x8dN\x1e\
\xef\xed\xf4a\xff\xb1~\x14<\x0e\xe1\xf6_\xb7\xb0\x17\
\x0f\x5cw-\x1a|\x11\x89\xf5\xd8k\xce\x12|\xfe\xc5\
\xeb\x1f\xe0\x8d\xbd\xc7\x10/\xd1\xe27\xd4\xc1O^=\
6tQ\x06O\xf8\xeb\x22\x188v\x82\x8ch'\x1d\
\x92 .\x1c=\x8e\xee\xc5\x0b\xa5\xdc5|\xae\x1f-\
\x84\xa68\x01;56\x86\x05K\x96\xa0H\x07j\xbc\
\xbf\x1f\xad\xcd\x8d\x98%\xf8\x9f\xa6x\xaf\x85~\xe6\x0d\
2E\xe1\x03op{\x8c\x97\x90C\xb4\xea\x8c\xd2\xea\
7\xd5F5U\x1d\xb8&\x9bf\xd7\xfd\xe7\x94\xbf\xab\
X\xd4\xa1\xf9\x19e\xcd\x80\xd3\xd3~\x0cE\x9a\xe2\xc4\
\xacK{i&\x03iU\x071\xc8\xa6a\xcb\xc7\xf1\
\xd81?\x02\xd1z\x0a\xfdR\xb4\x86!E\x17\xcf\x97\
$|\x08s\x15\xc0\xe7\xc6\xec\xf00\x85X\x96T\x7f\
\xc4\x00\xb0\xfa\x127\xfd\xe8A\xafL\x1aj\xbel\x09\
n{\xecA\xf8\x9b\x228{\xfa4\xc6.^\x84U\
R\x94\xe7\x8a\xa6\xf9\x96d\x06\x83\x8a\xf1\xf9,9\xed\
\x22\x94@o\x15\x86H^\xac\xc4\x13\x8bM\xc9m\xc9\
\x8c\x0b\xce'\x95mInK>\xcf\xd0{UV\x94\
\x93\x8f\xa5J\xd5\x88V*\xcaHs2\x96\xf7\xb9\xa0\
\xae\xb2\xb2\xae\x15ASJ\xd3\x80\x0d0\xabh\x05\xe8\
Y\xb7-\x99\x87\x96\x9e\xc5\x98\xee\x9f\xc0\xb1\x97\x9e\x85\
\x83\xe2v1.\x86\xb2\x04\x8a\xa4\xa7\x87\x89\xda\xdda\
\xbaY\x91i\x18AB<\x8dM\x8d\xb8\xd8\x7f^\xe5\
UL\xa5\xd7\xe1\x22\x94\xe1v\xb8u\xe9\xb0\xa2\x11b\
\x8d\xe5!\xbf4k0@H\x97\xf3I.Y#\xf5\
J\x7fCT\xf4\x00J\xf4wiF\x00\x8bV\xdf$\
<\x00\xce\xf8\xceP\x5c\x91I3\xecT\xc2\x1e9:\
\xfcf!\x83\xbb\xee\xbb\x0f\x97_\xb5\x1e\xc3##\x18\
\x1b\x1bA\x96\x0e\x7fI\xb2\xf2v\xeb\xad\x820\xe5\x92\
M\xa6\x98;\x02\xbb\xa6\xf6\xa2\xa0TY\x84E\xa6)\
D\xe0P\xef\xcf\xfe\xcb\x1fb\xf9\xe2\x05dH&\x90\
/\xa8\x89:\xf2\xb9\x0e\xc5A\xf02\xc3\x8e6\xe0\xc1\
\xc3\x1f\xe3\xa9\xdf<\x87~\x82\xfcy\xab\x80\xb6eQ\
l\xf9\xdc5\xe8\x8f\x0dbhr\x9a\x8c\x87[\x92G\
W-^\x81\x076\xde\x86zW\x1ddJu\xc1\x92\
\xa1%\xc3\xa9\x18~\xfd\xf2\xd3\xd8\xb4\xe9:4\x86\xeb\
0I\x06h\x82P\x08\xe7<2\x04\x13's)I\
:\xde\xb0\xf6:t\x11\xe4\xf2\xb9Xp\xc4\x057w\
\xc6\xd1\xf7o;qF\x0c\xd7\x95\xadMxh\xf3z\
\xb4\x84\x82\xaaL\xc3-\xbd\xd9\x22\x9e|\xedC\xbc\xba\
\xfb\x18\x19\x14\xdad\xe4\xde\x9a\xda\xea1\xca3\xe7(\
\x86\x1d!$\xd1>\x7f>\xfa\xf7\x1f\x96\xd2X\xe3\xfc\
\x0e\x8c]\xe8G\x07\x19\x12\xd6`(g\xb3r\xdf\xa1\
\xba(\x85C1\xb4tv\x22A\xf1l)\x99\x94\x8a\
\x00{Wf]\xf2\xbaDBa$&i\xad\xd2\x99\
\x1a\x5c\xd5<zC\x8f\xea\xd2\xb2\x1f\x9a4b\xa3\x82\
\xb9\xd4_]\xd5\xb1\x11\x80e\x07\x0b&\xfc!\x1f\x02\
\x01\xafx3\xe6zp\xf2V\xa18G-b\xd5\xa9\
q\x89\x80\xdd\x0e\x04\xeb\xeb%y\xca\xd7\xc4\x9f\xeb\xf1\
\x07%\xf7\xc2\x0dc\x8dM\x0d(e\x0b\xc8\xd0\x1aE\
\x9a\xdb$Y\x16\x1f\xbaD1)\xed\x17\x9eS -\
\xab\xe4\x9dD-\xc9%\xdc\x7fW39\x9co>\x8e\
H{\x1b>\xda\xb3\x071Bs|=~z\x8d\x8f\
\x90R\x99\xd0\x0e\xe7=D\xbc\x86[ai\x91b\x93\
\x93\xf4\xef^\xad\xdf\xef\x94r6\x93s\xbc\x14rd\
\x12)d\xc8 \x95\x0b\x15A\x98\xbc\x9e9\xda\xc3\xdc\
i\xc7zD|\xb8\xb9,'Cp\xe5}!dx\
P\xa8\xa8=\xb9d\xafr\x1e\xa6\x94+\x08\x22\x10\x16\
\x1f!\x9b\xe4\x0cyv\xfa\xee\xd6\xd6v\x19\xa6\x93\xa3\
\x90\x8d\x8d\xbd)=\x0c\x06Vn\xbe\x03]k\xaf\xc5\
\xb1Wi\xdf\xbe\xfd*<\x8c\xf4\xa0$\xd8\x9cZ\xa4\
V\x90v\xb53\x93\x87\x82\xb8)TjAcw\x1b\
.\x9e8E\xef1e\x84\x18\x8f\x0a\xe3\xe1$!\x0a\
Q\xf9\xb5<,\xd7Q\xca\xab\xd8\xbf\xda\xf0\xa5\xc27\
62\x1eB\x0c\xc1\xbaFz&tM2$\xa5\x22\
\x06\xd7\xcf\x8a@\x84\xdeM\x1e\x0c\xc2z\x00\x0bW\xdd\
$9\x00n\xad\x9d\x99\x1c\x17M@\x89\x9d\xe8\x90\x16\
r\x04\x9f=\x06\xbe\xf9\x9d\xef\x22O\x1b\xfb\xe0\xa1C\
R\x92\xb3\xd9mUv\xb9\xc3v\xa86\x07\xc0F\x00\
VU\x83\xce\xb4U\x82$\x0fP\xc6\xccL\x8c\x8cM\
\x16\x0f?x\x17\xbe\xfc\x85\x871\x1b\x9bD\x8a\xc2\x0f\
V\xf1\x11_\xce]\x82.\xa7X\xd72Y\xe34\x1d\
\xd4C\x04\xa7\x9e{\xf6e\x0c\x8c\x0e\xc2\xd3\x00\xdc\xfa\
\xc5\x0d\xc8\x05\xf38IF\xa1P\xf6\xc8\x82\xae\xee\x5c\
\x8co\xde\xf59xL\x0f\xd2%F1\x05\xc4\x08\x82\
\xf5O\x8d\xe0\xed\x0f\xdf\x95:\xba\x9b,\xbe\x87\xbcM\
Gg\x07\xfa\x16\xf4\xa1\xb5\xa9\x0d\xfd\xb4\xc9N\x9e;\
\x8f\x87\xef\xd8\x8aV_\x90\x99\x17d%\x9d\x92\xc9\x9e\
)\x94qlp\x00\xab\xe8\xf5w\xae\x5c\x8e\xd6H\xa8\
\xda\x855C\xde\xed\x17o\xbc\x87\x97\xdf9BaL\
I\xbc\x09\x8f}\xea\xea\xed\xc0(m\xca\x00=\xd0\xe1\
\xa1Qt.X\x80\xfeC\x1fKu\xa3\xb5\xb7\x13\x83\
\xfd\xe7\x08\x01,\xa2\xc3<-\x09?\x8eSC\xd1:\
$\xc8S\xb4uu\xd3Zd\x90\x9b\x9a\x96\xd9v\xcc\
h\xe4\x06,\xde\xbc\x5c\x95\x99\x1d\x1fC>\x99\xaav\
\xac9\xac\x9a\xba\xd2'sKZ\x17\xd0\xaa\xb5\x08K\
\xfc\x5c\x1d\xbe\xa1\xfb65k\xaf\xc2\xb2{\xad\xcd\xe2\
\x95\xf9>\xbc\xb4\xe9\xd3\x89\xa4x;C'\xb0`\x8b\
t\xea\xafqS\xb8\x16\xa5ua\xc4\xc6\xdd\x8cS\x04\
WY$\xc3\x1f\xa9\xa3C\x9f\x12RRkc\x13\x19\
\xb4\x1c,2~|\xfd\xe9\x891\xf2\x94\xaaw\xa0\xe2\
P\xdd~<\x9a\xcc\xcbI5\xdaK=\xd7\xae\xc6\xe6\
\xc7\x1f\xc11z\xde\x97\x0e\x9f@(\x10$\x14\xa6\xfa\
A\x022\xbc\xd3!\x95\x01\xee\x04\x14\xa9:B-\xa3\
\x97\x06\x11\x0dGd-\x02\x81\x80xz\x1e\x01\xc6\xc6\
%1\x1d'#2)Mi!\x1e\x1e\xc2S\xaed\
\xd6eAB'\x96p\x0b\xf8\xfc\xe2\xfc\x18\xb1\xf8\x09\
\xc5p\xef\x07\x1b\x05\xfe\x9ci6.\x84\xe6X\xc2\x8c\
\x93\x1dl$\x0a\x14\xeeq\xf7\xacIk\xd15o\x9e\
\xacc)\x9f\x97\xc4_\x81u\x0a\x92\xb3t_\x01,\
\xbb\xfb.\xd1\xef\xdb\xfbO\xff\x0b\x88\xc7\xa5\xbcZ\xa2\
\xebwi\xd1]K\x8fA\x10\xe4L\xebQ\xdf\xd2!\
\xa3\xc4\x86.\xf6\xa3H\x06e^[\x1b&)\x9c\xc8\
S\xf8\xd8\xb5d\x15y\xf0N\xf8h\xef^8q\x10\
\x052\x02\xb6Mw\xea\xca\x01\xa7\x1b\xfc\x84\xbc\xc2\x8d\
-\xf4\xd8\xc8\x980\x0a\x1d\x19\xa0kJ\x89\x93f\xf9\
\xb2\xe6\x9en\x11\xbaI)& \x19\x80\xd6\x1e5\x18\
\x84<K\x9a\xa0\xb8\x1arQ\xa2\x1bJ\x91Ue\x03\
\xf0{\x12g\x1f<p@\xf7T\xdb\xe3\x9b\xf4\xa63\
\xec\xb8s\x0e\xbdR{}[G\xde\xd4\x9dO2#\
\x9d\x87.\x92\x87\x8b\xcf$\x08b7\xe1\xfb\xdf\xfb\x06\
\x96\xf6\xcdW\xa4\x07\xdd\x8e\xc7\x89\xb3\xe9X\x1c\xfb?\
:\x88\x93\xc7N\xe3\xe2\xc5K\x98$\xa3Q)\x1b\x04\
\xf9g)\x0c\xc8b\xc3\xbdk\xd1\xb4\xa2\x11\x87N\x9d\
A6\xe7\x94\xbars\xa4\x19\x0fo\xd9*\xfa\x00\x17\
\x08*\x0f\x0d\x0fa\x96\xbe\xcbI\x1b4SQ\x84\xa5\
\xbb6\xde\x80y\x8d\xad\xf0s\x03\x8fP6]\x98H\
\xa6\xf1\xca\xce\xed\xd8\xb2a\x03\x16\xb6\xb6!M\x86c\
\x92\xe2\xad\xd1\x99$\x12\xf1\x14\xae\xe9ez\xef\x064\
\x06|\x8a E\xff%r\x15\xfcj\xdbGxa\xf7\
!\xb2\xc8\x19\x8a\xfdxS\xa9\xf1\xd3\xa1\xfa0\x1d\x82\
0\xa6GF\xc9\xdbdQ\xd7\xd0\x80\xb1\x81\x01\xe9\xee\
\x0aD\xe9\xef\xe9\xa1\xb6\x13\x02\xe0\xd1\xda\x93\xfd\x17\xa4\
9\x83\xe7\xc7\xa5(\xce\xeb \xb4\xc0\xdf\xc1\xca9,\
\x09\xc55u\xf6v-\x1d\x1db\x08f(LP\xcd\
.z8\xa4f\xb8U\xc5?>!\xf6W;\xfc\x96\
e\x8f|s\xd8\x85\xa6jrJ\x84*\xdd\xec!X\
\xb9\xd9#\xff\xe6 \xefSHe$a\xe7\xb4\x1b\x8b\
T\xddIh\xa8L7\xf2\x11L\x0du\xb4\x83v9\
\x9ctx\x86\x8f\x9d\xa2\x10\x0a\x22\xe3\x15n`\xb42\
\x0e'A1\x7f\x1d}.\xfdb\xfd\xfeL|Z\x92\
\xba\xce@T\xfa\x03Bm\xcdd<3\x988s\x9e\
\xee\xab 5\xfd\xae+V\xe2\xb5g_B\x8e\xf6\x08\
\xe7\x05\x5czp\xa9T\xa5,e\xc8J\xcc\xa8\xach\
\x94C?;-%A\xe7\xd0Yq\xce)\xc8\xcc\x82\
<O\x84*\xc9}K,_R:\x01\xa6p\x05t\
\x12\xd5\xd2<\x80\x8a\xd6\xb1\xa8\xa8\x0a\x87p.\x84O\
`i\x0fmH\xfc\x0fS\xf5\xddK\x02\x8e\xe7\x17\x0a\
!\xa8,\x99y\xae\x0e\x14+9\x18\x84\x18[\xd7\xac\
\xc2\xd2k\xb7\xe0\xa3\xa7\x9eD\x92B\xba\xba\xe6.\x04\
h\xbd\x1cnB0\xb1ZO\x04\xf7V\x04B\x0d\xa2\
\x1f1x\x86\x89;94\xb64\xd09,PX8\
\x0a7\xed\x81\xce\x95W\x22e\xf8\x04=\x99\xf11\x14\
\xd315k\xc2R\xa2\xae\x5c\xa9\xe3G\xc4JAp\
\x07\xa4\x0c\x18!\x83\x99\xa1\x10\x97\xe7y\xf0\x1a\xba\x83\
A\x84\x9a[\xa4\xa4\x91\xe4\xe1\xa0\x0bW\xde \xc3A\
\xb9\x06\x1c#\xa8\x9a\xcff$\xfe7\xc5\x00\xa4\xe9&\
\x8b\xf8\xfc\x97\x9f@\x13\xc1\x9c\xf7\xde\xdb\x8bB\xa1\xa8\
x\xe2s\xd9Us\xba\xcbl\xe2B\xd5\x00\xd8\xcd\x16\
:\x03mie\x14\xce\xfa\xcf\xc6g\xe9y\x17\xb0h\
A\x0f\xee\xe5\xd9\xeeK\x17I2\xf1\xec\xf9~\x1c=\
q\x12\xe7\xcfs\x99/&\xad\x8c\xfcpXL\xd1O\
\xf1\xfb\x18]g2;\x8d\xc5\xd7\xf6`\xe5\x9d+\x84\
\x0f\x10\x8f\x95\xc4\x9bp\xc5 \xc2e@z\xde\xcd\xd1\
\x06\xf4\x92\xb5\xeb\xe9\xecFk}\x13.N\x8c\xe2\x9d\
\xf7\xf7\xe2\xf1{\x1fF\x03\xc5\xf5\xe5\x8a\xcaY\x14)\
t\x99\xa1\x03\xff\xe6{{D\xab \xcc\x8dD\x9c\xed\
%\xf8\xe8sz\xb1\xa1\xaf\x0f\x9f\xddx-Ze\x84\
\x97\x8a\x95S\x14\xf3\xff\xf2\x8d\xfdx\xf6\x9dCd,\
\xb8)'/2W\x9c\x14\xad\x10|\xcc\x17s\x92\xd3\
\xf0\x88J\x91!\xa5J\x99\x1c\x5c\xd6\x93[\xcc\xb2N\
\xe2T\xa4$\xa6DR\xa4s\x5cq*8\xb9\xc5\x1b\
\xd3\xe5\x15\xad\x01Vy)K\xee]\x0dz\xb4\x0f\xb4\
\xa5\xdb\xb5\xab\xb5m\xcc\x85\xfb\x98c\xa4m\x95\x1b\x9d\
-v\xd8\x03E\x8c\xaa\xfe>\xc3Y\xf6h\x1e\xf2 \
\xfc\xbd\x19\xf2\xfee\xba\x17\x87\xf4\xb6kc\xe3\xb0\xa4\
\x1c\xc6\x9b\xae\xcc\x87\x8d\xd0P\xc7\x92\xc5\xb0\xe8\xc0s\
sL|t\x5cf\xefq&\xde\x15\xa4p\x82b\xfe\
$\x85\x96\x9c[\xf0\x90\xe1\xf3\x06\xc2\xea\xde\xe8P{\
\xe9Y\xd6\xb5u!\xd4\xdeN\xc6~\x06c\xa7N\x13\
b\xc8\xe3S\xdfx\x1c\xde\x8e&\xbc\xfd\xc2\xcb\x08\x92\
\xd7\x15\xf9p\xfej\xaf[\xe4\xd78)\xc7\x08 6\
=#p\xdf\xef\xf3\x8a\x1c]\x89\xae\xd5\xe7U%\xce\
IBt\xfc\xacZh\xb3\xe7\xb2y\x14\xf5\xbc\x0b\x0e\
\x87\x8b9e<\xf3d\xb0E\xf3\x92\xd7\x83\x13\xdd\xa2\
\x8a\x01\x19\x0d.\x06\x87\x13\xf3\x5cA0\x14j2\xf4\
\x9a\xb1\x04Y\x88\x0e\x12\xc7\xe1nnI\xa6?\xf3\xe1\
\x0b\xb0\x18\x8c\x1e<\x92I\x93\x93\xcae\xc9\xa06b\
\xf5\x9dw\xe3\xd8\x9b\xafb\xf2\xc8A\xd4\x93\x01\x88\xf6\
\xf6I\xe24;3\xa1Hs\x0e\xfe.\x8fpS\xa6\
\xc9\xb8[\xb9\x94 \x15\x1e`:A{\x96[\x81}\
a\x1e\xe8\xd1\x87\x02_\x07]S|\xe8\x22!\xae\xa4\
\x9e\xa5d\x0f\x11\xd5\xfa\x05d\x8c\xc3\xd1fZ\x8b\x90\
\xf4\xd6L\x8e_\x12\xd4\xc3k\xe8!\x04\xd08\xafG\
J\xebJ\x12l\xd5\x8dV\xb8\xb5[\xcam\xc9\x18\x0f\
\x06\xc9\x8a\x97,\xf1\xa4\xdb\x02A\xd3b\x0a\xb7~\xea\
Nl\xd8\xbc\x05\xef\xbf\xff\x01b3qTq\x8b\xa5\
7\x9c}\xf0\xff\x7f~\xaf\x19\x00-/\xc6\xc9D\xde\
dtC^\xd1\x0bp\x91'\xcf\x89\xde \x1f\x12\x9e\
\xd3\xee\xa1_.]\x82\xea\xed[\x84\x15\xab\xd6b\xdb\
\x8e\xed8s\xf6\x18\xea{|\xb8\xfe\x0b\xd7b0>\
\x8c\xe1\x11\x8a\xf1\xe0\x932\xd9\xe2\xb6n\xdcv\xed&\
t5\xb5\xcaCq\x0b\xaf\xdd\xc0\x10\xc1\xeb_\xbc\xf4\
<>}\xcb\xed\xe4\xc9\xa3dH&1<6\x81\x18\
\xc5\x87\xc9\x92\x89LY\x95\xd0x6\x00\x0f\x8c\xac\xa3\
\xcd\xb7aq\x1f\xc5\xfc\x1b\xd1@\x0f\xc4\xad\x1bk\x12\
\xe4\xe5\x9f\xd9q\x10O\xbf\xf9\x11\xb2\xdc\xf8I\x0f(\
55\x01\x83\xc2\x14&Gq\xbc.\xb1-m\xcc\x1c\
\xc5\x8f\x1c\x8fY\xb4\xe1Y\xec\xd1\xc7F\x8cB\x8c\x19\
Zk\x16\x0f\xa1\xffK\x82\x8fY\x93&\xf7\x81\x13\xec\
\xf3\xd1\x01d\xf1\x922mZ\x9eJ\xcc\xbd\x15\x85d\
\x966AP6\xa4I\xaf\xa9\xd2H\x0d\xdb\x18\xcc1\
\x00:\xf7b\xb7\x8a\xce\x1d\xe3]\x95\x09\xe3\xffL\xe8\
F C\x12O6\x19\x9dc~.1VtB\x91\
\xbf\x89\x81\x83Sg\xda\x159\xc6!zuL\xe7\xe5\
:<{=&\xb7\xf4R\xa83C\xb1\xf1\x0c7\xfc\
\xd0\xe6\x0eE\x82\xa2\xa6\x93#\xf8\xeb\xe6$\x1c_\xab\
SQ\x90\x0d2\xae\xa67 4c!\xbbp\x150\
\xe0\xc4\x9d\xdf\xf9\x0a\x8c\xa6z\xecx\xeeUDC\x11\
B\x0d^\xf1\xc0\xde\xba\x10r\xb4\xb6^\x8fB\x04\x17\
/\x0e H\xeb\x19$C\x9d\xa0\xb5\x0d\xb0(\x8b\xa8\
2\xbb0\xc6\x0dV\xb4VMM\xcd\xf2\xfa,\xe7L\
\x0cE\x97\xcd\xa6\xf3r_\x8cv\x95<7\xc4x1\
\xbf\x80'\x02s\xaeG\xe5WL\x8dJ\x9dRI*\
Rh\xc3\x0e\xd0M\x9f\xc7\x847\x91\xb0\xa3\xd7\xcd\xc4\
(T\xe3\xef\xa5?\xb31\xe2k\x98\x99\x18\xa7\xcf.\
\xc2\xa2k[\xb3\xf5>\x9c\xde\xbd\x0b\xe3\x07\xde\xa70\
\x87\xe7C\xf8\xc4\xe8[\xa5\xac\x9a\xc7\xa4e\xeddF\
 g\x9e\x98[Chi\x92>\x97'T\x85\x19\xb6\
\x13J\x1a\x1f\x1b\x97\xb5\xe7^\x872+\x05W\x8d\xba\
=PMW0\xe8\x17\xf3-B\xc1:\x09u\xf2\x14\
\xca\xab\x09\x5c\x14Fq\x0e\xa0w\xbe\x84\xd7)\xae\x02\
,X\xb9EQ\x81\x19\x01\xd0E\x17(\x8e\x93\xc3I\
\xb0\xadRR\x06\x80\x09>_|\xe2k8E\x16\xfa\
\x0c\xc34\x86\x8ff\xcd\x0b\xcd=\xe8\xd5\x10t\x8e\xba\
j\xb5-\xd1\xb4\xa1\xa8\xfe\x9d\x09E<\xcc\x91\xacw\
\xbe\xa0&\xfe\xf0b0<\xf4\xd0C\xe7\xee;\xa9\x94\
TT\xf9\xb0\xbe\xa5\x11\xeb7m\xc1\xa1#\x87\xb0\xfb\
\xdd\xed\xf0\x84\xcb\xb8\xe9\x0b\xeb\x91\x0b\xe6p\xea<=\
p3 \x9euiK;\x1e\xbb}+\xea\xfd!I\
,Y\xa6\x8b\x1e\x5c\x19\xc3d\x95\x7f\xbb\xe3M\x04\xc9\
\x9a\xd2\x8b\x11#\x04bU\x1cd|\x82p\xf9\xc30\
dZ\xaf[\xe8\xaa\xf5\xf4\x106\xf4.\xc4#[6\
\x89\x98\x87\xf4\x8fY\xaa\xa5\xf7\x99\xbd\xc7\xf0\xea\x81~\
L\xc4\xb3\x88\x10\xb4/RH\x12\xbft\x01\xc5q\xf2\
t\xac\x93@k\xe7\x89\x86(\xc6\xef\xc3\xd1={\xd0\
D\xd7\xd3\xbah!\x8e\xec\xff\x08=\x84&\xf8\x1ey\
.|\x8864\xbf~jt\x18\x11\x9dW\x189{\
\x06\xbd\xf4\xbeB\x85\x93L\x14\x0e,\x5c,\x8dHc\
\x17\x07\xd1H\xb1!C\xd8IzMm\x00\xa5^\xdb\
\xeaPT\x9b[^\x9b\xb1W\xfb\x05=#JW\x05\
\x85|\xa3$\xdb%s\xa3\x05Zy\x94\x9b%\x95\xbd\
\x9a^\x1e{C\x97N`I\xc5J\x8f$\xabI\x0f\
\x1aR\x1dp\x85\x03\x14\xda\xcc'c7\x834\xa1\x01\
\x83\xae\xb7\xae\xb5\x11\xa9t\x02\xe5dF]\x85SI\
\xc2q\xc2\x8b\xf3\x02\x06\xc7\xf8d\x00\xdcd0<d\
\x05\xee\xfe\xeeWa\xd4G\xf0\xe6\xd3/\x90\x17-*\
\xd5 \xfe\x0e.\x95\x8a\x96\xa0SB\x81\x92L\x05R\
\xd7\xcf\x09:F*\x0c\xef9\xbf`\xc3s\x8e\xd79\
\xb9'\x93\x99\xa1zL\xa4:\xc0\xa1\x03\xe7\xb3L]\
\xed`\xb6)\xf7\xc1p\x89\xb6T\xd4\xb0\xbf$\xaf\xe3\
\xb7\xca,HA\x22\xb5\xa1\x1b6\xba2\xf9\xf5\x12Z\
\x14T\xf5\x84\x93\x9a\x95\xa2\x10\xa5\xea\xda\xda\xb1\xe6\xae\
\xfbq\xe6\xdd\xbdd\x00\xdeC\x88\x10\x8a\xe1Wm\xe9\
\xe5l\xa6\x9a\xbb\x91)\xcb\x84\x16\xd9x\xd5E\xeb\x84\
4\x97\xccd\x11&\x04\xd1\xda\xd9\x85\x91\x81\x8b\xc8\xa7\
\x93\x92<\xe4{sZ\x9a~]\xcd\xfb\xd8H\x5c?\
s\x1e\xc8J(NF\xd6\x9b\xc5js\x15\x1b\x00\xee\
\x06\xe45KL\x8d\xc0\x98\xbf\xe2z+\xaaC\x00\xce\
\x01p\x08\xc0\xf1DE\x84?rtc\xb4Q\xc9\xda\
}\xeb;\xbf'\x90y\xef\xde\xf75\xb9G\x1f\xf2\xff\
\x0f\x04\xf0\xbf\x1b\x02\xb3\xdaee\xf7\x5cW\xe3+\x1e\
\xd5\xc5l@\xbeP\x19\xbb\xed\xa8\xb6pJ\xb9E\xcb\
+\xb3\xca\xce\xb5\xeb7\x22\x9dI\xe1\xf9g\x9f&\x0f\
\x94\xc3\xfa\xfb/GtY\x14\x87\xc90\xe5\xf2\xaa\xd1\
\xa6-\x18\xc0=\xd7\xdf\x08\x1f-\xc0\xc4\xd4\x0c\x86G\
\xa70I\x87)\xceL;\x9e\xd6+\x09\x1e\xa7|\x87\
\xdb\xf0\x12\xcc\x0f\xd2\xc6\x8b\xc0 o\xc4\x1b$B\x0f\
\xe9\x86eK\xf0\xe0\xfak\xd1N\x07\xd3\xa9\xadl\x86\
6\xd73;\x0f\xe3\xe9='\x91\x13\xb2K^6s\
.\x91\x80+M(\xe2\x5c\xbf\x1ch\xee$,\xd0\xa5\
,Z\xb9\x02\xa7>\xd8G\x9f\xedG\xcf\xe5kp\xf1\
\xf8)t\xd1\xe1\x9e\x98\x9aFWW7\xd2\xf4\xfe\xd4\
tL:\xb5\x12\xe4\x8d\x1a\x9a\x9a0~\xea\xa4\x10_\
<\xa10r\xa94\x02\x0dM\xd2H\x93\x99\x8a\xc3\xe9\
\xf5I\x184E\x86\xd8ak\xd9\x19v\xfe\xde.\x09\
\xd8\xeb\xef\xa8\x96\xf8\x14\x0a\xd0%@\x1d\x1f\x94\xf9\x10\
1DolD\x03\x19\x16.\xb7\xb1\xe7\xe1\xc4X\x8a\
\xc2\xae\xd9\xd1I\x99\xbb\xc7\xb1\xb3\xddMo\x1a\xea\xe0\
:\xc4\xd8\xd4\x0c@U\xe8\x92\x8f\x06\x97\xf3B^\xf4\
,\xecE\x226\x85\xf8\xf0\x98\x1c\xd8\xc6\x8eV%L\
\xc1-\xa9~U\xee\xa3\x98\x03\xf5\xb4\xb9\xdbiMb\
3I\x1c\xd9\xfb\x01\x19\x8c,\xee\xff\xdd\xaf\xc0\xaa\x0b\
\xe2\xedg_\x12c\xc4U\x1c/y4?\x19\xccI\
\x0a'\x82\xf4|\x998U\xd2*:\xec\xe1\x13\x84:\
r)\x82\xdc>\x9fxh\xf6\xfe\x9c\xc5\xe7\xfb\x91?\
3\xbf\xa2\xac\xc2\xc8\x8a\x1eu>9:\x82\x10=\x1b\
N\xf0q\xaf\x89\xc8x\xd1\xfb\xb8\xb4\xcd\xfa\xfb\x8dt\
X8\xc4\xc8\x10\xb2cE^%\xca\xe9\x94\x8eY.\
\x0d\xb2d\x17\x97[\xbd\xf4|\x98\xd7!\xacM\xfa,\
\xf1\xc4eV\xcd\x22\x07Jhr\xe5\xd6{qj\xd7\
nL\x1f\xf9\x08\xcb\x96.E\xf7\x8a\xb5H\xa4s\x18\
\x1f\xbc\xa8T\x85,=x\x87\xbc=\x87\x92\xbcnI\
B,\xd1\xc6f\xb4\xb6\xb5\xe1\xd2Er.\xa9t5\
\xf4\xb3u:\x1d\xb6#\xb5y\x04U\x03\xa0\xc25\x8f\
\xd3#\xa1<\xefG\x87\x9e\xbe\xec\xa2{b=\x00~\
\x16In\x06\x9a\xbfb\xb3\x15\xa6\xb8\x84;\xbe\x12\xf4\
\xc0\xf3\x9a}V\x11\xb2\x04\xbd\xd1,\x08\xfc\xfb\xec\xe7\
?\x8f%\xcb\x96a\xfb\xf6w0M\x9b\x96\x13!\x96\
5\x07^Z\x9f\xf4\xfasL\x80\xae9\xcf\x19\x00i\
\xa9D\x0a\x7f\x87\xb0\x9f*\x8a\xa8b:m\x22\x8a\xdd\
\x98\xa2;\xaa\xb8\xec\x0a\x15\xef\xae\x5c\xb9\x0am\xad\xcd\
x\xe6\xe9_c&\x19C\xdf\xd5=Xq\xcbr\x9c\
\x1a\xe3\x06\x9e\x9c\xe8\xd5\x13\xa0D\x84\x10D\x81\xbcG\
\xb6\xa0\xb6\xa7\x0c\xe4\xe4\xfe{\xa6\x9bJ|\xc7\x16\x9d\
\xf5\xedX\x884D\x08\xa0\x8ebmB\x1dt\xb17\
._\x8c\xaf\xdd~\x8b\x18\x12\x87^\xd7\x1c\xc1\xaeW\
\xdf?\x81\xdf\xbc}\x18\xa3\xe4\xf9\x9d~\x0f\x92\xf1\x09\
\xb2\xd0Q\xda,\x01\xc4.\x5c@nxD\x0c\x00\xf7\
\xe4\x97\x5c\x16\xe6-_\x82\xf3\x1f}$\xec\xc1\x8e5\
+1x\xec4\x16\xac])\x90r\x96 q0Z\
\x0f\x17\x85^3\xdc\x9eL\xeb^Ohb\xea\xcc\x19\
D\x9a\xeb\xe1\x89D\xa49\xab}A\xaf\xc0\xf4\xb1\xf3\
\x17\xe9\xf5Q\x82\xc8AL\x9c=_\x1d\xdb\xe6\xa8\xa6\
\xfdu\x11\xb9&\x0d\xa3\xcb3v\x81H\x19\xeb\x0aO\
%jj\xc4\xfc+\xd6\xa0\xf7\x8a\xd5h\xec\xea\x82\x9f\
B\x14\x87\xd7\x10\x09s\x11\x7f)\x96\x91!\x839v\
\xf6,N\xed\xd9\x87\xd1\x8f\x09q\xa4\x0a*\x06v(\
qp\xa7\xae+\x0b\xe9'\xe2\x97\x92n!\x9e\x14\xca\
3s\x03\xe0w\xa1\x83B6\xae\xc2L\x0d\x0c+Q\
J\x97\xa6\xb9:\x94\xda4#\x00'\x0f\xbb\xa05,\
\xb2\xf0\x08\x0b\xb2\x92]\xb8\xef\xbbO\xc0\x0c\xfb\xf1\xf6\
3/\xc3\xeb\xe4\xc3k!@a\x13'C\xb9\x87\x82\
\x05g|,\xba\xca\xf3\x0b,E\x89\xe6\xdax2\x99\
\x94\xbe\x13\xe1\x8aP\xcc\xcbz\x0b\x0c\xfd#ua\xa4\
R)9\xc4\x8c\xf0\x98v\xceF\x81\x93k^\x87\xca\
!\xb0\xd4\xb6h\xf9\xd3!\xcc$SBp\xaa\x8f\xd4\
\x89\x93\xe2\xbc\x0dW/,\xe9\x07\xf1Ji\x94W5\
\x1e\x9b\x11\xd2\x9b\x9f\x8c\x85h6p\x18A\xefc\xb6\
#\xc7\xdcL]\xb7\xc8\xa9,\xbbc+\x8e\xedx\x07\
\xe9\x93\xc7$\xa7\xc1\x08\x80\x87\x84\xb0V\x86U)W\
5\x08\xdd\xdci\xc9m\xf6t-\xd1\xa66\xd47\xb5\
`\xec\xd2E\x82\xfbIas\xb2\x00\xae\xa1\xe5\xe9\x9c\
6\xe9I3\x01*\xd5\xd4\x9b\xa2\x199t\xef\x8ai\
\xea\x0ePSaC\x970\x01u7`\x9cB\x80^\
2\x00\x5c\x05\xe0\xa6\x8a\xc4\xf4\x94h\x022\xb3\x88[\
j\xe50\xf2(n\x8a\xe16o\xd9\x82\xadw\xdf\x83\
\x0f>\xfc\x10'O\x9e\xd6\x02\x05z\x98\x87\xcd\xa9\xae\
\x22\x00\xf3\x7f3\x04j6HE\xc5\xa6\x0c_xX\
BYQ\x1a%\xf6\xe4\xb6O\x97\x9em\xaf\xbb\x11\xcd\
9:mfE\x8d\x94\xee\xecl\xc7\xda\xb5\xab\xb0c\
\xc7v\x9c$OX\xdf\x1d\xc4\x95w\xad\xc5\x94#\x85\
\x8b#18\xcb\x0e\x95\xb1.\xdb\xdco\x87\x1c~C\
s\xc7e\x14\x95\x08[P\x9cO\x0f\xd3C\x08\xc0I\
\xf0\xdfE\x08\xc0G\x06a\xfd\xc2\x1e<q\xcb\xf5\xe8\
\x8aDa\xcfiO\xd1\x03\x7f~\xf7!<K\x87\x7f\
j&C\x1e -\xa1F6\x93\x90x\x9d[\x9dg\
G\xc7`p\xfe\x84\xd7\x8d6C\x89\x99{n\x8a\x93\
iS2=\x96Gc\x17\xe8g\xfe\xddO\x87x\x86\
 \xb2\x8f\xe2[?m\x884y\x12\xbe>\xf6f\x15\
\xaem\xf3\xf5\x12\xb2\xe0\x04i\x80\x1e\x18\x9fi\x1e \
\xe1\xa1C\xc0S\x89K\xc2\xd6\xac\xd4\xbc;4\xe5\xd7\
\xa8q\xf7l\x14`\xb3LJ\x9c\xbd\xf6y\xb0\xe0\xca\
\xcb\xb1\xea\xce\xdb\x08\x9a6S\x08\x14\xc7\xf8\xa5A$\
'bJC\x8e\xe1>K\xb2\x87\x02h$\x14\xd2\xd2\
\xd5A\x9b\xd9\x8d\x91\xc3Gq\xf4\x85\xb70s~H\
\x12\xc0\x0a9\xa9\xb1g\x81\xf6f4\xf4v\x88VC\
\x8a\xbc\xfd\xf8\xe9\xf3\x84h\xb4 %\x1d\xb2N\xf2\xee\
ltG)\x84\xe1$\xa9\xc5\x92\xbd\xdcd!y\x07\
\xf2P\x9c\xe4\xa4\x83\xcd\xa1\x1a\xd7\x1e\xbc\x017\x19\x80\
o\xc0\x8c\x04\xb0\xed\xd7\xcf\x8a\xd7f\x05h\xd6(\xe0\
\xc4\x15t\x16_\x9a|\xf4\x5c\x145\xbc\xc5\xa3\xe4\xcb\
\xa0t%$\xc3_,\xca~\x96|E\xa9$\xb9&\
f\x1c\xfa\x1b\xe9\x10\xd0\xbd\xb1\x18'\xd7\xee\xa7\x07\x87\
0;D\xc6;\x9b\x97<\x8f|\x0f\x87C\x9c\xb4\x95\
Vw;\x04P\xad\xbd\xa6\xe6\x8a;\x0cU\xfa\x16m\
\x03B\x97R\x99\x11\x1e\xb2C3\xf5(l\xed\xe8!\
\x03p'\x8e\xee\xd8\x81\xec\x89c\x82\xa6XXU\x88\
L\xe5\xbc\x9aHl*\xf6\xa5\xd0\x99i\x8f\x86\x09\xf5\
q\xbb\xf3\xc4\xf0\xb0\xc8\xc4\xb9\x99(\xc5\x9a\x9czG\
z\xb8M['\xd3k\x82!\xca\xa1\x9a\x9aI(\xfa\
9\x063\x96\x8b\xeaZ\xb5<\x98\x9b\x9cHC\xef|\
a0ff\xc6\xd8\x00l\xb2\xc2-=t\xb8\x5cH\
\xc6X\x0f@\x19\x00i\xf1\xe5\x8b\x13\xf8P\xc6|z\
\xd3\x97\x9f\xf8\x0a\x86GF)\x0c\xd8+\xe1@\xc5\x9e\
\x0akC\x0f\x9b\xf1g\x93\x80>\x89\x03\xa0\x06.\xba\
T\x12Q3\xce\xd8\x02s\xe3O\x99E\x1b\x9c\xe5j\
9\xd1\x9e,d\xb7D*\x9dF\x13\x01\x82\xad\x1b6\
\x5c\x83K\x03\x03d\x04v\x11\xdc4\xb1\xe6v\xf2\xaa\
\x9d>\x9c\xe6\xc1\x8cE\xe8\xb2\x88\xe2\x83K\xcf\xb7\x83\
\xfb\xda]\x02O\xc5\x00\xf0@\x0a\x82f\x1e\x17\xcbv\
\x07\xa4{\xaa\xc1\x17V\xd9\xfe\xeb7\xa3#\x1c\x81K\
\x1f\xa5\xd9l\x01O\xbf\xf9>\x9e\xdfy\x00\xd3\xa92\
J\x04\xc5*\x0c\xedx}\xd8\xd3\xeb\x84\x98\x83\x0e\xab\
x\x7f\xee\x97\x90\xd9\x09\x9c\xd3\xc8\xc3E\x9e\xa0\xe4T\
\x93pE\xbc\x937\x97V\x5c*\x19*\xd4a\xd1J\
\xc3\xa9*+\x86N\x90\x8a\x1c\x9bU\x93vv\xa8\xbe\
?5n\xddf\xe1\xe9\x95U\x15\x19{^\xfc\x1c\xe9\
/\xbd\xf6\x9c\xad7\xc3A\xac\xdez;V\xddz\x03\
\xc1\xe5\x04\x8e\x12\xdc\xce\xc7f\x85\x10\xe3\x0d\xf8h\xd3\
\xd5\x0b\x07$@aF:\x97!\xfb\xe8\x11\x99\xef\x96\
\x05]Xt\xf9\x0a\x80\xf6\xc5\xbe_\xbd\x88\x81=G\
\xe0\xa6\xc7\xd4H\x1b)P_\x87\xc0\xbcv\x14|N\
1V\x06y\xfbs\xfb\x0e\xc0\xcdB\x15\x9a\x9aj\xd2\
\xe1n\xa5\xbd\x13ml\x12X^a\x8fd\xa9CB\
\xd0\x08\xf5-m\x14\xe6D\xc5\x08\x1e\xfb\xe0\x03\xda\x1a\
&\xee&\x03`D\xc3\xd8A\x06 \x1c\x08\xcb\xb0\x16\
7yR\x0f\x1dr\xce\x05\x95\xf3y\xb9\x7f\x16\xa6\xe5\
\x9a=\x1fx\xf6\xc4,O\xe7\xa3?3\x92\x9a\x99\x8d\
\xc9a\xe0j\x037\x8a\x95\x0bE\xa4\x0aY\xac\xa2\xbd\
3\x7f\xd5\x12\x81\xf8\x85LZ\xb1\x0a\xe9\xbd\x13\x17\x06\
q\xf2\xbd\x0f\xc4\x10\x84\x98\x07B\xcf\xc5\xebV\xb2h\
\x86~N\xac\x97\xa9*G\x10\x14\xa2\x18\x85\x15\x095\
\x0ad\x94\xd9\x9b\xb3\x1e&\xe7\x03\xd8\xb0\xb0\x01\xe0\x0e\
\xc8e\xb7\xdf\x89\x8fw\xbe\x8d\xd4\xf1\xa3\xe8\xea\xecF\
\xe7\xfc>\xc9\xd1L\xc5&\xc5a\xf0z\xb0r2\xf3\
\x11\x5c\xb4?Sd\xec\x07/\xf4\xab.C\xfa\x94(\
\xadu\xb0\xbe\x81\xeeQ\xc9\xf5\x05\xe8\x1eUoBA\
1>-\x9e\xcc]R\x9d\xa2<\xa1\x9b\xf3\x19\xec\xed\
\xe9Z*\xccu\xa8\x14\xe5s\xf8,\xb0\x01h\xe42\
\xb3K\xcf\x05\x98\xbf\x5c\x19\x00.\x80\xa4\xe23\xa2\xf7\
/C\x0aM=\xdf\x8fe\xbe\xe9\xb0\x86B~<\xfe\
\xf8\x17en\xde[\xdb\xb6I\xf7\x98-r0WO\
\xed?\x1f\xfb\xb9\x1c%\xd5\x0f \xa4n\xb4\xb7D\xf1\
\xb9\xcf\xde-\xf0\xe9\xef\xfe\xfe?0\x93.\xc8\xc3W\
\xda\x83\x1aIT\x85\x1bT\x87\x93dl\xe9\x89\x5c}\
\xd5\xe5\xd2\xc9\xf6\xca\x8b\xaf!]Ja\xc9\xa6E\xa8\
_\xd9\x823#\xc3(f\x95%eAK\xf9\x9d\x7f\
\x89\x01\xa0\xd8\x94%\xbb\xb9\xfe\xecv\xcb`E\xf6\xa8\
\xc1`\x1d\x9a\xbd!l\xec]\x8c\x876mB\x0b\xc1\
a\xf1\xab\xd2\xcf_\xc2s\xbb\x8e\xe0\xa97\xf7\xc1b\
\xefK\xdeh\xb2\xff,B^C6N|r\x02\x8d\
\xad\xadB\x16\x8a\x91'\xe5\xf8Qf\x1e\xd2AwS\
\x1c\x1ci\xac\xc70\xc5\xf4\xf5\x14\xff\xb2\x0e\xfc\xf0\xe0\
\x00B\xfe\x90\xd4\xf6G\x86\x06\xd1\xb1\xb0\x8f\x8c\x8fO\
\x18\x96\xcd\x14\xeb\xb1\x91\x9a\x22$\xd1\xd6\xdeF\x90\xd6\
\x89\xd1\xc1A4\xb6\xb4H\xb9*35Cqt\xbb\
\x90\xa5\xd2\x14\x1aH\xf9\xa7Z\x8a\x85\xea\xf1\xb7\x95d\
\x8cZ\xec\xcf\x1b\xa1\x14\x22\x94t\xefV\x5cv\xcb\x16\
\x0c\xd0u~\xbcs\x0f\x1d\xfe8\x9a\xc3u\xc8\xa4S\
R\xb1p\x93\x11`o\xc7\x19\xf5\x5c6\xa3\x9a\xafX\
\xc0\x93\x0eU\xdb\xf2\x85Xy\xfd\xb5\x08\xd0A{\xe7\
gOch\xff\xc7\x08\xf2\x19&H\x1f\xeanG\xf3\
\xe2\x05\xc8si\x97\x8c\xe3\x0c\x85*yF\x14\x22\xc9\
e\x88\xc1\xab\xb0\x81\xf3r9\xd3!HC\xf2\x16\x8c\
H\xe8\xef\x995\xe8\xf2S\x0cN\x07\xb4Ha\x07\x8f\
|\xfc\xd4w\xbe\x0e\xc2\xdfd\x00~\x8b:\x9e\x8a#\
\xda\x8f>\xc9\x1bd\x09}\xf1}3#\x90\xab*\xc1\
PX\xa6-\xe7\xc9(pR\x90\xc7o\x05\x09\x95\xb1\
\xd22?k\x9e\xf58K?\xb3@\xed\x8a\xcdW\xa3\
\xb9\xbd\x09\xfd\x14\x96]\xd8\xf3!\x12\x84X\xd8o5\
\xf5tc\xd9\x8d\xd7\xc3\xdb\xdc\x88\xa3\xdb\xdf\xc5\xc4\xd1\
3\x824\x98\xfd\xc79\x80\x8a\x96\x17\xe3\xb2\xa8\x97!\
\xbcC\x8d4\xcfr5\x86\xee\x87s\x08\x10\x09\x82\xb2\
\xda\xaft(\x0b9.\xa7\x17\x11ji\xc5\xd2\xdb?\
\x85c;\xb7#}\xec\xa8\x1c^\x0f!N\xde?\x5c\
\xd1\x10\x04`\xa9\xe6,;\x82cc\xc5\xb91\xa7\xf4\
\xf8+d\xc7\x1c\x17v.\x0e\xc9\x919k4.\x1b\
\xf6\xebf\x22\xe9'\xa1\x90\xa6\xa1\xbd]\xe6S\xe6\x13\
)\xda\xa7#\xe4[\xf3\x82\x1f\x04\x01\xf4\xf4\x08\xb1*\
53\xaa\x10@\xb0\xa9K\xf4\xdb3d\x859k\xca\
_\xce\xdf \x89\x13nDain:xw|\xea\
6\xac[w\x05\xdeyg'\xc5\xdb\xd3\x9a\xb6\x0b\x1d\
\x0a\x18\x1a\xb2\xd7\x92\x7f5\xb1\xcf\xb93\xe8]b\xf5\
\xd6\xad\xe9\xc3\xdf\xfe\xf8\xcf159\x89\xaf\x7f\xeb\x8f\
0\x93\xca\xd1!\x09b61\x8bbE\xd1UE-\
\x06\xf6\x9cs(C@\xd0\xba\xaf\xaf\x17K\x16/\xc2\
\xb67\xb7chd\x08mt\xf8\xe7\xad\xefE?Y\
4n_5D\x84\x81G}9%[\xcaq-\xc7\
\x8bn\x8a\x0f\xa5\x0c\xc7L\xa9\xba(\xc2d\xcc\x9a\xc8\
\xe3]\xd3\xb9\x00w\xae\xbd\x12M\x22\xe6\xa1\xcagq\
\xb2\xae\xbf\xdd{\x14/\xbd\x7f\x12\x89\x02\x84\x8f\x9d\x9a\
\x18Gyf\x92<PJ4\xdaG\xce\x9dGsg\
'\xbc\x04\xe5\x87\x8f\x9e\x80\xbbP\xd6\xa4'zh\x04\
a\xbb\x96.\xc0\xd9\x83\x870\x7f\xd9R\x19\xbd\xce\xf3\
)r\x14'\xb7tu\xe2\xe2\xf9\x0b\x98\xb7l\x19r\
\xe4\x9d8\xa3.1&CU.3\xd1\x81\xe0\xc1\x1b\
\x89\xe9\x19\x09\x17\xb8\x5c8v\xfa\x0c\xda\x17\xf5J\xdf\
\xc5t\x7f\xbfJ\xcc\xcd1\x00j0(\xaa\x06\xd7\xd0\
\xb2lE\xaf\x8b6\xe0\xcd\xb8\xfa\x9e\xad8{\xf4$\
\xce\xbe\xb7_e\xf3\xe9\xa00\xc5\xb4\x90\xc9H\xf3\x14\
'\xd2\x98d\xc4\x8dXI:\xc8lp\xb9Z\xc2\x83\
8X\xed\xd8A\xf7s\xf9\x96\xf5\xf0\x90\xb7|\xf5\x7f\
\xfe3\xf2\xe7\x06\x09\x09\x98(3o\xbd\xb1A\x14k\
\x92\xa9$\x9a\x9b\x9a\xa4\x84524\x8c\xd2lZ\x91\
s,U5P]\xb1\x1a\xa9p>A\xe4\xba\x1dU\
=BV\xd2\xad\xf8\x5c\xb8\xf5\xdb_\x81\x93\x10\xcb\x8e\
_\xfcF\xc9h\x8b\xba\xb0G\x11ptx\xc9,E\
\xd1\xa5`B\x0e\x0f\x0f\xb5\x94\xf6~YJ\x16J+\
OF\xb5\x97*\x22\x0cs\xed\x1d7a\xe9\x9a\xa5\xd8\
\xf5\xe4\xafp\xe6\x8dw`\xd2\xb5qDZq\xa8\xde\
\xc7Ho/\xd6?\xfe\x18=\xcf\x05x\xeb\x17\xbfF\
\xfcb?\x85\x88.\x81\xf9\x9c\xeceg\x88\xb2JZ\
\x9b\xba{QE\xbbe\x85\x10\xf4!\x94\xde\x09F\xb3\
\xa6\x1a\xa4\x1b\xa0\xf5Xv\xdb\xed8N!@\x86\x0c\
\x00\xab_\x8b\x16\xa0\x9eZ,h\xce\xd0\x84#\xd36\
\xdbv\xe8\x06\xd8s6\x15\xcd\xdbT\xe2(\x0e\xad\x05\
\x08T\xc9\x5c2cQ\xca\xac@CG'\xa1\xaa\x06\
$Rd\xc8\xe9,\xa5\xa7\xc6PJ\xc6\xe4,q\xbe\
\xa5q\xde|\x01\xe1I\x96\x05g\x04\xc0e@\xe6e\
s\x12\x90y\xd6\x8a\xa4\x02\x11\xfbd\xf2J\x89\xa0.\
\xdf\xe8\xaa\x95+p\xcf\xbd\xf7\xe1\xd8\x89\x138M\x1b\
\xd2\xd0\x1ct\xfe\x1f\x9fY~\xfd\xdc\x19\xefUb\x90\
\x0da\xf5\x06-\x13\x84\xde\xb4~%\xfe\xe6\xc7\x7f\x89\
K\x04\xbd\xbe\xfe\xad\xef#\x9d)\xe0\xfb\xdf\xff\x1d\xc4\
\xe3\xb3x\xfd\xadwp\x81bF&\xe8\x08\xedE+\
\x9e(fV\x09M\x8d\x11l\xba~=\x8e\x1e9\x8e\
C\x07\x0e\xc3\xdd\xe2\xc0\xb2\x9b\x96b\xac4\x83!B\
1j\xf02yy\x87\x0f!\x0f\x1d\xf6`P<\xb0\
LQ\xf5\x05\xe0fJ\xa7\xe9\x07a]\xdc\xbct\x09\
\x1e\xda\xb8\x19\xf5\xfe\x80\x1a\x93M\xdf\x98\xa4\x98\xff\xe9\
]\x07\xb1\xfb\xe4\x10.\x8eN\x0b\xec\xe6\x01&\xb3\xa3\
#\x04o\xf3\xd2\xbe\x1c\xa1M>A\x87\x98\xa1Yc\
{\x07F\xe8p\xb9\xcaj\x0a,\xffW\xa2\x03\xd6I\
\x9eq\xe4\xec9\xb4/\xee\xc5\xf4\xf8$Bu\xac\x87\
7\x8d\xb6\xden\x0c\x0d\x0c\xa2\x856]\x96\xee\x9bk\
\xcc|\xe02\xccC'X,\xb4W\x19\xd6:+\xc8\
%\x14\x0e`\xf2\xe4\x19D{Z\xc5#\xc4/]\xd2\
\x92R5\x1e\xbf\xe2\xe7k\xd8\xafUu89\x16\x5c\
\xde\x87\x1b\xe8@\xc5'fp\xe0\x957\xe0\x97\x17:\
QrX2\x8d\x89\xb3\xd7rH\xe9\xfe\xf2d|\x02\
\xb4\x0el\x088Oby\x5c\x8a?N\xe8'\xc3\xed\
\xda\xf4\xfd\x1b?}#\xc6\x0e\x1d\xc5\xce\x9f\xfc;\xdc\
\xe9\xbc\xe2\x0aT;\xf3\x14\xa7 \xd8\xdc\x84(m\xfc\
4!\x81LbV\x8f1\xd3!\x81V\x02\x96\x9a\xbc\
\xa1\x15\xa7\xb99\xc6\xa1\x19|d\xfc6>\xfc !\
\x067\xde\x7f\xe1UB\x9e\x14\x8e\xb9}2\xae\x8c;\
U}<t\x85\x1b]\xc8 s\xf9\x8d\x93\xa7\x1ez\
\x8f\x87\xd6\xad\xc8\xcd8\x01\x96h'D@\xf7\xc0,\
\xcb\x99\xb1\x09\x84[\x1b\xb0\xf5\xab\x8f\xe2\xcc;\xbb\xb0\
\xfb\xa7?\xa7\xeb\xceRX\xa6z*\x0d\xa1\x9e\x97\x85\
\x07\xd1\xb8d\x09\xee\xfc\xfd\xdfG\xff\xb9\x0b\xd8\xfb\xcc\
\xf3h\xa5{\xe0\x90\x88\xe3h\x93>/\xc9\xbd#\x0c\
\xed+<\x1b\xb2^&\x161b\x16\xd5#B\x01\x8c\
\x0e8\xc4\x14\x81!\xda'\xb9LB\xda\xa0\x97\xder\
+\x19\x80\xedH\x9e<.\x06\xb6\xae\xb9]:~\xd2\
\xd9\xb4Nu\xeb\xa1\xb5zBqm\x92\xb5\xa9\xdb\xb7\
\xed~\x1b\xccQ-U\xdd\xb1\x92|\xe1\xceAz^\
\x15r&\x1c\x96\xfbi\xcd\xb8g4C(\x9d94\
\xd9\xd9)\x14\x9319\x83,\x09\xd6\xba`!\xeby\
!\x13\x1f\x9fk\x00\x9cHs\x08\xc0-\x9cv\xff3\
7\xee\xd0\xafbQ)\xff\xd4S\xac\xf6\xd8\xe7\x1e%\
\xd8\x98\xc1\xfe\xfd\x07T\x16\xbf\xda^\xaaZ'M\xfd\
s\xc5\xb2\x85\x0d\x94\x18\xa8\xd4}u\x9d\xba\x98\x9b\xc5\
\x1d7o\xc0\x0f\xff\xe2\xbf\xe0\xe4\xc9\xb3\xf8\xd6\xb7\x7f\
\x1f\x09\xf2\x90?\xfa\xaf\x7f\x8a\x0d\xeb\xaf\xc30\xc1\xe0\
\x0f\xf7\x1f\xc4\xbb{\xf7\xe3\xec\x85!\xcc\xb2J\x85a\
[\xdc\x0a\xc1?'6o\xde@\xde\xb0\x88\xedom\
G\xce\x91F\xdf\xa6\x85\xf0tz1\x9e\x99\x91VZ\
\x9f/D\xf0\xb1\x1e\x11/\xd3O\x03Bk-\xe5i\
1\x0a\xb4Q\x8at=\x14N\xdd|\xd9\x22|\xe3\xae\
[\xd0L0R%\xccL\xa49\xe1\xb7\xf3 \x9e\xdf\
}\x04\x05\x8a9\x0b\x14\xcbO\x0c\x8e\xd1F$\xc3A\
\x07<6<\x882\x19\xc4P0\x80\xe9\xc1aY\xec\
hS+\xc6/\x5c\x94:\xb4\xa5c\xf8\x0a\xc5\x8f\x5c\
\xfa\x9a\x1e\x1e\xa1\x05\x9fO\xd7\xe3\xc1\xd0\x85s\x92i\
n&\x83q\x89\xe0}\xcf\xd2\xa5\xf2\xc0Y+\xbe\xb3\
\x9b\xc75y09<\x8a\xd6\xeen\x99\x9c{\x89\x8c\
\xac\x8f\x10\x80\xdf\xefF\xec\xc2\x00\x22m\x8d\xf2\xe0\x93\
c\xe3\x0a\xfe\x1bs\xf5}U\xc5\x84\x0f\x92\x1a\x19\xe5\
 #\xe4\xc3\xe5\x8f\x7f\x16\x8d\xab\x96\xe3\xe0\xaf_\x80\
\x8b;\xc3\x08\x82r\x0d\x9a\x9bnd\x8a\x11g\xaf\xe9\
\xd9z\xe9~f\x12\x04\x95)\x04\xe2d\x17\xb3\xdd\x0c\
!\xd0p6\xdd\x0b\x7f]\x18Y\xa3\x84y\xeb\x96c\
\xd9eK\xf0\xda\x8f\xfe\x0e3\x07O*\x83\xae\x155\
\x85\x16c\xca0#\xf1\xeeR\x86\xe2\x84\x9f\x9d\x98\xb4\
\x11\xa1 \x01-\x04\xab\xfbJ,\xbb\xbf\x84\x8c\x1fW\
@\xb8\x22QJeT\xae\xc0P2\xe5\xfc)\x22\x0e\
c\xaa\xf6\xe3\x8a\xa8%[\x92\xc1g#R\x112\x8e\
\x0f\xfe\xe6\x16\xf2\xbc\x0d\xd2\xdb\xc0\x95\x94%\xd7\xac\xc1\
\xd57o\xc6\xcb\x7f\xf1#\xc4\x0e\x1e\x97\xd2\x9b\xe8\x1b\
\x8a\xa6\x82\xad~\xa0\x04G\xb6|\xfbw\xd0\xb8t\x15\
^\xfb\xdb\x7f\x10*\xaf\x9b\xa7:\xb3q*\x97D\xc3\
\x82\x895\x9c`\xf4\xb16\x84\xdb#9\x00\xd6E\xe0\
\x0f\xe1\xc6#\x87\x88\xa6\x18\xa2\xe8lqY\x9b\x0c\xea\
\xd2\x9bn\xc5\xb1];\x90>qL\x86\x80p\x97\x1e\
\x1b\x9f\x02\x8b\x97T\xbb3\xad*\x87\xcb\xa8*f\xcf\
\xe5\xcd\xd8<-\x9b\xe8\xa5\x0c\xbf\xed\x18\xb99\xa9,\
,\xdd\x8a$\x91#QE+\xe6~\x0c\xee\x03p\xc8\
`\xdf2<\xe4\xb8\xda\xd8\x00\x10\xeaHMk\x04\x10\
j\xee\xa2\xefvSL\x10\x93\x10\xc0\x1e:\xc0\x87\x9f\
\x05\x16$!\xc8J,\xb4\x10\xf7\xdc}\x17\xba\x08\xf6\
\xbe\xff\xde\x07b}\xab]\xc8\xd2{m\xaa\xfek\xa8\
\xe6\x06N\x1e\xd6\x11\x94\xe3\x9a'\xab\xcc\xaa\x9dZ\x11\
\x8d\x81\x07\xef\xf9\x14y\xfc\xefb\xdfG\x87\xf0\xfb\xdf\
\xfb#\xb1\xac\xd7o\xbc\x1a\x9f{\xe4A\xf4\xf4t\xca\
#\xc9\x17L2\x06\x93\xd8\xb6s7v\xef\xf9\x00\x89\
dN>\x97-\xfb\x9a\xd5\xab\xd0B\xf1\xd5\xcem\xef\
`<>\x8a\xe8\x82:,\xb8\xb2\x17\xce\x88\x12\x95p\
\xba\x02\x04\xa7Yg\xafD\xf0\xbb@\x9e(G\x08\x85\
GvG)\x0e\x0f\xe0\x96+\x97\xe3\xeb\xf7\xdf\x8aN\
\xda\xd8\x0e\xdd0\x93\xca\x92\xe7\x7f\xe3=\xbc\xb4\xeb0\
\x19\x9d\x8a<\xa0B1\x8d|2)$%\x83\xd7\x81\
b;N\x8cJf\xb5T\x16\x9a/s(\x98\xf0b\
k\xca1\xe4-\xb3n\x01\x8b\xdar\xd2\xca\xd0$\x9b\
J^\xb2\xe7\x9cP\xe2\x98\xd9\xe4\xf2\x11\x17m\x8ae\
5$\xd2\xe5%\xcf\xcfB\x98\x1ey\xb0\xac\x10,\xd2\
Z\x5c\xc6\xe19\x0cz\x09\x9d\x15T=\xbd\x9d\xf5g\
h\xcdy\x0f\xf6d2\x87\x80+\x1e\x8406}\xed\
K\xb8@\xa1\xca\xb9m\xdb\x11\xa1\xc3o\x91Qp\xd7\
\x85\x84\x96\xeb\xa2CV\xe0\x92.\xc5\xb6\x5c\xbf\xceJ\
#LP\x9e!\xcfDw\xd1f\xcd\x0bm\xd6\xa18\
\x02,\x84\x11\xf6\xe1\xfa{oG\x8c\x8c\xd3\xde\xff\xf8\
\x8d\x08\x11\x8b\xa72*U\x1a\x82\xda\x9b\xba_D\x87\
&F5LqT;\xc8,\x9d\x0b\xb0\xb9$*t\
\x81\xd2\x06\x80j\xc3UK\xaa!\xb1\xad6\xad\xc7\xc8\
\xd7\xa6xh.\x02\xb3j\xb3\xac\x1b\xe9\x83\x8b\x8dz\
\xc0'm\xafW\xdcq\x03\x85[\x8b\xf0\xca\x1f\xfd\x05\
*C\x13\x82\x8c8A\xac%R\xa4\xc5\xd6$\x8fP\
0\xf2\xb8\xfc\xfe\x87q\xd9\xd6\x07\xf0\xca\xdf\xfe\x143\
\x97.\x88\x01c\xef\xce\xd3~\x9d:\x1c0\xb4\x86\xa0\
\xd3P\x95y.{\x0a<g\xe5h\xa7\x12Oa\x0d\
\x07F\xcf\x81\xfaFm\x00\xc8Q\x11\x02`\x07`\xe9\
Qe\x15T\xecbw-\xadkY\x9f<\xe4\xb6\x9e\
\x03P\x1bQ\xa0\xe1@\x95}a\xe9R\xba\xad\xda-\
\xfd\x05N)ur\xd8\x99N\xc5\xa5\xf9\x88\xd1\x89\xb7\
N\x87\x00\xcc\x04\xe4\xc1 \x0b.\xbb\xde\x0a\xb7tK\
\x080;5%\xd9D[\x0c\x91{\xc9y<\x91\xea\
\xa1.\xc9b\x5cy\xe5:l\xde\xb0\x11\x07)\xb6\x1d\
\x1b\x1b\x95\x9bw\xe8\x85,\x9b\xea\xe0\xab8\xa6\x82\xb6\
\x860\x1e{\xe43\xf8\x8f'\x7f\x83\xf1\xe9\xb4\xf6\xb2\
e\xb2\xa41<\xfe\x85\x87\xf1\xb5\xaf=\x81\xdd\xbb\xdf\
\xc3\x0f~\xf0\xe7\xf2\xf9\xccv\x8f\x84\xfdX\xb7n5\
\xb6~\xfa\xd3XD\x96\x8a;\xe0rtM\xdb\xdey\
\x17?\x7f\xf2\x191\x0al\xb3\xbb)\x8e^\xbat1\
\x8e\x1f>N\xe1\xc8i\x94\xbdeD\xbb\xeb\x11l\x89\
\x90\xf7q\x8b\x8c\x95Yt\xd1aqK\xc7\x98\x83`\
\xa4\xdb\x1fB\x88b\xcc-W,\xc7\xd7\x1e\xbc\x1dm\
\xd1:\x9dQ\xaf\x08\xc3\xef\xa9\xd7\xde\xc7\x0b\xbb\x0f#\
Y\xb0PH\xe4E\xae\xbbR&\xb8\x98I\xa2@\x86\
\x90\xcbJ\x95lZ\xeeATgK%\xf1t\x5c\xba\
\xb1xN\xa2\xe2uJ\xf2\xb1\xec2D\xcf\xce\xc9\xfa\
}N(\xe1\x08V6v\xa8\x83\xc1\xed\xd4\x15\x8f\x92\
\xd8*K\xf2\xca'%>\x17\x97/=~U.g\
CCh\x87+\x0eL\x10\xe1\x0eI\xd1\x8bg\xb94\
1\xb0\xca\x08p\x12\xaf\xc2s;<^5I\x89\x0c\
\x8aI^\xbb\xf5\xe6\x9b\xb0\xec\xfa-8\xb6\xfdm$\
/]\x94\x99\x85\x8b\xae\xbe\x02K\xafZ\x8d`$,\
\x1b\x89\xe9\xdf\x07\xde\xdd\x8b\xd9\xf3C\xa2V\xc4\xc2\xad\
\x22F\x22\xe3\xcd\x03\x22\x88\xc2\x9c\x09i\x0ff#H\
\x1e\xb1\xeb\xaa\x95X|\xe5J\xa4\xc6'\xc83j\xcd\
\x00\xd4Z\x8b\xed\xe3\x5cMF\xda\x96\xc1\xa8\x95\x8b\xb5\
E\x80=\xdf\xdd\xa6\x87;\xa5\x1cj\x87|Z\xdaK\
\x1b\x93Zo\x89\xaa\x9b\xb3C\x12\xba.W^\xb8W\
\x82 \xf0\xfe\x17_\xc6\xd4\x893\xb4V>\xf8\xa2\x11\
\xa4y\xcf~\xea\x16\xcc[{\x19^\xfb\xc1\x9f\xc1\x1c\
\x98TB$\xda\xa5\xcaw\xf2{\xc9\x00\xb0\x81[}\
\xdfg\xb0\xf4\x9e{\xf1\xfa\xff\xfa\x17\xb8\xc9\x8b\xbb9\
\x11*\x12\xf8Y4\x11\xaa\xc8\xa4\x93jJO\xb1\x22\
\x89\xda\x8a\x1c,HR\x99\x93\x94LX\xe2\xfe\x80D\
\x8c\x07\xed\xa6\x84\x07\xb0\xf4\xe6\xdbqb\xd76\xe4O\
\x1e\x93<\x87\xa9\xa9\xe9\xa6\xc3VC\xd6\x06\xc0&\xf3\
T9~\xb5\x5c\xfa\xdca.v\xa5\xa7\x9a\x01\xd0\x15\
2\xe5\x87\xcb\xd5\x89H\xbcf\x1eB\x9e\x99\x5c\x8a\x95\
K\xc5\x90\xfa)\x04h\x9a\xb7\x80B,\x17\xd2\xb1q\
6\x00\x9b\xc9\x00\xcc\x93*\xc0\xec\xd4\xa4*\x03\xc2.\
\xbdUP\xaa\xe8\xb2BE\xc5)\x9d]m\xb8{\xeb\
V)\xc3\x9d\xa1\x83gT\xbb\xcd\x08\x0aZ\x86\x16=\
6h!,<\xf1\xd8\x83\xb8g\xeb\x1d\xf8\xa3?\xf9\
!\xf6\x1d<\xa5&\xfe\xd0\x03I'\xa7\xf1\xf5\xaf\x7f\
I\xc2\x89\xed;v\xe2\x87\x7f\xfe\xd7j \x82\xd8D\
EGm\xa4pc\xf5\xca\xe5x\xe2\x8b\x8f!\x1c\x0e\
\xe1\xd4\xb9\x8b\xf8\xbb\x9f\xfc\x0bb\xb3Y\x91\x00c6\
\xd8\xea\xd5+i\x03\xc7\xb1\x7f\xdf\x01\x81\xa1\xdcS\xce\
\x0b\xeed9j\xfa\x9dKG~z .:\xf4\xac\
\x91\xdeD1\xf8\xe6U\x0b\xf0\xf8=\xb7\xa0\xbdI\x1d\
~~\x00\xb3t\xcf\xaf}x\x12\xff\xf1\xf2^\xf8\x1b\
Z\xa4\xbbk\x82\xb3\xfat\xdf,\x7f6t\xe6,\xc1\
\xf2\x0e\x89e\x87\xce\x9fGC4,\xe5\x97\xb1\xe1!\
t/\x5c(\x07\xef\xd2\xb9s\xb0fS\x0a\x06\xd3\x06\
\x88\xce\xebB\xdb\xa2\x058A\xc8\xa5\xa5\xb7\x8b`_\
\x18\x17\xc9hvQ8\xe0\xa6k\xbfx\xea\x14\xe6/\
_\x22\x09\xcb\xc1\xa1Qt\xf4\xcc\x93\xd9\x82#g\xfb\
1\x7f\xc92\x11\xbf\x9c\x9e\x18\xc1\xc2%\x8b\xa4\x91e\
hd\x10\xed\xcd\xcd\xb4\xc9\x0c\x0c\x9e8\x05g\xa1\xac\
K\x83d\x8e\xe8\xf07/\x9a/\xf3\x0e\xf3,\xd42\
0\x8c\x12\xa1\x88U\x0f}\x16\x81\x966\x9c\xdb\xb3\x0b\
E\xda\xb8+6]\x8b\xbe\xcb/\xc3\x85CG0p\
\xec\x94l\xda\x85W\xacE\xd7e\xcbp\xe4\x9d\xf7\xd0\
\xff\xd1Q4F\xa2\xc8\x931\xe6\xee36\x02<\xe4\
\x85)\xd9\xbc\x01\x0b%US\xb7\xea\x02h\xbd\xacO\
\x8c\x02\x13u*N\x95\xc8\x93\x1e<{\x0a\xaf\xed\xb5\
\x0c\xe5!\xf5\xee\xd4\x0c\xc69\x06\xc0V/\x10>\xbc\
\xeeE\x90\xae?\x9d\xdb\xd0%`\xc3>\xb4\xda#\x1a\
\xaa\x89N;+CH2\x8d\xf3;aP\xdc\xfd\xce\
\xff\xfc'\xe4G\xa7\xc5\x03V\xc8`-\xbc\xfa*\xac\
\x7f\xf0.\xbc\xfa\xe3\xbfA\xe2\xa3\x13\x12\x0eZ\xaax\
^\x1d\xa2\xc1\xaa9l\x18\xae\xfe\xfa\xd7\x11\xb9l9\
v\xfc\xe4\x9f\xe1\x11\xa95C\xcb\xde\x17\x10\xe1\x9c\x09\
\x87\xc3\xc2*\xach\xf5\xec\x8a\xea@t(\xfe\x00\x1b\
\x01\xee\xa5\xc8Q\xb8\xc5\xa1\xb3\xb7\x8e\x11\xc0\xed8\xf9\
\xee\x0e\xe4O\x1d\x93f#\x19yf)\xd4\xa6{\xb5\
?\x91\xcf\x99\xd3\xd9U\xad\xac\xfd?d\xbd\x09\x94d\
\xd7U%z\xde\x8b)##\x22#\x22\x87\xc8y\xac\
\xcc\x9aK\xa5y(\xcb*[\x92g[\x08\xd36\x83\
\xc1f0\x86n\xe0\x7f\x9a\xcf\x07zu7\xa6?\xf0\
\xbb\xd7_\xbd>\x98\x06~7\x18\xd3\x80\x99\x8d\x8d\xb1\
d[\xc8\x96\x07Y\xb6\x86\x9a\xe7\xcay\x9e\x87\xc8\x8c\
\xcc\x88\x8c\xf1\xfd\xbd\xcf\xbd/2\xd5\xc8\xab\x96\xe4\xac\
\xc8\x17\xef\xddw\xef9\xfb\x9c\xb3\xcf>\x8e?\xcc\xb4\
\x8e\x12|\x83z\x08\x1d\x18eQ;\xd2\xdc\xe4\x08\xa8\
\xc0T`\xa8\xa1?\x80AH$\xb5\x0a@I\xb0<\
C\x80\xa1S\xe7\xbdx\xa6O\xb3\xac\xe4\x01\xb0\xbc\xe7\
\x0b#\xf2\xc5q(\x07IAUm\x94\xa9\xa9\xa0\xe4\
\xf7?\xfb\x8cz\xad\x0bo\x5c\xa8')\xe8\xdd\xd9\xf1\
F!\x882\x16\xec\xdcc\xf7\xcao\x7f\xf2\xff\x94\x04\
\x16\xed\x97\x7f\xed7\xe4{\xaf_3}\xe85\xa3\x8d\
\xf7s\xbf\xf0\x09\xf9\xd0\x87>$_\xfc\xe2s\xf2\xfb\
\xff\xed\x7f\x18\x82\x90\xe3w\x14\xd6\xf4s\x94\x0c\xfb\xdf\
\x7f\xee\x13\xda \xf4\x99?\xff\x1b\xf9\xe6w^\x83\x91\
\x09\xd4\xd7\xec\xf4\xe9S\x12\xc3\x03\xbe\xf6\xea\x1b\x88\xdd\
\x8b\xaajD\x82\x0f\x0f\xbf\xdb\x10\x93H\xa2\x09\x0b\x10\
\x95\x00\x0eVc$ \xcf\xbe\xed>\xf9\xf8\xf7\xbf]\
\xda\x10\x96\x88\xf5\x1e\xac\xf3\xff\xd9W\xbe+o\x8c\xaf\
\xc9\xf8\xcc\x924\xb54\xcb\xda:b~\x1c\xe2\xf5\xd5\
5\xe9\xec\xec\x90\xb9\x891i\xe9\xc8H\x16!R\x80\
\xf5\xe4\xed-I$\x9bd\x0b\xeb\xd5\xdc\xd1n\x84$\
\x10&\xe4\xe7\xe6\x8d\x01\xc0\x06\x88d\xdad\xe0\x9e\xd3\
r\x13\xf7\x1cH4\xca\xe0\xb1\x11\x19\xbdpQ\x92\xb8\
~{\x7f\xafL\x8f\x8eJf\xa0W\xf6ry\xc4\xf9\
\x1c\xba\xd1\xa0\xb1\xdb\xda\xd4\xac\xc4\x00\xd3\x98\xa0\xcbn\
\xaeh\xaf\x01\x89/\x81\xc6\x88\xec\xae\xaf\xe3\xe7\x11\xd9\
\x9a\x9a\x91\xdaN^\xb7\x0a\xc3\x0b\xce{\xeb8q\x5c\
\xd6\xb7\xb6E\x10\xa3\x16\x16\x97\xa5\x8cx\xf4\x91\x8f}\
L\xf2\xe5\xaaL}\xf7\x15\x89gZ\xe4\xfc\x87> \
7^\xfc\x9a\xdcx\xfeEx73\xed\xa8\x92N\xc8\
\x13?\xfc\x03\xd2w\xef}\xf2\xfc\x9f\xfd\x0d\x10KU\
\x93j$\xce\xd0\xb0\x15\x8b\xfbu\xefC\x04\xc0jJ\
\x19\xbf\xcbC\xafeV2\xe9\xba3\xf0,M&\xc1\
\xe7\xb8\xf5\xca\x90\xa7\x83a\x02\xb6\x85\xb7Z\x17\xe6\xac\
+\xf3\x1e2\x02\xfe\x10\x0e#kV5\xde\xdd\x1f[\
\x5c3\x02\xa3Z~s\x03u!\x14\x93R\xb2su\
\xf0o\x04Ir\xf6\x89GdklT^\xff\xb3\xbf\
\x90\x10U}\x80z\x1a;\xba\xe5\xfd\xbf\xf03x\x17\
/\xcb\xb5\xcf\xfe\xbd\x84\xf2y\x1b\xae\x99\xbdTt\xca\
\xea\xb6b\x80\xc6\xef\xfe\xa5_\x91\xd1\x1b\xb7\xe4\xd6s\
\xff\xa4CI\xb5\x03\xc21\x8d>\x0c\xf3\xb4O@\x15\
vD\x91\xa5X&\x9f[\x97\xf76\x9bS\xc9AX\
\xc3pS3\x0c\xc0\xbb\xe5\xcew_\x96\xfc\xed\x9b\x92\
\x84#hjmSC\xb9\xb3\xbbm\xda\x8f}:\x97\
g%\xd1\x0f'v,\xb7\xc6'jy5\x8b\x96|\
\xe3\xea\xb7\x7f\xb3\xdb\xb4TR>\x06\x91\xaa\xd8\xde\x07\
6\xa2\xe5\xb5\xb9\xc9T_(P\xcb\xf1\xe0\x1c\x9e\xab\
\x92`J\x04\xe2|;\xc4\xb1;\xcc\x01\xd0\x008N\
\xfdaj6\x04 \x89C\xa7\xf9\x00\xb6<\xf1\xc4[\
dpp\x08\x07\xef5l\xe0]\xf3\xf0\xec\x0c\xa3\x90\
&\x0e\x03E\x1b~\xf3\x93\xbf*O\x9c{@\xae^\
\xb9\x22\xbf\xf2k\xffIv\xf6\x8a\xc6\xa2c\xc1\x8a\xfb\
{\xf2\x8b\xbf\xf8\xf3\xf2\x9e\xf7\xbdG\xfe\xf6o>'\
\x9f\xfd\xf3\xbf6q\x9e\xeb\xab\x07U\xa4\x0fH\xe37\
\x7f\xe3?J\x1a\x0b\xf6\x9d\xef\xbe&\xbf\xf7\x87\x7f\x0c\
X_S\xb5X\x1f6\xf6\xf6\xf6I?\x0e\xd3\xcd\x9b\
7dqy]\xbb\xac\xd8;\x1e`G\x16b\xd9\x86\
T\xb3Db\x09\x18\x89\x80<\xfd\xe0Q\xf9\xd9\x0f\xbd\
\x13\xb0?&>\xcd8\xbbW\x92\xbf\xfa\xd2+\xf2\xf9\
\x97\xafHC\xbaM\x96p\x80\x9bZ)g\xb5)a\
r\xc2W\xd6T\xf0tz\xea\xaet\xf4\xf5\xc8\xee\xf6\
\xb6\x94\x11/\xd3\x000\x0b\xbc\xb6\xbc \x99\xfe>i\
\x00\xe2X\xc7\xef\xee\xcf/Z\x85\x16\xc0zx\x9f\x91\
\xb3ge\xe2\xda\x0dq\x01\xa5\xfb\x11\xae\x8c]\xb9,\
\x8d\xf1\x98\xf4\x9d8*\x13wF\xa5wdXEQ\
*\xf02\xf1TJ7\xc2\xe2\xad;\xea\xc9\xd3-i\
\xd9\x5c]\x94V\x84:\x94\x0a+\x01\x89\x11>R\xd7\
p\x85=\x07\xbb\xfb\x8a\x00X\x86\x0b6\xc5\xa5\xfb\xe4\
I\xd9\xcaQ\xfdeG\x0a\xf3KR\xc35\x1e\xfc\xd8\
G\xd5\x88\xad]\xbf!=\x08\xab\x06N\x0f\xcb\xd7\xfe\
\xeb\xefJmySu\xfa\xd8f[\xc2&\x8f\x1d\x1f\
\x90g\xfe\x8f\x7f+\xaf\xbf\xf0M\xd9\x98\x9c\xd5\x1c\x09\
\xf5\xef(F\xc2\xd9\x85Jz\xb1\x83aY\x0eU\xdd\
HR\xa9YM\xc0\xab\xe8<u\x5c\xba\x86\x8f\x18~\
\x97\xcf\xfb\xb0$1:\xff\xaa\xd5\xd6v\xab\x8e\xd8V\
z9\x10#1q0)\xc6L\x14S\xde\xbd\x02\xb8\
m\x84FC\xaa}h\x1c\xbdkJ\xc2\xe2\x0b_2\
k\x150\x07\x80\x04A\xec\xdbk\x17\xafJ\xf2H\x8f\
\xdc\x8b\xf0\xe4\xdb\x7f\xf0{\x92\x03\xb2\x8a`\x1dJp\
\x0a\xa7\xde\xf1\x94\x0c\xdd\x7f\xaf\x5c{\xee\x05\x99~\xe9\
Eqw\xf7\xb4T\xcc&\x99B\x10\xa1g\xf7\xa0<\
\xfa\x91\x1f\x05bj\x91\xaf\x7f\xfa3\x12\xd8\xc9JC\
\x22!\x018\x136\x929\x9a\xe43\x9d~U+\x1b\
\xceJ\x0c\xfb5\xd8\x0aL\x22\x0f\xff.\x16\x8fj\xc5\
\x80B#\xfb\x0c\x1dp\xae\x8e=\xf5n\x19\x7f\x0dg\
\xe5\xee-M`G\xa8\x12\x8d\xcfs\xb4\x9e\xea\x01\xd4\
\xcb\xdc~\xff\xa6\xcf\xeb?\x80\x01\x8e\xf5\xee>C\xf6\
\xf0'}-C\x1a\x06\xe5\x10hb\xb7\xaa\xfb0\xd2\
\xd8\xa4\xbd3l\xb3\xe6\x9a\x86\x93l+\x1e\xc4Fr\
\xe0P\xac\x01h\x82\x01(W]mK-\xed\x97\xea\
I\x1b\xd5\xe3\xf7\x0c\xed\xb2\xa4,\xae\x8afK\x87\x86\
\xfa\xe5\xfc\x93O\xca\xad\x9b\xb7d\x1e\xa1@\xc0b=\
\xb2\xe2J\xb8\x89\x0f~\xdf\xfb\xe5\x13?\xf9\xa3x\xc6\
\xaa\xfc\xe7\xff\xf2_\xe5\xdb/\xbfn\xa1\xa1\xe8&*\
\x16\xf3\xf2k\xbf\xf6+\xf2\xf8[\xdf\x22\x9f\xfd\x8b\xbf\
\x96\x7f\xfc\xfc\x17\xdfT\xcej\x00d\xff\xe9\x9f\xfa\xa8\
\x9c\x7f\xcb9Y]]\x97\xdf\xf9\xbd\xff\xcfL\x03\x0e\
\x18.\xb7\x99#\xe8i)\xee\xe4\xa9\x93\xb2\xba\xb2\x8c\
\x10aR\xe7\xd9\x13\xf6sHg\x18\x1e4Fk\x1b\
o\x94\xb7?tR~\xfc\xd9\xa7\xa4+e\x1a{\x18\
km!\xb6\xfd\xcb\xe7\xbe+_\xfe\xc65\xd9\xa4\x98\
\x04\x10\xc2\xee\xda\x86f}Y!\xdad\xb6\x1f\x8b\x99\
\x82\xc7^_\x062hk\xd6I\xc9k\xb3\xb3\x0a\xb1\
\xa2\x8dQ\xd9\x5c_\x96TW\x06\x87:)\xab\x933\
\xf0\x9e\xa5:tc\xbf}\xaa-\xa3\xf4jz\xf7X\
\xa6U\xb2\x0b\x0b\xcaaOwu |X\x90\xe6\xce\
.\xe5k\xaf\xac\xacHk[\xbbRk\xd7\xe1\xddy\
\xc8\x18\xe2l\xef\x90\xfc\xd3\xa1\xefa\x0d\xcf\x98\xc9d\
T\xa8%\xbb\xb0d\x0e\xb0*\xf7\xba\x9a\xd0I\xf7\xf6\
H\x8c]d\x1bk\x92\xc3\xdf\xd78\xaa\xea#?\x22\
+\x8bK2w\xed\xaa\x9c8\x7fN\xba\xe0\xa9_\xfa\
\x9d\xdf\x17\x17\xe8\x81\xc9\xc5\xa0g{#z2\xf2\xde\
_\xfde\xb9\xfd\xea%YDh\x10\xb0\xf2bl\xb9\
%\x94es\x16\xef\xa1BF\x99\x86q\x22\xbe\x9c6\
\x87\x82:\x1c\x8a\x0acQU\xf5gC\x88q\xfd\x0d\
\xab\xddtU\x9e\x1eq\xb1ft$ly6\xc8\x11\
\xe8\x01\x86\x8f\x87tgu\xd5t\xe4\x91z\xae^\x91\
\xc4\xadF\xdd\xdc!\xd7\x8c\xbef\xf2T'\xf18\xe6\
~\x0c\xf65\x89\xb8\x0a\x87\xb2v\xb5\xcb\xf1{O\xca\
\xee\xfc\x14P\xce\x97\xb0\x19K\x0a\xc9+\xc1\x06\x09\xa5\
[\xe5\xf4;\xde%\xddG\x8f\xca\xf8W\xbf(w\xbe\
\xf4\xbc\x84*&4\x09\xf5e\xe4\xfc\x8f\xff\xac\x04\xf0\
\x99\x0b\xcf\xfd\x83\xac^\xbd\xa2F\x8f9\x19\xce\xa5\xd0\
\xaf\x22\xff>\x14Pb\x99j-\xd2@R\x99\x98\x82\
\xa1\xa5b]\x9f/\xa0\xf3!E\xe5\xbbY.\x0c7\
\xb5\xc8\xd1\xb7\xbfS&.\x5c\x90\xdd\xd1\x1b\x12a\x07\
\xacm\xce\xf2\x91U]\xbf\xc5\xf3\x8f\xfe!~\x87\xff\
\xf7>\xe2\xb1M=\x9eM\x86\xdanp[p\xf3K\
\xee\xda\x1d\xa0a}4\xde\xa29\x00\xce\x05 \xaa\x0a\
\xc2\x00\xb4\x0c\xf6\xab\x00\x8d\xca\x82\x0f\xb2\x0c\xd8\xde\xaf\
D\xa0\x1dN\xa3-\x16\xebc\x91\x8c\x157\xea)%\
;\xb3\x9c\x17'+\xf0]\xef{\xaf\xf2\xd3o^\xbb\
R\x7f\x10\xb2\xc6\xce\xdcs\x8f\xfc\xd2/\xfc\x9ct\xb5\
\xb7\xc8\x97\xbf\xf2\xbc\xfc\xc9g>+\xf9b\xb5\x1e\xeb\
\x90\xccQ\xc4\xcd|\xf27~]\xee\xbf\xff\xac\xfc\xe9\
\x9f\xfe\xb9\xbc\xf0\xe5\x17\xac[\xf04#\x7f\xee\xb1\x87\
\xe5g>\xf1\x93\x0a\xad?\xff\x85/\xc9\x17\xfe\xe9+\
\xda9\xa6\xa2\x9d\x96\xd5\xc781\x02O\x7f\xec\xf8q\
\xbd\xcfk\xf0\xa8\x88\xb8\xb4lF\x8f\x1b\xc1fkK\
\x04\xe5\x9d\x8f\x9e\x95\x9fx\xf6iE\x12F\xd5\xd6\xc3\
\xe1/\xcbgq\xf8\xff\xe9\xe5\xab\x92\xcfUU\x03\xa1\
\xb8\xbf#\x92\xdf\x95}\xa0\x932b7\x96\x80\xb8\x91\
\xb5\x03\x0e\x86\xafh2-\xcap\xd3nI\xbe,\xbc\
L\xa5\xf9bCFmLx\xf8\xa5Um\x06\x9c#\
\x99\xf89\x95g\xf6g\xde\xe3\x03%;?\xce\xe0\x91\
\x80V\x14\x5c\x1e\x00\xdb\xa9H>m\x85\xdbE\x0f\x85\
\x95TsL\xd6Z\xd5nl\xa2\x87\xf6\xbf\xa6\x0d\xfb\
* (\x01B\xd5h\x5c\xee\xfb\xf0\x87\xb4cm\xea\
\xf2\x05\xe9?sJN>xV\xbe\x8d\xf5\xde\x9d\x9e\
Q\xfdz\x1a\x90\x22\xc2\xa64B\x95\xf3\x9f\xf8)\xf9\
\xee?}U*K\xebz\x10\xd9\xdb\xcf\xbav\x0e\xa1\
\x0d/M\xe6%3\xe0\xa4\xbd\x16\xe0m)\xaf\xc5{\
\xf4TD\xc4\xb5\x95\x8c\xa0\xe9\xc2s\x8d\xb8f\x99F\
\xc35\xe8\xb0\x19H\xa6\xfb\xd4\x09e\xf5mLM\xc9\
:\x0c)\x05DG\xee\x7f\x00\xc6#,\xc5\xcdMY\
\xb8s[\x0dN\xf7\xf0\x884`\xa3\x16\x01\xe1\xcb\xb8\
n\x16\xf7[\xdb\xce\xe9a/Y4\x10\xd0\x16]\x84\
\x9b5v\xfb%$\x83g\xe896(\xcbw.\xcb\
\x9d\x17\xb1\x9f\xd8S\x81\xeb66\xa5\xf0,Q|\x18\
\xc6\x07p\xfc\xe1\x1f\xf9A\xd9\xbbyA\xde\xf8\xe3O\
K\x84\x94m\xdck\xc3\xc0\x80\xbc\xf3\xe7\x7fQn]\
|U\xc6\xf1\xbb\x1d-\xad\xd8\xb3\xfbz\x8c\xd8\x1d\x9a\
\xcf\x154\xff\xd0\x187\xb9\x1f\x86\xbft\x06F\xe6\xde\
P\x9b\x99\x17`\xaeL\x0b\x15\x15\xd3\x96\xcc=\xd0\xd0\
\xd4&\xc34\x00\x17\xdf\x90\xdc\xd8u\x18\x80\xb2)\xd5\
*\x94\xa9\xf9\xbd\xb4\xf5NY\xbf\xc1\xe7`\xd4\xa7\xd4\
3\xfe&\xe4\xb1\x84\x00\xab\x04\xe5#\x05\xaf>\xe2\x9c\
\x7f\xaa\xe6\xfc\x02#5&\x9a\xf5}\x85\x1d\xf33\x89\
7H\x12\xef\xc2\x0d\xbb0\xba\xf3\xa6\x19H\xbb\x01\x1d\
\xc4\x96\xeb\xab\xa6\x19H\x1f\xce\xb4\xebj\x97\x1e7\x14\
_\xa6\x8eB\xaa\xaaw8\xff\xf6\xb7I:\xdd,\x97\
.\xbc\xae:j\xbc\x99\x12\x0c\xc0'?\xf9\x1f\xe4,\
\xbc2\x05\x1a~\xeb\xb7\x7f[\xa6g\x97\xcc\xbc\xb8z\
\xdf\xb3\xe92\xfc\xed\xff\xfb7\xe5\xf8\x89c\xf2\xe9O\
\xff\xa9|\xfd\xc5\x97\xea\xf9\x0c\x8e\x14\x7f\xe6\x99\xf7\xc8\
\x0fa\xf3^\xb8xE~\xff\x0f\xfeXr\x08\x1f\x18\
\xc7\x1b\x03\x10P\x92\x8a\xfe\x1bp\x7f\x00q[3\xe0\
\xf2\xed\xc9ix\xf2\x9a\xa9\x9bS\xba;\x1e\x94\xf3\xf7\
\x8e\xc8\xcf\xfe\xe0\x07\xa4=\x1d\xab'\x9fw`\x8c\xfe\
\xea\xc5K\xf2\x85\x97\xae#~\xa6>\xdd\x9a\xd4\x0aT\
\x86)\xc9\xf6\xea\x92\xc2XB\xbb\xbd\xcdu\xa5\x5c\x86\
`HH\x91nH\xc4\xd5+\x90\x9d\x17i\x08k\xac\
\xbb\x9f\xdbQ\x0e=\x7f\xa7\xb0\xbc\xa2B\x0d\xda\x1d\xc9\
\xb3\x88\xdf\x8b\xa6\xd3\xaap\x14\x0dD$\x08\xcf\xbf\x03\
\x84E\xb5a\x0e\xcf\xd8\xcdm\xab\xf7\xa3A\xe0<\x06\
\xdew\x15\x10\x99\xe3\xc0R\xa4\x17\x93\xf6\xba\xb1%\x91\
D\x14\xefdOJ0N\x09\x0a\x82\xd0\x18gw4\
\xfe\xf4\xe3m\x1d\x1fm7B\xcd5rXL\x02\x9e\
|\xff\xfb\xf1Z\x1bd\xfa\xb5W%\x0c\xa3}\xf6}\
OK\x0e!\xc1\xf5\xe7\xbf\x22e\x5c[\x0dbk\xab\
<\xf6\xe1\x7f%\x8d\xed\x1d\xf2\x8d\xbf\xfbG\x09\xe7K\
\xc6\x83\xe8\x8c\xc6\x90\xe1\x85\x88\xd1\xafc(H\xe1\x0b\
v\xd3\x05(\x87\xae\x06\xc0U\x83V\xab\x98a2:\
P\xd6\xf7Jd6F\x822x\xfa\xb8\xb4\xb7\xb5\xc9\
\xd8\xc5\xcb\x0a\x93\x87\x1e|H\xf6p\x0dRz\x96\xae\
^\x95\xf9\x89\x099\xf1\xc4[%\x9ci\x97\x02\x0cN\
\x00k\xb3\xbc\xc0p\xacS:\x8e\x1d\x95\xbb\xaf\xbd.\
Y \xa3\x0cB\xa6pSR\xcf@\xd0\x09\xe3\x90\xe7\
e\xf6\xeeM\xacc\x8b\xdc\xfb\xde\xf7\xc8\xe2\xcdkr\
\xf7\xeb\xcf\x8b\xbb\x9f\xd3\xf0\xa5\x8d\xf3*Z3*#\
\x97]G\xe8\x16M\xc9c\x1f\xfb\x98L?\xff\x0f2\
\xf1\xc5\xbf7\x11'\x8dm\xaaU\x1e\xff\xd7\xffF\xd6\
\x17\xa7d\xf4+\xcf\xc1\xa9\x9c4\x13\xa9<\x03\xb9W\
\x16W\x94\xa4\x95\x06J\xa3&\x80\xa2\x22\xd7\xcc\xb04\
h\x87\xdc\x96\x82:HR\x87\xf7I\x03\xd6\xc1\x9d@\
W\x91\x84\x0c\x9f\x7f\xa7L]\xba(;\xe3\xb7\xa4%\
\x19\x03\x9alU\xd2\x12'A\x19\x0dL\xb1\x15\x00\xe7\
P^\xcf\xe8\x11\xaa\xb8\x07\xbe\xab\x82k\xaa\x18j}\
d\x99\xad\x16\xd4\x0e\x1a\xe6\xcc?\x969\xa8\x8f\x16\x06\
\x22\x8e+M:$\x86m\x18L'\xa4\x859\x00\x9c\
\xb3\xdc\xfa\x92\xed\x06l\xeb\xd5\x04\x1a\x99\x80\xe4\x01(\
-\xb5fe\x91\x99\x99\xe7\xc4ZZ8\xe6\x00\x98-\
\xad\x95\xe5\x0c\xe2\xdb\xfb\xee\xbf\x1f\x06\xe0\x82v\xb6i\
i\x04q\xc6\x7f\xfc\x0f\xffN\x06\x07\xfa59r\xf5\
\xf25\xf9\xd2W\xfeYf\xe6\x96%\xa7\xaa\xb6\xc6\xa8\
\xb0o\xfa?\xff\x97\xdf\xc2\xe7\x06\xe4\x0f\xff\xf0\x8f\xe4\
\x15\xc4\xf8\xe2\x04\xeb\xf1\xff\xa9SG\xe5'\x7f\xe2c\
\xf2\xa9O\xfd\x81\x8cO\xce\xeb`NN\xb01\x9e?\
\xa0\x86@k\xef\x9cU\x00X|\xe4\x08,\xff\xd6\x8e\
\x8c/m\xea\xdf\xb5\xa7B\xf2\xccS\x0f\xc8\x87\xdf}\
^\xba\x9a\x93\xa6^\x0eC\x96\xdd/\xcb\x17^\xbe.\
/^\x9a\x95\xe9\xb95\xe9\xeah\x95\xf1\xcb\x17\xc5+\
\x96%\x9dI\xcb\xd4\xd8\x1d\xe9\xe8\xecTQ\x94*\x17\
\x1c\xf7J}\xbe\xdb@9\x14\xe9\xa0\xe8\x04Q\x12\xd1\
E\x08\x07zyvN\xfa\x86\x87\xd5\xeb\xd1\xab\xed/\
\xaf*\x09\xc0\xc3\xfa\x1d9sZa\xe9nvK\xf6\
\xb0\xa9;\xb1&w\xaf\x5c\x95\xbe\xc1aIv\xb4\xcb\
8\xbc\xdd\xd0\xb1\xe3\x9al[\x9e\x9bSE`b\x81\
\x95\x859\x19>q\x02;\xbcA\x16\xc6\xa6\xa5\x15\xd0\
~wgCr\x9b\xab\xd2\xd6\xdefz\x07n\xdf\x14\
\xa1Z\xaf\xcf#\xb3\x19rV\x95\xaa\xf8\xfe\xa0c*\
\xcc\xdd\x8f\x9d\x93\xf6c\xc7d\xec;\xaf\xe8\x06J\x1f\
\x1f\x96\x13\x0f=,\x05\x18\x93u\x86\x09\xd8(\xad}\
=\x1a\xeb\xde\xfd\xee\x05\xd9F\xcc\xdc\x04\xf4T\xae\x98\
\xa6\x13\x0a\xa7\xe6\xf3{\xba\xd1\x18\x161fUZ\x17\
B\x8d\xaec\xa7T@E\xa7G\x07\x0c#\xcd'\xf5\
(\xa3\xcf\xd6\x02\xd9\x7f\x11\x8b\x06\xe5\xd6\xb7\xbf#K\
\xd7\xae)\xa34\xd1\xd9\x0dDr\x0f\x8c\xef\xb2L_\
\xbf\xc2\xe2\xbaf\xa7\xfb\xee\xbb_\x13\x8d+\xa3w\xa5\
\xb8\xb3+\x91T\xbb<\xf2C\x1f\x96[\x97.\xcb&\
B\xcd{\x9e~J\xaa\xf9})n\xc1`\xb6u\xc0\
\x01\xb5\xca\xeb/|\x05^6)\xf7 $\xbd\xf4\x85\
\xcfIan\x0c\xc6\xc9U\xb8\x1e\x89S\xe4%\x0c\x14\
Q\x95}8\x91\x96{\x1e\x96{\x9eyV\xae\xfc\xf1\
\xa7${\xe9\x15\x95{\x0f\xd6\x82@K!9\xfbc\
\x1f\xc3=4\xc9\xa5\xbf\xff+i\xa2\x02\xb0\x19D\xa1\
\x8e\x8f:\x8f4\xbc\x91\xa8Q\x82\xaeV\x8cAd~\
L\x9b\xb6xpm\xf2\xd2\x17\xbd\xf5\x13\xe9\xb1t\xbb\
\x0c=\xf1\x94L]\xb8$\xbb\x13w%\x95l\x94x\
k\x8b\x22H\xb2$=\xdb\xef\xe2\xd3\xde\xc5\xb2\xfd8\
\x1c&\x1a\x8f)!K\xa5\xe4\xf6v\xb0\x97\xb6\xb5G\
\xc1\x171ys\xa5\xc0=p\xda\xb6\xe4\xeah\xbe\xcc\
\xd5\x10,h\xb9\x05a+\x0bN\xe1W%\x02\xf5\x9f\
x\xab\x97\xcc\xf8I\xc0M5\x00\xcas\xb6\xac6\xca\
s{J\x09\xb6\x5c\x00N\x86\xc1\xa2tvw\xca\xfb\
>\xf0}2::*\x93cc\xdawL\x96\xd4\x99\
\xd3'\xe4\xdd\xefz\x87\x0c\xf4\xf6J\x03k\xf8\x88\x85\
f\xb0\xb1\xbew\xf1\x92|\xef{o\xa8\xfe\x7f\x0c^\
\xe1\xb7~\xf3\xd7\xa5\x13\x07\xe1S\x9f\xfaC\xb9v\xe3\
\x8eN\x9bQ\xaa(\xaeOYj\x1a\x87kW\xaf\xe3\
^\x1a\x94r\xa9I!-\x0f\xd9\xe1\x11A\xfe\x89J\
\x02/\xf986y\x00\x1e\xf4\xea8\xa0-\xee\xf7=\
\x8f\x1c\x95\x9f\xff\xe8\x07\xa4\xa5)^o\x8f\xdf\xc0\xe1\
\xfd\xfc+\xd7\xe5o\xbfv\x01q~R\xcbv\xad-\
\x09Y\xbc{[\xca0\x0c\xcd\x88\xb5\x97q\xf8\xdaU\
\x85uIZp\xc8\x17\x97\x16e\xe0\xd8\x88\xccP\xc1\
wp\x10\x08iSb\xe1\x88\x8a\x92\xa6;2\xb2\xb5\
\xb4\x8a\x7fw\x1a\x1a\xf4VVv\xb0I5\x82Ch\
r\xe4\xcc\x19\x99\xc6\xefg\xd2I\x99\xc2\x86\xee>2\
 \x8b\xe3\x93@\x0cm\xd2qtX\x96\xe0\xd1\xdaq\
\xf8\xb4i\x85\x22\x1c\xbb{\xf8\xbb\x16\xd9\xde\xc05\x9b\
[5\xfe\xdd^\xcf\xe2Z\x1c\x8d\x86MU\xccK8\
\x1a\x96D2\xa9\xc6\xa6\x0c\x83\x17\xb4\x07\xbf\xc4^\x07\
\xea\xf1\xe3\xf0r\x5c{y/g\x18\x93}Cr\xf2\
\xedO\xca\xf4\xcd[\xb23?\x03\xc4\xe3J\xba{@\
\xda\x06{\xb4\x1f\x82\x06.\x8f\x10aqt\x5c\x8a\xb8\
\x0fz\xf7\xa0=\xd0\xfe@M\xcf\xb2By\xb6u#\
\xe2\xfbz\xcf\xde+\xc9\xf6N\x1dX\xca\xb1[uJ\
\xaaU\x16\xaaO\xfb\xb3\xb3\x0bWG\xc7d\x1b\xf7\x1c\
dv\xbaf\xc4D\xc51\xc9,\xd5\xf3W\x0e\x7fM\
\x1b^H\xa6\xa1h\x07;)C\x80\xec\x0f\xfd\xc0\xbf\
\x921\x18\x0e2!\x8f?\xf96\x99\x87'\xdd\x80\x01\
L\x1d=.'\x1e\x7fB\xae}\xeb\x9b\xd2\x10\x8b\xcb\
\xa9s\x8f\xcb\x85\xaf|A*k\x0b0\x92Q\x95\xf6\
&jt\xc2\x9c\xb4\x1c\x94\xc5\xc5e\x19y\xfa\x03\xd2\
\x8dP\xe1\x95\xdf\xfd-\xa9.M \xc2j\xd4\xd0\xab\
\x1c\xf2d\xe4\xed\xef\x96\xde\x07\x1e\x93\xef\xfe\xe3\xdfJ\
c\xb5\xa0y\x0fVA\xd4\x18\xe2>\xf7ud\x9e\xa7\
b8\xaclp>\x06\x0f\x16\xf3b\x8c\xfaU\xd0\xa3\
jEWI2\xc2\xb3R\x93 \x0a#u\xe4\xf1'\
e\xf2\xe2\x05\xd9\x9b\xb8\xa3\xdc\x8e\x92-\x85\xba\x9e\x19\
\xc0cRxF\xdd\xcf\x9f\xa3\xa1\xdd00b\xcc\xeb\
\xb0\x0a\xb7\x07d\xc8\xbfk\xa0<\x1a+s\x85\xbc\xd1\
\x08\xa8'\x0a\xed\xb0QU\xfe\xf1\xb4\xb1\x8cB4T\
\xda\xa2*P\xc8J\xf8\x87\x80J3G\x86\x14E\xe5\
T\x10\xe4$\x0d@? \x89\xa3\xdeJ{\x01\xe4`\
,1CV\x96\x14\xaa*hY\xa9\xd3\x83\xb9\x00\xcf\
\xe2\xe5\xe4a\x91/]z\xc3P$\x19S\xe1f\xa3\
\x91\x90\x92t\x1e}\xe4a\x19\x1e\x1eR\xbd;^\xed\
\x8b\x881\x9f{\xfe\x9f%\x11k\x90\xdf\xfc\x8d\x7f'\
M\xc9\xb8|\xeaw\xffP\xc6ppY\x1b\xd5\x86\xa6\
Z\xa5>\x99\x85\x89 \x15qpM\xac\xebZ\xf8\x1f\
`\xab\xaae\xceE\xa2\x80XCC8\xb8\xf0\xaa\xb3\
3\xf2\xd8\xbd\xc3\xf2\xd3?\xf0\x94t\x00\xeax\xb6\x8c\
\xb4\xbd\xbb/\xff\xf3\xf9o\xc9\x8bWg\xa4X\x0b\xc1\
\xbb\xe7\x01;\xc7\xa4\xad%\x85C9\xa6j0\x99\xde\
nY\x84\xa1\xea\xe8\xee5\x92\xe8\xd9\x0d\xc9\xc2\xd3\xf4\
\x0d\x0e\xc8\xf8\xe8m\x198zT\xad\xff.\xa0sa\
\xbf \xe9\xf6\x0c\x10\xc0\xbct\x0d\x1f\xd5\x83;w\xe3\
\xa6\x14WV\xd4:\xd7\x82\xae\x0c\xc0\x10V\x83\x8e\xb2\
+\xd7g\x17\xa4\xb3\xaf[\x16f\xa7%\xd5\x9c\x91\xce\
#Gdzl\x5c\xfa\x01oY*Z\x05\x02\xa0\x87\
\x89\x01\xcan\x02\xfav\xe0;\xc3\x88\xe1\x97\xc7\xa7%\
\x14o\xc2FF\xec\x9b\xcbI\xe7p\x9f\xae\xc7\xd4\x95\
kR\xdb\xdd\xd5\xe9:|[l\xb9m\xee\xed\xd3I\
C\x01\x8e [_\x932\xfe\xde\x83A8\xf5\xf4{\
p\x1faY\xb8qEB\xdc\xa0\xe4\xf5\x17v\xc5\x97\
\x92\xe0\xb0\x0d\x86\x13\x84\xabE\xcd\xc0[Y\xec\xa0\xe9\
\x84+S\xa8\x82\x93\x9aU7\xbf,e\x18\xf5\xa1{\
\xef\x95u\x1a\xfe\xd7_1\xb3\xfaj\x07\xec>\xd5\x0b\
\x0e\xb8\x96\xf1g\xcb{\xe2\x1d\xd4\xa9\xfd\xf0\xd5\xab\xd9\
1d\xa2\xb0\xd6\xef\x0f`\x95\xa7\x1d\x1ejqy\x01\
 (.\x0f<\xf3A\xb9s\x0d\xf0yaQN\xbe\
\xed)Y\xb8\xf0\xaadGoJr\xf0\xa8\x0c\x9f{\
\x8b\x5c\x7f\xf9\xdb\x08\xf9\x92r\xe2\x91sr\xe9k\xff\
$\xde\xd6\x8a\x84\x1b\x9b$\xd3\xd9\x81\xf87&Ax\
\xf5\xdczN\x96\xd66\xe4\xc43\x1f\xc6\x01\xaa\xc9\xab\
\x9f\xfa\x7f\xc4-l\xe8\x84hJ\xc2\x95\x02\x9e\xb4\x9e\
\xbc\x1f\xe8\xe0\x83r\xf1k_\x95&\xa7\xa8\x1cz\xaa\
F\xd3CS\xa7a\x8b}\x00p^T\x07\x0aZy\
\xf1(u\x02\xb1\xef\xb5\xb4A\xfa/\x0e\xbd:'\x9c\
\xae\xbd\xedm\xa9\xe0\xef\x82M)9\xfa\xd8y\x99\xc0\
\x19\xc9M\xde\xc67\xe2,\x11\xc1\xd2x\xdb.C\xed\
\x8b\x10\xa36$67\xe0X\x9a=\x976\xda\x14\xd3\
\xfd\x1e\x8c%\xb4{\x92\xd4\xe7\xcd\xa5y\xd9\xdf\xde\xb0\
\xaa@\x16\x01\xd4L\xa9\x90\xe8'\xd5\xd2.\xc1PL\
\xc3\xf2\x0d\xc4\xfa\xc1\xea\xbe&0)\x09\xd6<0\x08\
\xa4\x1c0\xe3\xc1\x07\x88\x00\xda-\x11\x08\xf1*k\x89\
~S\x89\xd6k\x1d\xc3\xba\xe2\xcd\xd2\xa2\x11\x5cjg\
\x14\xde\xe8\xdb\x9fzZ::\xba\xe4\xf5\xd7\xbeg\x04\
\x16\x99\xe0\xd0I\xbee\x85N\xd4C\xef\xed\xeb\x95\x87\
\x1ezPN\x9d<!\xab\x1bY\xf9\xa3?\xfe\x13\x89\
\x00\x01\xfc_\xbf\xf1\xef5N\xfb\x9d\xff\xf7\xbf\xc9\xdc\
\xdc\x8a\x96,L\xe8xh\xaa\x90c\x88\x15>m\x94\
\xc8\xc4\xa5B.3\xca\xb0\x84nC\x83\x84#1\xe9\
io\x95\xa3\xfd\x80Z\xbd\xed\xf2\xc1\xf7<!\xcd\xc9\
D\xbdQi\xb7P\x96\xbf~\xee;\xf2\x85\x17\xbf\xab\
9\x02\xda\xc1\x02\xbc\xf5>\xbc8v\xbf\x94\x15\x86\x95\
\xb1\xb8\x80\xbe\xf9}k`B\xf8\xcc\xba\xc2-\xaa\xd0\
\xee\xecf\x95\xbcC\xaewa;gr\x03\x08?h\
\x08\x22\x80\xaeL\x96\xedn\xac\x8b[\xae\x9a>x\xcd\
\x01D\x00\xad\x1b\x11{\xae\xe8\x94\x19Ri\x81%\xa5\
\x01\x07;\x00\x0f\xc7\x81\x0d!xa\x1d\xa2\xba\xb5\xad\
\x9b\x8a\x14fj\xc17b\xd3r\x18J\x81\xda\xffl\
\x84\xa1g\x85\xa1\x88\x22\x9c\xe1\xba\xee\xe3\xfe\x03\x1a\x8e\
\x19\x03\x10\x80\x81\xe5\xcc\xf7\xb5\x1c\x07\x98\xc2K\xe0\xbe\
w\xa8\x8a\x0b4\x98>yF\xfa\x1e}D\xe6\x11r\
\xe4q\x88T\xcf\x8e\x15\x1d+\x11\xae\xd5\x1e[^\xa2\
gq-\xb4\xe4\xfd\x90\xea\xba\x87\xb5!\x99\x84l\xc0\
j\xa4A:N\x9c\x94\x14\xee\x9f*\xb7\x85\xf5E\xbd\
\x7f\xea\xe5+\x9d\x865\xf9R\xd9\xaa\x0c\x1bqnM\
h\xb2\xf5\x9aN\xc05U\x1eU\x16\x173+B\xb3\
\xe68lL\xacqxG\x0d;\xbe\xef\xd8\x09\x99\x9e\
\x98\xd0\xca\xc2\xd9\x0f<+\x0b\x8b\xb3x\x1f\xdb\xd2\x7f\
\xf2\xac\xcc\xbe\xfam\xc9\x8e\xc3\x00\xf4\x1f\x91\x91\xc7\xcf\
\xcb\xf4\xddQ \xba\x06\xe9\x06\xda\xb9\xf1\xd2\xf3R\xc9\
\xaeJ\x00\x077B'\xc1\xf1\xf2a*\x06c?\xc5\
R\xf2\xf0\x8f\xfc\x84lM\xdf\x96\x9b\xff\xf3\x7fH\xa8\
b\x14\x81\x99\x94\xe4\x0c\xbeH\xc7\x80\xbc\xe5\xc7~R\
\xc6n\x5c\x93\xb5;\xd7\xb4\x82\xa0\xecT_r\x8de\
pR\xbfk\xbe\xb6\xa0e?zF\xd5\xca\xb5\xeaK\
55xAf@\xd58F[Zd\xe4\xe1\xb7\xca\
\xe8\xe5W%7sW\xda\x11\xb2f\x06\x8e({\x94\
\xcdE5U\x1d6Z\xcf\xaa%\xc86\xf3\xa5\x15\xed\
\xe3\xd7\x1e\x07\x22\x0b\xb6k#\xcci\xe9\xef\x97\x82g\
\x14\x9a=\xec\x93\xf2\xce\x966\xa9\x99\xf1\xe0\xaeEm\
U\xdd/\x1c\xf5W\xae\x04u\xcfn\xad\xcfIew\
S\xd9\x87D\x00\xcd@\xd7\x8e\x1a\x809\x84\x00\xc7\x1f\
\xaf\x1b\x00\xc6\xb7%\x0d\x01\xdc\x03\xc2\x86\xd4\xec\xd4\x14\
\xc3\x03 lT\xc5`\xfc\x9b\x12a\x0f?\xf4\x88\x5c\
\xc7\xa21i\xe3\xd9Zq\xcd\x0e`\xf4\xc5BhM\
3\x99\x16\xad\xdb\xdf\xb8u\x0b\xef\xd5\x95O\xfe\xfa\xbf\
\xd7\xc4\xff\xef\xfe\xce\xef\xc9\xf2\xf2\xba\xe9\xfa;,5\
\xee\x18\xd2\x07k\xd5\x1a_\x12\xfe\xb3\x12@KH=\
\x7f\x1a\x01x3Z\xe9\xeet\x83\xbc\xef\xad\xf7\xc9\xb3\
\x88\xf9S8t\x96\xc8,9@\xfb\xcf\xbd\xf0\xba\xfc\
\xc3\x0b\x0c=\xf6$\x0f\xcf_\xd8\xdf\x93\x1a\x85\x13\xa8\
>\x5c\xda3\xf3\xf7\xb4y'\xa0T^R\x9f\xcb<\
\x5c\x84\xb6\x8c\xe9\x98\xf6\x04\x1c-\xab\x8a\xa6k$\xb1\
\x99\x84\xb4\x88\x85\x10\x89?\x0b\xe2\xf7T9\xa6f\x9a\
\x5c\xe8\x8d\xb5dEN\xb8\xdf\xee\xea\xd1\x10\x04\xb5\xe6\
-5;\x1e\x9b\xe5\xad\x9a\xab\xe5Mm\xf6\xacU\xea\
\x07(\xe0\x1a\xd9,\xde\x05\xef\xadl\x07\xb0\x04\xab&\
\x17\xc3\xe5b\xacZ\xc5f\xec\x1c9*\xfb$z\xc0\
\xb8rJnv~A\xb5\xf2k\xf0\x1a#\xe7\xdf&\
\x0d-i\xc4\xdb\xd7\xc5\xdb4s\xea**\xc0\x19\xa9\
\xd7\xd5\x192P\x8e*J\x1dy\x9d\xb8C#\x17\xd5\
\xef&\x1dv\xb7X\x91\xf4\xf1c\xd2\x0b\x03\xb0\xf0\xfa\
\x1b\xb2r\xf9\x0d\xfc\xce\xbe\x22\x85Ds3\x0cU@\
E1(\xa7\xa5|\xfe\x9a\xcdL76hoza\
\xaf \xfb\xb9\xbc\xba\x7f\xa5\xfb\xbau%CC\xf0!\
q\x86\xc2\x1d\xd8\x07}\xa7\xce\xc8\xe4\xed\xbb*\xa8q\
\xfa\x9d\xef\x127\xdeh|\x9c\x1b\x91\x89o\x7f]6\
f\xc7\x10\xca\xf4\xca\xf1\xb7\x9cW\xf2\x99V@\x10j\
\xde\xfa\xc6\x8bx\xb7\xdb\x9a\x13\xe05\x03\xe1\xa8\xb62\
\xe7\xb2y\x89\xf5\x8e\xc8\xb9\x1f\xfc\x88\xdc\xfd\xc6\xf32\
\xfd\xa5\xcfI\x18\xc6_\x95\x83j\x9a\xe5\x12'\xd1*\
\x8f\xff\xd8\xc7e\x03Ft\xf6\x8d\xd78\xf0H5\x07\
x\x9f{\x88\xbf)B\xb2\xbd\xbe\xa1\xdd\x88\xaa\x0cD\
\xd2\x9brcj*\xe8\xa2\x03p\x1cV\xa6\xa2z\xb8\
XB\xa6#t\xe1\xb1\x87\x1f<'\xe30\x00\xbbs\
\xa3:\xbd(\x80w\xa2#^\x8b\xe5zW\xa4\x22\x02\
\xbc\x066c\xc5\xf0;\x9c\x94E\xd1P\xee\x1f\x22\x8c\
*\xac&\x09<\x1c\xc4B\xf9\xf3M\x18\xf8j>\xa7\
\x02$\xaeO\x1e\xf2LS\x15[\xde\x13MmR\xc8\
{\xea\xa86\xd7f\xf1\xd9m5\x10\x9c\x0e\xdc\x0a\xc4\
\xac\xed\xc0\xf8\xb9\xd3\x7f\xe2q\x0d\x01X\x06\xcc!\x04\
 \x11\xc84cx\x87\xea\x8a\xa2!\x80?3\x90\xcd\
A\xa4\x08\xa7[Z\xe5\xe9\xa7\xde!\xeb\x88[o\x03\
\x02\xab\x0c\xd3!\x95 \xcfv4y\xbeR\x90\x15\xf4\
\xe0\xbc\xbb_\xfd\xd5_\x96,6\xe3\x7f\xff\xef\x7f\xa4\
\x03<kv\xd8\xc8A\xe7\x88e}\xf9\x7f\xe8\x99Y\
zb\xe2\x09\x10\x95\xb5u\xaa\xf7&\x1bC\xf2\x81\xb7\
\x9e\x95\x8f~\xf0iiK%\xea\x0c\xaa\x9dRU\xbe\
\xf0\xd2\x05\xf9\xbb/\xbf&\xd9\xed\x82\x948\xe1\x98]\
|\x80S+S\x93\xaa\xbfFh\xb5\x88P \x9dJ\
I\xbc\xb5U\xb6\xd6\xd6U>,\x01\xd8\xbdA\xbd\xb8\
\xc6\xa8$\x10\x83M\xdf\xba\xa1\x9c\x02\xf2\xe4\x17\x17\x96\
\xa4\xbd\xa7W\xb5\x05\xd6\xf0\x12\x9a[\xdb\xf4;wf\
fL\xc8D\x11K\x5c;\x8e\x10\x81,\xbe\xa9\xd1;\
:\x8f\x8d\xaa.s\x13\xa3\xd2\xd9\xd3\xa1\x0d7\x8b\xfa\
\xbb-\x12\xc1\x0b\xe2\xe4\xa0t[\x87R\xa9\xb3\x8b\x08\
\x01\xba:u6\xe0.\x0crW\x1f\xa0=\xae\xbc:\
\xbf,\x19\xfc\x9cb\x1d9\xc4\xb3\x01[w\xae0\x03\
\xcdD\x14`zL'4\x97\xa5\x80x>\x06\xaf\xbb\
Ov$\xdby3\xed2\xfc\xf89\xfd\xec\xd2\xdd\xbb\
\x80\x8e@=\xd4\xc5#\xba\xf2\xd7\x9b\x95\x03\x22\x1ax\
\xe4\xbd|^E6\x0c<w\x95]\x19\xeb\xee\x96\xe1\
\xfb\xee\x95\xb5\x99Y\x99x\xf9[\x12`O\x84g\xc4\
Z\xd8\xa4\xa4\x8a\xb9\x153\xb8TC9\x1a#\xc4\xe1\
\xed\xfd=\xb2\xb2\xba\x06o\xb7\x05#\xe9\xd4\x1b\x82\x5c\
\xdb\x13\xa1)+\x1eV:\x1a&\xd2`\x08\x8f>\xf4\
\xb0L\xdc\x1e\x95<\xe0|c,i\xf5\xf8=5\x92\
\xd5\xdd-x\xc9\x82\xd9\x0b\xb1\x98\xf8s\xcaX*-\
\x01\xa9\xb1_\x22\x86w\x12\x0c3<lRI3\x86\
v\xcd\xc7\xef\x973o{Z.\x7f\xf1\xb3\xb2~\xf1\
\x15EO>\x95Z3\xe7\xa1F\xb9\xff\xd9\x1f\x96R\
,\x22s\xaf\xbd&\x89hXg\x1b\xd20R\xa1\x87\
\xce`~z\x0a{#f\xfb\x91j&$\xc6\xf7\x92\
\xcbQ!I\x0dO\xa1\xe3\xc8\xd8\x84\xa4\x03b\x10\x7f\
c\x8d\x87\x1fxT\xc6\xae\xc0\x00\xc0p\x91\xbfQe\
\xcb\xb0=W\xda\xea.\xbe\xf76\x9a\x1a\x9c\xb2\xdcD\
]\x86\xadM \xc2=\x95W'3\xb6FM\x0b\x0a\
\xb701\xc8y\x0d\xb6\x93\xd0\xad'\x03\xadI\xc5z\
%\xd3mp\xb41\x9dvT\xc8g\xf5\x1a\xda\xb6\x9c\
NJ3'\x19a\x014\x04\xe8;v\xcekRE\
\xa0\x90\x1a\x00\xe6\x00\x1cKk\xac\xd5\xfc\x8a\xa4\xad9\
z&\x19H2\x0a\xb3\xb5\xe4Z\x9f\x87wi\xc4A\
\xb9\xf8\xc6\x05E\x0f\xa6\xb5\xd3\xc4D\x07\xac-\xdb$\
\xe4\x19Q+v\x08\xf6\xf7\xf4\xc8&,\xea*\x0e\x9d\
\xe1\x95\x04LY\xc9\xb1\xe3\xab|\x03\xc0M\xca\xce6\
\xad\x04\x84\xf5\xe0\x07q\x80\x14\x09\xc0\xeb<\xf9\xe8\x09\
\xf9\x85\x8f~\x9ft\xa5\xe3&)\x82\xff\xf1\xf0\x7f\xee\
\xdbW\xe5\xc5\x0b\x13256\xa33\xf6\x18C\x178\
\xa6\xaa\xbfKfn\xdcP\xa8\xda\x8e\xb8|\xe6\x16\xe2\
\xfb#C\xaa\x1a\xdc\x8a\x83R\xa1^\xfc\xe6\x8e\xc4\xe0\
9\xd6\x11&\x0c\x0e\x0f\xcbm\x8481 \x8bL{\
\xbb,\xcc/\xea\x9c\xbf\x02\xf3\x04\x08\x07\xf8\xc2\xda\xba\
;e\xf1\xd2U-k\x91\x0bP!RiJ\xcb\x91\
\xd3g\xe4\xe6\xc57p\x10\x1a\xa5\x17q\xfd\xe8\x8d\xab\
8\xd0\x9d\x92\x83\x97\x0c\xe3%\xf3\xfeKT\x98\xa5\xce\
;\x9e1\x8apb\x1d\x90\xb6\x19F\x22\x18G\xb8\x01\
\x88H\xc5^z\xf8\xed\xd5-\x18\xa1\xa4z\x1fj\x03\
\x04mi\xce\x17\xc5\x14\xdf\x93\x13!\xa8\xe6\xbe\x19X\
\xc9\x9c\x04\xdbd#\x88\x89\x07p\x80\xb9\xbe\x8b\x93\xe3\
\xb2\xb7\xb9m\x0e$3\xce*\xa0\xc1\x91V{Z\xea\
\xd4\xf7\xce\x11^\x85]\x1c$\x84\x17@\x17\xbd'O\
\xca\xde\xe2\x8a\x8c\xbd\x82\xb8?\xb7e\x12x\xe4#\xd0\
\x00\xb9\x15#\x86a\xf9\xe9d\x07\xb2\x1d\x97\xeb\xbb2\
5\x8b\xc3\xbf\xa9\x1aw\x14QQI4\xc7&\x1a\xf1\
n)t\xcaA$\x85\xdd\x1dY\x99\x9c\xd4mv\xcf\
\x13O\xc8:\xf6\xc5\xcc\xd5\x8b\x12$\x9d\x97\x92f\x01\
C\x07V1l\xa6\x0aXNv\x0e\xf1\xe1\x9c\xaa\x1d\
^\x12Pt\x18\xc0\x1f*=\xb3\x84J)\xaf\xc1s\
OJk\xff\x88\x5c\xfc\xe2\xdfHqe\xd6$\xe1\xaa\
~w]U\x91\xd6\xc0\xa3\xe7%>\xd0+c\xdfx\
I\x15tH\xe4!\xd1\xa7\xaa\x83HD\xbb@\x1d\x9b\
\x18\xf5\xd9\xb2\x9e\xcdY9\x96Y\xc9\xd2\x1b\x91*\xe5\
\xbdy\x0cHG?\xf2\xe0#r\xe7\xf2wdgn\
B\x9aS\x19il\xeePI\xba\xdc\xcef\xbd\x1dY\
\xdb\x02H\xa3\x87\xd1\xa627+\x19I\xfcn>\xb7\
\xab\xc8\xca\xb53\x1e\xd5p\xf8J\xb5&\x81p\xc0\x14\
\xb2\xe7T\xa7pa\x1d\x1a\x10\x1e\xeb\x8c\x03\xc7\x0cO\
\xe5\xc7B\xa9&I!,'\xe0\xde\xa5 H\xcf\xd1\
\xc7\xbc\x14EA\xbdP=\x09\xe8\x93Yj\xf6A\x0d\
'\xdb\x18\x00\xbf+\x90\x8d\x0e\xfc\xe7\xd4\xe9{dx\
dD\xae^\xbd*\xd9\xad\x0d3&L\x05*]K\
Gp\xeb\x03?}\x8a\xa8\x8eO\xa2z\xac:z\xa3\
\xd5\xc7C\xee\xd9\xee0C\x035\xb0X\x0d\x00\xeb\xe8\
A3\xa1\xd6\xa3B\x0e\x87A\x84\x1cy\xdb\xc3\xa7\xe4\
\xa7\x7f\xf8\xbd\xd2\xdd\x92\xb4y\x8b\x1a ~E\xbe\xf0\
\xf2\x15\xf9\xcb\xaf_\x16V\x9a\xd7f\xa6\xa5\xba\xbd\xad\
I\xb3]\xdcs\xc7\x91>\x99\xbf}[k\xf8\x9dx\
\xd9\x0b\xa3\xe3\xd2stXVW\xd6\xa5\x15\x07\x99\xa1\
K\x16\x9b\x8f\x83@\x96p\x00\x8f \xcc\x19\x05$d\
\x0c\xdf\xde\xd3\xad\x03/\xdaz\xbad\x87\x83 \x8b\x05\
)\xef\xedK\x0f\x0c\xc8\xec\xd5\x1b\x12\xb1\xa4\x9e\xaa\x0a\
p\xc6\xe4\xe8\xd9\x07\xe4\xf6\x95+8\xe8\xaet\x1d\x1f\
\x06\xac\xbd-\xbd}=\xaa\x05\x17e\xbf\x02\x0e\x01\x15\
~\x22\x84\xd8\xa5\xa24\xa5[ecl\x5c\x12m\xcd\
\xd2\x88gb\x86>\x05\xa3\xc4f\x14\xc6\xc0\xdc\xd4M\
\x80\xb7\xcb\xb7\xc6\xeas\x01\xeb\xc2\xac6r\xd2\xc4\x9b\
\x86L\xa6\xb4\xa4\x12\xdeX\x09\xce\x85\x09Q\x0d\x18F\
\xa9!\xd9,;\xb86c\xd0\x22\xd6E\x856\x81\x1c\
\xf6s{&\xf1\xc5C\x0a\xcf\x19\x81\x07oC\xd8\x16\
\xa7\xac\xd6\xe2\x92\xcc^\xba,\xb2\x97\xb3\xfd\xea\x8e\xc2\
\xfc\x8a*\x0d\xdb\xd0\x87\xe2\xa3AG\xcb\x9c-\x996\
 \x9e\xbbR\x00\xcac\xae'\xd9\xccA\x95\xfb\x87\xc2\
\xbb\xa0\xe6<\xa2\xf4\x98p\x08\xfb@\x1d\xe4d\xf0P\
\x9fz\xea)\xd9\xc7=M|\xf3[:t\x85\x0c\xd0\
\x9a\xed\x06\x8c\xb0O\x81l:\xc0\xef\x14\xd6\x8b\xcc\x14\
:\xa2`\xd0U\x9d\x06V%\x18\xcaD\xf0\xfe\xc2\x91\
\xb8l./j\xdf\xc2\xc9\xb7\xbd\x17aP\x87lL\
O\x8bG\xde\x07\xf7X\xd5p\x5c\xca\xf8\x8e\x22\x8c^\
\xac\xad]R0\x5c7_\xfe\x86\x84q-\xed\xf6\x03\
R\xda\xc7\xbb\x89a\xdf\x11/\x1591\x1b\xfb\x88\x94\
\xeeZ\xd5Ht\x07T\x93\xd0\xcc/`\xd8\xc4\xf3\xc2\
\x81\xa4\xaa\x11\x88\xdf\x1by\xf4-2~\xf5\x15\xc9\xce\
\x8cI\xbc1-\x0d\xa9V\x9dw\xb9\x9f\xdf\x113\xc9\
\xc90\x1d\x99<d\xf7+\xfb\x0d\xf2\x08;\x18:\xc7\
\xe1H\xf2y\x84\xdc\x94\xebWMM\xcfjAx\xf2\
\xa6\xa9\xc0\x87\xe8\xc1\x860\x16\x90\x08\x8c7\xd7B\x9c\
\xaa\x9d\x1a\x84{\x05JV\x04\x80\x9f\xedm\xc2\x00\xf4\
\x02\x01$Z\xbb\xf1\x0b\x11\xd9\x054T\x0ac\xcd\xea\
\xb6\xd9\xc3\x7f\xd8\x00p\xe1\xcd\x88\xab\x92&~Z\xdb\
2\xf2\xf0#\x8f\xc8\xcc\xec\x9c\xcc\xcf\xce\xe8M\xfam\
\x9e\x9e-S\x99n.\xdb\x81\xe5\x99\xc6\x06\xd7vt\
\xf9j\xbd\x9eOlq\x8d\x01 \x17A\x89?\xb0\x94\
\x9a\x01\x05\x02\x08\x86\xe2:^\xba)\xe6\xc8S\xe7\xee\
\x91\x1f\xff\xf0\xfb\xa5+\x99\xd6\xa6%\xc6\xaa;\x85\x92\
\xfc\xfd\x0b\xdf\x91\x17\xbewKre\x1a\xb4\x1d)\xe0\
\xb0\xa9\xfc\xf2n^\xc7\x91\xb5\xe2\xf0.OOj\xd7\
\x5cs\xa6U\x16\xe7g%\x83\x83\xdf\xd2\x92\xd1qR\
A\x5c\xbf\x812\xd2sK:\xb0\xa4\xfd\xc8\xa0\xcc\xe1\
\xe02v\xe7\xa6\xdeXZ\x96\x81\xe3#z\x9f\xd3w\
\xef(\x1f\xbd\xb5\x9b\xd3~'%L\x1dB\xc7\xaa\xde\
\xe0 \xf5\x8c\x1c\x97\x09&\xa9p\xd0\xdb\x00\x85\x17&\
&\xa5odHYvs\x13S\x92B\x88\x10j\x08\
\xcb\x06\xc2\x0aJ\x9676&d{iI)\xce\xac\
\xcdof7e\xe0\xc41)\x02J.\x8dMj\x09\
\x90\xa5\xbe\x15\x8a\x9f\xd6\x93\xb4Fk\xc0\xf1\xbb\xc9\xfc\
w\xe6\x1e\xf4\x97\xbb:\xe5\xc3\x88\x90:@Om\x03\
G\xa4y\xa0G\x1c\xc0I>c\x89\xfd\x08E\xc3\xf3\
\xa0\x88\x04\x07}R\xb8\x82\xdd\x82lrZA\x98\xb4\
\xbd\xb4\xa0I\xcc\x80\xe7\xe7\x9c\xcd\xf7\x95\xa8\x03\x81\xcf\
i\xa8\x80\xfbIt\xb5HkG\xab\xccbm\x18j\
\x04\xf1n;:\xbbd\x1bF\x98\xf2cf\xe3\x9aQ\
V\xca\xfd \xbcw<[\x04\xc3=\xe2Z\xc7\xde\xf5\
N5,c_{I\xf5(\x03p\x00FH\xd5\x01\
bh\xd2\xe4!'Ju\xf7\xf4\x992\x1fu\xff)\
\x90Y+I\x18\x17\xa2#b,^.\xd5\xb4\xc1\x8d\
a\x06\x13qAf\xc6\xf1\x9d!\xad&9uJ/\
\x99\x9fD\xb6D%\xcc\xb8L^\xbb\xacI\xb6D\xac\
I\xd1\x19s>\xac\x8cp\xd4W\x1e\x06\x90lU\xae\
\x8d\xc6\xfc\x8aL\x03\x0a\xf7\xd99Iv$\xcb\xdfl\
\x07\xd6\xde\x19 \xd6\x91\xb7\x9c\x97\xa9k\x17d{\xea\
\x8e\x227\x96\xbc\xd9eH5\x22\xcf9\x14&\xdb\xf0\
(\x06#\xbf\xaf\x13}\x0a\xfa\xdd\x0cI9\xfa\x8c\x8d\
Y\xfe:\x99\xf3d\x89gr\xa0\xbc\xe5\x87\x11\x5c\xaf\
0\xc2\x1aVu\xb4}\xdd3A\x07\x0d@\x12\xe8\x9b\
T\xe0\xdd\x0d\xec\xa3\xee\x91G\xbdd\xbbQ\x05\xce\x03\
\x9a\x96u,\x97\xb52\xaa?\xe6\x1c4\x07y\x86\xc5\
W\xd5\x16\xe1\xb2\xfe\xa1X\xc2\xa3\xe7\xce\xa9b\xe9\x9d\
\xdb\xb7,\x11\xa1\xaeWk\xe0}]\x17\xced\xe6\xf5\
!l\x1b\xa7\xd8\x0e2\xaf^K6\x19VW\x0d@\
\xd8\xc6\xfa!e\x9e\x85a\xd1\x12p\xb3O>z\x5c\
~\xe6\xa3\x1f\x94\x0c\x1e\x860\x94\xe2\x1b\x1b\x85\xb2\xfc\
\xdd?~[\xbe\xf8\xb5\xd7%\xb7O\xba1\x16\xa8\x94\
\x97Za\x07\x1b/'\xc2\xb1]\xa5\x8a\xf6+T\x8a\
y\xf1\xca\x9c\x18S\xd4\xbc\x8018a\x9d\xff\xae\x02\
\x1cd\x1dR\x16\x8b\x91)\x0cP\x90\x9b#\xa8\xd9+\
q\x99\xdc\x09\xba\x0a\xb3\x5cJN\xd3x\x91\xda\xab\x84\
\x10\xa3|\xa4\xe5,\xc6y\x94\xf9.\x9bR\x0f\xe9\xb2\
\x01\xc4\x89U*\xe8r{\xe7M\xb2\x95\xd7r\x11\xb2\
\xd4l\xfe\x83\xb3\xdc\x03N\xc8 '\xbeZ\x8as2\
EK\xbd\xc1\xb0y\xfdd\xdd\xf9(\xad\xde\x1a\xea\xb7\
\x80\x1fR\x0a\xf29\xc9v\x84\x87\x12\x86\xaa\x8aP\x02\
\x12\x885J\x22\x93\x91X\xbaE\xbde\x80j6A\
3m\x86s\xf2\x888\xb6\x97\x97\xb0IVp\xf0\x0b\
\xa2:7\x9ek\xc7O\x9bZ?\xc3:N\xf5\xe1\xb8\
i\xbd.6[\x02\x86ryz\x5c\x8a\xb9\xac~w\
O\xef\x00BFO'\xdc\xba\xbe\xe9p\x8cP+\x91\
\x06\x0d\x1fC\x1c^9H\xdd\x03\xac\xc7)\x18\x00J\
\x96\xdd~\xf1E\xc3\xaf\x0f4\xe8\xfe\xe0(o\xf6.\
pv\x22ciBt\x1d\xcc\xa9\x9a\x0a\xfb\xda{B\
\x83\xa1\x94u=\xe0\x8e46\x98\xc1\xaa\x88\xb9Lw\
\x9f\xcd\xb8\xb3\xfa\xa0G\x87\x9a\x97\xd8\x07\x9a\xef\xc2\xba\
\x07\xe9\x95(\xed\xae\x050W\xbd2\x9f\xd3\x10v\xcc\
@Q\x9fR~\xd03S\xd5\xfb\xd7D9\x11.\xf6\
\xaa\x966q\x16\x1aS-2\xf2\xf8\x932}\xed\x92\
d'oQ\xde\x01\xfb\x82\x1c\x82\x80\x1a\x1f=\xc45\
3\xf3Ql\xd2\x99\xc87\x91H\xe8\x00]\xa2\x13W\
\x91@\x0b\x1cD\x93U9\xcek\xcf\x87\xa8\xe4\xb7\xb9\
\x0f3\xbc\xd48U\x9dFI\x1e@0*\xa5b\xc1\
\xc8\xf1\xdb\x1d\x13\x84\x01m\x02\x92\xe5\xcbP\x04\xd09\
\xf4\x90\x97\xea\x1c\xc0/\x85\xb54E\x8d3\xc6\x80\xae\
Us\xf1\x05\x08+:\xf4@\xec\xa4\x11+{M\xeb\
\x82/\xbf\xef\x81\x07u\x06\xdb\xf5kW\x95W\xefO\
\x09vl\xd3B\x9d\xed\xe4\xf8\xddK\x9e\xed\xf1\x12\xd3\
\xd4\xed\x18\x04`\xf4\xfb\xcd\x9cx\x22\x00G[{\xa3\
j\xe5Y\xf6\xe3\xc4\x9ew<rT>\xf1\x91\x0fH\
g\xa6\xc5t\x9a\xe1\x12k8\x88\x7f\xf1\xdc\xcb\xf2\xd5\
\xaf]\x93\x1d\xea\xf6\x93\xc7\x0dHK\xf9n\x0f1`\
ewO\xe7\xf5)\x04\x0a5\x00R\xed(\xb4d\xc6\
\xbdB\xd1\x06\x5c(\x14\x817\xe4\xf3P\x0c'd`\
\x18\xe7\xab\xf1 \x93\xa9\xc6,\xb7Nq\xe5T\xa4\x80\
!,\x09)\xd0\xf0\x96\xda\xe6\x5c\xd2\xb1\x8dfz\x8c\
\x13\xd0\x18/\xa4\x8a:y\xa3\xea\xcag\x83\x91\xf2\x80\
0j\x0e\xc7B\x15tm\x09\x9f\x1d\x18\x06\x22\x1d*\
\xf1\x04YWW\xa5 \x1c\x0a\xfc\xdc\xc5}q\xfcu\
\x80\x86$\x16QH\xca\x8ct\x9d6\xe2\xf9M$\xce\
!\x81\x0d\xa7>#\xc0\x17\x97\xb0\xbd;\xc6\xe0\xea\x14\
[\xdb\xc2\xcdL8Kq\xcc[8\x86\xdfN\xf1K\
a(H\x09o\xd7\x8c\xb0f|K\xfa\xad\xab\x1c\x8c\
\xa0\xc6\xb8U\xce\xcc\xcb \x9e\x8d'\x80\x04\xca\xd2\x18\
\xaa\xc9\xc2\x05\x84\x0998\x12\xbc\x99f@\xea8\xc2\
\x88\xd9\xa9i\xbdl\x12\xff\x9f\xb5lz5\xaa\x0d\xd1\
\xb85\x01r7&\xd2\xda\xea\xbcp\xf3\xaaN\xc3\xbd\
\xef=\xef\x91\x12\x1e\xec\xc6?\xff3~?\xa6y\x88\
\x12\xc5=\x11n\xb5tu\xcb>\x0e~\xba)%3\
@TM\xa9\xa4\x92\xd8\xd8\x01W*p\xf8\x87\xa3\x95\
\x10\xeeO\x8a\x82F)j\x82}\xcd\xb0\x93\x1ay\x0d\
\xf8=\x0e(\x8d\x04IR\xdb\xd3\x84b\x09\xf0:\xd2\
\xd0\xa8\xf319\x8a\xbdV*h(\x1c\xc2\xbe\xdcX\
\xdb\xd4\xbd\xc8$'C\x99\xaa\x1dT\xeb\xd9\x12]\x14\
\x87\xb2\xa2\xd3\x86\xe9eM/\x00\xc9i9e\xc7\x22\
$\x02z\x19~\xfci\x99\xb9~I\x11@\x1fPK\
\xb2\xb3\x8fcEeme\x11\xd71\xfa\x1b\xcc\xd8\xf0\
\xbd\xae\xaf,\xeb\xb5#\xd4\xb2@\xa8K4\xc3\xca\x14\
5.\xba\x07\x8f\xe1\x8c\xc0\x18\xe2\xde\xc8\x0c%\xbb\xd3\
\xb4F{JJ\xd2\xf1gt\xd0Z\xe10U\x1c\xf2\
\x14\x5c\xd7/\xad\xe3\xf9ZR\xd2\xd4\xdd\xad\x0a\xdc\xb9\
5 \xf6\xb6\xfe\xfb\xbd\xf6\xbe\xa3\x9a\x04\xcc\xe3\xc5q\
2\xaaN~\xb1:\xf5*oT\x97)2\x03>\x89\
\x02JX$\xc6B,u\x0d\x0e\x0d\xcbi\xc4\x96\xa3\
\x80\xbb\xecZ\xf3\xeb\xcb\x87\xffq\xea\xd9}\xdf+I\
\x9d\xe0\xa3%5\xcd\xf4\x1b\x01P.8\xe3}\xed\xeb\
\xc7\x1f\x0f\x87\x83\xe4\x86w>zJ~\xe9'\x9f\x91\
\xcetB\x97\x8c\x1bz\x0b\xb0\xff/\x9e\xff\x8e|\xf5\
\xf5\xbb\xd8P1\x99\xbd}\x07g\x12\x87\xd6C\x88\x02\
\xcb\x9f\x9d_B\xfcT\x90=\xbc\xe8\xb6\x9e^X\xd2\
\x94\xf6\xf5\xb3\xd4\xd5\xd9\xd5!\x93\x17/bSe$\
\x99L\xc9\xda\xd6\x9aZ\xe5\xb6\xf6\x0e\x99\xb8~Sz\
\xf0\x5c\xd16\xd2\x85\xafHW_\xafn\xda\x85\xd1)\
iG\x18\xe1\x04=\x99\x9f\x9e\x90\xee\xe3\xc7`:C\
27:*\xb2kj\xcb\x84\xc4\x83'OJ\x08q\
\xe2\x06^2\xd7\x8d\xfc\xfe\xf1\xeb\xb7\xa4gp@a\
\xdb\xca\xec\xbc\xea\x0a\xf2\x9aK3\x0b\xd250\xa8d\
\xa0\xd5\xa9\x09\xe9:zDE0W\xc7\xa7\x942\xcb\
\xbe\xf1\xfc\xfa\x86t\xc1\xd3r\xc9&\xae_\xd7\x03\xea\
\x8a?\x22\xca\xaa'\xfb\xeb\xeb'\x87\x14\x11\xd6\xa9b\
\xfa\xee\x14]qdV\xd56hY\xaf\xe1Y\x04\xc2\
wR\xabK\x8d\x89V\x0bt\xac\x14\xbf\x985g\xa2\
\xb1\x80yGeB\xf2\x8e. \x89.\xdd\xb4\xce\xde\
\x86L_\xb9\x0c\x83V\x91 \xe2\xef\xa6\xd6VYZ\
\x98Q\xe5\xa44\xe0\xb7\x17M\xc0p\x06m\xfb\xac\xab\
\x90;\x86\x03\x1eM6)/c\x17a\x06\x8d\xcd\xfd\
\x1f\xf8>\xd9\x87\xf1\xb9\xfe\xc2?#\xd6\x8er,\xb0\
N\xce\xcd\x02\x95\xb4u\xf7\x02\x05\x84\x11K\xc7eq\
fFK\x99t\x12$\x9f\x15\x98\x9c\xac\x16$\xd3\x91\
\x81\xb1\xc8)l\xa7a\xa7\xf5\xc9b_\xee\xc1\x00w\
\x1c9\xaad\xa3\x12\x8c\x82\xeeS\xdc\xf7\xd6\xda\x8a\x1a\
*\xed\xf8\x83\xb7\xa4\xb3\xa0\xe6\x01\x93\xa9;8\x0f\xaa\
\xa7Oy-7\xa8\x19zV\xcaHi.\x01I\x92\
Q\xc9p\x80\xe89\x1a\x09j\x0e,\xd2\x10\xd3\x8a\x8a\
\x0e \xad\xb8r\xe4\xf1w\xa8\x01\xd8\x99\xb8#\xc9\xc6\
\xa4\x84\xe3I\xad\x92\x14\xf6\xb2\xd6\xeb\x8b\x22\x19\xaa)\
SL\x94y\x0b\xf2!\x12\xec{\x80\xe3\xcd\xed\xe2s\
a\x07\xfb\x17\xfb\x02a0s/\xec[\xa9\x16\x0bV\
:\xdc\xe6\x82h\x9c\x88B\x08\xf9\xa9a\x00\x07\xaa\x8d\
m\x8e%\x15\xb1\xcc\x88\xb0\x97\xd3\x98i\x00\xb6\x96\xc6\
\xc5i\xee9\xe3u\x0e\x9c\xc0K\x8fh\xb6\x91\xb1\x9a\
QV\xb6\x80\xcd=\x90bRU\x11;<\x91\x87\x9f\
j\xa9ex\xacd\xaaY\x1ey\xe4Q\x15\xf6\x1c\xe7\
\xe0JC\x89\xb0\x1b\xd1t\xad9f\x14\xad\xcdZ\x1a\
t\xa03\xce\x0e\x95\xf9\x98\x14c\x19(\x8c\xcd\xc1!\
\x10^\xb4I\x5cX\xbepCP\xce?x\x5c~\xf1\
\xc7> ]\x99t]\xb2l+_\x94\x7f\xf8\xc6e\
\x95\xf2\xda\xd8\xdd\x877H\xc8\xd2\xc4\x84\xa4\xd3M\xb2\
\xb24/]X@\xd2\x5c9\xf4\x91\xf2\xd6\xbd8\xac\
\x8bk\xeb\xd2\x09\xb42\x85\xcf\xf5\x0c\xf5\xc9\xc2\xad[\
\xd29\xd4+[\xab\x14\xf7h\x91y\xc4\xf2}\xfd\x03\
2s\xfb\xae\xca}\xf7\x9f@\x1c\x7f\xf5\x9aDq\xad\
Lw\x9f\xcc\xdd\x99\xd0\xa4U*\x93\x92\xe5\xf9Y\xbc\
\x94\x1e%\xc9\xe4\xb3\xeb\x92\x9b[0\xf2\xd0@+\x83\
gO\xcb\xc2\xe6\xba\xb4\xb54\xcb\x02< {\x06\xa6\
\xe1\xb1\xd8k@\xf9lv\x8c\x15\xb2;\xf8\xce6\x9d\
\x9a\x13O\xb7\x02\x8e\xa7ei\xfc\x96$3\x9d\x92n\
\xeb\x94\x85\xb11i\x82\xc7\x0bE\xc3:\x0d\x96g0\
\x8d\xeb\xad`\xe3\x1766\x0d\x07\xddv\x83\xbfII\
\xc6*f\x1ct\x95\xf9\xe2\xac6\xe3LN\x05Q\x86\
\xb5\xc9\x1c\x9c\xe1Z\xad>\xbe\x07\x0a\x87\xb2\xca\xc2z\
3\x9b\x5cT\xb8\xd2\xf5\xeaF\xc1\xe4\xf1\x1c\x1d\xdbH\
\x94\xd6\xd67\xa0\x07dkqF\xa1)U|[a\
\x14\xd6\xf1\xdfL\x9a\xa5\xd3)\x95\xc1B\x14Cn'\
<WN[\x8e=\x9b\xb5\xa6\x0a\xb2\xc9T#4\xc2\
a:\xfb\xdeg`\x00*r\xf3\xa5\x17\xb1\x17\x1c\xf5\
\x96\xc5}O\xcb\xa4\x8c\xe1\xad\xfe\x85\xeeIe,6\
D\x14\xca\xd7p \xabUxy\xac\x97\xe7\x19\x91\x0f\
\xa2\x0d\x1d`\xa3p\x1ba\x04\x0e`Eg\xf0\xe5\x81\
\x04\xe2f\x8eC\xc5\xc0z&\xcc*@\x05:\xc1\xac\
Z\xf3\x93\xeaZJ\x0d\xb2\x15\xdd1\xa1\x22\x0f\x9a\xf8\
\x9c\x7f\xac3\x13w\xec\x94d(\xa19\x0b\x9d\x9cl\
\xf2A\x8d\xad]@\x00\xef\x959\x18\x80\xec\xf8u\x9d\
\x9a\xa4\xb91=K\x15\xf3\xfc<\x07@\x9b\x91XT\
\xab04([\xab[\x1a&S\x8c6\x07CQ\xac\
\xe4%\x84{o\x8c\xa5\x95?\xc0\x04\xb1[\xab\xd5{\
\x06}\x9d@\xbfI\xc8\xb1R\xf3\x15;\xb0T\xa7C\
\xb1\x93\x17\x06\xbb\xa9\xbd\x13\xdfO\x06\xeaMq\x92\x99\
\x11\xaf{\xe4,\x16)\xa2j\x22l\xff\xf4'\xf2\xf8\
\x06\xc0\xa9\x13t\x8c\x10B\xd5\x0a\x1e2>!g\x9b\
\xb1\xfa\x83\x0f>\xa4C\x0fn\xdf\xb8\xae\x09\x19\x7fz\
\xadr\x89\x1d\xb7\xde%W\x9f\xf9\xc7\x98\xd8=\xa0\xf7\
\xea\xbc>\x8e<\xd2\xa4JH\xe17\xbb\xe6bQG\
\x9e<wF>\xfe\xc3\xdf'\x1d-iM\xc0\xd0\xb8\
\xe4\xf6J\xf2\xe7\xcf}G^\xbc:%\x8b\x0b\x9b\xb2\
\x0f\xf4\x12O\xc7a\x00FUNlg{S\xe20\
(\xab\x93\xd3\xe2 \x9e/\x22\x0e\xed9qL\xb2\xd8\
\xd0Mx\xf13\xe3\x13\xd27\xd4/sw\xefH\xcf\
\xd1\x01\x156\x09E\x5c\x99\x1f\x1f\x97\x81\xc1!\x99\x1d\
\x1d\xd3\x0cn\xff\xb1c2y\xed\xba\x84\x11'w\xf7\
\xe3\xe7\xb7\xc7%\x9c\x8cK\x1a\x96tufV+\x08\
\x01\xbc\xb8u\x18\x8e}\x8e\x07\xe3{\xc5K\x1c\xba\xff\
\xac\xe4J\x05\x1d7\xbd4I\x05\xe0c2>>\x09\
\x04\xd0/\x05\x18\xa4\xfc\xd6\x8e&\xdfZ:\xdbeq\
r\x06\xb1b\xb3\xc4)22z\x07/\xa9S\xb9\xf6\
+w\xc6$\xd1\xd1\xa1L<&-\x99\x1c\xe4\xa8\xe8\
\xe9[7\xa5\xbc\xb3\xad\xa5\xa3\x80U\xcdu\xded\x00\
<\xbf\xb3\xb4\xde\xa0#\xbe\x86\x9c\x95\xdd\xd2\xda{$\
\x82X\xb3I\xa5\xd8M\x0f\xbe!\x92\x90\xfa\xcby\x86\
,\x0b\xeb\x86\xaa\xd5\x0et\xfdl\xdeA\x93\x9d\x9ei\
D\xd2\x10N\x09`%}\xc7\xec\x8f(\xea|\xc1\x0d\
\x1c\xfe\xa4~vk{Wb\xf1\xb4\x227RX\x03\
*$\xea\xd6\x07\x5c\xd6\xd4KU\x80\x9e\x82r\xfa\x9d\
\xef\xd5V\xe9\x89\xef\xbd\x22\xedX\xe7bM\xc7n*\
\xc3/\xbf\x9d\xd3P\xa5\x0c\x84\xc08\x99\xc3@\xd9\x9d\
\x99\xdf\xcej\x1f\x05[\xd5\xdb\xbb\xdaeu\xc3\xd0\xb2\
\x99\xd0d\xecJo\x1e\x06$.\xc2\xf0\x92\xd6\xab\x1c\
\x0e\x84$\x1a\x8e\x10\xd10\xc3\xcfi\xbd\xb8n\x13\x90\
\xdb\xd2\xc2\x82V&ZZZTM7\x1ekR\xd2\
\x10\xf3\x01\x9a\xa0\x16\xd1\xdc\x02\x93u15$5\xd5\
\xfc\xd71\xe1d\xf9\xe5s\x8aB\x8b\xf8\xce\xe1\xc7\xdf\
#\x8bW/\xca\xd6\xf8\x0d\x95\x193Y\x19\x9b!\xf3\
\xe3~ ]R\x97\xb3[\x9b\x92J\xa6\x15\xfe\xaf\xac\
\xae\xaaa\x8ar\x0e\xe5\xce\xa6\x99G\xc0\xffy\x01\xa3\
\x8fP\xf3\x19\x00\xe6\x9c\x1e \xbdZ}\xc8.K\xf6\
~\x8b0\x89gM@P\x94\x06w\x9c\x92,O_\
\x17'\x96\xea\xf1\xfaN<(5\xb7Qk\xe3Y\x1d\
\x99m\x867\xfa\x15\x00\x1f\x05\x98\x1c@U_\x14\xbf\
\x84(\x80\xb2\xd9L\x1a\x8e\x1c=&\xbd\x88o&\xb0\
\x81s\xd9\x8d\x83n%&z\x1c3\x0a\xcbh\x98\xdb\
\xe1\x09\xaea\xba)\xbd\xd7\x0emT5\x1fxO'\
\x8c\x0d\xd8\xc0R\x9f'o\x7f\xe8\xa8\xfc\xfc\x8f\xff\x80\
dp\xa8k\x8e\xa1n\xec\x00\x9e\xfd-\xbc\xfe\xe7\xbf\
vI\xf2\x9ch\x04\xaf^\x01L\x0e\x85]\xc9.-\
j\xe7`<\xde\x00(\xb5\xa4#\xa9Yr$\xa7=\
\x8a\x03\xd6\x06\x8f\xba\xb9\xb4&{\xf0\xbe\xa9\xe6$,\
\xed\xaa\xc4\x9a\x13\x92\xe4\x14\x9f\xb9I\x1c\xca=i\x01\
\xec\xdf^^\xd6{Id\xda\xf5\x9a\xac-'[\xda\
tj\xae\x838\xb8\x01/}\x7f{G:\x86\x065\
\x91\xb76=%\x81}\xa3\x18\xcbC\xd0\x84\xb0\x22\xdd\
\xceR\xd8\x04b;\xa0$\x84\x15k\xf8\xdeTG+\
6e\x14\xc6cA\x93}Q@\xcf=\xb2\xf3\x1a\x1b\
\xb4y\x83<\xfeHS\x93v\xb2\xed\x02\x95\x84t\x0e\
}@\xe3X\x96!y@\x97\xd8XS\xad\xd9d\x94\
O\xb9u\xea\xd6\xff@+\xeap \xe6\xd5\x13Y6\
\x85\xa9\x07\x90\x03R\xf8\xfe\xd8\xb1\xe8\xd8\xdfe\xee\x82\
\x94e*D\xf9\x8a\xcf\xfe\xa5<\x1bs\x1a5j\xaf\
.\xcc\xcb\xe4\x18\xb7r\x22\x95\x96\x06\x18\x95\x15@\xee\
6@\xfb\x00\xee\x83\xba\x11\x94\x89O\xa4\xdb\xd4\xfb\xe5\
\xd6W\x94\x0fbf\xe8\x99pP=\x22\xa0k\x09\xfb\
\xe2\xe4\x93O\xa9\x9c\xf6\xd8\xab\xafJ\x06\x88\xa7@\xe5\
\x9e\x00\x0fHR\xfb/h\xc4bM\x8djtXa\
\xe1{\xe7P\x1b\x1e&\xa2\xc0& \x8e\xb9\xf99\x95\
VO\xe2\x9dS\xcb\x22\xac\x8e&\xac\x99u\x0eia\
}\x9d\xf3\x18L\x81\xab\xa6\x07\x8a\xf9/\xd2\x94\xe3X\
\xfb\x0d\xec)f\xdd\x9bq\xad\xbd\xbd]5\xb4Q\xac\
\x09{_\xd8$\xc4i@\xec\x94\xa4\xe7'\xbf\x81\x08\
A\x13\xe7U\xa3\x0d\x808H\xa9\xe6\xf9`L\x8e\x9c\
{Z\xe6.\xbc*\xb9\xd9;:{\x90\xf0\xde\xac\xa3\
\xa1\xf5\xd6\xac\x01P\x999\xae\x8dg\x86\xad\x90\x88\xb6\
\x8cp\xa0\x91\x93\x87\xb0~E\x12\x9d\xb8n^@\x99\
\xbb\xaew`\xf4\xfd\xb3Z\x1f\xd5'\xa6<Y\xb3\x83\
E\xf8\x87B\xb5\xe9\xde~\x09&8\x00\xa7\x08\xc7s\
\x85g-\xed\xf5\x9f|\x04\xde\xaeM\xdb\x1c7\xd6\xd6\
L\x12\xe8\x90\xf7?l\x00|\x11\x04\xcfg\x04\x92\x16\
\x8c\xdb\xc9`\x83\x9f<yJ-'[Z\x1d\xcf\x87\
\xfc&\xc3\xaf7\xe7\x1f~\xfe;p\xe0\xfd\xdd\x90I\
\xf21^\xe3\x08l&<\x9a\xf1\x82\xcf\xdf\x7fD~\
\xea\xc3\xef\x95\xae\xb6\xe6\xba\xf3\xc9\x02\xae~\xf6\xb9W\
\xe4\x8b_\xbf\xa22ce\xc4c\x15\x0e`\x00\xd4$\
de\xa3O\x11\xf1>\xb3\xc2\x1c\xd5\x15`\xd2\x8cZ\
\x06\xdaXa\xb2\xcf\xc1\x8a[W\x5c\xd2Z\xb0\x8bg\
q\xaa:\xc9EUl(\x9dD\xe6\x94K!\x8f\x80\
\xb6R\x92\xdd\xc7\xb8-\xc8L\xbe\x8e\x17\x0f\x99\xe1\x90\
\xac\x02\x10\x8a\xd6\xcaz\xb0\xfc2\x19\xb3\xd8U_\xbe\
\x9aTj\x96e*$\x09y\xca\x13\x08\xe9\xb4\x1b\xd3\
\x14BXXqk\xf5s\xe6\xdbr\xf5\xb0NM\xbb\
\xe5x\xa0\x8b5C\xb0\xa27\x0b:\xb6\x14'\x07:\
|\xbe\xd1\xf5\x9cz\x0a\xc0\xd4\x97\x9d\xc3\x1a\xb3>\x1a\
\xb0\xf4Q<_\x13P\x05\xe1,\xb3\xce\xfc\x87\x95\x1d\
\x8e\xdcb{\xb8\xe3C\xf5\xba\x01\xf0A\xa7w0\xb3\
\x91\xe5a\x8e\xb2\x02jho\xef\xd2\xc3\x13\x8f5\xa8\
G$\xb7\x84\xff0a\x98H\xb5)\x9c\xa6\x1a-\x03\
C\x95\x8e\x17\x83H\xcc\xe8\xf1\xaa\xb0\xb8<\xf0\xe0\xc3\
\x92\x1e\x18T\x0d?\xaf\x5c\xd0\xcd^\xad\x04u\x7f\xec\
\xe3\xe0\xea\xde\xa2\x0cX\xa9h\xb2\xe7\x01Oca\xdd\
\xaft(L\xe4Q\xb3@G\x917\xa8\x01\xe0\x84 \
5}\xbc\x9eV\xaf\xa2f)8\xcf\x91\x9f\xc5\x01\xe6\
\xc2U\x94\xcd\xea\x98\xa4'\xc3\x07N\x1f\xaa\x1aU\xac\
\xa0\x96\x22\xdd\xbawe\x9b<\xcf\x03\x07\xcd\xf0\xecp\
=ihJ\xfbd\xb6\x16\xb1\xe7\x5cI\x0f\x9e\x94\xfe\
\xd3\x0f\xc8\xe8+/Iqs\x1e\xa1<%\xc5\x8c(\
\xa8?\xe2\xdd \x00\xc3:\xddZ]63!\xb1G\
\xc8I\x884FT1*\x19o\x96=\xa0\xda*P\
\xa5\x99\xb0\x134\x90\xdf\x7f\xcf\xf6?\x0e\x8fjW-\
F\xdb\x1e\xac\x5c\x118.\xd2\x809|\xa5Z\xda\x96\
\xf9\xb1\x8b\xe4\xd94z\xbd'\x1e\x91\x86d\xb7z\x93\
\x0dxD\xa3xj$\x99\xb5\xdf[\xf7\x89\x11\xff6\
SI\xcbF'\x90\x0d\x13\x84m\x8c\xd2\x00\xc3\xee\xbf\
\xefA\xc0\xa6\xa2L\x8e\xdd\xb1\xc4\x1f\x9f\xe1\xe7X\x8a\
\xe8a\x03\x10P\xf5T\xd6\xfa\xb9q\xa8\xdc\x12\x07\xf4\
i\x80\xf7\xa3\xf0\xe5;\xce\x9d\x92\x1f}\xef\xe3\xd2\x92\
\x88\xd6w\x1f'\xf6\xfc\xf9\x97_\x96/|\xfd\xb2\xac\
\xaf\xe5\xcc\x82G\x10\x7f\xaf\xaeh\xf3\x06KD\xb9\xd5\
%\xad{\xb3\x9c\x93\xc7\xe6\xf3H\x87\xa5\xa4\x996\xfc\
`\x91\x11k\xefn\xed\xaa\xd5\xa5\xa5'K\x8d\xca\xbf\
\x918bX\xc0/\xc6a\xec\xc3\xcea\x1d8h\x92\
\xeaB{\x1b[\xaa\x06\xc3J\x00\xbd5\xe7\xd4k\x22\
i''\x8d\xf0\xa0|Y\xc5\x8du=\xc8>3-\
\x88\xd8\x8d]\x8b\xd9\x0d\x8a}\x18N:I1\xe1T\
\xa3B\xfa\xdd\xec\xae\xaa\xb5\x04p\x9d|v[\x22\x89\
\x06M@\x16w\xf7%\x96\x8c\xe9\x0b\xcb\xe13D\x08\
,K\xd1\x1bE\x98\x10C(S\xd9+\xd8i;\x9e\
\xf8C3|\xc7\x7f\xd8\x00\xa8\xf1\x16\xeb\x15lHp\
\xa8wL\xff\x0f\xbb/\x89\xacH[\xe6:\x11\x82\x92\
\x06\x1c\x86A\xce\x93\x02\xeb\x99-\xa5\xb07\x10\xa8\xcf\
\x8c0\x9b\xca\x17\xe4\xac\xe93\xc7[2::;\xca\
Z\x17\x8c)g=\x04m\xde\x01G\x0ck\xd5\xa2c\
\xbe\xf2[kz\xf0kV\xeb\xces\xec\xe8j\xc7S\
C\xdd\xd8\xdd#\xc7\xcf?\xa5\xf9\x9c\xad\x85\x19\x13\xd1\
\xe0\x0c6\xc4\x1a\xb5-\x97^\x9ajPJ\xc7\xc5{\
\xd7\xea\x119\x09\x1c|A\x1e|sZ\xf3Q\x8c\xf5\
\x9b\x01\xe1\x89.\xf2\xb9=\xcd\xe4\xaf/\xcfh\xbf\x03\
\x87\xb9\xb0ewosM\xfb\x14\xe2\x89\x94\x0d;\xc3\
Z\xb6TGa\xf5\xfb\x99\xed\xe7h<\x86\x99E\x5c\
\x93\x95\x05N&\xdaX_\xd3\xfc\x01\xa7\x17\xd5\xac\xc5\
f\xbb.\x93xT\xe2u\xe3I\x19<\xfb\x802P\
\xa7\xdex\x05\x8eg\xcf\x942\xbd\xb0zt\xd7\x86d\
Z\x01\xc3w\xc7\x93\x09\xd9Z[6y\x02\xd1\x8fH\
4\x15W\x91\xd6\x1d6\xa1\xc1\xc0\xe5\xb6\xb7\xb5\x0b4\
\xa8\xd0\xc5\xa6\x81\xfd\xf7\xee\xf9I_\xb3\x07]\xe7 \
$\xe0\xff\xe8\xf9[\x98lV\x0d\xc5uY\x1c\xbfL\
c\x16\xf2:\x07\xcfJ\xa2s\x18\x0f\x1d\xd6\x03AO\
\xeaX\x91A\xbf\x1a`(\x88>C\xd0h\x03\x90\x93\
\xcc\x81\x10\x95\x9a\x19It\xe2\xd4Ye\xaa\x8d\xdd\xbe\
\xa9\xcd\x10\x8ec4\xebj:\xcf\xbc\xa6\xd6S7\x11\
-(\xbc~$\x92P\x8am\x1c\x96/\x95n7\x90\
,P\x94\x87\xee\x19\x94\x8f~\xff;\xa4\x95\xfd\xfcv\
\xb3m\x16J\xf2\xb9\x17\xbf'\x7f\xf9\xe5\xefh\xb6\x9f\
\x14SB\xbd\x22\xcb\x93\xd8t\x84\xf4\xd4\xcf\x9b\xba~\
\x15\xe1B\x1a1\xf3\x0e\x10@QV\xe7\xe6%Pe\
\x02\xa4\xac\xd9u\xf2\xb0\x99\xb4[\xdb\xc8J/b\xfd\
\xe9+\xd7%\x14r\xa5\xf3X\xbf&\xe9\x06\xd9T\xc3\
\xa4!\xac-\xc3\x17\x86\x0c\xac\x08\x90.\xcc\xec\xef.\
\xbc$a9G{\xafN\xcdH\xcf\xc8\x88&\xae6\
&\xa6\xa4\x0c\xf4d\x04z\x1c\x89\xc1z\xb7\xf5u\xcb\
\xed\xab\x97%\x05\xe3\xd6\xdc\xdb#\xd3\xb7oK\xdf\xf0\
\x80\x12\x85r\xbb\x05\xc4\xa0\x1d\xf0@U\xedAhL\
\xc5u\xcd7\x16\x96\xa5\xa7\xbfG\xcb`\x8b\xe3s\x92\
\xced43\xbc\xb7\x93\x95\xb6\xcev-\x0f\xcdQ\x7f\
\xc1r\xc1\xc5\x9fE\xe7\xfbg\xc7\xa9\xab\x1f\xd5\xdbp\
\x0fm\x0a\xcf\xf3e\xca\xa4^\xd7\xaeZt\xd4\xdc\xdc\
\xa2\xd9\xfe=\x8e\x08C8\xc2\x10JGy\xd3\x00\x84\
\x0c\xc5U7\x9c\xe5\x84x*k&\x1a\x1eE\xe3I\
\xc3\xed\xe7\x9cAz\xfe\x9d\xac\x9d[\xe0\x1b\x00\x07\x06\
 \x0d\xaf\x0a\xc3\xc2\xceI\xcb[?\x8cM\xea\xa6\x05\
\xeb9\xfc\xd8yi\xee\xe9\x91\xb9\xe9\x09Y\x1d\x1f\xd7\
w\xc9d0\x097\xdcwL\xbc\xb1tI\x92\x94\xff\
\x0fK\x85\x0d\xb1\x18\xd0K\x93\xecs\xa6C\xb5b+\
\x16\x01\x18\x83\xaa\xc6\xe7;\x9b\xeb\x1a\x001\xf7\xa1\xd3\
\x85\xb0\xb6\xa4\xb03qI=I\x86\xa2b\xf7(\x1f\
\x93a\x01\xe1\xbe\xae0\xbew/\xbf\xa7P?\x0a\x03\
\xc4\xc1\xaa\xda\x08\xc6F.:X\x0a\x86\xe0;\xb6\x11\
FW\xc3$\x82\x9d\x90\xd6L\xab\x8c^\x05\xfc_\x9a\
\xc6\xa1\xad(\xb7\xc4Q\xef\x1d\xa8\xaf\xa5\xbe/|\x7f\
\x0c\x8e\x85\xdd\xa3\xa1\xea\xc1\x9a0\xac\xe2`\xd3\x00\x0c\
\x8e>+\xbc?\x91O\x99\x8dlJ}w\x8d\xa5\xf0\
Q\x99\xa2=W'\x14Q\xb6M\x0d<K\x83x\x19\
\x11\x84\x15L\x00R<;\xb71+k\xb37\xb9_\
\x82^*3$\x99#\xf7\xe0&\xa2R\xca\xe5q\x98\
L\xe7\x10k\x8b,\x19\xe98&\x9b\x01vU\xbe\xdd\
\xd4\x1c\x8d6@\x09\x16\xb3\xa0\xb5\xca\xae\x9e\x01\x19\x18\
\x18\x92\xb9\xa9qx\xafm3hS\x99q\xb67\x1c\
\x16\x95\xf5V\x0e\x9dLb3\xc4\xe3)e\xde\xa9\x91\
\xa0\x17)\xe7\xe4\xdc}#\xf2\xd3\x1f\xfb\x10b\xbft\
\xbdj\xc8l\xff\x9f=\xf7M\xf9\xd6\x1bwd|f\
U\xdbl\xd9\x94\x92L\xe1\x10\xae\xafJ{S\xb3,\
\xcf/J\x17\x0e\xce\xec\xdd\xbb\x9a8Z^\x98\x95\xb6\
DB\x0f)5\xfdJNIz\x8f\x1f\x97ex\xf3\
\xce\x8e.\x99\x1c\x9f\x94\x81\xe1\xa3\xb2zwB{\x17\
\xbaN\x1cQ\xa1\xce\xce\xde>YD\x08\xd3\x8c\xdf]\
G\x0c\xdc\xdd?\xa0\x92U\xdd\x03}\x80gk\x12\x0e\
qPIQ\x9aq\x8d\xad\xc5ei\xc1\xc1.1\xbd\
\x01\xcf\xb4\x8dk\xaa\x81$\x15\x98\xad\xd0\xc7\x87a\x0c\
\xaf\xebK\xef::\x22\xcb3\xd3X\xa3N\xd9\xe2$\
\x1e\xc4\xb3AMj\xed*l\xdc\xdb\xcf\xc3x\xa6\x94\
\x9e\xdb\xda\xd6*{\xd8\xbc\xbb\x1b;\x9amo\x08\x9b\
\x81\xaad\xbc%\xf0\x99\xad\xc5E)\xc2\x13\xe8\x01\x93\
@]\x18\xb3\x9e\xabu\x0f\xe2A\x9f\x9f\xef30j\
\xd6:\xb8~\xbe\xc0j\x0d\x9a\xff9\xd2\x0c\xefK\x14\
\xc6D\xdb\x0e\xbc\xd1\x06\xd1\x15e\xa9B\xa6\x17\xc3D\
\x10f4\x17\xf7D\x1c\x1e6\xd9\xd9\xa5\x89\xc0\x02\x8c\
c~\xd5H\xac\x89\x15\xab\xd0\xe4\x9eI?\x029%\
\x953\xb1\x8f\xbd\x11\xf0jv\x96\x80\x9f\xb6\xf05\xed\
\x8c)\xa0\x18\xc8\xd0\x03\x0fJS[Fr\xeb[\x92\
\xcdn\xa8^#\x8d\xa1\xcadY}H\xc3\xe6+i\
\x08\xc2\x90\x8d\x87\x90\x84\xa6\x8a\x98q\xf4\x9a\xcb\xb2\xb9\
\xcfj\xcd\x18<\xcd\x1d\x84\xcc\x9a\xb9\x15C\xc41}\
o\x94\x01\xb3\xe1\xa1U\xc4\xe23\xa8H\x8a\xa2\xa5\xaa\
\xd2\xe0\xb5\x9b1dd\xf3T7\x92\xe7\x84!\x03\x90\
,y&l\x0f\xa7\x83`\xa7\xde\xca\xd4\xa8\xacN\xdc\
\xa4\xcb\xb5C\x91\xac\x00\x08\xa7d\xeb\xf4j\xb3\xf2\x1c\
\x95\xde\xd8\xc4\xbc\xcb\x9a\x0e\xf4\xf4\xd7\xc1\xb3\x83Q\x14\
\x1d\xc3\xf1xv\x9cYngM\xf6\xf7\xb2\x16\x91\x05\
\xea\x1a\x81\xca\xaa\xc4\xba\xc4c\xc6\xd8\xf2\xdd\xee\xe66\
\xb1GK\x92\xe8\xeeTI\xb5`\xb0*\xeb\x0bwe\
{m\x8a\xeb\x1e\xf0\x22\xf1V\xe9;\xf10,o\x02\
1\xb1\x87\x9b\xd82\xc4\x02\xdb\x0b\xc0\xb2D\xd5\xb6\xf7\
\x06\x5c\xd3j\xab\xcc2\xc4Re\xb6\xca\xe2\xe1h\x0c\
b\xf0\x02'N\x9d\x91\xfc\xee\x9e\xac-/k\x1b#\
_F\x84\x99Zxw\xea\xde\xb1?\x99\x19f\xbe,\
Z\xf2\x1c<;\xc5\x1f\x1b\xe0\xf9\xdf\xfe\xd8I\xf9\xb7\
?\xfd\x11\x1c\xe06\x03a\xb0\x89\xb2\xf9\xb2\xfc\xd5\x0b\
\xaf\xca\x0bo\xdc\x06\xfc)\xca\xd2\xdc\x12\x16\xaaAV\
f\xa7$\x11k4\xb9\x84REV\xe7\x97\xa4\x0f\x87\
t\xea\xee\xa8d:3&G\x01\x88\xbe\xbd\xb0\xa83\
\xdah\x00(\xb4\x11\xe0\xecw\xbc\xed\xc5\xe9Y\xe9\x1f\
\xc2\xa1\x1f\x9b\xd6\x03\xd3sbDfX\xaeC\x8c\xc4\
\xb8\x89\x19lVD\xba`\x10\xa8\x08\xd4stH\x99\
\x82\xd9\xd5u\xfd\xfdT[\xbbl\x22L\x188y\x5c\
\x5c\x1c\xe4\x85\xb1\x09\xd9_\x5c1\x1df\x0c\x93\x80*\
zG\x86d\xec\xeeM\x85\x9e\x9d\xc3Gd\x16\xd7\x19\
82\x00\x0b^\x93M \x96L_\x9f\xb2\x077`\
HXZ\x8a\xe3\xe5p\x96\xdd\xc0\xf0\xa0\xec\xe3\xfeI\
\x17f\xc7\x1e\xdbR\xf7\xf3\xbb\xd2\xdaaP\x12\x91\x04\
C\x1b\x7f\x1a\xad\xe7s\xec\x1c\xf7 \x06<4\x22\xfc\
\xc0\x00\x88z\x9e\x83\x19^\x9eM\xea\xd6\x0c\x83\x0e?\
Juwk\x0f=7i\x0c\xc6\x99\xda\x8eD\x1a\xe1\
`\x83n,\x93F\xac\x1a!L\x9b\xac\xaa\x04\x8d\x07\
l\xc0U\x97F\xc7$@X\xee\xd3\x90\x1cC[\xe5\
agr\x93\xf7\xb5\x9f\xdd1y\x15\xd7\xe4!\x5c\xef\
 \x9b}\x80\x06\x5cf\xe3\xa4chD\xda\xbb\xfbT\
y\xb8\xea\x18\xf4\xe9\x1b\x00\xd2\xc3U\x0a\x9bq:s\
T\x01\xe3`T\x07\xa0f\xf2/j\xe8\xaa\xe6\xa0j\
.\xc8\xea\xf8\xfbm\xbd<\xd0\x1a\xbf\x8b\x11\x00uT\
\x05\xb8\xac\x94\xf7\x9a&Z]%=\xe9{\xad\x18\x0e\
\x0c\x0d\x02\x7f\x9f\xdfI\xbaqU\x8d\x8f\xab\xd2u4\
\x04\x95r\x01\x86}\x13!\xcc\x1d\xc9\x22\x84!\xc3\xd1\
4\xe8\xf8\xcf\x16\xd0g\xd6\xe4-\xd7\xd17\x00\x08\x1b\
w\xb66\xb4rdf\x04\xd8\x12\xbc\xf23B\x92\xee\
\xeaT\x04\xcbG\x0b\x01M\x94\xf3\xa6Jc\xb4\x08\x0c\
%\x9c\xfd\x09\x1e\xdb\xcb)vRs\xb5\xa2\xb6_\xd8\
\x96B-/-C\xfd\x86\xc8U\xcd\xcb\xfc\xe45\xa0\
\xe45:\x18\xdc\x0a<\x7f\xef\xb1\x87$\x10k\xd7D\
J>\x9b3B\x9f\x16\x92\xa9\x05\xf4\xeb\x8c\x8e\xc9\xf8\
jc\x10k\xaf\x0c\x07\xaaEmCe\x92e\x08^\
\xb5\x05\xd0\xd6\xf4\x14\xd4L\x89%h\xe4\xbe8\xd1'\
\x0f\xb8\xce?\x15+\xfa\xc1\xccl\x9a\x09\xbfG\x8f\xcb\
/|\xfc\xc3\xd2\xd3\xd6b\xfa\x9b\x99\xedG<\xfc\x17\
\xcf}G\xfe\xf1\x9bW$\x8f\x07+l\xeeHqk\
\x1b\xbf\xbb\x8fM\xb4\xa99\x88`CXJ\xf0\xa2^\
\xb1\xa2\x92\xdb\x14\xd7p\x11\x83F\x11\xcbS\xe6J\xa9\
\xbb\x1e\xfb\xccK\xaaB\x1bC\x1c\xba\x8dE&-\x98\
q}\x09P\x9c\xb5o\x92Q\xf6\x10\xe31\x13O\x1e\
y\x9e\x1b\x9fj\xb8\x9c\xac\x82\x9f\x07\x9a\xa2\xd2\x80\xe7\
(\xc0{\x07m\x08\xc3\xe7\x8f!vf\x82o\x17\x07\
7T\xf1\xea\xecG6\xb5\x04\x1b\x1b\x10{n\xeb\x0b\
bk\xec>\xfe\x9b\xe2\xa0!\xc03\x0e6mhJ\
\xe8\xa6\xe3\x0c\xf7\xa0\x8e\x96\x09\xeaFM\x00\xd9\x94q\
 \xb766\xd4\x00\xb0'\x9d?'\xe9\x85\x88\x80$\
\x16\xb3%\x03V\xef\xd0r+,M\xd7\xf3\x93B\xb6\
.\xac\xb0\xd0;\xe8\xcf\xa8O\x12\x173\x7f\xcf\x94\x06\
+*m\xd6\xdc\xdd\xa53\x0b\x99\x9f\xa1\xd8\xc4\xf2\xe2\
\x82\x22\x8d\xa0X\x0d\x04\x138\x18^\x00,@c*\
\xa5^\x9a\xcfH\x15\xa25\x18Q\xb6\xf5\xd6A\xac\xeb\
\xd5\xf3\x08\xd4\xc3\xe7\xbd\x16\xb1\x86\x01\xc6\xb9\xb6a\xc9\
9\x88Y\x0e\xc6\x89)\xa5\xd5P\xa5)\xcc\xcaY\x0f\
\x9e\xeb\xd4\xc5K\x08Ey\x8f\xda$$\xd6\xb32\x1c\
\xe2^s\x0d\xcf_\xb5\xf5\xac\x114\xd3w\x8d\xa4\x1d\
\xef;\xccC\xed\xbaV\xfa\xce\x17\xa0\x09Z\xe3a\xa5\
\xcck\xe6~h\xc0\xeb\xd3\xa9\xbd\x9a\x1d=n\x92\xbf\
\x9eM\x12\xf2\xb9\x02\x01\xe3\xd5\xb5\x03\x11\xef\xda\x01Z\
\x09h\xfe\xd6\xd5<\x841\x86\x07(@\xa9\xd4\xcc\xd2\
\xf3\x87@\x96\x94\x9a\xcfa_\x07m\xb3\xb0Vxl\
\x06\x96ae\xaa\xb3C\x82\xecO\xe0Y\xd8\xd9\xc4^\
\x5c1\x0dB\x87r\x00\x9c4\xc5\xde\x89\xc6\x86\xb8\xe6\
2x\xef\xf9\xc2.,5B\xbc\x81^\xfd\xae\xca\xde\
:\x9c\xcbU\xa9\x969\x7f\x01\x08\x80W\xc8\xf4\x9d\x96\
T\xd7\x09\xfd\xea\x22\xe0l\x91s\xeb}\xddq\xcd\xd0\
\xd6\x13\x00\xea]\xb5\xbc\xa0\xf4\xc3\xb2.,\x09A\x84\
aT\xeb\xe9\xed\x1f\x94T*\xad/\x89C-vw\
\xf3:\x5c\xa1R\xad)\xe3\x8f\xbd\xf4\xcc\xf6\xeb\x00C\
l\x90g\xdf\xf5\xa8\xfc\xccG\x0d\xc3/`\xc3\x86\xd5\
\x9d\xbc\xfc\xd9\x17^\x92\x17_\xbe\x8e\xdf/J\x9e1\
]\x1e\xf0ooO\x1f\x88,?\xb6:\x920\xc2Y\
y\x01&\xc7(cf\xc7U\xb3\xfc\xc4\x8c\xbc\x8az\
p\xbc3\x0c@-\x10\xd0\xb1\xc9U\xf5P\x8e\x9d=\
o\xaa\x11\xfe\xe0I\x9d\x1a\xcb\x11O\x8c\x1f]#\xed\
\xedj\x96\xde\xb3/\xc6\xb4+\x9b\xe4ZEu\xf6*\
*\x08\xa2\xe4\xdd\xfa\xc9\xe2\x0b\xafZu#\x86\x00\xa4\
\xfc\x86\xd4\xeb\x05\xecLx\xcb\xd0\xaf\xf9\xce\xda\xb31\
\xbag[|\x8d\x91\xe5\xfd(_\xc2\xd2=\xf9Y\xea\
\xe4\x07t(F\xa0\x9e,\xb2>\xb3\x9e\xb1\xf7\xa7\xed\
\x06,\xb4V\x1a\x90\x9d\xad\xe5'\x08\xcd\xa6\xb1e#\
\xcf\xf4p\xb8\x9a k\xd5\xf2\xda\xd6\xc6\xa6\xec\xed\xe5\
\x0c\xc5\xd9\xf1\x0d\x80Qm2J\xc1\x86A\x18\x87\x11\
\xe4\xe6\xe7ti\xa7X\xb6\xdfg\x1b\xc9\x1d\xe3\x85\xf9\
La\xcd\xf1\xb80\x00\xbb\x9a\xe9V\xf5\x9c\xc3\x87\xbf\
\x9e\x13\xb0F\xc0\x8a_\xd6\x1c\xb3\x9e\xf4\xc8U[*\
\xd1&2>\xbfcj!\xae\x15\xc6d\xebsM\x0f\
\xb6\x9dDD1\x15\x9d\x96Z\xd1}\xebKg\xd7\xdb\
\xdc\xeb\x9f\x13+\xb2jC\x11\xc79\x90\xea\xb2\xdfq\
\xb8\x22b\xde\x15\xf7\xdb\xbe\x11\xc1Q\xa2dP\xdfu\
]\xe1\xcf\xab\xd9\x04\xad+~ T\x9f\xe7l\x9bv\
L\xf3\x9c\xa8\xc6%\x13\x9b\xf9\x5c\xd6r#\x9c\xfaw\
\xab\xb0\x0a\x8d\x07\x0c3;\x1c\xf9w{\xda\xe3_\xb2\
\xef\xcd\x9f\xce\xe5\xd43\xc0\x1c\x97\xee\xbaf\xf2\x11;\
+\xe3\x1dm\x12e5\xcd\xad\xca\xce\xca\xa4\xac\xcd\x8f\
*Y\xca\x0c1b\xed3\xd9#\xddG\x1f\xd4\xa1\x92\
\xe4\x9b\x17v\xf7\xf4\x80\x8b\x95\xb8\xd2\xa6\xa0:\x8c4\
}\xd0\xa6=\xb8\xa2\xc9\x16\x9d\x22L90\x9b1\x0e\
\xe3\x80\xb3\x8c\xa2*7\x9c\x9a\xca\xc9\xb7\x11\x1c\xf8\x08\
\xc2\x00\x8d\xfd9O\xdd\x91\xa7\x1f=)?\xf7\xb1g\
\xa5\xbd\xa5I\xcb6|\x88\x95\xec\x9e\xfc\xd1\xe7_\x92\
\xef\xdeZ\x00\xe4\xde\x80w/\xe8\x88\xaf\xfcVV\xf6\
\xe0\x15c\xf0\xac\xab\xf3\xf3:\xde:\xd9\x92\x92\xb5\xc5\
%\x1d\xd6\xc8\xde\xf9y\xf2\xc3\x015\x13\x80\x8f\xda\xee\
\x0a\x18O\x82J\xd5)#^m\x96\xa6\xd6\x8c\xac/\
-\xa9\x15m\xed$\xdbnJG=s\x94\xf7\xf2\xdc\
\xbc\xb4 \x9e\x8d\xa5\x9aeuz\x06\xf1v\x93D\x80\
\x0c\x16\xa6f$\xdd\xda,\x0d\xb0\xfa\x1b\xeb+\x80\xe2\
m\x0a\x13\xd7\x96\x16\xa4\xb5\xab[\x9fm\x05\x9f\x97\x92\
iq\xe6c\xa42\x19I\xb4\xb6\xc8\x12B\x90(B\
\x1f\xce\x06\x5c\x99\x9c\x92\xce\xde^x\xb30 \xd8\xb4\
ttu)l]X\x98Sx\xbfO\xd5\xe1\xb5u\
\xa5\x1a\x13\xd9\xcc\xe1{[{z\xa4\x04\x83\xbc\x0bD\
\xd2\x8e\xfb%\xea\xd8\x5cZ\xd68\xd1\xf5\xdb||z\
^\xbd\xa3\xec \xb66\x99`\xdb\x93\xe1Yf\xa0%\
\x0a\xf9qw\xcdo-\x16c(L\xe5\xb0fe\xda\
mS\x98\xe3\x1bI\x1f\x17J\xbd\x0f\xa1\xe6;\x09\xb1\
M_b\x12\xa1\x8eW\xef\xd6\xd7\x83\xcb\x11\xe4L\xc8\
\x11\xf1\xb85{\xf6\xad\x98\xa5s`\x07\x0e\xe6\xe1\xd5\
\x93\x98\xa6\xd9\x85\xb8\xa2\xa1\xb9E\xe7<n\xad,\xa8\
nb\xe7\xe0\x88,OOIm7g\x0c\x7fc\x5c\
2\x83\x83*\xfaRA\xd8D2\x17u\x1e\xe7\xa7\xc6\
_\x0c\xfa)\x00\x009\xdcIDAT\xd5\xa8fz\
\x07\xf1\xbb\x8bJ\xf7\xed\x1a8\xa2!\xce6\x0cWS\
K\x87\xee\xeb\x9d\x8d\x15\xfcw;\xc2\xde\x06\xc9.\xcf\
\xeb\xdat\xf6\x0d\xab\xb2\xf0.\xbeS5\x1f\xb1\x0e-\
\xdd=\xba\x87\xd6\x17'\x11\xd62\xe6O\x1a)y+\
\xa0\xea\xd4\x0b\xa6\x07\xb3\x12\xd5,\xdaI\xd4&\x02s\
\xf4@2\x07\xe5rx\x09\xe1z~\xc7\x1a3\x13\xdb\
+\xca3\x9e\xd7\x1ep\xd7\xf6v\xd4lK\xb8\x91\xee\
w\xac\xba\x94\xf8Mw\xe27\xf4\xe1\xf3\x80\xfd)\xec\
;\x01\xc2p\x80\x9eW\xa6\xaf\xca^vY\xef\x05{\
\xc0Q\x83\x17\x08\xc5\x11\x06<\x00\xa8\xda\xae\xb1\x09Y\
P\x94h2\xac1SS\x14\x1f*\xe9\xadX\x95\x12\
&\x03I2\xb0\xd9d\xa5]R3\xddum\x03E\
\x83Q\xf1\xe1\x88e\x1c\xfap4\xa1I\xc08 \xc9\
S\x8f\x9c\x92\x9f\xfa\xa1g\xa4\xbd\xb9\xa9\xee\x05Ww\
\x0a\xf2\xe9\xbf\xfe\xaa|\xf9\x95\x9b\xb8\xf1\x04\xc2\x915\
i\x8c\x04e\x1b\xf0\xb2\x090iifJ:\xe0\xa1\
\x16\xe6\xe7$\x95N\xc9\xc6\xe6\x9a\xf6\xee/\xce/\xca\
\xe0\xf1\xa32s\xe7.b\xc6.\xe5p\xa7\x10\x0fn\
L\xce\xc0N\x15\xa5\xe8\x96\xa4\x07\x7f\xbf\x054\x92\xc2\
\xf7\xcf\xcf\xceK\xf7\xd0\x80\xcc\xdf\x1c\xd5\xb8\xad\xe7\xc4\
\xb0, \xe6\xee\x18\xe8G\xe8\x91\x97F\xea\xe1\x15\xb0\
I(\xe0ygTE=\xa9{\xc8\x84\xa2*\x17#\
^[[\x98\xc7\x86\xea\xd5$`a\x1d\xdere\xd5\
\xbcx\x18\x8a\xfe\xe3'$\xcb\x92\x18\x9e}mm\x03\
\xdf\xd5/S\xd7\xaekK1[\x8392\x8cj9\
\x9c{X`O>Uh\xf1Y\x92\x9a\xf8]\xb5\x86\
\x06\x1c\xf4M\x09\xc7c\xf8\xce*6s^\xa2\x89F\
-M\xaeLa\xc3\xb3\xacec\xff\x9asX\x8dW\
\x0e\x0c\x80\xefK\xbd7'\xd8\xc4\xb1\x93u\xfd\xea@\
\xcd\xf7\xear0\xdf\xae\xee\x89m\x88q\x00\xa6\xe5\xe0\
k\x1c9\x1c\xbd\xfb\x1e\xb2v\xf05\x07\xa1\x06Kd\
q\x93%\xa78\x8b&\xe6\x5c\x03\x8f\xfd\x13\x7f@9\
\xb7\x09L\xdf\xa9\xd9p\x91\xde\xbe}\xe4\x84D\x81.\
\xc7.\x7fO\x12\xe9f9u\xeeI\xb9\xf5\xda\xab\xb2\
\xcf\xc6\x1a\xbc\x97h\xaaU\x86\x1f|H\xee^|U\
\xf28\xcc\xe9\xce\x1e\x19<zJn]zC\xef\xac\
\xff\xcc\x832?v\x131\xfa\x96\x9c~\xe4qx\xc2\
y\x18\x87I\xe99vFU\x85\x16\xc6oI\xe7\x91\
\x93\xda04\x7f\xf3\x0d\xdd\xd7\xc7\xee{LJ\x88\xf5\
\x97n^2\x9a\x8fphC\xf7>\xa8\xda\xfe\xe3W\
\xbe+\xc9\xa6\x14\x1c\xc1\x90,\xe2w\x1dv\x97Z\xe3\
\xe83:\xeaF\xd6Rr\xfdg4S~*\x9a(\
\xa5\xdc\x19\x1df\xa9h\xdf\xab\x1d\x1a\xc3\xb0\xc4\x1c\xfa\
Z}\xcd}\xbch\x9a\xc0j\xfe\x97\xd5\xc3\x05\xcf\xe6\
xL\xe9\xddU\x15\xa08\x1c\x1b\x11pu\x7f]\x16\
'/\x03\x05\xef\xfaN \xe0)\xd4\xc4!h\xee8\
\x22m\xbdg\x94\xb4\xc16V\x86\x025\x1b\xcf)\xd5\
\xd0\xef:\x13_.\xbabx\x01\xf6\xa1\xb4C\x99\xc8\
\xc0z\x17&j\xc2\x0d1\x1d}\xcd\x8c7\xb5\xd0\x1a\
\xf0\xa7%\x1e\x92w\xbe\x05\x87\xff\xc3\xefQ\xa9,\xc7\
\x96\xa4\x96\x01\xfbI\xef\xfd\xca7.\xe1`\x17tB\
m~\x1b\x06 \x1a\x90\xcd\xec\x16\x0ez\x93,\x22\xc6\
\xeclk\x95\xd5\xd5\x15I\xe2wW\xd6\x96\xa5#\x99\
\x92Y\x1c\x8a\xc1c\xc3279!\x9d\xf0\x9ak\x88\
\xc9\xdbS-:\xb2\xcb%e9X\x91\xee\x93\xc7e\
\x09\x88\x22\xd3\xdc\x8a\x18hRza\x00\x16\xc6&\xf5\
\xf9\x98\xb0c\x15\xa0\x0d\x07\x9a\x12e\xcd\xd1F\xd9\xda\
\xccJ\xff\xc8\x88\x0aTfp(7\xe1-\xa2\xd4\xfb\
\xc3a\x8c#Ng7W\x1b\x8c\x0di\xc6\x1cw\xc5\
\x91\x5cD\x9bN($\x03\xc7\x8f\xcb\xca\xce\x9e\xb4$\
\xd22?\xbd\x80\xeb\x1c\x91IJ\x8b%\x12\xd2=<\
$SwnKKo\x97\xce\xde\xa3\x9e\x1ds.\x0d\
\xe4%\x00\xe5t\xe0\x9ae\xe6\x06v\xf6U\x1f\x9e\xe5\
+\x0a]P\xc6\x89\xb5\xe2\x0d\xa0\x8d\xd2v\xae>\x17\
\xc0\xb0\xca\x9c\x03X/~S\xa0\xed\x0a\xb4I\xa5\xba\
\x11p\xbcC\x1e\xd7\x8fY\x0e\x0e\xe1\x9b\xd8\x02\x96\xc2\
\xed\xd4\x91\x84\xbf\xc9\x0e|\x94?\xb7\xbe~\x90m'\
\xa2c\x89\x07\xfe\x15\x99\x08&\x8aP\x03PG\xfa\xce\
\xa1\xef\xad\xdf\xbd\x85\xe1\x07hC/\x05H\xdby\xfc\
\xac4\xc2\xf0\xdf~\xe3[*Tr\xe6-O\xc9\xb5\
W^\x96\x0a\xdb\x96\xb1\x87\x22X\xef\xe1\x07\x1e\x94\xdb\
\x17_\x91\xfd,E^\x06\xa4\x7f\xf8\x84\xdc\xba\xf8\x86\
\x86n\x83g\x1f\x91\xe9[W\xac\x01x\xab\xac\xc1\xcb\
s\xf8\xeb\x913\x0f\xe9\x1aO\xdd\xbe*\xed\x83\xc7$\
\x8a}:\x7f\xeb\x82\x8eC;v\xef\xa3RF\x08\xbb\
|\xf3\x1a3!J\xfe\xea>qJ\x19\xac\xa3\x97a\
\x00\x92\xcd\xd2\xd9\x7fLf\xef\x5c\x17\xafT\xd05\xa9\
\x8f\xe8\xae#\x00\x1b\xdeX#\xe0\xe7\xd4L\xa0(F\
\x00\x97\xb9\x1e\xcd\xaf9u#B\xde\x04\x8dd\xb5>\
t\xfd0R\xaa\xd9w\xe9;fc\xf9MHh\x83\
\x0e\x12\xbd\xb0\x9f\x02\x9a\x80\xad\x02\xd5\x8c\x01UO*\
K\xd1\xde\xa1!\x14\xf2B\xa1hR\xfa\x8e>\x22\x81\
hZ-\x16I\x17&\x1bZ\xb5\xf1\x84W\x7fG\x8e\
\x8d\x81<\xcbt\xf3\x09\x07&\x0c1\x04\x22\xea\xb2\x05\
\xb5\x99'\xaa<nN*e\xc2\xef\x89\x07\x86\xe5\xdf\
\xfc\xe8\xb3\xd2\x96\x8e\xdb\x87\xf5dc;/\xbf\xff7\
/\xc8K\x97\xa7\xe0\xbd\x0b\xca\x95\x8f\x84\x5c\xd9\xdb^\
U\xf6\x13y\xf0\x95\xfd\x8a\xac\xcc-j\x89ps}\
\x0d/)\xa6\x07\x22\x07c\xb0\xb9\xba,\xbd\x83\xfd2\
7;%m\xed\xed\x12\xc7\x03o\xafmI~s[\
\x02\x940\x83\xa5m\xee\xef\x93(^\xd6\xe6\xd2\x8al\
\xaf\xaeJ7\x0e5\xa9\xa54]\x1d\x94\x05Gh\x90\
\xe9\xe9E\xf8\x90\x92u@\xf7r\xa9,\xdd=\x032\
=3\x09$0\xa0\x07lmvNc\xbbh<*\
\xeb\x9b\xab:\xf5\x97fq~jB\x84\x09E\xcbr\
\xec\x1c\x18\xd2PgcyC\x0ax\x9eN\x96(\xc7\
\xefj%\x84\xc6dzl\x14(aDa'\xeb\xfa\
\xb4\xafa\xac\xd5\x0e\x0e\xc7\xd0\xf0\x88v\xbc-N\xcf\
K#\x9e1\xa8\xcaA\xfb\x92\xce\xb4 N\x0ci\xc7\
#\xc3\x0d\xd7\xb2\xf9\x0e1u\xed\x99>\xe8\xbct\xfc\
n@\xcf\x9f:\xeb\x1d\xfe\xa0}u\x87\x18B\xf5\xc3\
,\x07\x1e\xd8\xf1\x0e\xbc\x8c\x1f\xff\x9a\xb6'k\x00l\
\xa3P=aeb~\xd36k\xbc\x1dQ\x0a\x89<\
\xf4h%\xb2\xf9\x0e1\x00\x0es\x01\xde\x14\x06\xd4i\
\xad\xd6\xe8`\x0f\xc6p\xa0\xd931{\xeb\xa2V\x93\
\x8e>pN\xc6/]\x10wo[\x13\x935x\xd2\
\x9e\xd3\xa7e\xfa\xf6\x15\x04\xbf{:\x98\xa3\xa3w@\
&n\x5c\xd5\xfb\x18\x847\x9f\xbb{C5\x22\x07N\
\xdd/\xab+\xf38\x10@\x8f'\xee\x93\x22\x8c\xf8\xea\
\xec\xb8\xc4[;u\xe0\xeb\xd6\xec\xa8f\xef3}#\
\x08\xf9<\xd9\x9d\x9f\xd5\x9c\x0aC\x006\xd5p\x86\xe3\
\xc2\xd8\x0d\xed\xda\xcb\xf4\x8e\x00Y\xdcVYv\xb3\x5c\
\x07\x86\xac\xee\x99\xebTO\xf3o:\xccH4\xae\xc8\
\x8f\xcaP\xa6\xc2\x10\xd2\xe1/\xd5\xf2\xbe\x86)\xaa\xb4\
D\x03\xe0xu\xe3\xeckl\x1a\xde\x87w`H\xad\
,\x9b\xff\xbe4\x03\x01\xa4\x9a\x84\x01\xa0\xc6\x85W\xd9\
\x85\xf7\xbf*\xe5\xc2V\x9d*\xce\xe0\xces\xb4l\xe0\
\xa98Cg\xff\x19Id\x86\x8cx\x04\xe2\xfb}\x8b\
\x02,\x0b\xd5\xc6\x94\xae\xc6\x84\xbe\x11\xf8\x17\x16\x09\x07\
 \x186\xdc\xfe0\xbc6\x8d\x00{\xbf\x13\x80\xf2\x1f\
|\xf7\xa3\xf2\xa3\xdf\xff\x94tpb\x8fe\x95qD\
\xf7\x9f\xfe\xfd\xd7\xe5\x1f\xbe\xfa\x86\xe4\x0aU}\x11e\
R{\x8b\xbb\xda\x05W\xa6\xf6:c\x9b\x0a\xbe\xafT\
3\xa5\x13zD~){\xf3\x01\xa39\xfd\xd4\x0b\xd6\
\x94\xf2i\xe6\xda\x85M\xb3\x8c\xa5\x5cR\x02\x89z\xec\
\xdc \xfb{{\x0a\xf7\x82A\xa3\xce\xab\xca\xc7l\x9c\
`R\x87\x0c0\xd6O+F\x98#\xe0\x86\x95\xe3@\
X\xaf\xfd\xfb\x96\xfdX\xf3(\xad]R\x0f\xadI:\
2\x0d\xbd@]\x90\x83\xed\xbc\xe2\xf2E\xd6tp\x04\
\xb3\xd9\x9e\xcei\xc7\xf7\xc0\xb0y\xa5}\x0d\x95\xb4\xa8\
\x86\x9f\x9b\xc0\xcf\x94\x86B\x013\x02M\xef\x9f\x99e\
&&=\xc3\xdea\xc2\xc9\xa9\x94l|\xec\xb7\x82\xda\
*\xbfc\xd5`|\xc7\xeax\x16::\xf5?\x87c\
mU\xe6q\x0dV\x7fs*\xce9\xd8d\xae\xd9\xb8\
\x86\xf3Q\xb5\xf1\xa7m\xe3f\xca\xcb1\xd4\x16\xbf\xfd\
\xc0;\x08&\xb4\xc3\xcf\xc8CR\xa6\xda\xd3<\x0e\xf9\
\x02ev6\xd2@\x04\xdc:\xa8=@\x00\x87\x0d\xc0\
!\x83\xa5b&\x08#\xda\xbb\x14Il\xcc\xdeU\xf2\
N\xe7\xc8\x19Y\xbe{S\x82\x80\xcelq\xad\xe0\xfd\
\xb6\x8f\x1c\x95\xa5I\xfc=\x9c\x17\x8d0\xc9\x5c3w\
\xaf\xeb\x9a\x0e\x9c='K\xe3w\x14\xc5u\x8e\x9c\x92\
\xf5\xd5\x05)\x00)\xb4\xe3\x90\xe7\x10\xc3\xefo\xafH\
\xb4\xb9M{\xe9s\x8b\xd3\xb6\xb9\xa9O\xd9\xf1\x85\xd5\
\x15\xc3\xde\xc3\x1dG[\xdb\xb4\xde\xbf\x02#\xc1\x16\xe1\
Xk\xb7d\x17gM\x09\xcf\x1a\xc5C\xa0\xe8\xc0\xb0\
\xaa\x01\xa0Y\xa9(\xfd\xb7\xbd\xfb\x18\x96'\x22\x95\x0a\
\x13\xef{\xb8f\xa3i)/\xef\xca\xd6\xda\x82\xc9+\
\xd5\xdc:\xac?0\x87\x8e\xef\x89\xeb\xa8\xc9\xd0\x8bm\
\xd5\xc71t\xe2DGFC\x00\xa6\x12\xf66\xe7\x11\
\xf2\xdc\xd1\xe4\x9fU\xe8\xb0\x95#/PG|\x8d\xf1\
\x0c\x16\xe6~,\xa6\xd16\xa3\x0a-'\x06\x9b\xa1\xac\
\xb6\xe1D\xe7\xa5\x87\xeb:\x01F\x83N\x0cJPn\
v@\x89\x12\xa4\xf864\xa5\xb5\x84\x13\x0e\x07\xe4\xed\
\x0f\x1d\x93\xff\xed'\xbe_:\xe0\xf9M\x1d\xd4\x91\x8d\
]N\xe9}E>\xff\xe2E\xd9^\xcf\xe9\xc1'\xa1\
\x84\x87\x9f\xe5\xc5\xf2^\xde\x08`0,)\x92\xf4\xe1\
\x99\x11\xcd\xe5\x92\xc9J\x0797\x8d\xa2\x89%\xed\xd1\
'S\x8c3\xdb\x98l\xe2\xe17\xd4\xcb\x9av\x11V\
\x19c\xe1'\xacp(9U\xa7\xde\x96\x95\xdb\xc0\xba\
\xee>u\x0e=\xd35F}v\xd6\xbdY\xdb\xd5\x99\
lJ<qt\x94\x9729\xb1\x88E\x18&\xce\xd0\
#\xe1C\xab\x06\x12:(\xcbq\x88i0\xaa\xe5F\
\xae\x0by\x015\x8a\x86\xb0L\x85\xb5\xe1s\xea\xa4#\
\xd6'8\xb95\x1cP,\xa63\xf6\xb4\xc6\x1d\xd4\xca\
\x06\xf3':\xde\x8a\x12\xd2\xae\x11\x22\xa1Z\x91/\xa9\
\xad\xc3 \xea\x14d\xaf\xce\x030\xdb\xc3o\x01\xf6\x85\
3\xa5N\xcb\x16\xf1K\x5cn\xbd\xd2s\x00\xc9\x9d\x03\
\xefk\xb3\x9ae\xd2\xc3\xd9\xef\xce\x11aZEq\xa5\
!\x1cU\x0e}\xb9\xc8\xae\xc7J=\xa3_\xf3C\x06\
\x9f\xaeL\xc6 Y\xa5\x9cq\xc0\xf7X0,6\x0a\
v(\x8b\xb1\xe6\x7f\xcf!D\xe0S\x8e\x1d\xa7\x1eJ\
\x90&\x1c\xc9tJ\x08\x06`\x13\x06\x80\x9c\x92\xee\x91\
{d\xf9\xceM\x09\x94\xb0O(C\x02\xe3\xddq\xec\
\xa4v\x85\x06\xb0GB\x88\xe5\xdb\xe0\xad\x17&\xee\xe8\
\xbe\xed\x81\xd7_\x99\x1c\xd7=\xd3u\xf4\x1e\xd9@\x08\
\x99\xcf\xae\xc0H\xb0#4\x0b\x03\xb0*\x91T\xabz\
\xe1\x9d\xa5Y}\x97i*fUq\x16\xd6\x96\x8c&\
?\xee\xac1\xdd\xac\x07\x7f\x0d\x88A\x1b\xd7\x804\xb2\
\xe4\xf1\xdb$\xa0?\xd0\xb3\xfe`\xf5\x93k\xa4\xbcJ\
d#\xb6uKSs?\xde_@+U\xea\x8c<\
S\xc1\x80W\xc3\x81]Q9;\xb7\xfe\xeb~\x8d\xc4\
=0\xe4u\x03\xe9J=\xcd\xe0\x18aPU}\xea\
\xee\xc0~\x85\x13\xa9\x15\x81nni\xed\xdf\xb3\xa5'\
\xdf-x\xf5\x12\x82\x18\xb6^f\xe0\xb4\xc4\xd3}\xda\
\x84\xc1\x9b\xcd\xa9\xc0a\xad\x9e\x11Vze\xe0 $\
 \xd9G\x95p\x5c#\xf2\xc0\xb6^\xf6\x9bs\xb2\x0b\
\xc5\x13\xa3\x8d\x8e\x9c\x7f\xe8\xa4|\xfcG\xde/=\xcd\
M\xa6\xd4\x87\xdf[G\xcc\xff'\x9f{Q^\xbe\xb6\
(+\x1b8\xf8\xd9\x0diI\xc5d\x0e\xf1<\xf9\xef\
\x8d\x8da\x95\xed\xa2R\x11[.\xa9+\xbf\xb6\xb4*\
#\xb0\xf0\x93\x93\xd3\xfa\x92z\x06z\xe56\xe0]\xa6\
5-Ml\x07\x9e\x9f\xd3\x05cV}ebF{\
\xa6\xfdWAM\xf5\x8e\xa1#r\xf7\xda]@\xeb\xa8\
t\xf4t\xc8\xc4\xad\x9b\xf8w\xa7\xc2\xb8M\xc4\x85A\
\xd5`\xc3\x7f//+'\xbe\xbd\xbbW\xee^\xbe\xa9\
\x93\x80\x1a\xf1\xfb\x0bS\x93\x88\xef\x87TEhv|\
R;\x07iHV'&\x0d\xda`)\x0a\x877\x8e\
P\xa3k\xf8\x98\xdc\xbdzM\xd2\xb8\xb7X\xa6Y\xa5\
\xae\x07\x8f\x1e\x91`$\x84\x90aJZ\x10\xcaD\xf1\
\x1d3\xb8&%\xbf\x99\x07XCH\x92\x19\x18T\xc4\
\x91_]\x97\x8e\xfeAM\xa0\xb2e\xb8\xb5\xb3]\x11\
\xd9\xe6\xd4\xac\xddH\xda\x89\xa3\xa3\xb6\xa8\xca\xc3\xea\x82\
gKB\xcc(Wm\x17\x98\x96n\x15\x95Xb\x09\
\xab;\xf8S\xa6*\x11\x0cT\xc8\xf3%\xc4\xea\xedD\
\x07\xc9&K7\x0e#&\xee\x1e\xeaUcE\xc5%\
\x1e\xdc\x08\xc7\xb6E\x1a%\x0b\xcf\xb9\xb54oe\xde\
D[\x8d}<c\xfc6\x0c\x00\xbe\x83}\x18\xda\x0d\
\x88\xd0\xc9\x01b#\xab\xd2ojyS\x18P\xdf\xf0\
\xb6b\xeeW\x01\xd8\xfb\xc1\x0c}\x22&\x1b3w\xb4\
+\xafo\xe4\xb4,\xd1\x00\xb0+\x15a\x1e\x0d@\xfb\
\xb1S\xb2\x88\x03\x1f }\x18\xe1l[;\xc2;\x86\
h\xf8\x9e\xae\x93'Ut\x85j:\x9dG\xef\x85\x01\
X\x95\xc2\xf6\xb24\xc3\xcb\xef\x03y\xeeo\xaf\x1b\x03\
\x80{\xdb]\x99\xd3\xbb\xa7hn\x8d\x06\x80\x83Pl\
\xb5\xa4!\x99\xd2\x11f\x1bs\xd3x\x9f1iJ\xb5\
\x01M\xac\xb1m\xc9\xdc\xef\xa1\xc4\xe6\xe1\x96l\x12\xae\
j\xda\xf5\x18\x94\xd6\xdec\x08#Ru\xce\x82X4\
\xa7\xf4k\x96\xd5\x0bY\xd9\x86\x11 \xe25\x19\xd3\xaa\
\x0d\xbd\x82uu\xad\x7f\x99CqM^\x01\xce0\xd9\
\xd1\x89\xd8?\xae\xc8h/\xbb$\x9b\x8b\xa3\xaal\xac\
\xe1\x9as\x08G\x1c\x18\x00\xf3\xc3h\xacY\xba\x87\xef\
\x95Z8\xa9\x82\x9d\xd4&\xd7\xd9h\xdch\xda\xc1g\
\xea\x93\xaek\xbc\x8e\xf6\xf1\xdb\x89\xbd!\x95\xef\x0a\xeb\
\x08*6\xbd\xa4\x80\xfe\x9f|\xf4\x98|\xfc\x87\xde'\
\x99T\x8b\xd6\xe7y\xf3\xeb;\xfb\xf2\x99\xbf\xfb\x9a|\
\xe9\x9b\x17\xa5\x1aj\x02\xd2(HnyA\xdbx\xd7\
\xb0\x90\x096@\xe4\xb6\xa49mZJ\x99\xe4k\xc3\
\xef\xcfc\xf3\x1fA\x8c\xbc\xb4\xb0$ExE&\xfe\
&GoKgg\x9bln\xad+\x87\x9d\x0dM\x03\
G\x06emj\x0e\x1b\xadV\xdf\xd0\x15X\xc2\x9ec\
\xc7e\xf2\xee\xb4B\xda\xfe\x91\x01x\x86ql\x22|\
vmM\xbaz{$\x0fD\xb2\xb9\xb6.il\xb2\
U\x5cg\xe8(\x8c\xcd\x8dQ\x09r\xdcxW\x87\xac\
.,HG_\x97\xecr\x8c8B\x17F\xc1-\xad\
\xcd\xb2\x80\xc3\x1d\xac\x19\xf9\xe5\x0a\xe5\xcc\x80\x22\x86\xee\
9+c\xd7oj{2\xe7\xf1\xcd\xe2\xbbz\x8e\x0c\
hB\x93\xa3\xa5\xb8\xe2\xecn\xe3\xc6`OC\x9c\xb2\
\xe08\xe8\xc9LF\xa2\xa9\x84\x0e\x86 \x07\x9c\xc2\x1b\
\x95\x5cQ\x9b\x8b84bet\x5c=\x91Nm\xe3\
!\x8fGe\xf0\xb1GT*\xabB\xaa,\xee#\x99\
i\xe5x\x9f:J\xd4\xc6\x1dj9\xd4L\xf8\xe4 \
T*\xaem\xca\x0a\xee;R4\x99h\xb1}\x04>\
Q\xd0\xa8\x0d\xc1\x16\xc3\xc0w\x1c9\x22\xdbk+\xa6\
\x93/\x1cP\x16^\x19\x88\xcc\x0b\x86\x95R=31\
\x01cb<;\x13\xca*\x88\xe1\x99\xb2W\x85\xbd\x11\
xw\xc9L\x87J_g\xe1us\x1b+\xcap\x14\
\x8b\xd0|\x10R\x8f\x97m\xf9+P\x9f\x9dg\x88A\
\xa1d\x0b\x8cQD\xb6\xe6\xc6\x94\xa4\xd5\xde;(\x8b\
wnh7&\xf7U\xcd\x09K\xdb\xc8\x09Y\x9aB\
<\x8eP)\x1ak\x85\x91\xeeU!XO\x0d\xc0\x09\
Y\x9e\x1c\x03\x02\xcbI\x07\xc2\x87\xcd\xf5U\xf5\xfa\xc6\
\x00\x14\xa4\xb4\xbd\x09\xc8L\x1e\x84+\xbb\xab\xf3\x8a\xa1\
\xd4\x00\x00\xd6\xe4\xd7\x16\xb5\x1d\xd7\x90\x9ah\x00`\x88\
\xc8\xf4\x03lO\xc2\x00\xb0\x936X\xab\x1e\xca\xca\x1f\
\x12\xd7%\x0f\xc1\xbe\x07\xd1Y\x8eq\x5cw\x00g\xa6\
\xc1&\x0c\x95kl\xc7\xe2q(MY;\x17s\x08\
OT_C9\x11\x15\xcbI\x08\xd9\xa8\xe8_\xe6N\
\xf8#\xe5\xac`\xff$\xda\xdbM\x88\x5c\xce\xc9\xea\xdc\
\x1d)\xe674\xe4\xb4\xfa\xa0\xf5d\xa3\xe7\xc3\xc1\xfa\
E\x10\xa7\xb5v\x0fKS\xc7\x08\x16\xb4A\xc95\xec\
GW=4\xc7\x08_\xfaMB\x14W4\xd2\xddA\
3\x02\x8a\x09?\x0ai\xc2:\xc6\x1b]9\x7f\xff\x90\
\xfc\xeb\x1f{Va?\xf9\xcf\xdchJ\xf2\xf9\xdb\xaf\
\xcb\x97\xbfyYv\xf6\xab:\xdc\xb1\x90\xdd\x94mx\
\x91x\x02VusK\xd2\xf0\xc8\x85\xfd]\x95Yb\
(\x90\xdb\xc9J\x13\x16m\xfa\xee\xb8\x0cc\xc3\xcd\xcf\
/\xa8\x10\xe9\x08^(5\x082\xf0\xb0\xbby\xb2\xf4\
8n{S\xfaq\xd0V\xd8\x07P50\x92\xf0\xba\
\x82{\xed=~\x02\x06cZ\x8a\xf0\x0eG\x8e\x8fh\
\x09h\x00\x06`scM\x13\x8aTk\xdd\xdb\xdd\x83\
W\xac\xc8\xfa\xfa\x8a\x0c\xe2\xbb\xa6pH8\xda\x8a\xea\
\xbf\xcb\xb3\xb3\xea\x09\x0b\xf0\xd6\xa5\xdd\xa26]\xa4\xd2\
i\x95\x17w5\x0c\xe0\x0bp\x15\xba\x0f\x9e>\xa3\x06\
\xc0\x0dx*G>5:*=\xc3\xfdR \xaf\x1f\
!B\x13%\x9fwr\xda\x8b\xcf)\xb0)\xc4\x9e+\
c\x93\x92jk\xd3\xb1\xe0\xe4p75\xa7\xb4\x09g\
ki]\x05R\x92\xec\x89\x07\xf2 \xd4$\x99\x86\x22\
\x0f5\xac\xd9\x91G\x1f\x94\x1d\xca\x5c\xe9\xa8)Q\xea\
,\xdfK\x9d\x10\xec\x19\xc6[\xcd\xca\x88\xf3\xd5\x87a\
\x1c\xe7\xae\xc2@\xed\x15\xc4\x97l\xf3\xcb\x89~\xc6Z\
k\xf8\x88\xdd3\xfd}\xb2t\x1b\x87\x0ap_\x15|\
\x18\xe2\xc0+\xedc\xc3w\x0e\x1e3\x02 \xeb\x0b\xb8\
\xaf\x92\x1d\xf4\x1a\xb0-\xe1\xa2\xc6 \x95\xe9\x92F\xa0\
\xa2\xaa\x964s\xb2\x0bcm\xa4\xdb\xa4\x9e<>\x9c\
\x9d 2P\x0dGM7\xd8<H\x80\x8a\xcd\xec\x11\
)\xe9\xe1\xa4r\x11U\x94\xe6o^\xd7Qij\x00\
\x04\xa8m\xe4\x98,M\xdf\x82\x01(K,\xd1.\xcd\
m}\x8a\x00\x88`\xbbO\x9d\x92\x85\xb1[R\xcag\
\x0f\x0c@vUZ:\x07U\x11k\x1f(0\xda\x9c\
\x81\x81\x03RY\x9e\xd3z{S\xa6G\x11@\x1e\x08\
 \xe8\x98\x16\xe8\x08\xde\x1dg;l,\xce)\x12m\
i\xed\x90\xb5\x95U\xf5\xdeu1\x1c\x1f\xce\xd8\xe2(\
\x8de\x12\xd7f\x22\x98\xd3\xb8=\x18+M\x92\xfa\x09\
\xcfj\xad\xdek\xa1D\xa6\xaa\x91kg\xbe\xaa\x5c\x84\
\x13\xde\xdb\xd2\x9c\x8a\xab=\x96b\xe6o\x1c\xea\xa1p\
\xac\xab\xf3\x80\x9c\x9bz\xbbUl5\xec\x02\xc1\xafM\
\xcb\xa6\x9f\xf9\xf7\x07\xa9\xd4\xcb\x8au\x03\xf0\xe6\x17@\
\xf8\xde=tV\x22\xf1.eV\xb1\xbb\x8f\xd2Q\xbe\
\xca\x8cIN9\x1akS\xb8\x92q*\xd9}:\xb7\
\x0f_\x9c\x88\x06\xe5]O\x9c\x91\x1f\xff\xd0\xbb\xa4\xbb\
9m\x12T\xb8\xf2\xea\xf6\xae|\xfa\xaf\xbe\x22_\xfd\
\xc65\xc9Q\x8e\x1aV:\x8c\x98\x98$\x9f\xfc\xe6\xa6\
J\x22\xe5\xf7\xf6\xf5\xfaM\xa98 \xd0\x1ab\xb3-\
\xc0\xb8\x0c\xa0\xe3\x96lol\xa9\x00)\xdb=\x99\x9c\
$\x99\x87\xfd\xe7l\xf1\x8c'c\xb2\xb5\xb2\xaem\xb5\
1 \x07\xce\x00\x0c\xd8:6Udk\xf0\x88\xd4~\
\xdfX\xdd\xc4\xf7\xe2w;2:\xee\xa9\x09aI\x1c\
\x8b\xb6\x0e\xcf\xd4\x88\x97\xc3\x0a\xc2\xea\xfc\xac\xe6\x07\x92\
--*\x1a\xc22fc2\xa9D\x9d\x16\xa0\x0d}\
\xf9\x0b\xabx\xf9\x8dJL\xc9\xad\x19\xeb\xca:13\
\xb6d\xce%;:t\xc2\x10\xddh\xa2-\xad\xd5\x07\
j\xfeG\xe3\x8d\xb2\x8e\xfb\xec\xe8\xe9\xd7\x5c\xca\xfc\xf4\
\xb4>/\x87g\xecll\xe8\x06q\x83.\x8c\xde\x06\
B\x90v\xed\x83_\x9e\x9eW\x1eE\x03'\xbenl\
\x8b_\xe7\xd5\x8d\x00\xd4\xd4\x0543v\xe7\x96\x0aF\
\x9a\x19eFj\xed \xf9gu\x1e\xfdL4P\x1a\
\x19\x9b\x8b\xec\xb4\xc3z\xabL\xb5u\x04\x86\xc5h\x13\
I\x0e\xdb|\xdb\xb4=x\x1bk\x12\xd4D`\xc0&\
\x01\x81\x5c\x00)#\xf0\xca\xe9\xd6NY\x9a\x9b\x04J\
5\x14r\xe6l\x5cE\x01\x86\xa7\xd0\x10O\xc1\x13w\
*\x83t\x1b\xc6\x96\xdd\x9a\x8e\xe1J\x1e:+\x87\x02\
\x01M\xa8\xda\xad\xca$\x22\xd63\x86\xfb`h\xb74\
9*\x15\xfc\xbe\x07\x03\xd7=4$+\xe3c\xd6\x00\
\xd4t\xc2U\xdb\xd0\xb0,O\x99\x8c|cS\xbb\xb4\
u\xf4\xcb\xec\xd8\xa8\xe6;:O\x1c\x87c \x02\xd8\
\x96\xcc\xd0)\xd9\xdaX\x87\xf3Y\x96\x96\x8e\x81\xba\x01\
hHg$\xc4\x09ID\x00\x08+\xe2-]\xca\xb1\
\xdf\xdfZ\x81\x01\xa8iB\x96\xb3\x158\xa8ssa\
N\xc3\xdf\xe6\xd6v5\x0c\xd9-\x1c\xd2j\xf9P\x16\
\xb3V\x9f\xd8\x13i\xc2:u\xf4j\x92\xc4\x10|\x8c\
\x94\xba\xe6p\xfc0\xc03\xb9\x1b\xede\xf0K\x87\xca\
\xf1/\xc8.`\xbc\xa7j[\x86\x91Ys\x0e8\x13\
>\x84b\xb2Y\x13\x7f\xa9\x94\xe9?(fa\x0co\
\x22\xbc\xdc>`!\xd6\xb3\x09b\x88@o\x8e!\xc4\
\xc8Z\xb3G<\xdd%\x1d\x03\xf7H-\x12WkO\
\xc9\xf0\xb2\x1d\x1cB\x0e\xbb\xea\x8c\x87\x03\x1a\xa3\xba\xec\
\xa5\x8e6\xaa\x18C4\xe4\xc8;\x1e9.?\xf7\xb1\
g$\xd3\x1cW\x09#&\x86\xd6\xb2{\xf2\x99\xcf~\
E\xbe\xfc\xf5K\x92\xcd\xe7\x11Z\xec\x00\xb2\x16\x14\xb6\
\x92tT-\x94\xb5\xe1\xc2+\xd7tp\x02e\x9f8\
\xda\xd8\xd3\xf9z\x9e\x8aw\xe8P\x11\xd7\xa9\x0fH \
\xd1\xa1\xe6\xf9\x8f\xe4\xc1s\x9bE\xe1\x1c\xbd\xb0\xa5\x04\
{\xd8<\x8c\xcfY\xbf\xdd\xe7\xe7+F2\x9aY\xf8\
\x90\xce\x96\xa3\xea\x9c\xa7\xa4\x0c\xa5\x5c\x10\xa2\xf1%*\
|uu\x0c\x97JXS\x88\x03^\xb3D\x99e\x0a\
DJH\xbd\x1d\xb3\xadA\xbe?;\xadGl\x86\x9e\
\xdeY\x07<\x8a\x19}\x1d\xc2\xaf\x15]\xe3\xedT\x84\
\x8az\xf7\xfc\xaf\xba\x96\x9b!\xf3V\xad\xc8\xa3\xcbJ\
\x83k\x92\xac:B[\x8c\xd6[Xc@\x13\xed\xa9\
\xc0\x14\x0cJ\xc7@\xb7\x8c\x22\x16\x8e\xc0\x10\xb3\x0d\x94\
}\x0d\xae\xe5\x06\xe8\x95U\xc3>d[tM\x98B\
!\xd2\xe5\x19\x84I\x85\xfd\x83\x99\xf3\x8e\xa8zR\x99\
k\x00\x83\x13\xe4\xe0Q\xc4\xdd\x9b\xf3\xcb\xf0\xdc\xdb\xba\
m=\xcbQw5\x9a\xe5=\x06\xa5\xef\xc8QU\xc8\
)\xc0\xbbS\x9d\x87}\xf2l\xbb\xb6\xf3\x89\x0e&;\
i\x22\xb5\xa4\x9e\x92\xcfX\x95\x03\xef\xe5\xfbK#\x1a\
\xeb\x98\x8dO\x05ej\xe5\x03\x1dQ\x10\x94\xc6\xb2\xba\
\x97\xd5\xf7\xc6\xa9\xc7\x99\xbe~Y\x9b\x9dV!R\xc6\
\xc8\x0c\x8c\x9a\xfb\xfadefT\xdbwc\xc9vi\
\xc7\xa1\x9b\x1d\x1f\xd5\xeb\xb7\x0c\x0eJv\x09\x9e\xbd\x9c\
\x97\xf6\xa1\xd3\xaa\xd7\x90\x87\x01H\xb5uk\x08P\xe6\
\x80\xd5\xa6f\x9d\x8b\xb0\x07\x8f\xcf;\x8c\xc1 \x10\xfd\
\x16\xb7\xd7\xb4\xad\x9d\x06 \x8a\x90\x86\xc9\xbf,{%\
\xf4\x85\x06\x95\x98\xc4\xf56\x8a\xc0\xa6\xe9\xc8\x98R\x0b\
\xbb\xc31\x18\x8eVS=aw\x05\xde\x7f \xe0\x1e\
\x088\xd5l\x0d\xc5N{\xaaVk\xf5\xf3X.1\
9\xbe\xa6\xc6\xc5\xb5\x02\xb0\xf5J\x8dO\xcc\xa2\xc7\x87\
\xe3\xe3@R\x95Z\xf7\x8a@\x8ec\xb2\xb3\xb9\xa8{\
\xfb\x80$\xe0\xbf\xeb7\xe5\x00\xfe\x97\x7f4\xf7\xc3\x05\
>*\xa9\xce\xe3x\x11Q\xf5p\xec\x8f\xf6\x14V\x87\
T>\x9b\x03\x068M7\xd8\xd0\xa4\x0a\xb7\x8d\x8d\x8e\
<\xf90\x0e\xffG\xde'\xed\xcd\x09\xe5\xb2s#\xae\
n\xe7\xe43\xf0\xfc\xcf\x7f\xed2<\xff\xbe\x14\xf7\xb7\
\x10C\xefjC\x0f\xe7\x05\x96\xb0\x09)\x86\x11\xc5\xa2\
R\xf7\xcd\xc3A\xe3\x80\x8e\xe2\xfe\xbeRa\xa3M\x09\
\xd9\x83u\xe5alD|\x93\xdb\xda\xd4\xc5\xe30\x8d\
\x1d\x84\x07\xac:\x90a\x98c\x03\x0d<r4\xd6\xa8\
#\x9a]n6\xc7\xcc_#d\x8c\xa6[\xf0\xf9\xbc\
\x94q\xfdF~fcS=2Y\x85\xeb\x80\x83|\
\xc1\xe10U^\xe1\x89)\xea\x01\xa3F\xc9j\xd6k\
]\xa5\xb1n\xc3\x92G\xb1\xf8!x\x91\x92\xc4\xf1\xd2\
\x99\x03\xc9\x01Ip\xd3\xfb\x99v\x8a\x80\xb0\xbdsm\
uE\x09\x1e$CQP\x22\xd4\xd4\xa8\xc9\xc5\xfcf\
NIQ5l\x9crnO\x12x>2\xcb\xf6w\
\x0bJ\x16\xe2\xc6c#\x11u\x02x`X\x13\xe6,\
F\xaa\xf9\xeeml[\xbeyM\x8f\xa0\x83\xe7h\xef\
\xeb2s\x08\x1b\xe3\xd2{\xf4\x8c\xe4\xb6\xb3\x9a\xecr\
\xaaF\x11F\x1b\x92\xdc\x881\x84\x84\xb1\xc0\xd6\xed\xbd\
\x88\x8d\x17\xe1UT\xca\xcc\x1ch\x1aV&\xec\x22\xcd\
\xd8D!W\x05>\x12@$\x0e\x0c?\xa9\xb5|\xf7\
5\xcf\xad\x97\xb4\x02\xb8N8\x16\xd59\x87\xabk+\
\xd4T\x97\x04\x9ekezJu\x06\x03vjm\xc0\
\xa2\x11\xa7^\xcf6\x1b\xb8f\xe3X\xbf \xa8\xb5k\
\xdb\xc6\xcc5\xa0\xbcx4\x99B\x8c\xde\xa3D-N\
\xc8\x09\xfa\xdd\xa8p:\xa9\xf6\x1e\xd9\xe2(\xf1\xb2Q\
\x07\xaa\xe0]7e\xda\x80\xda\xe65\x17\xd1\xdbw\x04\
\x07;/Y\xc0s:\xa1\x96\x9e>\xa0\xafY\x09\x94\
\xf6\x10\x96\x9d6\x0a\xd1\x08\x01\x9a\xdb\xba`\xbcJx\
\x179\xcdg%\x11\x86Q\x82\x8bU\xb0\x18\xbc=\xbd\
\xf4\xfe\xce\x86\xe6\x00\xd8\x85\xdf\x00#\xc1\xe4\xdf\x0e\x93\
\xc5\xbe\xaf\xc7C\xa4\xb0\x0e\xf4\xe69\xecU\x96\x92\xf5\
0\x8b\xe9\xb3\xd0\xbb\xc6\xb5\x1b(K\x1eI\xa8'\xa7\
|9a\xbe\xd80\xc0\x0c\xe35\xc9t??R\xd2\
\xb1\xed\xbb\xa6\xc5\xda\x1as\x9fr\xeeO\xdc\x22J\xa7\
\x03&\xe7\xdf\xb3\xd3\x9a\xf3;s@\x9d\x93\xda\xb0T\
\x87\xfc\xff\xcbY\xff\x17\x06\xc0'+(E\x93\xd9d\
x\xff\x9e\xe1\xfb\xa4!\xd5\x85\x9b71[\xa9XV\
\x88\xa6*1\x11\xc41:\x87-*\xf1pU\x9e<\
wB>\xf1#\xcfJ\x17\x1bDl\xc2os\xa7 \
\x9f\xf9\xeb/\xc3\xf3\xbf&\xd9\xdd\x8aB\xadr\x81\xa5\
\xbe\xbc\xa9\xc5\xab^\x8c#[\x80\xd1\x1d\x9d\xdd\xb28\
;\xafP7\x18kP1\xc6\x95\xb9\x05\xe9\xa1R/\
\x850\x10{\x0f\x1c?\xa2\xec-.\xed\xc0\xd1\xa3\x9a\
\xc9\xe7\x06\x1a>}JFo\xdd\x90\xee\xde\x01#\xa7\
\x05T\xb1\xa6U\x01\xdc\x07\xa0Q\xfb\xc0\x00\xe2sl\
\x908b\xf6\xc5E3\xaf\xef\xeaux\xaf!\xb31\
\x01#\xb7V\xd6\xa4\xb3\xbbS\xc6n_Ch\x90\x94\
\xae\xfe~\xb9s\xf12<DF\xc3\x81\x99\xdb\x94\xf6\
\xee\xc3b\xc7eav\x19\x10\xf4\x88*\xe2\xd2\x93\xee\
#<\xb0\x0d\xe4\xb8\xafa\xa1\xf2\x18\x85<\xe8\x8d\x99\
?\x98\xba;&\xbdC\xfd\xca\xf6\xca\xaem\xeb\x9a\xb1\
g`\xfa\xd6\xa8\xf4\x8f\x0c*\xd4\x9d\xbf;\xa9LA\
\x06\xbf\x8bc\x13\xd2}tP\x85'\xa8\xce\xdb\x82\xcf\
\xb2\xcfa\xfc\xda\x0d\xa90L\xf2\x0d\x00^<u\x09\
\xe6'n\x0b\xc0\x97\x84[\xba\xe5\xd8\xd9\x07e\xfa\xc6\
U\xf5v|~z\x9c\x90\x95\xbd2J\xbcn\xdd\x00\
\x089\x09\x96\x8d\xc9\xcfR\xca*\xd9\xd5\xa5\xbc\x88\xf5\
\xb5U\x1d\xb2\xc1A\x99\x8d\x1c\xae\xe1j\xff\x99\xf9\x1f\
\x91\x09\xee\xb9\xa4\xd2\xd5\xdbF 3\x91\x94L[\x87\
,p\xbc\xb7\xce\x99tl\xc3\x95{x\xcb\xd9\x0e\x81\
\x83\xd1V\x01?Y\xf9\xff\xb7w%=\x92eW\xf9\
\xdc\x17\x91\x11\x91\x91\x95\x99\x95\x91s\xd6\x90]\xd5\xe5\
\xea\xb6L#lc\xd9\x1b$\xcb\x12\x0bd\x10;/\
@BB\x02\xb1Fl`\xeb?\xc0\x0e/X\x00\x02\
!X![j\x831\x02V\x18\xc9beu\xa3\xee\
\xae\xae\xca\xaa\x9c\xe7!\x86\x8c\xe9\xbd\xcb\xf9\xce9\xf7\
\xbe\xf72\xa3\xaa\xdbk\x1c\xa5ReEF\xbc\xe1\xbe\
{\xe6s\xbe\x0f\x9e\x8de\xc3\x01\xd36\xc5\x1e\x08\xc2\
\xbf#\x16\xe0!\xef\x9b\xaaW\xef\x0a\xaeL\xca\xe1\xd7\
,\xbb\xdeW'\xfb4\x05\x8f\x03\xd7\x0eE\x0f\xc6#\
V\x9a-V\x98(a_\xb3\xd2\xae\x22\x99\xc9\x1e\xc9\
\xe2\xfd\x07tr\xf0\x82]\xe96\xadq\x08pq~\
\xcc\xbf?\xe5\xb0\x12\xc4\xabci\x10r2o;E\
\xf3l\x140\xc8FF|\xea\x07\x1d\xe9m\xc0\xfd\xd7\
f[\x12&#q]5\x83)\xe1\x0c\xd6\x0a(\xc8\
\xa3\x91\xc0\xec\x8b\x8bO>\xe6\xf9H\xc2\xab\x0a5f\
\x17\x84V\x1d\xf0ah`\x0a\xc3V\x19\xe0\xec1\x8d\
\xc8\x9b\x07\xdc~}1\x92\xd7:xd\xcd;\x95\x08\
\xf9N\xa6(\xbd\xc0}\xc1\xf5'\xa0X!]\xd8?\
\xa3\xc3\xbd\x8f\xd8pt\xcc\xab\xf0\xb7\x14@\xe8\x1f\xf1\
y\xefua\x12\x8a\x12C+\x01U\xd1\x0a=|\xe7\
\xab\x94L\xdf\x95\x0e\xb5\x94U\x1d\x06! \xbc\x88\xfb\
\x1d\x9f\xb4^\x1d\xd3\xaf\xfd\xca#\xfa\xe3?\xf8\x0em\
,)\xfa+\x16\x0b\x1d~\x7f\xf5\x8f\xffF\xef\xff\xfb\
\xff\xf0&\xe9J\xb3\xc3\x90o\x0a\xbd\xed\xa8\x1fcl\
\x17Xt\xd3|\x03\x10>X\xf1N\xbb\xc7\xd6\x8e-\
5+\x88\x15\x8e\xd9\xf7^l\xd3\xfa\xc6}\x8e\xcb\xf7\
\x04\xad\x08\x89\xb4#\x8e\xbd\xfa\xfd\x0em~\xf1)\xed\
~\xfc\x09\xdfp\x8f\x1e\xfe\xd2\x17i\x97-\xcf\xc3\xb7\
\xde\xa6\xc3\x83\x13Zb\xcd\xbd\xff\xfc\x85\xb8\xd2\x88\x8d\
\x1e|\xe9\x8b\xb4sxH\x0f\xd9\x9a|\xca\x1b\x14\xed\
\xb9\xdb\xcf\xb6h\x93\x15\x00\xc0\x17\xd7@\xfe\xf9\xfc%\
\xc7\xc6\x9bRY\xa8\xd4\x12\xf9\xdd\xb3\x9f}\xc0\xde\xc8\
<\xad\xb2P\xec|\xf8\xbfl\x91f\xd8\xf2\xac\xd3\xd9\
y[2\xdb`\x86M\xd9}\xbcf\xa5\x82\xf5\xc5\x06\
|\xf8\xce\x13z\xb1\xb7Mw\xd9\x8b\x80\x90m\xb0P\
\xef|\xfa\x82VXC\x03z\xacQ\xe5X~8\xa6\
5vW\x814<\xb38G\x0b\xcbK\xb4\xfb\xc13\
\x9a\xbf\xbf.\xf0_'\xac\x0c\xe6\xd6\x16\xa5'@\xaa\
\x18\xbc1V\xd82\x01\x16\x1c#\xdb\x02\xaa\x81\x8c1\
+\x80e\xfe\xce\x0e\xc7\xc6\x80\xb5\xdax\xe7\x97\xc5M\
\xdd\xfb\xe4C\x19\xa4B\x08\x96\x08\xb4u\x95B\xeb \
\x12yk\x0f6i\x7fw\x87\xdd\xe7\x81\xf5\xa5{\xd9\
\xfc\xf8.J\x993\x0b\xf3\xecMM\x11@\xdf0\xca\
\x9d\x0d3\xeb\x0a\x0d\x80\xb1:\x91\x87N\xc5\xe9z\x22\
\xb4\xef\x83\x1e+\x83\xf3KyN\x15\xeb&t\xae@\
\xfd\x1e:\x17\xad\xe2\x10\xf6]b\xd3q\x08\xbf\x84\x87\
\x00E\xe8\x99:\xdd]l\xd1\x09{QY\xf7Z\x04\
\x5c\x1a\x11\xbc\xf1\x17\xb0\x00!?quz \xc9^\
\xc5b )A\x83\x93\x00\x0d_\xbd+\x15~i\x9b\
f\x81B)u\x7f\x9b\x05\x83C\x00$///N\
ipu&aN\xe2\x1al\x84\x8e%\x99+\xed>\
Su6\x02Kt\xddWaf_Mp\x0ba\xcf\
k\xb3\x08\x01f%QX\xb1\xa9Yo\x09\xcd\x14\xfc\
\x88\xec\xd1A\xf8\x91PF\x05AT\x1e\x9a\xb8\xbcz\
\x10\x15\xf6\x02\x00\xbczq~$\x83t3l\xe8@\
\x0d~\xd5>\x95)\xd7Zu\x866\x96\xef\xd3\xd9)\
\xff\x9e\xbd\x95\xbc\xdd\xd3\xd9\xb8|@\xff!)\x19\xcf\
,s\xf8\xc1\xb2$\xc0\xb9\xe3\x1e\x9d\x1d<\xa3\xeb\xce\
II\xf8'\xbdl\x18\xc8Sq<T\x15@\xc5\x14\
\x80\x97\xee\xad\x85\x95Gl\x99\xde#\x96\x04\xb6\xa6\xd3\
\x14(\x9e\xd1\xee;\xd3\xa8\xd07\xbe\xfc\x16\xfd\xd1\xef\
\xfe6m\xae.i\x8b*\xdaf\xaf:l\xf9\xff\x85\
~\xf4\x1f?\xa3N\xaf/\x93N#\xfce%\x90\xf6\
\xb5\xd5\xb1\xc6\x82_\x13\x5c\xf7\x94\xf6_\xbe\x12\x94Z\
 \xaf\x0ao\x1e\xa6\xc7\xf8<\xbb\x9f\xbe\x14d\x9e\xe3\
\xddC\x01\x01]\x7f\xc4\xca\x80\x85\x0b\x9a\x11\xbd\xfa\xbb\
\xcf?\xe5E\xea\xd1\x83w\x9e\xd26+\x80\xcdGO\
$D\xb9\xe6\xf3\x83G]\x14\x00o\x98\x0d\xb6\xcap\
\x95\x00[\x05\xf0\xd2\xcd'Oh\xf7\xc5\x8ex\x00(\
\xb5\x0c\xfa]\xba\x04T\xd8[\x8f\xe9\xf9G\x1f\x09\x19\
\x09\xda\x8b\x9f}\xf8\xa1\xf2\x02\xac\xae\x89\xb2i\xb2\x1b\
?\xc7\xd6\xf8\xfc\xec\x8a\x1e\xf0\xf9\x81Ew\xbc\xb5C\
\x19b_l\xf8ZU\x06\x93\xa0\xc0:\x97\xe7\xe2\x01\
\xdc\xe3\xd8\xf3%[\xf4\x07ooJ{\xf5\xc5\xf1\x99\
\xe4&\x16\xd7\xd6h\xe7\xe3Oe\xb6\xa0\xc5^\xc6\xce\
\xc7\xcfia}E\x04\xef\xf0\xf9\x16\xcd\xaf/\xc9d\
e\x9f\xbd\xaeU\xfe,\xfc\xa5-\xf6B\xb2\xeb\xa1&\
\x01\xb1\xa9\xa6\xd1Q\xb6F\xdb\xcf\x9fq\xd8\xb2@\xb3\
+\xecEm=\xa3\x84\xdd\xcb\xe9\xb9\xbb\xfc\xf8\x1a2\
\xaa\x0a\x86#\x84]\x99\xe5Q\xd6\x11+\xef\x1f\x903\
V\xe7,\x0c\xf0X\x22\x13\x98\x0d\x84Y\x04\x19\xe3\xad\
\xc8\xb3H*\x99tZ\x82\x8c\xd3\xb3\xf0\xa7\x19\xe8\xcf\
8l`\x81\x1a\xf6\xd9\xe2u\x87T\xd7n\xf88\x89\
\xa8\xfd\x05y\xe3I\x8c\xf5c\xe6F\x0d\x0e\xaa\x05\xbe\
\xa1D\xb0\x08\x0bg\xe7\x1a,\xfc{\xd2\xaf\xd0\xa4\x9a\
\xb5\xb9Z\x17\xa2\x08ZM\xd8\x85\x01?V\xe1{\x9c\
e\x85/\xf9)6L\xf0Hz\x08\x0d\xe5\x12\x12\xe9\
F\x85G\xd0\xed\x9cS\xfb\xe2@\xe2s\xb4\xf8\xb6\xd9\
\xfa\x0f\xdb\xe7\xd2\xfc\xb5\xbc\xfa\x80\x8dOWQ\xadS\
\x15\xf4j\x83\x95}k\x85\x95\xb5\x8e5\x0f\xaf\xcf\x85\
\x11\xab>3'\xa3\xb9\xed\xa3\xddH\xd4\xea|\x8e\xbf\
\x88\x87\x03o\x0d3\xf9\x03\x94KQ\xfd`\xc1\x14:\
/a\x1c\xab\xb3\x87\xb1\x22\xf34`C\xc2=\x0f\xd9\
 \xa0\xfa\x80\xb1\xefzeZ\x12\xd7WW\xe7\xd2$\
\x94\x04\x0a\xb0\x82\x15O1I\xc8\x9e\xca\x9d%\x96\x15\
64r\x15|\xac\xf3\xe3-\xdew\xfb\x91t$_\
\xed\x9fK\x01\x84\xe9rEKI\x92\xa6\xf4;\xafr\
\xdcD\xcd\x05\xb14@\x1b\x01\xfe\xe3\xb7\xbe\xf6\x0e\xfd\
\xe1\xef\xfc\x06\xad/\xdd%e\x03&\xd6\xac=\xfa\xde\
\xdf\xbdO?\xfa\xc9\x07\xb2\xa8c\x16|X\xfeQ\xaf\
+\xdc|)\xb8\xd3\x91T\x04\xa6\x1fXfx\x13J\
\x8b(\x1aXPJe\x17\xb5\xcen'\x92\x83\xd9`\
(]\x85~\xe4%Y\xc5\xab\xc3\x02\xdb\x13W\x11\xa3\
\xbcC\xfe\x19tH\xc0\x19\x90\xae4~h\x0d\xfe;\
d/#\x01D\xb3$a\x94\xf3\xaf\xc6\xd6\x19\xac1\
\x19\xbb\xa7\xe8\xbdO\x87^\xa7\x14Yh\xbb\xc0\x11D\
\xad\x995\xf3\x80]?I\xb0\xd5\x95 \xa3b\xddy\
\x10\x96l\x8a\xe4\x81\x8d\xc7\x99\x8c\x0b\xa3\xea1\x02{\
\xaf\xd1\x22J\x12\x91\xbfG\x00\x11\xed\x5c\xca\x06A&\
\x1f\x1b\xb9\xc2V\x0d\x14S\xd7\x97\x1dI\x8c\xa1t\xea\
 \xccB\x97]\x13\xd2\x07$VI\x18j\xae\xa5i\
\x08e\xc0\xe1(\x13\xb0R(\xaaq\xb7\x13g\xce\xd1\
\x07\x90\xb0\x80.\xddcw\xfeSVZ\xbc\xa1F\x89\
R|CA/l<\x00\x9a\xa6\xe45\x86\xecy\x5c\
\x1d)\xf5\x14\x12\xa0\x8b\xec\xc5`\xf8\x88\xc0\x1fg\xf9\
!y\xf2\x99\x0ex\x0d\x93L\xb2\xd6`\xb3\x1d\xa0\x03\
2\xed\xf3\xf5u9n>\x16\xc6\x99\xe6\xdc\x02[\xc8\
uiy\xc6\xd0\x1a?d:ee]\xb7DS\xe2\
\xe3\x8c\x91\x02\xc2R\x8e\x02\xec\x03\xf0\x87\x0b\xa8\x8f@\
\xc0\x9c\xa1\x05\x0eK\x049\x8f\xad\xe2\xc1\xf6\xc7\xbc'\
.\x84=\xb9\xee\x9a\x14\x86\x91\x9cE\xd4bI\xa1\x1c\
\x05\xa2\xed\x01_\xcf\xa2\xc4\xd9C\xf6\x0c\x0f^=\x93\
\xb5\x10\x97\x99\x9f3@K\xba\x17'\x1cF\x9c\x8b%\
\x07\x17&&\xf8:l\xfd\xc7|\x0e!\x1eg\xc3v\
\x17\x16\xbf\xd3\x11\xf0\x16\x01\x10\xe1\xef\xcf.n\xd0\x9d\
\x855Q\x9ci\xff\x82NY\xe8\xd1\x86\x0c\xe0\x0d \
R\xd3\x8dDf\x98\xde\xc3>\x98\x9d]\x10f#\xc4\
\xef\x9d\xee)+\xf2\x0b\x99\x94\xad\x12\xc0]\xea\x92+\
\x02\x11\x09f=\x86h\x5c\xe2p\xb2Q\x9b\x91\xfc\x01\
b\xff|8\xcb[/\x84\x97\xd0K\xbc'\x8e\xf7\x1a\
\xe0\xca\x90)K$\xbd3j\x9f\xed\xd0\xe9\xc9K\x09\
%\xc8Z\xfc\xa9\x5ck\xb9\x9d\x03\x98\xa0\x15n\xf5f\
\x0b\xdf]\xa5!\xa3\x92kO\xbf\xcc\xee\xd9\xa2\xcc\xe5\
\x7f\xf3W\x9f\xd2\xef\x7f\xe7\xd7imaN\xd4^\xcc\
\xf6\xff\xed\x0f\xe9\xfb?\xfa)]#k\xde\xbf\xe4x\
\xbc#-\xbd\xe9u_\x85\x1f\xed\xacRU\x18\x08y\
\x81\xa2\x0b\x8d5\xde\x0aSM\xe2\x92Z]\x1a\x9d\x86\
^\xdb \xa5\xd3\xcc\x86Md&\xc1+L\xb9\x80C\
\xa0U\x16h\xc3\xc0 \xf0\xda\x8f\xae\x83*\x89\x11c\
z\xd1\xc2\xd2}\xea\xac\xd9\xc4@HB\xc7\x9c\xb8\xb6\
B}\xed\xc4*9\xa9&$\xc1N\xc9\x82&\xf6\x7f\
\x9f(L\xb4\xb4\xc2\xc6\xfe9\x92\xe6\x9d\x11)\xe2\x8b\
$\xba\xd0@5\x0e\xdc\xed\x9ac\x11\x86\x1e]5C\
\xf5\xa9\x98\xb0x\x19mEiK\xd9\x92\xa7$a4\
\x10D\x99T*\x1d\xca\x09\xa0d\x9f\xa0\xc6j\xad\xac\
\xd3\xe1\xce\x0b\xbe\x8e\xa1x|i\xdc2Z\xbdH\xac\
\x05X\x10hHk\xf3\xad%\x16\x0aL#\xcalA\
\x9a\x17\x89l,\x17\xdb\xbf>\xcfB\xce\xc7\x1e\xc5\xed\
0\x16f(\x01\xe6\x04\x88&{Z\x99u\x9f\xf9>\
 \xd8\xf6\xa9\x01\x0eA\xd9\xa1E\x0b\xe4l\xb80\xc7\
\xad/\x0e1\x0bdXk\x91\xe3\xd8{,\xd0#Q\
&'|?\xa0\xf2\xaeK\xfe\xa2\xaeJ<\x22\xe0\xe8\
1\x90P\xed\xf2^Z\xba\xf7\x90\x05}V:Y\x01\
\xf5}\xf0\xf2#\x09W\x90\xa0]bo\x0dlL\xfd\
\xce\x199#\xad\x07\xbc\xcb\xe2\xdaci\xff\x1d\xcb\x0c\
\xbe\x93NC$e\x17\x17Z\xd4c%;\x00o$\
\xef\xc9\xd6\xca\x03\x9aj.\xb2\xb1\x02<8+\xb9c\
\xf6*\xf9\x1eqMi\xbfM\xee\x86\x08y#\xd3\xc5\
\xfa\xcf\xcd/\xd10\xd5\x0e\xcc\xd4w\xd839\x14H\
\xf8)\xbe\xab\xc4\x07\x82\x90\xbc<G\xe1\xb9Y\x0fF\
\x10aoCs(u\x22\x7f#@\xacKl|\x9a\
3\xdaw\x92\x81lf\x97=\xcbWB\xde\x9b\x8fs\
O\x16\xfd\x88\xbcT\xfc\xc4\xadd`\xe9=k\x15\x9e\
jJ\xff\xf5\xd3\xf7\xbeB\xdf\xfa\xe67\xe8\xf7\xbe\xf3\
mZ\x83\x154g\xee\x94\xe3\xf7\xbf\xfc\x9b\x1f\xd0\xfb\
?\xfeo\xba\xe8\x18\x83\xd0\xa0-@\x91R\xea\xe3\x87\
\x05\xae\xb8\x0c\xc81\xa3\xb1hUACewm\xec\
\x95\x97\xaf\xcf!\xc0\x15\xbb\xce\x08\x03.\xd0\x1b\xd0@\
\x96yI\x08&P\x1e\x5c\x846\xc7\xc0\x10\x7f\x7f\x11\
d\x1d\x1c'A\x91\xac\xaes\x8c\xfe\xfc\x13\x89\xa5\x00\
:z\xb4\xbf/\xf1\x9c\xf1\x90\x0b\xf7\xc02\xbb\xca;\
\xdb/\x85\x82\x19\xddxg||\x94\x17\x81!\xb0\xbd\
\xb5%\xa0\x223\x1c\xef\x1f\xee\x1d\x0a\xbal\x83\xbd\x90\
\xdd\xed=\xd9\x143\xcd&\xed\xef\xbd\xa4\xc5\xd6\x82X\
\x86\xb3\x9d=q\xe1\x91\xeck\xe3\x5c>O\xa2\xd6\xc4\
*o\xd0\x8b\xe7\xcf\xd9\xd2.K\x89\x08\x93\x8c\x8di\
\xc5\xdc\x7f\xb5\xf5\x8a]\xf0\xfb2\xea{\xb0\xb7C\xab\
\x1bk\x82\x9fp\xb8w \xdcv\xe8A8\xda\xdb\xa5\
5\x90av\xfb\xd49k\xd3\xd2[\x0fy\x0d.\xa9\
{r,\xaemb\x8a\x06pRs,<\xa7'\x07\
\xd2A&\xd6\xac\xc0\xe8\xac\xa1\xb3\xa2:y\x8b\xa3\x91\
\x16\x5c\x84K\xcc\xeb\x0ePM\xeb(\x88\xd9\xe80\xde\
\x0d\x9a\xb3\xd6\xc6\x86\xb2\x1d\x9b\x02\x80\xcb\xddnwh\
iu\x83\x05\xae\xa6X\xf9,\xec\xbdK\xd4\xd4/\xa9\
\x9e\xd4T\xc1Y\xdf|\xd8\xdb>\xe0Z\xc4VT}\
\xa9\xbf\x90\xb1w\xc4k\xf6`S\x1a\x95\xd0\x03\x7f\x84\
\x04.\x0b\x1d\x9a\xbb*h\x9a\x91\xd2T\x16\xf7'\xf6\
f\x9d\xaf\x0f\x8dU\x989Y\x5c\xde\x90\x9a<\xfa\x0c\
.0H\x83\x06\xa4\xc5\x960X\xa1*\x92\xd0\xc8\xc6\
\x152\xa1*[\xbc\xf7\xb6\x8c\x05\xa7\xdd+\x1bdJ\
\x84\xef\x10\xde\xde<\xbb\xef=\xf6\x08\xd3aO\x10\x8f\
\xe7Zk\xe2Uu8F\xbfb\xa5Y\xaf\xcfH\x19\
o\xd09\xbf\xa5\x00b\xe3\x15\xff\xc1\x1eB\x22\x1d\x9e\
Z\xb7\xcb\xeb\xc3\x1e\xc4\x94\xa8\x80\x86\x09w\x16\xa4\xbe\
\xacD\x0aR\x17\xfe/\xf0\xe9\x98\xb4\xe5X\x1f`\xac\
\x00\xfa\xc0\xa6\xf3\xac\xf4\xbb\x97\x07|\xcf\xdb\xfc,\xaf\
\xe93\x5c\xfe2\xe6\xc2\xcf\xa5\x00l\xf3@\x09|\xf5\
\xeb_\xa7\xef\xfd\xc5\x9f\xd3{_z\x97\xadN\x22\x9a\
\xe9\x92\xe3\xbf\xbf\xfe\xfb\x7f\xa5\x7f\xfa\xe1\x7fIWZ\
\x9fc}\xa9\xf3#\xe6g7Z<\x00\xd4k\x811\
`\xf5~\xfc\x99]\xb8KW\x1c\x7f\x03w\x1f\xcd*\
\xcd\xbab\xae\xa3\xb4\x84\x19\xfc\xd6\xf22u\xd9}\x06\
\x8e\xbf\x97\x87\xd0\xa6e\x16<\xc4\xdem\x8e\xf3\x97X\
 \xb7_m\x09I\xe9\x16\xc7\xebS\xec\xd2\xdf\x7f\xb8\
I[\x1c\xafc\x22L4'L&\xbb\xc1\xeb\x8f7\
i\x97\xe3\xff\x0d\xfe\xfd\xe9\xd11?\xa0\x19:\xd9\xdb\
\xa3\xcd/<\xa6\x9d-\xe4\x1a\x1e\xd2Y\xa7M\xf3\xec\
\x0az\x8e\xc9\x90\x8f\xa8p\xb8\x83P\x03\x19\xd9T\x06\
\x86R\xc1\x10<\xf8\xf0\x13Z\x01\xd5\xf2t\x8dN\x9e\
\xbd\x90\x10@Z>\xd0)\xd7\xa8I\x85\xe09\x00E\
\x9f<\xa6\x1e+<$\xfe\xceN\xcfh\x83\x05\xea\xd5\
\xcb\x97\xf4\xf6\xbb\xef\xc62aeJ\x87@\xa4\x5c\x86\
vN>\xcf5\xd8kf\xef\xb0\xc5\xaf\xd2\xf1\xf6\x81\
\x8cuBrN_\xbc\x90l\x7fHz!\xaf\xd1\x04\
K.\x12g\x82\x22<c\xa0\xab#i`\xc9\x8c\xbe\
'1\xcfIB\x00\xa7\xd9\xe4+\x0e\x0b\xa4\xeb\xac\xd0\
\x19\x16\xba\xf3\xc4j\x01\x9b\xf3\xee\x82\x90\x87@\xb8\x10\
z\x1d\xec\xef\x08\x04\xf7\xd22f(Zb\x9d\xc0\x0a\
\x0d\xc1\xc3L}E\x06|\x14\xc6,\x8b\xdb\xc7\x12a\
\x05^\x818Hf3\x03\x02\x1f/\xe1JU\x12x\
\x18\xecJ\x84\x90\xa6\x12\xe1\xc8\xf2\x06\x1b}\x01\xb0V\
F\xd6\xd9\xeb\x83G\xd3\xeb\xf68\xf4k\x0b\x0a\x14\x08\
g\xe6Y1\x9e\x9f\x81\xec\xa6o\xe7P\xf7\x1c\x11}\
k\xe3\x11\xf59\xc6\x06\xab\x94\xd4\xd6\xbdB\xc6a%\
\x1a\x1c\x8e\x009\x18\xe5`Q\x97\xb5\x864\x89\xf5\x90\
\xc4\xc6p\x18\x0b\x7f\x95=3p\x09\xba\x92p\xc5\x05\
T\xe5\x8b\xdcc\xa3)\xf7~}})S\xa4\x15\xb6\
\xfe\xf0\x00\xb4E;\xa3\xb2\xfc\x19\xb5W\xd1\x9b\xb0\xf5\
\x93~\x13\x8e\xf5\x9b\xec\xf6c/\xe3^\xaa\xd9\x80\xdd\
\xfeWl\x04w\x95\x9a-\x9c\xbb \xbb\xe5\x1e\x9f7\
\x94\x01\xfdkJ\x05\xe1\xa3\x01~\x02\xee8b\xca\xdf\
\xfa\xcdo\xd3w\xbf\xfb]z\xf2\xf4\x09]r\x1c\xfb\
\x0f\xdf\xffO\xfa\xc1?\xff\x94N\xcfX\xf89\xce\x1e\
q|\x94\xf6{\xc2g\xaeI\xbf\xa1L\xd3Ii$\
\x15\x9cf\xd1\x8c\xf3\xa0\x7f\x1a\x0f\xa5\x9f\x00\x08,w\
\x00\xc6\xc1\x0a`~a\x81.\xd8\xe2A\x11@\xa1\x00\
g\x10\x02r\xc2\xbf\xc3\xcc?\x92%\xe7g\x97\xb4\xba\
\xbc\xc4\x0a\xe0\x15=|\x8b\x85\xf8\x93\x8f%\x9e\xbe\xff\
\xf0!m?\xdf\xa2\xcaH\xc7}a9\xc6l6\xd7\
\x1fq\xac|pD\xf7\x1f?\xa2\x13\xfe\x17\x9a\xfe\x08\
eFV\x0c{\xdb;\xb4\xc1\x0a\xe0\x845\xfc\xd2\xca\
*\xc7\xfe\x03\xd6\xf6W\x92\x5cB\xfc\xdf\xe1\x9f\xd1\xef\
\x0f\xca\xefY\xbe\xe6\x03V0(\x0d\x22Wq\xfc\xe2\
\xa5\xb2\x02\xd9\xfc<&\xfe\xd667ig\xe7\x15=\
x\xf26\xb5\xf9XwX0\x8f\xf9\x9c\x1b\xf7\xd6i\
\x7f\xff\x806\xdfy\xca\xcahG\xd0\x8d\x01<\x81\x1e\
\xfd\x06\xbb\xf3\xd2\xb7\xcf\x9e\x12\x86\xa0\x00\x196\xcb\x1e\
\xd0\xf1\xf6>\xdda\xef\x04\xf3\xe2'\xac<\x0c\xa1\xdf\
\x22<\x92\xac>\xac\x016r\x85cK\xe1d\xa0\xb1\
t\xde\x05\xc3\x1e\xc7nM\xf3c\xf20@vyk\
\x0c\x09\x9bB\x95\x86\xc1\x849E\xdc\x95\xa9F4e\
Io\x85\x86&\x08\x03\xa4\x8d\xddXr\x92h,\xb4\
Y+s\xe5\xddVl_\xf7\x05O\xa0b\x98\x84\x92\
j\xf3\xa9\xe1\xe2\xe9\xc6\xd7{\xb1`!\x08\x98\xdd\x0b\
\x9e5\x1af\x00[\x8e\x19\xfekt\x08\x22\xe9\x0b\xec\
\xfe\xd9\x16\xff\x9d\xa3\xf3\xa3}\xf6:;\x11\x9dX3\
\x1c\xec\x01l\xbc%\x9c\x82hMVl\x05'\x83U\
\x00\xc4\x99\x9e\xbd+P_mT\x18\xd8\xbd\xc6\xb5\xc2\
\x13E\xefK\xa7s\xcd\xc2_\x17\xa6 \x19\xe5.Z\
\xee C\x16\xa2j\xafcX\xfd\xb1\xb9\xfc5\xbe\xdf\
)\xedz\xb8\xd1\x82\xe3\x83b,Z}\xf4\xf3W\xd9\
0\xb2<\xa07\x06%m\xccu8\x16\xf86\x0b\xfe\
\x15\xc7\xfdY\xda\x7f\x83\xdd\x9fl\xfd\xed=M\x02\xde\
\xfc\xe0m\x05\x90\xe4\xe0\x12N\xc7\x7f\xb1\x00_\xfb\xfa\
\xd7\xe8O\xfe\xf4\xcfh\xf7tL?\xfe\xc9\x07\xd4\xee\
\x8f\x05\x1c\xf2\xea\xf0D\xf0\xdf\xc7\x00\x15\x01\xa0'\xe6\
\xe8\x87J(BA\x93\x1b\xda\x10(\x91\x86\xc8\x03\xf0\
\xcf R\x18\xb2\xd5E9\x06u\xd8K~\xa0\xc8\x82\
\xcf\xf1\xcd_\xb3v\xc7\xf5\x80\xca\x19\x82\x09\xa3>\xcb\
\xae\x1f\xc6\x87\x01\xe1\xbd\xb2\xb6\xc1q\xf0\xb6\xc4\xbb\xcb\
K\xabttx,\x8d+\xba\xc91)\x96J\x1b/\
\x86\x8d0\xdd\x87\x86\x95\x8b\xd3s\x1a\xb2\x17\xb1\xb0\xba\
*\xb5\xe6\xd5{\xf7\x04\xbf\xef\x98\xbf\xdbd\x97\x1f\x0d\
E\x87\x07\x07\xd4\xe2P\x03\xc9\x1b\xe0\x0fbsbc\
\x9d\xec\xedH\x18QG[\xf0\xe1\xa1b\xd0[L\x87\
\x87\x86\xf0\x00\xc8E(\xf5\xcd\xcc\xdf\xa5\xd3\x9d\x03V\
\x84\xa8O\xb7h\xf7`\x9f\xee\x7f\xe1\x89l\x8fC\x00\
\x91\xf0}\xc32#\xf4\x00\x159\x8e\x05\xd4\x22\x0c\xff\
\xd4\xd9\xca]\xb0\xd2k\xb2\xa7\x03\x80\x08\xb4\x1d+B\
S\x1eC\x16A;\xc8\xfa\xef<\xe51xn=\xc9\
\xf8\xf8BO\xb8e\x94)\xdf\x8bq\x12\xd0\xdc\xe5\x98\
D\xb2\xde\x90\x08\xd7e9\x06\x8dZ\x8dy\xd8\x07/\
?@R\xb9\x98\xbd\x8e\x13q\xd1RRT:RJ\
\x13\x1a\xf2\xaa5\xb7\xa41!\x1d\xc0R]\xf0B\x8b\
\x1a\x05\x10c\x19\x88>\x8c\xf5W\x86\xa1F4\xcd\xfb\
b\xfa\xee2\x87H|}\xc3.\xb5\x8fx_\xd0\xd8\
r-\xa9\x5c\xed\xdc\xd2=\xf14`\xa4\xac\xb0\xc6\xfb\
0\x13V\xe8\xe6\xfc\xb2\x84I\xa8\xfd\xf7\xce\x0f$!\
\x88&\x1e@\xdfwA\x03\xef+\xd6\xbc\x94E(\xb3\
\xfc\xb2\xb4\x91)\xe0#\xc8\xb2I\x89%\xb0kT(\
p\x02\x14\xc3\x87\x10v\x09d\x9bMD#\xde\xc7\x5c\
\x07f\xfa\x81(\x9d\x01k\x03Cx\x1c\xf6\x5c\x9d\xbc\
\xa4\xf6\xc5!\xdf\xef@\xbd\x8d[5\x96\xc92\x1d\xce\
\xe5\x9c+\x87\x00\xaf\xd3\x1a7_\x9e\xf2\xf1q'\xd9\
\xe4\x0dz\xf8\xf4+4\xbd\xf2\x98\xfa\xe8\x11\xe8\xa3\xab\
\xafK\xbd\x93s\xeaA\xc0\x90Q\x1f\xab\x85\x83\xbb\xe9\
\x0c\xcaYK'9M\x95\xa0\xa4V\xd4\x02\x04B\x0b\
\xb1DN1\xdbC\x7f4\x92g\x18*\x91b%\x80\
G3%\x80\x10k\x81a\x0c\xfd\x8d\xd5eu\xe1\x15\
\xcc:\x95\xd1H\x9fY(\x03\x9c{\xd4\xb5-\xb1\xa8\
=\xb3J\xab,\xd4\xcf\x89&\xea0[ <\x86p\
\xc3\xc6i\xdc\xd8z/a_gqM(\x94\x82\xc2\
\x80\x0d\x98\x8f\xabS:R\x1d\xec-\xae\xa1\xaa\x025\
\x1a\x8d\x0c}G\x91o\x93\xaa\xd6\xebq^\xb4\x0ck\
\xdd7\x95ND\x979k\x00V+\x1b\x90s\xf4\xf6\
\xbd\xca\x8e\x0b\xa57\x1f\xc7\xea\x83\x1b\xa0\xc9\xc3,\xce\
\xf9\xeb\x1cy\xc0\x91\xcb\xe5\xaa\x98\x1e\x0a\xecB:\x96\
\x9f\x0f\x0dQ\xe1\xd0\x11z,\xdfa\xd1\x8a\xc5\xc3\xe5\
\xbb'\xdfDV&T\xb6!R6\xe9\xe0>\x97w\
\xac\xae[I\xfe\xa5wQJ\x96\xc0y\xecv\xbb2\
\xf0\x82\xfd0\xd3Z\xa5\xa41'5\xf8\x1a?\xf3\x8b\
\xfd->\xc7 O\xd2\xf2\xba\xce\xdc]\xa2\x112\xed\
\xc3~\x048E\xaf\x05HL+\xa0\x11\xe7g\x84\xe4\
n\xe7t_\xc6\xd2\xc5\x0bh6\x05\x1c\x04\xde\x936\
/\xa5vi.\x87\xe5*\x01\xac\x14\x05\xce\x16\xc2[\
Y\xd4{\x03\x00\xcd=-\x09Nd\xad\x13a\x9c\xaa\
\xb31\xaa\xceqHW\xd7&<\xf1\xeb\xfa\x97\xec!\
\xef\xb0\x87xj\x80<\xc5\x8c\xc1g\xf9\x01eO\xe0\
\xe7R\x00e\xc0\xc68g&\xc9\x93J\xfd\x0e\xadl\
\xbe+S\x84\x98\xc8\x826&\x8e\x13\xc7\x1c\xfbc\xc0\
\xe5\xfa\xfcR\xd8m\xd0hRq\xdaK\x9e:e\x8f\
I\xacQC\xd7\x22\xcb/)RR\xe7\xf0\x93\xde\x87\
a\x86\xe2\xa6\x22\x1b\x93\xf4\x94\xc4\xa4\x8a\xe6\xd7\xf1\xca\
I\xa8\xb2[\x1bW\xdbS\x03\x05\xba\x9bx\xdf\x05\xef\
\xf8Vu$nh\x97\xc5\xe4Y\x5c\x9b\x00\xa6\xe9\x02\
\x1a/\x19\xccs>\xa2\x1c^\x99\xb9~\xb7^>d\
\xcb\xbdt\xe49WV\x00!9\x1b\x8f\xe7s^\xb9\
\xbc\xcf.\x08\xa4\x8b=x\x82\x16dpS\xde\x04\xbc\
p\xca\xb8\x16\xf1\x0c\x05x\xf1I\x1b\xe6V\xe5\xc8+\
\x09\xf6\x0dw\xb3\x0cNz\xcbb\x19\x8cv\x0ep\x9e\
o\x83\xc2qs\x97Z\xabC(\xa5\x02*}0\xe8\
\xa9@\x82\x93\x81\xf7#\xba\xed\xb0_\x00)\xd7o\x9f\
H\xf5'$\xfbR\x0c\x17qH\x89\xc64\xf0J\xca\
\xdaX\xf9\x13\xc8\xd5\xa0kG\x8c\x8d\xdcU\xbf}N\
\xe45\x9c\x02j\x16<Rt\xc3&Zx\xa7(\xd4\
\xf6<\x92\x09\x9d\xf5Y\x04JW\x0c\xc5\x00\x19\x18z\
\x08\x02\x94\x0b\xc8`\x91\xe0\xa95g\x85I\x09\xb1>\
\xbc\x00m\xce\x18R\xef\xea\x88]\xfe]6\x1a\x9d\xbc\
\xc6\xfa9e\xb7\xf8\xde\xe7V\x00\x93\xbe\x94\x1f0L\
\x90\xa9\x12@=\xf8\x0e\xbb]\xa8\xaf\xd6\x1a\xe0\x8a\x03\
\x9cV&\x83\x11c\x8e\x9b0$1\x00\x9fZ\xeaM\
\xd0u\x02\xaaB\xb7/\xb4|\xfe\xe0\xf9\xb9\x92\xfb\xe8\
\x8a{\xc9\x04\xac\xfc\xe6m\xb7'_\x08\xddx\xde\xe7\
4\xe8\xe1Ol\x87v\xb9\x85\x9d\xbc\xd1\x8bV3\xbb\
\x95lq\xd1E\x0eF\xd9I\xdb\xe7\xc4W\xb0\xae%\
d\xdc\xfc\xba'\x7f7\x94\xd1\x02Hg\xfe@\x85\x88\
\x22\xd6\x8f\x0d+.\xb8\xd4\xe6\x05\xb8\xb0i\xbd+\x89\
u \x17\xc9\xef\xc3\x10\xcb\xbc\x96\xeb\x02 \xe8\xcd+\
\xb9\x95\xc9\xbe\x01\xf4\xa9\xaf\xact\xed\xf1=\x17\xae5\
\x915+nX\x17\xf2Z\x85\x9a\xb8>\xa0D\xca\xc6\
\xe8\xff\x00\x9a.\xa1\xa7\xde\x19l\x99\xb0\x8d\xd64\x5c\
\xe5\xf0\x12\xa5\xe2\x98\x0c\xb1\xf2.z\xfc\x91\xbc\xf4P\
\x00\xbe\xe0\x82K\xb5\xab&-\xdd\x08\xd9\xa6\xe4k\xa9\
\x95p\x9d`\x01\xa2\x1a%\xb4\xe2\xf1\xb2\x92\xc2\xf3\xc8\
s\x14Q^\xec&\x12o\xd8\x06\xc1\xab2\xf3\x94\xc9\
\xadT\xa9v\xa7IU A\x83\x12\xdc \xeb\x10\x1e\
\x8d\x87m\xba<\xdf\xa3n\xfbX@=\x1cM\x96\x95\
\xcfz\xddT\xd4oT\x007\x05\x7f\x92\x07\x10]y\
;\x1c\x14\x01\x9a\x84\xd0 2\xdf\xba\xcf:`F\x12\
.B\x93\xcdw\x8dN\xbe\x11(\xbc\x11{\xf1\xcf$\
4\xce\xe5\x0b)\x92CPd\xb2\x09\xc2{\x83F*\
\xec\x85\xe8\x97\x161\xf0\xf2\x0f\x05\x0b_T\x00\xa1%\
\xb5\xa4T&-\xd6\x84\x8d\x1dQ^\xe2\x87\x03n\xbb\
%\xb7(o\x97\x0d\xc7\x0e\xf8{z\xcd\xb7\xab,\xde\
\xdf\xb0\xa2\xda\x0cQ\xbafm\xa1\xcd\xcf\x15\x14\x9f\x8f\
\x16E?\x98%v\x9d\xe1Z\xe2Z9\x1b#5A\
J\xcbk\x15\x92\x81\xbepm\xcen/D\x0d\xc5u\
(\xe5\x16&d\x9d\xcb{)\xf7rtm\x03\x92q\
\x9ep\x0cJ3\x07\xbe\xcc\x15@\x98V\x8cl*\xc2\
\xd0\xd4\x90\xaaO\x0f\x0dW\xd6\xfd@>0\xe2\xea\x11\
\x90\xbbq\xf6\xff\x98\x00\xe5s\xa0\xbbs4\xe8KO\
J\xc5\xf6Fj\x94\xdd\x82\x85\x08\xd4+\x16\xf4)\x17\
p\x80\x14\x9b\x17\xb3\x1f2q:\x1c\x15j\xf8I\xf4\
\xc8\xdcD\x91\xca\xccCsQ\x85I\x82\x0f\x82?]\
\xa3\xeaL\x93\xa6\xeeL\xb3\x12\xa8I\x87\xa8zhC\
!\xff@\x03S\xfbrG*0\x92\xad\xf1\xea\x11\x07\
\x10\xf67W\xef\xde\xfc\xfek\x15\xc0\xe7\xad\x0c\xb8\xb8\
\xeb,k\xe1\x02\xf0d\x22\xf5\xcf\xb9\xd6\x06\xcd\xb6\xd6\
\xd0Si\xc4\x8b6\xcc\x00\xc2\xce\x1e\xbbW\x9d.\x8d\
\xba\x9a$\x14,4\x1fJ(.\x0a\xad&T\xb2\xb8\
i\xc2\xd6\xf0A\xfdFk{\xcb\xe6S\xae\x9c\x82\x90\
\xd9\xbd\x84;/|7OTQ\x9e\x11\x8f1\xbe\xa7\
\xdb\xf9\x10_8\xa7\x01\xdd\x13\x156r.\xa7\xc5\x10\
\xa3x6W8\x7f)cn\xeb\x99\x84\xdfYi\xa8\
\xcc\xfe[N\xae\x05a!\x97\x1f+)\xdc}b\x9e\
B\xea\xd4\x03\x13b\x08{&%\xa6\xa0p\xcd\xc5+\
\xf6\xf1L\xb9\xe3>!y\xfc:\xe1\xcf\xdf\x9f\xe4\x01\
P\x1e\x169\x0b\x01\x5c\xe1S\xc1S\x09\xc0\x98\x05\x05\
\x80nN\x19\x89\x82\xfb/\xee\xb8Rn\x05\xa2L1\
\x19.\xf7\xec\x02X\x07\x9a\xa3\xea3\xb3\xec9\xc0\x08\
\x8dl\xfc\xd8\xd2\x9d0\xcf\x95D\xcan(WW\x9d\
\x86qYT\x0e$\xd5\x00\x99d-\x08v>\xd3\x98\
{qa]\xf3\xc1\xe7D\x1by\xc0n<]\x17\x18\
\xb7\x04\x94oU\xa5%\x13\xe5\x85\x868P\xc2s\x8c\
\xdfa\x97\x7f\xd0\xbf\x12\xab_z\xdeQ\xf1\xbf>\xcc\
\x9a8\xe5{\xf3\xd9\xd0\x04\x05\xf0Y\xb1C\xf1\xeb\xc5\
\x8b\x88\xef\x91A\x86\xe3'v\xd1j\x8dY\x0e\x0d\xd6\
\x84\x97\xaf2\xd5\xe4\xb5R0H\x09\x1d0d\x02\x86\
\xd5\xa1\xd2\x8d\xc3CH\x87\x03I\xc2Qj\x8d,\x99\
\xf6R\xbb\x10\xf3\xda%d\xd14\x14\xa2i\x97[\x92\
hm(x\x08\xd6\xbd7A\xe5\x95\xa9\xb2\xf2\xb8W\
o0_\xfa\xf2\xc2\x15\x95\x8b\xb7\x5c\x81+\x7f<\x86\
\xe8.W6!\xa3m\xd6\xd6Y\x022+\x04\xbb\xce\
\xce\xeb\xe2\xa1\x8b\xdeF\xd4^\x057\x9f\xe2q\xcb`\
\xda\xaetm\x1a\x02\xf8(pI\xa4\x16\x0f\xf7\xaf'\
\x14\x1f\xc3\xc2\x06\xf1\x5c\xc2\xb9|~\xbc|\xdd-\x07\
a\x9b\xaf\xbc.\xfa\xfb[\xb5h_\xde\xac\xbe\xa0\x18\
\x12[\x8f\xa2'\xe5C\xa21x\x82NAhQ\x9e\
D;9Y\xe2\xd8\x05\xb6\xa4Xb+^c\xde\xec\
\x04W\xbe.\xa1\x83\x82q\xc6\xe4mX\x03xn\xe2\
\xb8\x86\x91f\xb2=\xad{\xa4V\xafK\xf9Q\x04S\
.G14\x8a\xdbA\x92\xd7S\x0a\xcc\x02\xd0W\x99\
\x9ed\xc1GC\x1a\xda\xc4QU\xc8B8F\x8a^\
\x0dt\xeb^\xe7\x98\xba\x97g2[\xe1\x91\xb8Dx\
\x99\xdd\xf0\xb8o\x14D&\x1b\xe8\x09.\xff\x0d\x05Q\
R\x007\xdd\xfb7)\x80I\xc9\xc1I\x17\x10\xb7a\
Rc\xd7i\x9a\xa6\xef\xb4\xa89\xb7D\x8d\xe9Y\x99\
\xb6\xca,\xc9\x95Z\xc6^\x81\xb1\xc9\xb8\xddR\x1d\xc3\
\xc4\xe0\xc7\xd8\xd0m3\x9dmw\xb2)s\x06\xe3x\
~\x97\xc7\xf0yx\x90o\xf0\xb0\x19cV\xd6.\x15\
\x03$2\x8f\x1e\xf3\x04&4I\xa1\x04U\xf0\x1a\xc8\
\xae\xc5\x85\x8c\x8f7\x17?z\x05E\x0f (*m\
\xc9-B8\xa5R\xcbN\xa2P\xf8`\x05\xc3\x9az\
\xca\x85\xaap\x8fA\x80\x84\x157X\xb8,+\xad\x7f\
@\x93qI`\x0f.4\x95\xa0\xda\x90\x04/'1\
\x9e:\x17\xbf\x17\xba\xc4d}\x93\xa4\xa4\xe82\x9f\x03\
\xc4\x86\xb5\xcf\x22qf\x12\xeb\xf3>\x0bk\x98h\xdf\
\x87\x9c,W\x14\x89\xb5Y\x07\x84\xe3\xb0\x8f*\x896\
\xfd\xa4\x99\xc1\x9d'\xb9\x05O\x5c\x80>\xf72\xdd\x88\
k\x1d\xb0\xc1@\xdb/>\x03$\x1f\xbc2\xe3\x01\xd4\
\xeaM\x12\x9fk\x10`\x01Y\x01\x11h\xaaT\xf7E\
\xe5\x17+\x1d8\x17\xd6\xa9R\xb1\x92]&8\x12x\
)\xa2q\xa2-\xecij\xcf,\xecu\x03E\x05\xc7\
\xe4\x94Zvq\xf7c\x0e\xc6\x09\xd4\xbc<7\x81\xff\
\x1a\xc8\x8cE\xafsN\xbd\xf6\xb9\x0c\xb6\xc9\x90W \
\x11\xb9Y\xfd\xb8!\x7f\xc5\xd7$\x8f`\xd2g&*\
\x807\x1dx\x92\xb0O\xca\x09LV\x00\x05\x17\x18\x00\
!\xd6@\xd2\x98mQcf^)\x9d\x93\xba\x80\x87\
\xa8\xd7\xe0\x8c\x87\xc0\xdc\xa7\xac\x18\x8f\xea\x06\xc1(2\
\xfa\xe5\x85\x9f\xdd\x1e\xa8\xc2\x92\xdb\xe6v\x01\x09\xc7\x19\
\xf2Rf3\xe9\xd1\x1f\x90E\x0e\x1do`1J\x8c\
\x196\xcbr\x81\x0b\x8cH\x82\x87\x98\xa8\xe0%\x15\x85\
\xc4\xd2V\x864~N\xd8\xd3\x0a]w\x89\x85Ch\
n\x0a\x02\x8f\xefjKn*\xd7-\x84\xaa\xd8$&\
\xf4\x81F*q\x06\xe1\x95))h(\xeb)\x04\xbb\
\xd6\xf9\xb3\xcc\xc7\xfb\x12\xa8t\xbb\x96\xa0\xb0\x5c\x12\x04\
\xd6\x17t\x97\xae\x0b\xbc\xadJ\xa5\x92\x0b\x94\xc5\x95\xb9\
\xc2\xd3\x0b\xc6}\xe3\x1c\x15+\x89\x22\x19\x80\x12lb\
\x1d\x8bA`!pA\xc8E\x00L\xd8\x04\xee*(\
\xbf\xc4Ee(\x965\xd1\xef:G\x91\x8e^\x9fc\
\x12\x9fc\xd1\x95\xae\x16\x98{\x03\xc4\x99\x18\x87T[\
\xca+6\xa1\x0a\xa0\x18\x89\xd8\xc7i\x1c\x8a\x0a\xda8\
\xcd\xf2|\x8at\x18\x22|\x18\x8fM\xa1Y)\xda,\
Cq}\x13c\x1c\x06\xc1-\xae\x1dC;z\x5cE\
\xaf\x8a;>\xb8*\xa6<\x857\x01\xe1DhI'\
\xa9!\xca0\x15\x9a\x88\xd0\xb5x\xdd\xbb\x10k\x9fe\
}\x0b\x01r\x8f*?l\xb9Bt+\x17\xf7\x19V\
\x7f\x92r\x08{\xd2O:\xf0\xa4/O\xfa\xcc\xeb\xe2\
\xbe[\xc7,\xfa\xc4\xe6b\xe9&\x85\x96l\xd2\x14+\
\x84Z}Z\x08\x1f\x01*\x0a\xf8\xa8\x8aeq\x83\xb0\
\x05>5l\xb0\xaaY\x18%\xad\xd0\x0d\x81n\xbd4\
PS\x87\x988\x09I\x97`\xb1\x15\xd44dpE\
\xfb;m)UK\x98\xbbyA\x90\xb3\xac\xdc\xec!\
\x1b/\xba\xfa\x05\xeb\x1ck\xbd\x14\x95B|n\xe6\x8d\
\x04\xc5 ye\xaf\xc2%\xf5}\x5cS\x1a\xb4\xbd\x9e\
\x07\xf7CF\x87-\xf7\xe5\xec\xbdB\x22\x14\xefW*\
\x15\xdb\xb0\xfasPB\x1aO\xbb\xf8\xb9\x90\xfb\x08,\
\xb9\xa5\x18\x95\xd7f\x0a\xb8\x8e`P\x16`Q]\xaf\
\x9b\x8a?\xb3\xf6\xdd\x90\xb0\x84\x10A9d>_#\
|\x0e\xa8\xcb\xc1#\xc6\xf5\xe3\xf8\x15c\x97\x8a\x1e\x11\
\xea\xecSS\xfa\x5c\xf8\x0f\x14e\xb4\xcc^\x15\x0d\x15\
\xaeS\xf5o\x16\x15\x8dxm^\x85\xda\x8bB1\xc0\
2kyV\xab\xaf\x08:!,ImB0\xaco\
\x14r\xa7\xcf9x7\xaa\xcc=\xe5!\x8d\xb3\xde\x0f\
}\x0f\xe7\xca\xd7Z=\x9d,\xc0\xb0\x07\xcfK\xde4\
L\xc0t S\xab\xc3~\x8fF\xa0\x0fg\x8b?\x1e\
\x0d\x8c^/\x94\x85}\x1e\xe2D\xf1\x0c\x22\xfa:\xa3\
Z~M\x92\xd37\x19g\x8dN?G\x16\xf1\xa6\x06\
\xf9,\x8b?Q\x01\x04\x97:8\xe5\xb1\xe79\x94\xcb\
\x14\x0e\x1a\xe5\x10\x8c\xc0*\x86\x9c\xf6\x81\xabu*p\
\xe1%\x95\x12\x9f\x9d\x96\xc9&+\xa3R1\xca\x14O\
,)\x99\xdb\xe7\xcc\xd2\xc7\xe2C\xf1\x19\x14\x8eY\xb4\
\xa2j%\x8bC\x15>\xbe\x17\xfe\xf1Y\xb1\xda\x9f\x1f\
\x92\xa8\x0c\x88a;\xaet\x9e\x22\x17\xaf\xb7\xb5+\xaa\
l\x0dY2\xdb\xe0\xba\xd1\x12\xb3\xbe\xf1\x08\x01\x170\
\x06\xd1\xeaV\xc6\xc4d\xde\xe0\x10]}\x11\xb0\x98\xa2\
\xb0\xbc\x815dy\xb3\x88\x12\xa8ea\xddsh\xef\
\xdc\xfaA\xe1\xa41.\x16\x08\x82\xc4\x14o\xa1\xba\xa2\
^\xd5\x8d\x8cA\xe8u\x88\xac\xc1\xe5\x8aNQ9\xcb\
\xb1}\xce\xc4C\x85\x5cAp\xc9C\xee\xe5&\x8bU\
\x08Sn&6s\xaa\xedRq\xb4\xf0O\x1e\xfe\x14\
k\xd2\x91\xba\xcb<Ki\xdf\x92IWE\xf7\xcdR\
\xcdUx\xebt\xbc\x9d(R\x8fbb?\xc8k\xe4\
\xeau\xaf\xc9I\xeb\xc9\x0a\xe0\x17\xaf_\xbc~\xf1\xfa\
\x7f\xfa\xfa?, K\xdcL\xb8\x02\x06\x00\x00\x00\x00\
IEND\xaeB`\x82(\x00\x00\x00@\x00\x00\x00\
\x80\x00\x00\x00\x01\x00 \x00\x00\x00\x00\x00\x00B\x00\x00\
\x00\x00\x00\x00\x00\x00\x00\x00\x00\x00\x00\x00\x00\x00\x00\x00\
\x00\x00\x00\xff\x01\x01\x01\xff\x00\x00\x00\xff\x01\x00\x01\xff\
\x01\x00\x01\xff\x00\x00\x00\xff\x06\x04\x03\xff\x16\x0e\x0a\xff\
(\x18\x11\xff4\x1e\x16\xff9 \x17\xff<!\x19\xff\
;!\x19\xff<!\x19\xff<\x22\x19\xff>\x22\x19\xff\
>\x22\x1a\xff>#\x1a\xff=\x22\x1a\xff?#\x1a\xff\
?$\x1a\xff?%\x1b\xff@%\x1c\xffA&\x1d\xff\
A'\x1c\xffA'\x1d\xffA&\x1e\xffC'\x1d\xff\
B'\x1e\xffB'\x1e\xffB'\x1e\xffA'\x1d\xff\
B(\x1d\xffC(\x1e\xffB'\x1d\xffB'\x1c\xff\
D(\x1e\xffB'\x1c\xffA&\x1b\xffB&\x1b\xff\
B&\x1c\xffB&\x1c\xffB&\x1c\xffA'\x1d\xff\
@%\x1c\xff@%\x1d\xff@%\x1c\xff?$\x1c\xff\
?$\x1c\xff>\x22\x1b\xff=\x22\x1a\xff=!\x1a\xff\
=!\x1a\xff:\x1f\x19\xff5\x1e\x18\xff'\x17\x11\xff\
\x16\x0d\x09\xff\x07\x03\x03\xff\x01\x00\x00\xff\x00\x00\x00\xff\
\x01\x01\x01\xff\x00\x00\x00\xff\x01\x01\x01\xff\x00\x00\x00\xff\
\x00\x00\x00\xff\x00\x00\x00\xff\x01\x01\x01\xff\x01\x01\x01\xff\
\x05\x04\x03\xff\x1c\x12\x0d\xff5\x1f\x17\xff8\x1c\x17\xff\
0\x10\x13\xff*\x09\x10\xff'\x07\x10\xff(\x06\x10\xff\
(\x06\x10\xff(\x07\x11\xff(\x07\x11\xff(\x07\x11\xff\
*\x07\x12\xff*\x07\x12\xff+\x07\x13\xff*\x07\x13\xff\
)\x08\x13\xff)\x07\x14\xff+\x09\x14\xff,\x0a\x16\xff\
,\x0b\x16\xff-\x0a\x15\xff,\x0a\x15\xff,\x0b\x16\xff\
-\x0b\x16\xff-\x0b\x15\xff,\x0b\x16\xff,\x0c\x15\xff\
-\x0b\x15\xff-\x0b\x14\xff-\x0b\x15\xff,\x0b\x15\xff\
,\x0b\x15\xff,\x0a\x14\xff,\x0a\x14\xff+\x0a\x15\xff\
+\x0a\x15\xff,\x0a\x15\xff-\x09\x15\xff-\x0a\x16\xff\
/\x0d\x16\xff*\x0b\x14\xff*\x0b\x14\xff*\x0c\x15\xff\
+\x0b\x15\xff+\x0a\x15\xff*\x09\x14\xff*\x0a\x14\xff\
)\x08\x14\xff+\x07\x15\xff,\x0a\x16\xff1\x0f\x16\xff\
6\x19\x17\xff1\x1b\x15\xff\x18\x0e\x0b\xff\x04\x02\x01\xff\
\x00\x00\x00\xff\x00\x00\x00\xff\x01\x01\x01\xff\x01\x01\x01\xff\
\x00\x00\x00\xff\x00\x00\x00\xff\x01\x00\x01\xff\x12\x12\x11\xff\
c\x5cT\xff`C1\xff<\x1a\x18\xff*\x08\x0f\xff\
+\x0a\x11\xff+\x0c\x12\xff,\x0e\x13\xff0\x11\x15\xff\
/\x0f\x14\xff+\x0a\x14\xff&\x06\x11\xff+\x0f\x14\xff\
.\x0f\x16\xff5\x16\x19\xff7\x16\x19\xff1\x10\x17\xff\
*\x09\x14\xff(\x08\x13\xff4\x15\x19\xff7\x16\x1a\xff\
8\x18\x1a\xff5\x16\x19\xff1\x10\x18\xff,\x0a\x15\xff\
+\x08\x14\xff-\x0a\x15\xff,\x0a\x14\xff*\x09\x15\xff\
)\x06\x13\xff)\x06\x12\xff*\x09\x13\xff*\x08\x12\xff\
,\x09\x13\xff)\x06\x12\xff(\x06\x12\xff(\x06\x12\xff\
(\x06\x13\xff)\x06\x14\xff(\x05\x13\xff(\x04\x13\xff\
-\x08\x14\xff0\x0d\x16\xff/\x0d\x16\xff&\x08\x13\xff\
(\x08\x15\xff2\x0e\x17\xff*\x0a\x15\xff)\x08\x13\xff\
'\x04\x13\xff&\x03\x13\xff%\x03\x13\xff&\x02\x13\xff\
&\x02\x14\xff)\x08\x14\xff4\x18\x17\xff'\x17\x12\xff\
\x07\x04\x03\xff\x00\x00\x00\xff\x00\x00\x00\xff\x01\x01\x01\xff\
\x00\x00\x00\xff\x01\x01\x00\xff\x0a\x07\x05\xffYI:\xff\
\xd3\xcb\xc3\xff\xab\x97\x8b\xffZ8*\xff9\x19\x18\xff\
/\x10\x13\xff-\x10\x10\xff2\x12\x11\xff6\x14\x14\xff\
1\x12\x13\xff/\x0f\x14\xff)\x09\x12\xff/\x13\x14\xff\
2\x15\x16\xff7\x18\x17\xff9\x17\x15\xff6\x15\x17\xff\
1\x10\x15\xff/\x0e\x14\xff8\x19\x16\xff9\x19\x16\xff\
;\x1b\x18\xff9\x1a\x19\xff7\x16\x18\xff/\x0c\x13\xff\
1\x0f\x14\xff/\x0e\x12\xff2\x10\x13\xff1\x0e\x14\xff\
,\x0b\x13\xff)\x09\x12\xff<\x1d\x1a\xff9\x1b\x16\xff\
?\x1d\x18\xff,\x09\x12\xff+\x07\x12\xff+\x07\x13\xff\
/\x0c\x15\xff:\x17\x18\xff(\x06\x12\xff*\x06\x14\xff\
8\x12\x19\xff:\x13\x19\xff.\x0d\x14\xff)\x0c\x13\xff\
,\x0b\x15\xff.\x0b\x15\xff6\x12\x1b\xff1\x0c\x16\xff\
)\x04\x13\xff)\x04\x14\xff.\x0a\x16\xff$\x03\x11\xff\
(\x03\x15\xff(\x03\x15\xff'\x03\x14\xff3\x13\x17\xff\
+\x19\x13\xff\x07\x04\x03\xff\x00\x00\x00\xff\x00\x00\x00\xff\
\x01\x01\x01\xff\x04\x03\x02\xff4\x22\x18\xffa>(\xff\
\x88lT\xff\xd7\xcf\xc6\xff\xad\x99\x8b\xff\x5c;+\xff\
C$\x1b\xff=\x1a\x16\xff=\x18\x15\xff6\x13\x13\xff\
/\x11\x12\xff5\x18\x18\xff.\x0f\x15\xff<\x1b\x18\xff\
>\x1d\x1a\xff5\x17\x17\xff0\x14\x14\xff5\x19\x18\xff\
;\x1a\x19\xff7\x16\x19\xff7\x1b\x17\xff6\x1a\x15\xff\
:\x18\x15\xff<\x1b\x17\xff;\x1e\x19\xff2\x13\x16\xff\
1\x15\x15\xff7\x1b\x15\xff.\x0f\x11\xff2\x11\x16\xff\
-\x0d\x14\xff.\x0e\x12\xff:\x1b\x15\xff9\x1a\x16\xff\
=\x1e\x18\xff0\x10\x14\xff+\x08\x12\xff,\x09\x13\xff\
-\x0a\x13\xff1\x0f\x14\xff/\x0f\x14\xff,\x0a\x13\xff\
4\x10\x15\xff6\x13\x16\xff5\x11\x16\xff2\x13\x16\xff\
2\x13\x18\xff0\x0d\x17\xff5\x11\x18\xff1\x0e\x16\xff\
-\x07\x14\xff-\x0a\x17\xff)\x06\x13\xff.\x0a\x14\xff\
5\x0f\x17\xff4\x0d\x17\xff+\x05\x14\xff%\x03\x12\xff\
1\x12\x16\xff'\x17\x12\xff\x04\x02\x02\xff\x01\x00\x00\xff\
\x01\x01\x01\xff\x1c\x12\x0d\xffL.\x1e\xffO,\x1d\xff\
^:$\xff\x8anV\xff\xd8\xd0\xc7\xff\xad\x97\x88\xff\
iD-\xffO)\x1c\xffA!\x18\xff7\x15\x13\xff\
5\x15\x13\xff/\x12\x13\xff,\x0d\x13\xff9\x14\x11\xff\
=\x1c\x18\xff7\x1b\x18\xff1\x15\x15\xff8\x1d\x19\xff\
4\x15\x16\xff3\x11\x15\xff8\x19\x16\xff=!\x18\xff\
<\x1c\x16\xff;\x1b\x17\xff<\x1f\x19\xff2\x11\x14\xff\
= \x18\xffB)\x17\xffC(\x17\xffC(\x19\xff\
0\x11\x13\xff-\x0d\x11\xff7\x18\x15\xff/\x10\x13\xff\
8\x18\x16\xff-\x0e\x10\xff6\x14\x15\xff7\x15\x17\xff\
.\x0f\x13\xff.\x0e\x13\xff9\x16\x16\xff<\x1a\x17\xff\
0\x12\x14\xff2\x14\x14\xff;\x17\x19\xff:\x18\x18\xff\
8\x16\x16\xff6\x12\x16\xff2\x11\x16\xff.\x0e\x16\xff\
2\x0e\x17\xff+\x07\x14\xff(\x06\x13\xffB\x19\x1d\xff\
P\x1f#\xffI\x1a!\xff5\x0c\x18\xff%\x02\x12\xff\
'\x03\x12\xff7\x19\x18\xff\x19\x0f\x0b\xff\x01\x01\x01\xff\
\x07\x04\x04\xff>'\x1b\xffH(\x19\xffH&\x19\xff\
J)\x1b\xffT4 \xff\x86mU\xff\xda\xd2\xc9\xff\
\xb5\x9f\x8b\xffjD*\xffN,\x1b\xffD\x1d\x16\xff\
9\x17\x13\xff2\x15\x14\xff.\x10\x15\xff3\x14\x11\xff\
2\x16\x13\xff8\x19\x17\xff<\x18\x17\xff8\x1a\x16\xff\
/\x15\x14\xff3\x15\x16\xff?\x1c\x18\xff>\x1f\x17\xff\
4\x19\x13\xff9\x1d\x16\xffA \x1a\xff4\x13\x14\xff\
2\x11\x12\xff8\x19\x14\xff8\x1b\x14\xff5\x18\x13\xff\
.\x0f\x12\xff-\x0e\x12\xff1\x12\x13\xff2\x15\x12\xff\
3\x13\x13\xff-\x0e\x11\xff0\x11\x12\xff0\x10\x12\xff\
,\x0d\x12\xff,\x0c\x11\xff1\x0f\x12\xff?\x1e\x15\xff\
6\x16\x16\xff7\x19\x16\xff<\x1b\x19\xff@\x1d\x19\xff\
>\x1b\x16\xff8\x17\x15\xff7\x14\x16\xff3\x10\x17\xff\
4\x11\x17\xff)\x05\x13\xff(\x03\x13\xff.\x0b\x14\xff\
I\x1d\x1f\xff@\x16\x1d\xff(\x03\x13\xff&\x01\x12\xff\
&\x02\x12\xff*\x08\x14\xff2\x1c\x17\xff\x06\x04\x03\xff\
\x1a\x10\x0c\xffL.\x1e\xffH'\x19\xffE%\x19\xff\
;\x1f\x13\xffB(\x18\xffV9\x22\xff\x87nV\xff\
\xd8\xd0\xc5\xff\xb4\x9e\x86\xffuR2\xffW4!\xff\
E%\x19\xff@ \x1a\xff2\x15\x16\xff8\x1d\x16\xff\
7\x1a\x15\xffA\x22\x1b\xffC#\x1b\xff=\x22\x1c\xff\
7\x1d\x18\xff6\x1b\x19\xffB#\x1c\xffB%\x1c\xff\
=!\x18\xffA$\x19\xffA$\x18\xff5\x17\x15\xff\
.\x0e\x12\xff/\x0f\x12\xff/\x0f\x12\xff0\x10\x12\xff\
/\x10\x12\xff0\x13\x13\xff/\x11\x11\xff1\x12\x11\xff\
4\x15\x14\xff0\x10\x12\xff1\x12\x13\xff1\x11\x14\xff\
.\x0d\x12\xff.\x0c\x12\xff2\x10\x13\xffC!\x18\xff\
@\x1d\x17\xffB\x1f\x18\xffB \x19\xffA\x1f\x18\xff\
@\x1e\x16\xff?\x1b\x15\xff?\x19\x17\xff=\x16\x18\xff\
;\x16\x18\xff-\x08\x14\xff*\x04\x13\xff(\x05\x12\xff\
*\x08\x13\xff(\x05\x13\xff*\x03\x13\xff+\x04\x13\xff\
%\x02\x12\xff'\x04\x12\xff:\x1a\x1a\xff\x17\x0e\x0a\xff\
1 \x15\xffJ)\x1b\xffF$\x18\xffA#\x17\xff\
9#\x15\xffL5&\xffN4%\xff`B-\xff\
\x8bs_\xff\xdc\xd5\xcc\xff\xb7\xa3\x8d\xffpN.\xff\
Y6\x1f\xffH&\x1b\xff2\x17\x15\xff< \x17\xff\
>\x1f\x18\xffB%\x1a\xff>#\x1a\xff@%\x1c\xff\
A$\x1d\xff4\x17\x16\xff8\x1f\x16\xff@(\x1a\xff\
C&\x1a\xffC&\x19\xff<!\x16\xff4\x18\x15\xff\
0\x10\x12\xff1\x11\x12\xff1\x12\x12\xff2\x12\x12\xff\
0\x12\x12\xff@#\x19\xff6\x18\x12\xff9\x1a\x14\xff\
G(\x1a\xff5\x15\x13\xff2\x14\x13\xff2\x13\x14\xff\
.\x0e\x12\xff?\x1d\x1a\xffW4%\xffU4\x22\xff\
W4!\xff_:$\xff\x5c8#\xffU3!\xff\
T1#\xffX1\x22\xffX/$\xffU-%\xff\
T,%\xffS($\xff3\x0f\x16\xff)\x05\x12\xff\
-\x08\x14\xff(\x05\x12\xff1\x0b\x16\xff6\x11\x18\xff\
(\x07\x13\xff.\x09\x16\xff6\x12\x17\xff)\x19\x13\xff\
B*\x1d\xffG&\x18\xffF%\x18\xff= \x15\xff\
C,\x1d\xffC,!\xff=%\x19\xffE,\x1c\xff\
[>)\xff\x8du^\xff\xda\xd4\xca\xff\xb7\xa2\x8b\xff\
uP1\xffQ1 \xff;\x1e\x18\xffD$\x1a\xff\
?!\x18\xff6\x1e\x15\xff8\x1e\x16\xff>!\x17\xff\
= \x19\xff6\x1c\x19\xff:\x22\x18\xff>$\x17\xff\
>\x1f\x15\xff?!\x16\xff?\x22\x16\xff7\x19\x14\xff\
2\x12\x12\xff3\x13\x13\xff2\x14\x13\xff2\x14\x14\xff\
7\x18\x15\xff9\x1a\x15\xff1\x12\x11\xff1\x13\x11\xff\
6\x17\x11\xff:\x1c\x15\xff8\x19\x15\xff6\x14\x13\xff\
0\x11\x12\xffT7#\xffP/\x1a\xffM(\x16\xff\
J(\x18\xffN/\x1d\xffP2\x1f\xffF'\x18\xff\
B\x22\x18\xffB \x17\xffA\x1d\x18\xffA\x1b\x19\xff\
?\x19\x1a\xff@\x1b\x1c\xffI#\x1d\xff*\x06\x12\xff\
/\x0a\x15\xff1\x0d\x17\xff0\x0f\x16\xff'\x05\x11\xff\
&\x02\x11\xff(\x03\x12\xff*\x09\x13\xff7 \x19\xff\
K0!\xffG&\x18\xffG&\x19\xff:\x1f\x13\xff\
N6(\xffA*\x1e\xff>'\x1a\xff?(\x1c\xff\
F-\x1f\xffW;&\xff\x89qW\xff\xdb\xd4\xca\xff\
\xb8\xa3\x89\xffuS3\xffS1!\xffM-\x1d\xff\
B'\x1b\xff=#\x18\xff@$\x19\xffA&\x1b\xff\
<\x22\x1a\xff>#\x1d\xffH-\x1f\xffC(\x1a\xff\
=!\x15\xffC%\x19\xffI*\x1c\xff<\x1e\x17\xff\
4\x13\x14\xff5\x15\x14\xff4\x16\x14\xff:\x1d\x16\xff\
C%\x18\xffD%\x18\xff7\x19\x13\xff<\x1e\x15\xff\
P0\x1d\xff;\x1f\x16\xff:\x1c\x14\xffB \x16\xff\
G&\x1a\xff[?%\xffJ+\x16\xffU.\x17\xff\
U/\x18\xffN1\x1c\xffP4\x1e\xffZ8\x1e\xff\
R2\x1c\xffE'\x19\xffA\x1f\x16\xffB\x1f\x18\xff\
@\x1d\x19\xff>\x1d\x1c\xffQ*!\xff:\x15\x1a\xff\
7\x13\x17\xff4\x11\x16\xff3\x11\x15\xff:\x13\x18\xff\
-\x07\x13\xff)\x05\x12\xff)\x07\x13\xff>\x22\x1d\xff\
M2#\xffG'\x19\xffD%\x19\xff=$\x18\xff\
V>2\xff@*\x1e\xff?*\x1c\xffJ6,\xff\
C-#\xffG0 \xffZ>&\xff\x8du\x5c\xff\
\xdd\xd6\xcb\xff\xba\xa6\x8d\xffrN3\xffT4\x1f\xff\
M1\x1e\xffM1\x1e\xffC(\x19\xffG.\x1e\xff\
>#\x1b\xff@!\x1c\xffK-\x1d\xffI/\x1d\xff\
E*\x19\xffH,\x1c\xffM1 \xff>\x1f\x18\xff\
7\x19\x14\xff9\x1b\x15\xffH*\x1b\xff^?#\xff\
[;\x1f\xffY;\x1f\xff]>\x22\xff@!\x16\xff\
=\x1e\x13\xff?$\x16\xff;!\x15\xff@\x22\x16\xff\
J+\x19\xffW:\x1f\xffE'\x13\xffF(\x14\xff\
N0\x19\xffH-\x18\xffbA \xffb@\x22\xff\
]<!\xffZ9\x1e\xffI)\x1a\xff?!\x17\xff\
? \x18\xffC \x1a\xffN+ \xff8\x18\x17\xff\
7\x14\x15\xff5\x11\x14\xff0\x0c\x13\xff-\x0a\x14\xff\
&\x06\x12\xff)\x08\x12\xff*\x08\x13\xff@#\x1d\xff\
P4%\xffH(\x1a\xff?\x22\x17\xffG/#\xff\
WB5\xffZH?\xffn]S\xffwh^\xff\
R?5\xffE/#\xffJ1\x22\xff_C+\xff\
\x9e\x87p\xff\xe0\xd9\xcf\xff\xb6\xa0\x8a\xffuR1\xff\
Y9\x22\xffQ4\x1f\xffG.\x1b\xffI/\x1c\xff\
G+\x1c\xffB&\x1c\xffA)\x1a\xffH1\x1f\xff\
I.\x1c\xffL/\x1d\xffO0\x1d\xffB$\x19\xff\
F)\x19\xffJ.\x1b\xffiK(\xffcE#\xff\
Y;\x1e\xffS5\x1c\xffaB!\xffcD#\xff\
I-\x19\xffJ-\x19\xffI+\x18\xffD&\x15\xff\
D&\x15\xffT3\x1a\xffnL\x22\xff_@\x1e\xff\
jJ#\xffL2\x19\xffmL$\xffK.\x1b\xff\
N1\x1d\xffaD%\xffL1\x1d\xffA%\x17\xff\
A$\x18\xffE$\x19\xffR0 \xff;\x1d\x1a\xff\
<\x1b\x18\xff9\x15\x16\xff7\x15\x16\xff9\x1a\x17\xff\
+\x0d\x13\xff3\x13\x18\xff-\x0c\x13\xffA%\x1f\xff\
Q5%\xffG(\x19\xff; \x14\xffQ</\xff\
VD8\xff\x9b\x8e\x86\xff\x5cKA\xffwg]\xff\
[I?\xffrcZ\xffVA6\xffT;)\xff\
qS:\xff\x92y\x5c\xff\xe0\xd9\xcc\xff\xbd\xa6\x89\xff\
|V3\xffa@$\xffW9 \xffO4\x1e\xff\
H-\x1c\xffA&\x1b\xffH.\x1c\xffP5 \xff\
R5\x1e\xffT5\x1e\xffN3\x1c\xff@%\x19\xff\
A#\x17\xffS7\x1f\xffx].\xffcK(\xff\
x^.\xffiJ#\xffaC \xffiK#\xff\
vV%\xffxY'\xffw[)\xfftW(\xff\
pS%\xfftW'\xff{Z'\xff{X'\xff\
\x7f])\xffW?\x1e\xffkN&\xff[?\x22\xff\
_D'\xff]E(\xffQ6\x1e\xffR3\x1c\xff\
I-\x1b\xffC&\x18\xffX5 \xff9\x1c\x19\xff\
6\x18\x16\xff7\x17\x16\xff4\x14\x15\xff,\x0c\x12\xff\
(\x08\x11\xff'\x07\x11\xff,\x0a\x12\xffA' \xff\
Q5%\xffF&\x18\xff;!\x13\xffaK?\xff\
O:/\xff}l`\xffl\x5cQ\xffzj`\xff\
cRI\xffrd\x5c\xff\x8a|t\xffV?1\xff\
S=*\xff`F\x22\xff\x95\x7f]\xff\xde\xd7\xcb\xff\
\xbb\xa5\x8a\xff\x85b8\xffkK)\xffV:!\xff\
M2\x1e\xffG)\x1c\xffR5\x1f\xffR8!\xff\
\x5c?!\xff\x5c=!\xffY>\x22\xffC)\x1a\xff\
K2\x1d\xff`F\x22\xff\x87n2\xffnX.\xff\
\x85m6\xffx[)\xffsU%\xff~c*\xff\
\x93y4\xff\x9b\x827\xff\x9b\x847\xff\x9b\x836\xff\
\x9c\x847\xff\x98\x817\xff\x9a\x808\xff\x9a\x7f8\xff\
\x9b\x809\xffoW%\xfft]-\xffG+\x1c\xff\
L0\x1f\xffnQ(\xffU5\x18\xffP2\x1a\xff\
J-\x1a\xffL/\x1d\xffY8!\xff7\x19\x18\xff\
4\x17\x16\xff5\x16\x16\xff3\x15\x16\xff1\x12\x15\xff\
.\x0f\x15\xff(\x08\x13\xff)\x0a\x12\xffA' \xff\
P5$\xffC%\x16\xffD+\x1d\xffkUH\xff\
U?2\xffV?1\xffV@2\xff}od\xff\
\x7ftm\xff\x89~v\xffgSG\xff\x5cH<\xff\
KN,\xffTk'\xffjq2\xff\x9c\x9bh\xff\
\xe2\xe1\xd2\xff\xba\xa6\x8b\xff\x80`4\xff^A%\xff\
R3 \xffL,\x1e\xffQ8!\xffM6\x1f\xff\
Y? \xff^@\x22\xffR5\x1f\xffB'\x19\xff\
?$\x18\xffN4\x1d\xff\x89q4\xff\x86n2\xff\
{e/\xffx`+\xff\x89p/\xff\x87r7\xff\
_F\x22\xffbG\x22\xff^D \xff`F \xff\
cK \xffze/\xffu\x5c'\xffu['\xff\
pW&\xffmR\x1f\xff\x88r6\xffD*\x19\xff\
J.\x1c\xff{].\xffX9\x1a\xffK/\x16\xff\
O2\x1b\xffU5 \xff[=!\xff8\x1a\x16\xff\
6\x19\x15\xff4\x16\x15\xff2\x14\x14\xff1\x13\x14\xff\
0\x11\x15\xff5\x14\x18\xff+\x0e\x13\xff@& \xff\
P5$\xff@$\x15\xffYC7\xffoYK\xff\
[E6\xffYC4\xffXB3\xffeQD\xff\
bNB\xffR>/\xffR;-\xff\x5cL<\xff\
K`*\xffJg\x1f\xffRg#\xfffw-\xff\
\x9d\xa0h\xff\xe2\xdf\xcc\xff\xbb\xa6\x86\xff{Y1\xff\
fD$\xffO1\x1d\xffL4\x1d\xffR:\x1f\xff\
W<\x1e\xffU9\x1f\xffR6\x1e\xffH*\x18\xff\
B&\x16\xffB)\x17\xfffO(\xff\x8f{9\xff\
\x8dz7\xff\x8f~:\xff\x8b{:\xff]B\x22\xff\
bJ%\xffL3\x1a\xffS8\x1d\xffV<\x1e\xff\
eJ!\xff\x90~=\xff\x81h)\xff\x7fd'\xff\
~c'\xff\x81f&\xff\x86m+\xff\x89s4\xff\
}g/\xffgL\x22\xff]@\x1f\xffX8\x1a\xff\
Q1\x18\xffM/\x1a\xff_A\x22\xffF'\x1d\xff\
=!\x19\xff7\x19\x16\xff1\x14\x13\xff4\x16\x18\xff\
2\x12\x16\xff3\x12\x15\xff*\x0c\x14\xffA& \xff\
R7&\xff=#\x14\xffhUG\xfflUF\xff\
cL=\xffaJ;\xff_H9\xffXC4\xff\
XC9\xffWD8\xffT=3\xffQF2\xff\
Il,\xffm\x8aO\xff\x87\x9dk\xffx\x8bN\xff\
\x80\x86I\xff\xa6\xa5r\xff\xe4\xe2\xd2\xff\xc0\xa9\x87\xff\
\x85`4\xff`@$\xff`B\x22\xffgG!\xff\
Y<\x1c\xffS:\x1d\xff]? \xffM/\x18\xff\
C(\x15\xffB(\x14\xffB)\x14\xffP9\x1b\xff\
eP'\xffbM$\xffH/\x16\xffD(\x14\xff\
P4\x17\xffT:\x1b\xffL4\x19\xffO8\x1a\xff\
iN!\xff\x98\x87A\xff\x89t+\xff\x8au*\xff\
\x84o'\xff~g&\xffza$\xffw[\x1f\xff\
jN\x1c\xff[@\x1c\xffZ?\x1f\xff]=\x1d\xff\
T5\x1a\xffN3\x1d\xff^C%\xffD'\x1c\xff\
;\x1f\x17\xff6\x19\x16\xff4\x18\x13\xff-\x10\x11\xff\
(\x0a\x10\xff+\x0c\x13\xff*\x0c\x15\xffB(!\xff\
U:(\xffA%\x16\xffoZJ\xffu_N\xff\
lVG\xffgPA\xffdL=\xff]H;\xff\
\xa8\x9c\x96\xff\xb3\xab\xa5\xffzle\xffBF+\xff\
My1\xff\x89\xa1o\xff\x90\xa1r\xff\x90\xa2r\xff\
\x95\xa4q\xff\xa5\xac|\xff\xbe\xbd\x93\xff\xe4\xe2\xd1\xff\
\xb4\x9c\x80\xff\x82_5\xffrN'\xffgD\x1d\xff\
^?\x1b\xff]@\x1c\xffU:\x1b\xffH.\x16\xff\
>%\x13\xff;#\x13\xff8!\x11\xff8!\x11\xff\
;#\x10\xffB.\x15\xff>'\x13\xff@*\x15\xff\
T@\x1f\xffM7\x19\xffM6\x1a\xffR9\x1a\xff\
^C\x1a\xff\x91\x7f9\xff\x99\x8b7\xff\x96\x887\xff\
\x89{0\xff\x87y5\xff\x83q2\xffxb*\xff\
oX(\xffjR)\xffbJ$\xff\x5cA\x1f\xff\
\x5c@ \xff`D$\xff[>$\xff8\x1b\x16\xff\
9\x1c\x15\xff@ \x17\xff;\x1c\x14\xffA\x1e\x16\xff\
,\x0d\x10\xff7\x16\x16\xff6\x15\x17\xffF*\x22\xff\
W;)\xffJ*\x19\xffL0\x1e\xffaI8\xff\
s_P\xff|eV\xffv_P\xffsaW\xff\
\xb7\xac\xa7\xff\x80sh\xffH4&\xffI^3\xff\
U\x86>\xff\x96\xb1\x85\xff\x85\x9bl\xff\x99\xac\x81\xff\
\x8c\xa4n\xff\xa1\xb4\x87\xff\x88\x96X\xff\xaa\xb3y\xff\
\xe3\xdf\xd0\xff\xba\xa3\x83\xff\x85`1\xffnJ \xff\
iG\x1c\xff`@\x19\xffH.\x14\xff9\x22\x0f\xff\
5\x1f\x13\xff2($\xff18;\xff1BH\xff\
2CH\xff09:\xff0*&\xff2\x1e\x12\xff\
5\x22\x10\xffC-\x15\xffL3\x19\xffQ5\x19\xff\
M0\x14\xfffJ\x1e\xff\x93~9\xff\x98\x89?\xff\
\x9b\x8a@\xff\x8e|>\xff\x85r9\xff~i4\xff\
{d3\xffx`4\xfftZ0\xffnR*\xff\
kN(\xff_B%\xff;\x1b\x17\xff0\x10\x14\xff\
/\x10\x13\xff2\x12\x13\xff>\x1f\x16\xff6\x15\x13\xff\
)\x0b\x11\xff-\x0f\x13\xff-\x0e\x14\xffE*\x22\xff\
W;(\xffP.\x1c\xffP.\x1c\xffB'\x18\xff\
9!\x13\xffN4$\xff[D6\xff\x5cI?\xff\
Q=2\xff<$\x14\xff;(\x16\xffRzC\xff\
h\x97Z\xff\xa0\xbd\x99\xff\x84\xa2t\xff\xa0\xb5\x8f\xff\
\x93\xac{\xff\x9d\xb6\x8a\xffh\x87D\xff}\x87L\xff\
\xb2\x9cr\xff\xe7\xe0\xcf\xff\xbc\xa5~\xff\x8de.\xff\
xR!\xff]?\x1c\xffC+\x16\xff9:8\xff\
@~\x96\xff>\xa7\xd2\xff5\xb3\xea\xff.\xb7\xf2\xff\
.\xb7\xf2\xff8\xb3\xea\xffD\xa9\xd6\xffE\x86\xa1\xff\
5@B\xff6 \x0f\xffH1\x17\xffQ7\x1b\xff\
L0\x15\xffM1\x15\xffnX%\xff\x86q-\xff\
\x91x0\xffQ9\x1a\xffC*\x16\xffA'\x15\xff\
?#\x15\xff=\x1f\x15\xffG(\x19\xff`>\x1e\xff\
Q2\x18\xff@#\x17\xff5\x13\x13\xff3\x12\x14\xff\
/\x0f\x13\xff.\x0d\x11\xff;\x1a\x16\xffH*\x1d\xff\
1\x15\x17\xff=\x1a\x19\xff0\x12\x13\xffB' \xff\
X<)\xffP0\x1d\xffO0 \xffB&\x16\xff\
h<%\xff\x87M1\xff{G.\xff`7#\xff\
K*\x19\xff<!\x11\xff80\x1a\xffT\x8eK\xff\
\x83\xad{\xff\xac\xc4\xa7\xff\x95\xb4\x8d\xff\xa0\xb5\x90\xff\
\x9b\xb4\x86\xff\x9b\xb6\x86\xff^\x88E\xffjmC\xff\
\x90j<\xff\xba\x9fr\xff\xe8\xe1\xd1\xff\xc2\xaa\x82\xff\
\x86a+\xffT7\x18\xff==9\xffH\xaa\xd0\xff\
,\xbe\xfb\xff \xba\xfe\xff\x1c\xb9\xfe\xff\x1c\xb8\xff\xff\
\x1b\xb7\xfe\xff!\xb7\xfd\xff5\xa5\xda\xffA\x9b\xc1\xff\
N\xaf\xd8\xff:DF\xffF,\x15\xffS6\x19\xff\
N1\x16\xffK0\x15\xffs\x5c&\xff\x94\x803\xff\
\x96\x808\xffK1\x18\xff@#\x14\xff>#\x15\xff\
< \x15\xff;\x1c\x14\xffF)\x1b\xfflM&\xff\
_@\x1f\xffD&\x1a\xff7\x17\x16\xff8\x16\x18\xff\
6\x16\x19\xff2\x14\x17\xff.\x0f\x12\xff.\x0d\x11\xff\
-\x0a\x12\xff-\x0b\x12\xff+\x0b\x11\xffC( \xff\
Y>*\xffO0\x1e\xffK/ \xffG*\x19\xff\
\x8dT6\xff\x8dK.\xff\x8bI-\xff\x8eK0\xff\
\x8cL2\xffwD,\xffLR3\xffY\x9cR\xff\
b\x9aT\xfft\xa4h\xff\x8d\xb7\x84\xff\x93\xb6\x8a\xff\
\xa3\xbc\x95\xff\x8f\xacy\xff\x5c\x8bJ\xff_V5\xff\
\x84^8\xff\x9bsB\xff\xbd\xa4y\xff\xe6\xe1\xd1\xff\
\xb4\x9cw\xffX;\x1e\xffDv\x86\xff4\xc2\xfc\xff\
%\xbc\xfe\xff\x22\xbc\xfe\xff!\xbc\xfe\xff!\xbb\xfe\xff\
 \xb9\xfe\xff.\xba\xf8\xff9Vd\xff1*)\xff\
F\xa3\xcc\xffI}\x93\xffA*\x14\xffU9\x18\xff\
O2\x16\xffM1\x15\xffu_%\xff\x96\x810\xff\
\x93~4\xffV=\x1e\xffA$\x15\xff@$\x15\xff\
>!\x15\xff;\x1e\x13\xffL1\x1e\xffmQ*\xff\
lL%\xffG'\x1c\xff.\x11\x11\xff:\x1e\x1b\xff\
D&#\xff=\x22\x1f\xff4\x1e\x19\xff0\x16\x15\xff\
1\x15\x15\xff0\x10\x14\xff.\x0e\x14\xffB(!\xff\
[@+\xffO1\x1e\xffH-\x1d\xffR4!\xff\
\x9ab<\xff\x90Y:\xff\x8fY<\xff\x8fO.\xff\
\x8cL,\xffu@%\xffZvM\xff^\xa9Y\xff\
Z\xa0O\xffX\x9dL\xffU\x9aI\xffT\x93H\xff\
c\x8fS\xffg\x90N\xff^\x84H\xffdM/\xff\
\x7fZ8\xff\x89c<\xff\x95qA\xff\xb2\x9bs\xff\
\xd0\xc9\xba\xffiYH\xffJ\x8c\xa1\xff1\xc4\xfd\xff\
+\xc0\xfe\xff'\xc0\xfe\xff&\xbf\xfe\xff'\xbe\xfe\xff\
&\xbe\xfe\xff-\xbf\xfb\xff@\x8a\xa5\xff9fv\xff\
=\xb6\xe6\xffH\x87\xa1\xff@,\x18\xffR:\x19\xff\
N2\x16\xffN1\x15\xffdM\x1e\xff\x97\x864\xff\
\x8cv,\xff~i4\xffE*\x17\xff@$\x15\xff\
?\x22\x14\xff>\x22\x14\xffhO+\xff]E!\xff\
rT,\xff@!\x18\xff0\x13\x12\xff7\x1d\x17\xff\
7\x1a\x15\xff9\x1c\x18\xff;\x1e\x1a\xff3\x1a\x18\xff\
/\x18\x17\xff-\x11\x13\xff-\x0f\x13\xffD)!\xff\
\x5cA,\xffQ2\x1e\xffG+\x19\xffhG+\xff\
\xa0h<\xff\xb3\x8er\xff\xbb\xa0\x8e\xff\x90Z6\xff\
\x8dV3\xfftG(\xffg\x95b\xffb\xaf\x5c\xff\
_\xaaW\xff^\xa8U\xff[\xa4Q\xff\x5c\x90N\xff\
\x7f\xae\x80\xffo\x9ci\xffS]5\xffpP1\xff\
|Y8\xffuT2\xffrS0\xffvW3\xff\
\x8fy\x5c\xffbUG\xffO\x91\xa2\xff8\xc8\xfd\xff\
1\xc5\xfe\xff,\xc3\xfe\xff+\xc2\xfe\xff>\xc5\xfb\xff\
F\xc3\xf2\xffD\xc1\xf1\xffH\xc2\xef\xffI\xbe\xed\xff\
F\xc0\xf0\xffM\x86\x9b\xff6\x22\x14\xffF-\x15\xff\
F+\x13\xffH,\x13\xffK1\x15\xff\x89y6\xff\
\x8f~.\xff\x9a\x87:\xffyc.\xffZ@\x1e\xff\
X=\x1e\xffpX/\xffs[-\xffcI\x22\xff\
dG'\xff4\x18\x12\xff:\x1b\x16\xff2\x14\x13\xff\
.\x12\x12\xff0\x10\x12\xff0\x0e\x12\xff,\x0d\x12\xff\
*\x0c\x11\xff*\x0b\x11\xff-\x0c\x12\xffF*\x22\xff\
[@,\xffO1\x1d\xffG+\x18\xff\x8ac=\xff\
\xa5n<\xff\xa5uG\xff\xb5\x95z\xff\x9fpL\xff\
\xbe\xa1\x8f\xff\x8abF\xffbkI\xffl\x9di\xff\
n\xado\xffi\xb3k\xffd\xaca\xfft\xa2l\xff\
\x91\xc2\x9d\xffpzZ\xffhM,\xff{X5\xff\
pR3\xffZ@'\xffJ1\x1b\xffL1\x1c\xff\
Q6 \xffC-\x1d\xffS\x94\xa4\xffA\xcb\xfe\xff\
6\xc8\xfe\xff2\xc7\xff\xff1\xc5\xfe\xffN\xbc\xe6\xff\
Cdn\xffB[_\xffAX^\xffBY^\xff\
AZ_\xff<HH\xff5,$\xff9.\x22\xff\
9+ \xff7\x22\x13\xff=$\x0f\xffZC\x1c\xff\
\x97\x86=\xff\x83r,\xff\x86u-\xff\x8f{5\xff\
\x83p3\xfft^*\xffkS'\xffx\x5c1\xff\
@#\x17\xff5\x17\x13\xff:\x1c\x17\xff:\x1e\x18\xff\
;!\x18\xff6\x1a\x15\xff.\x0d\x11\xff.\x0c\x12\xff\
,\x0c\x11\xff+\x0b\x11\xff-\x0c\x12\xffF+\x22\xff\
[A-\xffL/\x1e\xffL1\x1d\xff\xa8~M\xff\
\xb1zB\xff\xaazI\xff\xaf\x8ak\xff\xa3qD\xff\
\xbd\x9e\x82\xff\xa5vR\xff\x8f]4\xffpR3\xff\
G:*\xffQY<\xffg\x81Z\xffq\x80_\xff\
YN6\xff\x5c@#\xffwT2\xffxV5\xff\
X>%\xffI1\x1c\xffnP1\xff\x80^:\xff\
\x86a?\xffZ>)\xffY\x96\xa4\xffQ\xd4\xfc\xff\
D\xca\xf6\xff=\xca\xfc\xff:\xc4\xf6\xffO\xc4\xef\xff\
V\xae\xce\xffS\xab\xcc\xffT\xae\xce\xffJ\xa6\xc9\xff\
I\xac\xd1\xffG\xab\xd3\xffF\xab\xd3\xffD\xaa\xd2\xff\
D\xa8\xce\xffE\x86\x9e\xff;84\xff?&\x12\xff\
W@\x1c\xff\x85t7\xff\x97\x86@\xff\x8ax4\xff\
\x81o1\xff\x80l3\xffoU-\xffE(\x19\xff\
8\x1b\x13\xff7\x19\x14\xff5\x17\x12\xffF-\x1d\xff\
H,\x1d\xffC(\x1a\xff/\x11\x12\xff-\x0d\x13\xff\
-\x0d\x12\xff,\x0b\x12\xff-\x0b\x13\xffG,#\xff\
]C.\xffJ.\x1d\xff`E-\xff\xbf\x90V\xff\
\xbc\x86H\xff\xbc\x93c\xff\xd0\xbe\xae\xff\xaa\x84c\xff\
\xaf\x8ah\xff\xadvG\xff\xaas>\xffpL:\xff\
E'W\xffG+Y\xffH-R\xffG+F\xff\
E(6\xffH+,\xff`@)\xffmL.\xff\
J0\x1c\xff{Z9\xff\x8ce;\xff\x87`6\xff\
\x8dd;\xff]A)\xff`\x99\xa4\xff`\xd9\xfa\xff\
R\xab\xc0\xffL\xc5\xe9\xffG\x92\xa9\xffE\x9f\xbc\xff\
C\x91\xae\xffH\xa7\xcb\xffE\x9d\xc0\xffF\x9e\xc3\xff\
6\x9c\xc5\xff'\xbc\xfc\xff\x22\xba\xfd\xff!\xba\xfd\xff\
!\xba\xfd\xff.\xbf\xfb\xffJ\x9c\xba\xff6,$\xff\
C*\x14\xffJ0\x17\xffW>\x1e\xff_G\x22\xff\
YA \xffH,\x18\xff:\x1e\x13\xff;\x1e\x15\xff\
8\x1b\x14\xff8\x19\x14\xff6\x16\x12\xff>\x22\x18\xff\
5\x1b\x14\xff:\x1d\x14\xff.\x11\x11\xff.\x0d\x12\xff\
-\x0d\x12\xff,\x0b\x12\xff-\x0b\x13\xffG,\x22\xff\
]C/\xffG,\x1a\xff\x82eD\xff\xca\x9aZ\xff\
\xc4\x90L\xff\xc1\x91S\xff\xd5\xbe\x9c\xff\xe2\xd7\xc7\xff\
\xcf\xb6\x99\xff\xb5~D\xff\xae~H\xffW8=\xff\
F\x22a\xffI$e\xffJ&f\xffJ%f\xff\
M(f\xffR/f\xffT6;\xffY;!\xff\
]A)\xff\x91kB\xff\x8dd7\xff\x8ba5\xff\
\x8ed:\xff`C*\xff`\x99\xa3\xffe\xdf\xfd\xff\
_\xc2\xd7\xff\x5c\x9f\xa9\xffP\x92\x9f\xffN\xb6\xd4\xff\
I\x97\xad\xffI\xb4\xd6\xffF\xb4\xdd\xffD\x89\xa4\xff\
;\x99\xb9\xff)\xc0\xfd\xff$\xbe\xfe\xff$\xbd\xfe\xff\
#\xbc\xfe\xff!\xbc\xfd\xff7\xbf\xf5\xff@[b\xff\
?%\x12\xffG,\x17\xffD*\x16\xffB(\x16\xff\
A&\x15\xff>\x22\x14\xff:\x1d\x13\xffA$\x18\xff\
?$\x19\xff= \x17\xff8\x1b\x16\xff6\x19\x14\xff\
8\x1c\x13\xff1\x15\x12\xff2\x15\x15\xff2\x10\x14\xff\
-\x0b\x11\xff-\x0a\x12\xff.\x0c\x13\xffG,\x22\xff\
^D/\xffF,\x19\xff\xa3\x85Z\xff\xce\xa0Z\xff\
\xcd\x9bT\xff\xca\x98Q\xff\xc7\x94O\xff\xbf\x9ae\xff\
\xb1\x8e`\xff\xac|@\xff\xa4}M\xff\x5cEV\xff\
\x5c>u\xffH%j\xffI&j\xffK%h\xff\
N'g\xffS0n\xffT9A\xffM3\x1c\xff\
uU6\xff\x91i<\xff\x8fe7\xff\x8dc5\xff\
\x8fe9\xffkK-\xff^\x83\x85\xffl\xe2\xfc\xff\
a\xd9\xf3\xffa\x9b\xa2\xffe\xc1\xd4\xffV\xbc\xd5\xff\
U\x9f\xad\xffY\xbc\xd6\xffQ\xa0\xb4\xffV\xa1\xb5\xff\
G\xb8\xda\xff:\xca\xfd\xff3\xc5\xfd\xff,\xc1\xfd\xff\
)\xbe\xfe\xff$\xbd\xfe\xff*\xbf\xfd\xffF\x8c\xa6\xff\
9%\x17\xffE,\x16\xffM4\x1b\xffK1\x1a\xff\
I/\x18\xffG+\x15\xff<\x1e\x13\xff>\x22\x17\xff\
I.\x1e\xffF,\x1c\xff>&\x1b\xff<!\x17\xff\
:\x1c\x14\xff1\x17\x15\xff7\x1b\x1a\xff2\x13\x15\xff\
-\x0b\x12\xff.\x0a\x12\xff.\x0d\x13\xffH-#\xff\
`D.\xffS6\x1e\xff\xbf\x9fk\xff\xd3\xa7`\xff\
\xd3\xa5[\xff\xd2\xa2Y\xff\xcd\x9cU\xff\xad\x87Q\xff\
\xba\xa2}\xff\xac\x92i\xffzaG\xff\x8e\x80\x92\xff\
\xae\x98\xad\xffQ4w\xfffN\x7f\xffU8s\xff\
N-q\xffU6w\xffW>>\xffL2\x1c\xff\
\x82a=\xff\x90h:\xff\x90f7\xff\x8dd7\xff\
\x8dd7\xff\x83_<\xffLG<\xffo\xbc\xca\xff\
k\xe1\xfa\xffd\xc9\xde\xffk\xd9\xf6\xff`\xca\xe4\xff\
a\xba\xce\xffc\xc3\xda\xff_\xc6\xe0\xffW\xb3\xcd\xff\
N\xc0\xe1\xffG\xd3\xfd\xffC\xd2\xfd\xffA\xcf\xfd\xff\
8\xc9\xfd\xff,\xc4\xfd\xff(\xc0\xfe\xffD\xa6\xc9\xff\
9+ \xffF,\x16\xffP8\x1e\xffQ9\x1f\xff\
M2\x18\xffM/\x16\xff=\x22\x15\xff?%\x19\xff\
E,\x1b\xffF,\x1b\xff<!\x15\xff:\x1d\x14\xff\
4\x19\x13\xff4\x1b\x15\xff4\x19\x16\xff2\x18\x16\xff\
1\x12\x14\xff-\x0c\x11\xff-\x0d\x13\xffI.#\xff\
aF0\xffP1\x1a\xff\x88oM\xff\xb8\x9ai\xff\
\xce\xaal\xff\xd9\xafj\xff\xd0\xa6`\xff\xbc\xa2u\xff\
\xd9\xce\xb0\xff\x9e\x8c~\xffT=_\xffTA\x8b\xff\
\x8dz\xa6\xff[D\x8a\xff\xb5\xa8\xba\xff\x86q\x99\xff\
O2{\xffW;|\xff]A;\xffO5 \xff\
\x87e@\xff\x90h;\xff\x90g8\xff\x8ee7\xff\
\x8dd6\xff\x8eh<\xffrT4\xffOH:\xff\
Z\x80\x81\xffd\x9f\xa7\xffk\xa3\xac\xffi\xa3\xac\xff\
g\xa2\xab\xffh\xa3\xab\xfff\xa3\xac\xffg\xb0\xbe\xff\
h\xcd\xe5\xffV\xd8\xfb\xffG\xd5\xfe\xffD\xd4\xfe\xff\
A\xd2\xfd\xff=\xcf\xfe\xff3\xc7\xfd\xffD\xae\xd4\xff\
<1'\xffG-\x16\xffU? \xffXA \xff\
S8\x1a\xffW;\x1c\xff>$\x15\xff; \x15\xff\
I.\x1d\xffB'\x19\xff@\x22\x16\xff>#\x19\xff\
5\x1c\x16\xff7 \x18\xff7\x1d\x19\xff5\x1b\x19\xff\
/\x13\x14\xff+\x0b\x11\xff-\x0d\x13\xffI.$\xff\
bG2\xffU4\x1e\xffU5\x1f\xffR7\x22\xff\
^G0\xff\x89rT\xff\xa1\x85\x5c\xff\x98\x84d\xff\
nXG\xffUDx\xffK7\x99\xffM8\x95\xff\
\x85v\xaa\xffM8\x8c\xffjW\x98\xff{g\xa0\xff\
R6\x86\xffXA\x7f\xffcG9\xffS8\x22\xff\
\x8fmH\xff\x91i<\xff\x91g9\xff\x90f8\xff\
\x8ff7\xff\x8de7\xff\x8eg=\xff\x80`<\xff\
lP3\xfffL2\xffgM4\xffgM3\xff\
fL1\xffeK/\xffcI/\xffWC.\xff\
MRI\xfff\xab\xb7\xffU\xd8\xfb\xffG\xd5\xfe\xff\
F\xd5\xfe\xffC\xd3\xfe\xffC\xd1\xfe\xffP\xb2\xd2\xff\
>2'\xffG,\x15\xffW@\x1d\xffaL$\xff\
dN&\xffY@\x1f\xff?#\x15\xff>\x22\x17\xff\
B&\x19\xff?!\x16\xff9\x1c\x14\xff6\x19\x14\xff\
1\x14\x13\xff1\x14\x13\xff1\x12\x14\xff/\x10\x13\xff\
.\x0e\x12\xff,\x0b\x12\xff-\x0d\x13\xffJ/%\xff\
dH2\xffZ8\x22\xff\x5c:!\xffU6 \xff\
\x5cG8\xff\xbb\xb0\xa7\xff\xae\xa3\x98\xff\xa4\x95\x8a\xff\
\x7fid\xff[M\x9d\xffO;\xa7\xffUD\xa5\xff\
\xb8\xb4\xd1\xff\x99\x90\xb8\xff|l\xa2\xffsc\xa6\xff\
R;\x94\xffWE\x84\xfflP<\xffU:\x22\xff\
\x94rN\xff\x9duI\xff\x93i:\xff\x91g8\xff\
\x90f7\xff\x8ff8\xff\x8dd8\xff\x8ad8\xff\
\x8ae:\xff\x8ae:\xff\x89c:\xff\x88b9\xff\
\x87a8\xff\x86`8\xff\x85`9\xff\x86a<\xff\
yX8\xffOK>\xffj\xc5\xd8\xffM\xd7\xfe\xff\
H\xd6\xfe\xffE\xd6\xfe\xffJ\xd5\xfe\xff[\xaf\xc6\xff\
C3#\xffX;\x19\xffcD\x1e\xffX>\x1d\xff\
J3\x19\xffG,\x17\xffT6\x1e\xffO4\x1e\xff\
H/\x1b\xffC)\x17\xffE*\x19\xff= \x17\xff\
7\x19\x16\xffA$\x19\xffA$\x1a\xffA%\x1a\xff\
?!\x19\xff9\x18\x17\xff2\x13\x15\xffK1%\xff\
cH2\xffY9\x22\xff\x5c<#\xffQ4\x1d\xff\
{j_\xff\xd4\xcc\xc6\xff\xbf\xb6\xae\xff\xc4\xb8\xb0\xff\
\x83ss\xffZT\xb0\xffRB\xb3\xffRD\xb3\xff\
\x81y\xc5\xff\xba\xb8\xdd\xff\xcf\xcc\xe1\xffsf\xae\xff\
TB\xa1\xff\x5cM\x85\xffwX<\xff\x5c?&\xff\
\x85dD\xff\xae\x86Y\xff\xa0yL\xff\x95l>\xff\
\x91h9\xff\x91g8\xff\x90f8\xff\x8ed7\xff\
\x8cc6\xff\x8ab5\xff\x88`4\xff\x85^2\xff\
\x83\x5c1\xff\x81Z2\xff\x81Z3\xff\x80[3\xff\
\x87c<\xffdJ0\xff`\x94\x9b\xffW\xdb\xfd\xff\
J\xd8\xfd\xffI\xd8\xfd\xffQ\xd7\xfd\xff[\x95\xa3\xff\
H1\x1d\xffcF\x22\xffeF!\xffY>\x1d\xff\
O7\x1a\xffL1\x19\xffM/\x1a\xffO3\x1e\xff\
L2\x1e\xffI-\x1b\xffB(\x19\xff?%\x1b\xff\
8\x1a\x18\xff< \x17\xff>#\x19\xff< \x17\xff\
;\x1e\x18\xff:\x1c\x19\xff3\x13\x16\xffJ0%\xff\
cH2\xffY9#\xffZ<%\xffM3\x1f\xff\
\xa0\x94\x8c\xff\xd2\xca\xc5\xff\xbc\xb3\xab\xff\xb6\xa9\xa0\xff\
pbf\xff\x5cX\xbe\xffUH\xc0\xffRG\xbf\xff\
QF\xbe\xffUJ\xbb\xffc[\xb4\xffXN\x9c\xff\
QF\x97\xffZKq\xff\x82`=\xffpP/\xff\
jM2\xff\xb3\x8c_\xff\xab\x83X\xff\xa6\x80S\xff\
\x9fwI\xff\x96oA\xff\x92k<\xff\x90h9\xff\
\x8de8\xff\x8bc6\xff\x89b5\xff\x87_4\xff\
\x84^2\xff\x82\x5c1\xff\x81[2\xff\x80\x5c2\xff\
\x84_6\xfftU5\xffYz{\xff\x5c\xdc\xfc\xff\
L\xd9\xfe\xffM\xd8\xfd\xff]\xd4\xf5\xffNdd\xff\
P6\x1b\xfflM\x22\xffhK#\xff_D\x22\xff\
Y?\x1f\xffO3\x1a\xffH-\x19\xffR6 \xff\
S7 \xffI/\x1c\xffC+\x1b\xffC*\x1c\xff\
9\x1d\x18\xff@$\x1a\xffA&\x1c\xffA#\x19\xff\
= \x19\xff< \x1b\xff2\x14\x16\xffK1&\xff\
dI3\xffY9\x22\xffV:#\xffU?/\xff\
\xc5\xbc\xb8\xff\xcc\xc4\xbe\xff\xbc\xb0\xa7\xff\xba\xac\xa3\xff\
j`k\xff]\x5c\xca\xffVM\xcc\xffUM\xcb\xff\
UL\xca\xffUK\xc5\xffYR\xae\xff\x81\x81\xd2\xff\
ur\xb1\xff]IL\xff\x8bg?\xff\x8bg<\xff\
]B&\xff\x96uP\xff\xb0\x8a^\xff\xac\x86X\xff\
\xaa\x84W\xff\xa5\x82U\xff\xa2~Q\xff\x9ezM\xff\
\x99vI\xff\x96rG\xff\x95qE\xff\x93nD\xff\
\x8flA\xff\x8bf;\xff\x86_5\xff\x82\x5c1\xff\
\x85_5\xffyX6\xffYyx\xff_\xdc\xfb\xff\
P\xd9\xfd\xffY\xda\xfc\xfff\xad\xbd\xffF:,\xff\
\x5c?\x1c\xffdD\x1d\xffiK#\xffdH$\xff\
\x5cB\x22\xffM3\x1c\xffN4\x1d\xffP6\x1e\xff\
K0\x1b\xffM1\x1d\xffJ.\x1c\xffE)\x1b\xff\
: \x1a\xffB&\x1b\xffF)\x1e\xffA%\x1b\xff\
C$\x1b\xff> \x19\xff6\x19\x18\xffK1&\xff\
dI2\xffW7 \xffS6 \xfflZL\xff\
\xdf\xda\xd8\xff\xc9\xc1\xbc\xff\xba\xae\xa6\xff\xbc\xad\xa4\xff\
qeg\xffbf\xb9\xff\x5c\x5c\xcc\xff\x5c[\xd2\xff\
[Y\xd5\xffZV\xd0\xffgc\xba\xff\x82\x80\xbd\xff\
o][\xff|\x5c9\xff\x8dj?\xff\x93pC\xff\
\x7f`7\xffZA'\xff\x82eE\xff\x9c|U\xff\
\xa0\x7fY\xff\xa1\x7fX\xff\xa2\x80W\xff\xa1\x7fW\xff\
\x9e~V\xff\x9d}U\xff\x9c|T\xff\x9e}V\xff\
\xa4\x82W\xff\x99tI\xff\x95pE\xff\x8ae:\xff\
\x87_6\xff{Y8\xffZmi\xffp\xc1\xd2\xff\
e\xbc\xcf\xff_\x98\xa2\xffLH@\xffU9 \xff\
bF\x1e\xffcF\x1f\xffbH#\xffcG%\xff\
\x5c@\x22\xffN2\x1e\xffO5 \xffR7 \xff\
L2\x1e\xffS6 \xffK-\x1b\xff?#\x1a\xff\
7\x1b\x18\xffD'\x1c\xffD)\x1e\xffD)\x1d\xff\
D$\x1b\xff>\x1d\x19\xff2\x14\x16\xffJ1&\xff\
dI2\xffW8\x22\xffO2\x1d\xff\x8e\x7fw\xff\
\xe7\xe3\xe2\xff\xc9\xc0\xbc\xff\xc3\xb9\xb3\xff\xc3\xb8\xb2\xff\
\xac\x9f\x98\xff\x85z|\xffqjs\xffni|\xff\
qn\x90\xffd`\x8c\xffgZy\xffhQF\xff\
|[6\xff\x89f<\xff\x8ci?\xff\x91nB\xff\
\x92pB\xff\x81d;\xffcJ,\xff_E*\xff\
_E*\xffV<%\xffbH.\xffnT6\xff\
nS6\xffnS6\xffnR5\xfftW8\xff\
\xa3\x80T\xff\x9btH\xff\x9asG\xff\x96pD\xff\
\x8cf=\xff|\x5c:\xffWE3\xfffXF\xff\
UE1\xffL7\x22\xffR8\x1f\xffZ=!\xff\
dG\x1f\xff_D\x1f\xff\x5cB\x22\xffY>\x22\xff\
W< \xffJ0\x1c\xffL0\x1d\xffR6 \xff\
L1\x1e\xffI/\x1d\xff>&\x18\xff@$\x1a\xff\
<\x1c\x1a\xff=\x22\x18\xff;#\x19\xff@\x22\x1b\xff\
D \x1a\xff=\x1c\x17\xff2\x14\x16\xffI/%\xff\
eJ3\xffW7\x22\xffQ5\x22\xff\xba\xb0\xab\xff\
\xe3\xdf\xde\xff\xc8\xc1\xbc\xff\xc7\xbe\xb8\xff\xc5\xbc\xb7\xff\
\xc4\xb9\xb5\xff\xc3\xb7\xb3\xff\xc4\xb9\xb2\xff\xc7\xbc\xb7\xff\
\xc8\xbf\xba\xff_J<\xffW;#\xffgH+\xff\
sS0\xff|[5\xff\x82b>\xff\x8aiA\xff\
\x8fnB\xff\x93rE\xff\x94sF\xff\x95tF\xff\
\x94tF\xffcH*\xff\x8enK\xff\xad\x88[\xff\
\xab\x86Z\xff\xab\x87Z\xff\xa9\x84V\xff\xa8\x83U\xff\
\xa6\x7fP\xff\x9euI\xff\x9ctG\xff\x99rF\xff\
\x95pE\xff\x7f^<\xff\x7fqb\xff\xd8\xd1\xc0\xff\
\x9b\x80T\xff{[0\xffnP*\xff[=#\xff\
_D \xffgK%\xffaE$\xffZ=\x22\xff\
V;!\xffL2\x1f\xffM0\x1d\xffX8!\xff\
R3\x1f\xffL2 \xff@)\x1a\xffF)\x1c\xff\
@ \x1c\xffB&\x1c\xffC(\x1d\xff? \x1a\xff\
=\x1e\x18\xff<\x1e\x18\xff7\x18\x18\xffL1'\xff\
dK4\xffU6!\xff`G9\xff\xdc\xd8\xd6\xff\
\xdd\xd8\xd6\xff\xc9\xc3\xbe\xff\xc9\xc3\xbf\xff\xc9\xbf\xb9\xff\
\xc5\xbb\xb4\xff\xc7\xbe\xb9\xff\xca\xbf\xba\xff\xda\xd4\xd0\xff\
\xc3\xbb\xb6\xffR;+\xff\x5cF5\xffZA.\xff\
W<$\xff\x5c@$\xfffJ-\xffsU4\xff\
~^9\xff\x88f=\xff\x8enB\xff\x94tG\xff\
\x96uG\xffeI+\xff\x91oI\xff\xa7\x7fO\xff\
sS3\xff\x82b;\xff\xa3|J\xff\xa2zH\xff\
\xa1xH\xff\xa0wH\xff\x9duH\xff\x9btG\xff\
\x99sH\xff\x82b?\xffxbB\xff\xde\xd3\xb3\xff\
\xe0\xd8\xc6\xff\xac\x91b\xff\x83b7\xff]>'\xff\
Z?!\xffjM&\xffhJ&\xffU9 \xff\
Y>#\xffM1\x1f\xffQ5\x22\xffR5 \xff\
P2\x1f\xffO2!\xffM0\x1f\xffE)\x1c\xff\
6\x18\x17\xffC%\x1c\xffN0\x22\xff?#\x1a\xff\
5\x1d\x18\xff=\x22\x1b\xff5\x13\x16\xffM1'\xff\
eL5\xffR5!\xff{i^\xff\xf0\xf0\xf0\xff\
\xd9\xd4\xd2\xff\xcc\xc4\xbf\xff\xcb\xc4\xbf\xff\xd4\xd0\xcd\xff\
\xe3\xdf\xdb\xff\xd3\xcc\xc8\xff\xca\xc2\xbe\xff\xe6\xe1\xde\xff\
\x9e\x92\x8b\xfftcU\xff\x9a\x98x\xff\x94\x93t\xff\
\x93\x8bu\xff\x85we\xffq^M\xffaK7\xff\
_D*\xffdG(\xffmP0\xffx[7\xff\
\x82b:\xffbF(\xff\x8dmH\xff\xa5~Q\xff\
W<$\xfflO/\xff\xa6~L\xff\xa4|H\xff\
\xa3zI\xff\xa1xH\xff\x9fwH\xff\x9cuH\xff\
\x9ewK\xff~_=\xffw\x5c5\xff\xbd\x9eb\xff\
\xde\xd2\xb6\xff\xe2\xd9\xc7\xff\xa1\x84\x5c\xffwT4\xff\
mM+\xff_B%\xff]@#\xffX<#\xff\
Y>$\xffO2\x1f\xffI,\x1c\xffJ.\x1c\xff\
K.\x1d\xffO/\x1e\xffM/\x1f\xff?\x22\x19\xff\
8\x1b\x19\xff@\x22\x1b\xff@$\x1d\xff;!\x1a\xff\
:\x1f\x19\xff9\x1c\x18\xff3\x15\x17\xffL1'\xff\
eK5\xffQ5!\xff\xa3\x98\x90\xff\xfb\xfd\xfc\xff\
\xf7\xf7\xf7\xff\xea\xe8\xe5\xff\xde\xda\xd6\xff\xe4\xe2\xe0\xff\
\xec\xeb\xe9\xff\xc5\xbc\xb6\xff\xc4\xb9\xb6\xff\xd8\xd0\xcd\xff\
zh^\xff\x92\x8ax\xfff\x7fB\xffZw3\xff\
b}=\xffp\x88P\xff\x83\x91h\xff\x92\x97w\xff\
\x96\x92{\xff\x8f\x83p\xffyhU\xffgR=\xff\
bI1\xff]B&\xffiN/\xff\xae\x88Y\xff\
\x9ezP\xff\xa1{M\xff\xaa\x80L\xff\xa7~I\xff\
\xa5|G\xff\xa3{H\xff\xa1yI\xff\xa3{N\xff\
\x9e{Q\xffdI-\xff~`9\xff\x9ayG\xff\
\xa4\x87W\xff\xd3\xc6\xad\xff\xe1\xd7\xc6\xff\xa4\x85]\xff\
\x84_6\xffeE'\xffbC$\xff_A&\xff\
W<%\xffI,\x1c\xffG*\x1b\xffL0\x1e\xff\
O0\x1f\xffH*\x1c\xffC(\x1b\xffB$\x19\xff\
9\x1a\x18\xff< \x19\xff5\x1e\x19\xff=\x22\x1b\xff\
D#\x1c\xff=\x1b\x19\xff2\x14\x15\xffI0%\xff\
eK5\xffU9&\xff\xad\xa3\x9b\xff\xf6\xf6\xf5\xff\
\xfd\xfd\xfd\xff\xfd\xfe\xfe\xff\xfd\xfc\xfc\xff\xf9\xfa\xfa\xff\
\xc7\xbf\xb9\xff\xbd\xb3\xab\xff\xbb\xaf\xa8\xff\x94\x85{\xff\
\x5cH;\xff\xa6\xa6\x93\xff]\x7fA\xffU}7\xff\
U}6\xffT|6\xffS{7\xffT|:\xff\
_\x83C\xffn\x8cQ\xff\x7f\x94c\xff\x90\x99w\xff\
\x98\x96~\xff\x90\x82o\xff[F2\xffmQ3\xff\
\x98xP\xff\xac\x85X\xff\xb2\x89Y\xff\xb3\x8bY\xff\
\xb1\x89X\xff\xad\x86V\xff\xa3~R\xff\x8emI\xff\
fJ/\xffV>)\xffkR8\xffu]B\xff\
\x86mQ\xff\xad\x97y\xff\xe8\xe3\xd8\xff\xe3\xdb\xc9\xff\
\xa3\x83U\xffzV.\xfftQ*\xffcE'\xff\
S8$\xffF)\x1b\xffI,\x1b\xffS5!\xff\
V7$\xffC&\x1b\xffB&\x1b\xffJ*\x1e\xff\
9\x1a\x19\xff@%\x1d\xff:\x22\x1b\xffB'\x1d\xff\
E%\x1c\xff?\x1c\x19\xff4\x13\x15\xffJ1&\xff\
eL5\xffX9%\xffdH7\xff\x84qd\xff\
\xae\xa2\x99\xff\xd8\xd3\xcf\xff\xf1\xef\xee\xff\xf5\xf4\xf5\xff\
\xb5\xaa\xa3\xff\xdc\xd8\xd5\xff\xa9\xa3\x9f\xffYRM\xff\
YI>\xff\xbe\xb4\xa2\xffq\x8fY\xffV\x85@\xff\
W\x85?\xffV\x85>\xffV\x85>\xffc\x90P\xff\
V\x88D\xffS\x86?\xffS\x85=\xffV\x82@\xff\
\x5c\x82B\xff\x8a\x97n\xff\x82p\x5c\xfftW3\xff\
bI+\xff_E+\xfffK/\xffjN0\xff\
kO2\xfffL1\xffbH-\xffdJ-\xff\
\x5cD-\xff\x93\x85|\xff\xb8\xad\xa5\xff\xc4\xba\xaf\xff\
\xcc\xc3\xb7\xff\xd5\xcd\xc0\xff\xde\xd6\xc7\xff\xee\xeb\xe2\xff\
\xdf\xd6\xc5\xff\xa5\x86Y\xff~Z/\xffaC&\xff\
Y;\x22\xffJ-\x1c\xffF&\x17\xffO/\x1e\xff\
R2!\xffG'\x1c\xffI*\x1f\xffA!\x1a\xff\
:\x1d\x1a\xffE&\x1d\xffH*\x1f\xff;\x1f\x18\xff\
;\x1e\x19\xff:\x1b\x17\xff7\x15\x17\xffL2'\xff\
fL5\xffX8$\xffZ:&\xff[;'\xff\
[<(\xff`E3\xffjZO\xff\x8f\x83|\xff\
\x87zs\xffqv\x80\xffFi\x8c\xff>a\x84\xff\
mec\xff\xb1\x95y\xff\x9b\xa3{\xff]\x92P\xff\
X\x8fG\xffX\x8eG\xffX\x8dG\xffp\x99Z\xff\
m\x9ca\xffU\x92L\xffV\x91I\xffU\x8dH\xff\
c\x8eP\xff\x9d\xa6\x86\xffs^K\xffdF'\xff\
eI)\xffdH)\xff`D&\xff\x5c@$\xff\
]B'\xff]C)\xff`E)\xffbF'\xff\
T<&\xff\x85wm\xff\xb5\xaa\xa1\xff\xcf\xc6\xbd\xff\
\xd3\xca\xc0\xff\xd3\xca\xc1\xff\xd2\xc9\xbd\xff\xdc\xd4\xc6\xff\
\xf0\xee\xe7\xff\xe2\xd9\xc8\xff\x97xQ\xffoK,\xff\
^;\x22\xffJ*\x1b\xffK*\x1b\xffN,\x1c\xff\
G&\x1b\xffH(\x1d\xffG&\x1c\xff? \x18\xff\
5\x16\x16\xffA\x1f\x19\xffH&\x1c\xff=\x1d\x16\xff\
7\x1a\x15\xff4\x17\x14\xff4\x13\x16\xffL2'\xff\
fL6\xffX8#\xffZ9%\xff\x5c;'\xff\
^=)\xffQ4!\xff:,\x22\xffIOV\xff\
Nz\x9e\xffE{\xad\xffA{\xb1\xff?_\x80\xff\
\x8f\x85\x7f\xff\xa9\x84_\xff\xb1\x98u\xff\x89\xae\x81\xff\
{\xa9s\xff|\xabt\xffZ\x96Q\xffs\x9ba\xff\
\x9c\xae\x86\xffc\xa0b\xff[\x9bX\xffr\x9be\xff\
\x97\x93l\xff\xb3\xa3\x93\xffdQE\xffS@2\xff\
Q;)\xffR<*\xffR;*\xffR<+\xff\
Q<+\xffQ;+\xffR<,\xffR=-\xff\
T?/\xffT?1\xff{lb\xff\xb8\xad\xa4\xff\
\xb7\xab\xa1\xff\xb0\xa5\x9b\xff\xb3\xa7\x9b\xff\xc8\xbe\xb2\xff\
\xd8\xce\xc0\xff\xec\xe6\xdb\xff\xe1\xd8\xc7\xff\x9d|V\xff\
oK+\xffU3!\xffN-\x1d\xffH*\x1a\xff\
E%\x19\xffL,\x1e\xffG(\x1d\xffC!\x1a\xff\
5\x15\x16\xffA \x19\xffG$\x1b\xffC \x19\xff\
?\x1e\x18\xff:\x18\x15\xff4\x13\x15\xffK0%\xff\
eK5\xffX8#\xffZ9%\xff[:&\xff\
\x5c;&\xffL2!\xffB74\xffKYg\xff\
O\x8e\xc1\xffJ\x88\xbd\xffE\x82\xb5\xffD[r\xff\
\xac\x9e\x94\xff\xaa\x80S\xff\xa8}L\xff\xce\xcd\xb9\xff\
\xdf\xe7\xdb\xff\xc5\xd7\xc3\xff\x90\xb5\x8a\xff\xb0\xa5\x7f\xff\
\xa6\x82V\xff\x94\xab\x82\xff\x93\xad\x81\xff\xa5\x8da\xff\
\xa2uH\xff\xad\x9b\x8a\xffhTH\xffUB6\xff\
@*\x1c\xffB+\x1d\xffB+\x1d\xffB+\x1d\xff\
B+\x1d\xffA*\x1d\xffA*\x1d\xffB+\x1c\xff\
A+\x1c\xffS>1\xffhWM\xff\xb2\xa6\x9f\xff\
\xb2\xa6\xa0\xff\xb4\xa8\xa1\xff\xb7\xac\xa1\xff\xbf\xb4\xa7\xff\
\xd1\xc6\xb8\xff\xe3\xd9\xca\xff\xf5\xf2\xeb\xff\xe0\xd7\xc7\xff\
\x9e}U\xffoK-\xffT4!\xffI+\x1b\xff\
K*\x1b\xffO/\x1e\xffH*\x1c\xffB\x1f\x19\xff\
7\x15\x16\xffC$\x1c\xffC!\x1a\xffK'\x1e\xff\
K%\x1c\xffA\x1a\x16\xff4\x11\x14\xffI/$\xff\
eK5\xffZ9$\xffZ:$\xff[:$\xff\
Y9#\xffE1&\xffPHK\xffXhu\xff\
U\x96\xc7\xffP\x91\xc3\xffK\x88\xb8\xffS^h\xff\
\xbe\xac\x97\xff\xac\x81K\xff\xa9|C\xff\xc9\xb4\x95\xff\
\xf4\xf6\xf2\xff\xec\xeb\xe4\xff\xc6\xb0\x90\xff\xa6yF\xff\
\xa1p:\xff\xab\x86X\xff\xa8\x81Q\xff\xa3s?\xff\
\xab\x82W\xff\x9e\x8e\x81\xffQ=0\xffTA5\xff\
?*\x1c\xff@+\x1d\xffA*\x1e\xff@*\x1e\xff\
@+\x1d\xff@*\x1d\xff@*\x1c\xffA*\x1c\xff\
?)\x1b\xffT@2\xffhWO\xff\xae\xa4\x9c\xff\
\xb4\xa9\xa2\xff\xb8\xac\xa4\xff\xbd\xaf\xa6\xff\xc1\xb6\xac\xff\
\xd1\xc9\xc0\xff\xd4\xcb\xbe\xff\xeb\xe4\xd6\xff\xeb\xe7\xdc\xff\
\xde\xd4\xc3\xff\x93rP\xffd?%\xffT0\x1e\xff\
H%\x1a\xffB$\x19\xffE$\x1a\xffI$\x1c\xff\
;\x19\x19\xff<\x1f\x19\xff>\x1f\x1a\xff;\x18\x15\xff\
?\x19\x16\xffC\x1c\x18\xff6\x14\x15\xffJ0%\xff\
fL6\xff[:$\xff[;$\xff[;$\xff\
U6!\xffA50\xff_W[\xffcu\x81\xff\
\x5c\xa0\xd0\xffU\x99\xca\xffN\x88\xb5\xffkkm\xff\
\xc9\xb4\x95\xff\xb2\x89L\xff\xb1\x88J\xff\xb7\x96c\xff\
\xe2\xdb\xc9\xff\xc4\xac\x87\xff\xaf\x86N\xff\x9c\x85[\xff\
y\x93\x8c\xff\x8f\x87h\xff\xa9|C\xff\xa8zB\xff\
\xb8\x98s\xff\x8e~s\xfffQF\xffWD8\xff\
A,\x1e\xffC-\x1f\xffC- \xffC-\x1f\xff\
C-\x1f\xffB-\x1f\xffB-\x1e\xffB,\x1e\xff\
A+\x1e\xffYD6\xffm\x5cS\xff\xb3\xaa\xa0\xff\
\xb6\xac\xa5\xff\xbb\xb0\xa7\xff\xbd\xb2\xaa\xff\xbc\xb2\xaa\xff\
\xc0\xb6\xac\xff\xc6\xbc\xaf\xff\xe8\xe1\xd7\xff\xcb\xbc\xa6\xff\
\xce\xc2\xae\xff\xd7\xcc\xbd\xff\x93pM\xffj@&\xff\
L*\x1b\xffF&\x19\xffJ'\x1c\xffA\x1e\x18\xff\
7\x16\x16\xff;\x1c\x17\xff9\x1a\x16\xff5\x14\x12\xff\
9\x13\x12\xff9\x17\x13\xff2\x12\x14\xffK0&\xff\
fL6\xffY8#\xffX8#\xffZ:%\xff\
R3\x1f\xff@>A\xffnfe\xffiz\x86\xff\
c\xa8\xd7\xffZ\xa0\xd1\xffO\x82\xaa\xff\x84\x7f{\xff\
\xcc\xb5\x89\xff\xba\x96S\xff\xb9\x95R\xff\xb9\x94Q\xff\
\xbc\x9c^\xff\xb7\x91P\xff\xb3\x8eO\xff\x82\xab\xa6\xff\
G\xc5\xfa\xff^\xb2\xcb\xff\xaa\x88R\xff\xae\x84G\xff\
\xc4\xab\x8d\xffxeZ\xffXB8\xffZE8\xff\
D. \xffF/!\xffC.!\xffD-!\xff\
E/!\xffE0!\xffD/ \xffD/\x1f\xff\
C. \xff\x5cG<\xffrb[\xff\xbf\xb6\xaf\xff\
\xbb\xb0\xa7\xff\xc1\xb6\xae\xff\xc1\xb8\xb2\xff\xbf\xb6\xaf\xff\
\xc1\xb6\xae\xff\xc7\xbe\xb4\xff\xe6\xe0\xd8\xff\xcb\xbe\xaf\xff\
\x8coN\xff\xd0\xc4\xb1\xff\xda\xcf\xbe\xff\x90mL\xff\
fA)\xffX5#\xffM-!\xff>\x1e\x19\xff\
;\x18\x19\xffD \x1b\xff<\x1d\x18\xff8\x17\x14\xff\
5\x15\x13\xff7\x19\x15\xff6\x13\x16\xffK/%\xff\
eJ5\xffX8#\xffY8#\xffY9$\xff\
N2\x1f\xffAKV\xff\x86}z\xffj}\x88\xff\
f\xad\xdc\xff^\xa5\xd6\xffQz\x99\xff\xa0\x98\x8e\xff\
\xcd\xb5w\xff\xc4\xa4X\xff\xc3\xa3W\xff\xc2\xa0U\xff\
\xc1\x9fT\xff\xc0\x9dT\xff\xbd\x9bT\xff\x9b\xb0\x93\xff\
m\xce\xe7\xff\x80\xb5\xb1\xff\xb1\x8fR\xff\xb4\x8fQ\xff\
\xc2\xb1\x9a\xffo\x5cR\xffuc[\xffcPF\xff\
G1#\xffG0!\xffq`V\xffxh_\xff\
K7+\xffH1#\xffH2#\xffG1\x22\xff\
G0!\xffaL?\xffyha\xff\xcc\xc6\xc1\xff\
\xc2\xb9\xb2\xff\xc1\xb8\xb2\xff\xc2\xba\xb4\xff\xc5\xbd\xb6\xff\
\xc5\xbb\xb3\xff\xc3\xb9\xb2\xff\xdb\xd5\xce\xff\xd3\xc9\xc1\xff\
pS:\xff\x86hF\xff\xcb\xbe\xac\xff\xd8\xcc\xbd\xff\
\x95sR\xfff@*\xffP- \xff@\x1c\x19\xff\
7\x11\x16\xff?\x1b\x18\xffF#\x1c\xff>\x1b\x16\xff\
5\x16\x13\xff=\x1c\x17\xff2\x0f\x13\xffJ.%\xff\
dJ4\xffX7\x22\xffX7#\xffW7#\xff\
J5&\xffIXg\xff\x9d\x93\x8e\xffo\x83\x8d\xff\
i\xb3\xe1\xffb\xaa\xdb\xffWv\x8b\xff\xbe\xb5\xa4\xff\
\xd1\xb7o\xff\xce\xb0]\xff\xcd\xaf\x5c\xff\xcb\xad[\xff\
\xca\xabZ\xff\xc9\xaaZ\xff\xc7\xa8Y\xff\xc0\xa5\x5c\xff\
\xad\xa2l\xff\x9e\x87T\xff\x9c{C\xff\xab\x8aT\xff\
\xb3\xa3\x93\xffiUJ\xff]KB\xffjWL\xff\
R<.\xffO9)\xff\x97\x88\x7f\xff\xd8\xcf\xca\xff\
\xaa\x9f\x99\xffcQF\xffK4&\xffK4%\xff\
J3$\xffdPB\xff{lc\xff\xd7\xd3\xd2\xff\
\xc9\xc1\xbc\xff\xc5\xbe\xb7\xff\xc5\xbe\xb7\xff\xcd\xc7\xc1\xff\
\xd4\xcf\xc9\xff\xc2\xba\xb5\xff\xb8\xb0\xa9\xff\xb4\xa9\xa0\xff\
eM;\xffcG.\xff\x84fE\xff\xcc\xc0\xad\xff\
\xd7\xcc\xbd\xff\x8elM\xffg?)\xffO'\x1e\xff\
:\x16\x18\xff<\x19\x18\xffC\x1b\x18\xff?\x19\x16\xff\
9\x18\x15\xff7\x17\x15\xff5\x13\x17\xffH-%\xff\
[D0\xffY9$\xffX7\x22\xffT5 \xff\
I;4\xffYeu\xff\xb3\xa8\xa2\xffw\x8a\x92\xff\
n\xb8\xe5\xfff\xb1\xdf\xff`~\x93\xff\xbf\xb9\xac\xff\
\xde\xce\x9b\xff\xda\xc3}\xff\xd5\xbdl\xff\xd3\xb8c\xff\
\xd3\xb6a\xff\xd1\xb5`\xff\xd0\xb3_\xff\xce\xb0]\xff\
\xb4\x97U\xff\xb2\xa1\x8b\xff\xba\xad\x9d\xff\xa6\x92~\xff\
}fS\xff\x84pd\xff\x85sh\xfft_S\xff\
ZC5\xffZB3\xff\xa2\x96\x8e\xff\xe8\xe3\xe0\xff\
\xe6\xe2\xde\xff\xd2\xcc\xc7\xffsaV\xffO7'\xff\
N7'\xffjVG\xff\x80pg\xff\xe5\xe2\xe1\xff\
\xeb\xe8\xe6\xff\xf1\xf0\xee\xff\xf6\xf5\xf3\xff\xfa\xf8\xf6\xff\
\xe6\xe3\xe0\xff\xa9\x9c\x93\xff\xba\xb1\xab\xff\xa5\x99\x90\xff\
cO@\xffV?-\xfffJ0\xff\x86hF\xff\
\xce\xc0\xad\xff\xd7\xcb\xbb\xff\x8ekO\xff\x5c5&\xff\
?\x1b\x1a\xff=\x15\x18\xff9\x11\x16\xff3\x10\x13\xff\
5\x10\x13\xff1\x0f\x11\xff2\x12\x14\xffB*\x22\xff\
H6%\xff]=&\xffW7!\xffQ3\x1e\xff\
FEI\xff`lz\xff\xca\xc3\xbf\xff\x85\x8a\x8a\xff\
x\xb3\xd2\xffr\xb9\xe3\xffn\xa8\xcd\xffo~\x85\xff\
\x95\x94\x8f\xff\xb3\xac\xa0\xff\xca\xc1\xa8\xff\xdb\xd0\xaa\xff\
\xdf\xcf\x9d\xff\xdb\xc8\x86\xff\xd8\xc0u\xff\xd4\xb9g\xff\
\xaf\x96b\xff\xdb\xd4\xcd\xff\xd3\xcb\xc6\xff\x96\x86x\xff\
bH0\xff\x82pc\xffvbV\xff{fZ\xff\
`H:\xff_G7\xff\xaa\xa0\x99\xff\xf3\xf1\xf0\xff\
\xe1\xe0\xdd\xff\xaa\xa0\x99\xffeOA\xffS;*\xff\
R:)\xffp[J\xff\x85uj\xff\xed\xec\xea\xff\
\xfc\xfb\xfa\xff\xfc\xfb\xfa\xff\xfb\xfc\xfb\xff\xfc\xfc\xfc\xff\
\xe0\xda\xd7\xff\xb8\xae\xa4\xff\xdd\xd8\xd6\xff\x8aym\xff\
\x88yn\xfffUH\xffzgR\xffx^E\xff\
\x8coQ\xff\xd5\xcb\xbc\xff\xd2\xc6\xb9\xff\x82aI\xff\
V/%\xff?\x15\x19\xff5\x0f\x18\xff3\x10\x16\xff\
/\x0b\x13\xff*\x08\x11\xff5\x15\x17\xff5#\x1a\xff\
+ \x17\xffbD-\xffW7\x22\xffO2\x1d\xff\
KZg\xff]p\x7f\xff\xc6\xc0\xbc\xff\xc1\xba\xb4\xff\
\x99\x9a\x95\xff\x8c\x99\x9a\xff~\x9e\xad\xff{\xa8\xc0\xff\
w\xa7\xc2\xffn\x98\xb0\xffo\x89\x98\xffx\x86\x8b\xff\
\x89\x8e\x8c\xff\xa6\xa3\x9a\xff\xc4\xbc\xa9\xff\xd3\xc6\xa7\xff\
\xab\x99\x7f\xff\xbb\xaf\xa4\xff\x85mV\xffwW7\xff\
hH*\xff\x8e~r\xff\x93\x82x\xff\x85qd\xff\
eM=\xffcK:\xff\xa4\x98\x91\xff\xcc\xc6\xc2\xff\
\x88vk\xffeM>\xffaI9\xff\x5cE5\xff\
V@0\xfft_O\xff\x86wk\xff\xef\xee\xed\xff\
\xfd\xfd\xfd\xff\xfd\xfd\xfd\xff\xfd\xfd\xfd\xff\xfd\xfe\xfe\xff\
\xec\xea\xe8\xff\xaf\xa4\x9b\xff\xa8\x9c\x93\xff\x8cxh\xff\
zeV\xff\x87yp\xffhYK\xff\xa8\x9c\x90\xff\
yaI\xff\x97|]\xff\xd5\xc9\xb5\xff\xd4\xc8\xba\xff\
\x83bJ\xffT0$\xffP*$\xffR+#\xff\
?\x1b\x1b\xff)\x08\x11\xffB#\x1f\xff\x22\x17\x11\xff\
\x10\x0b\x09\xff]E0\xffV8\x22\xffN5#\xff\
Pp\x88\xffN{\x9f\xff\x5co\x80\xff{\x80\x85\xff\
\xa3\xa0\x9c\xff\xb6\xb0\xa9\xff\xb4\xae\xa8\xff\xa6\xa2\x9d\xff\
\x8c\x8f\x8d\xff\x82\x92\x97\xff\x80\xaf\xc8\xffn\xb7\xe4\xff\
e\xab\xd6\xffc\x9d\xc0\xfff\x8e\xa3\xffl~\x87\xff\
nle\xfflQ9\xffyU3\xff{Y6\xff\
lK-\xff\x93\x80t\xff\x86ti\xff\x86rc\xff\
kRA\xffjQA\xffr\x5cM\xffqYJ\xff\
jRA\xffiP@\xfffN>\xff`J:\xff\
\x5cG7\xffwaQ\xff|j]\xff\xe6\xe5\xe3\xff\
\xf9\xf9\xf9\xff\xf0\xf0\xee\xff\xe4\xe2\xdf\xff\xd6\xd1\xcc\xff\
\xbe\xb5\xac\xff{iZ\xffnZJ\xff\x9d\x8e\x82\xff\
oYL\xff\x9f\x92\x8c\xff\x85tj\xff\x84se\xff\
eN:\xff\x80eH\xff\xa0\x7fU\xff\xd9\xcd\xb9\xff\
\xd1\xc4\xb6\xff\x7f^F\xff_9*\xffZ1(\xff\
:\x14\x17\xff,\x0c\x12\xffE+\x22\xff\x0c\x08\x06\xff\
\x02\x01\x01\xff9,\x1f\xff_C+\xffV=,\xff\
\x5c}\x97\xffP\x85\xaf\xffN\x80\xac\xffP\x7f\xa8\xff\
Px\x9c\xffUs\x8e\xffgx\x86\xff\x83\x85\x87\xff\
\xa5\x9e\x98\xff\xb3\xa8\x9e\xff\x8b\x88\x83\xffw\xae\xce\xff\
q\xbe\xed\xffm\xbd\xed\xffi\xba\xea\xffk\xb8\xe8\xff\
r\xa7\xc5\xffgR<\xffwT1\xffyV4\xff\
lL-\xff\x9d\x89|\xff\x92|n\xff\x8buf\xff\
oVD\xffqWD\xffpXE\xffoWE\xff\
oVE\xffmTC\xffcL<\xff`M>\xff\
hTD\xfft]L\xffcJ8\xff\x8bxg\xff\
\x92\x7fo\xff\x87q[\xff~cI\xffz[>\xff\
kM2\xffqZH\xff`I8\xfffP@\xff\
dM=\xff\x8awi\xffxe[\xffYC4\xff\
]I7\xffsY?\xff\x87b=\xff\xa6\x83W\xff\
\xd9\xcc\xb7\xff\xcf\xc3\xb6\xffwXE\xffG%\x1e\xff\
2\x0f\x13\xffE#\x1f\xff.\x1e\x17\xff\x02\x01\x01\xff\
\x00\x00\x00\xff\x0e\x0b\x08\xffZC.\xff`@(\xff\
YJA\xffYaj\xff`z\x8f\xff\x5c\x83\xa3\xff\
T\x83\xaa\xffS}\xa2\xffThz\xff]m{\xff\
`t\x87\xffbu\x85\xfffnv\xffhov\xff\
w\x95\xa5\xffu\xa9\xc5\xffu\xb9\xdd\xffx\xc3\xec\xff\
x\xad\xc9\xffhR;\xffwS3\xffwT3\xff\
lK,\xff\xa3\x91\x83\xff\xa3\x90\x84\xff\x94\x7fp\xff\
t[G\xfft[G\xffs[G\xffs[H\xff\
s[H\xffpXF\xfflWH\xff\xbc\xb4\xaa\xff\
\xc9\xbf\xb3\xff\x9a\x88u\xffuV7\xff\x82`:\xff\
\x81_;\xff\x86e@\xff\x87eA\xff\x85b=\xff\
mN2\xffxaP\xffhP@\xffhP>\xff\
hP>\xffiQ>\xffjQA\xff\xa7\x97\x8f\xff\
\xae\xa1\x95\xffx^F\xff}Y:\xff\x8dgB\xff\
\xa6\x83Y\xff\xda\xcd\xb9\xff\xcb\xbd\xb1\xffsP;\xff\
L*\x1f\xffM4'\xff\x0c\x08\x06\xff\x01\x01\x01\xff\
\x01\x01\x01\xff\x01\x01\x01\xff!\x19\x12\xffbI1\xff\
Y;$\xffV8\x22\xff[@*\xff_L;\xff\
aZU\xff\x5cOE\xffY<&\xff^@)\xff\
`I6\xff_VN\xff`ir\xffdu\x88\xff\
\x5co\x81\xffZkw\xffgrv\xffu\x80\x80\xff\
u|x\xfflM1\xfftP1\xffsQ0\xff\
kK+\xff\x9f\x8e\x80\xff\x97\x84v\xff\x96\x80q\xff\
w^J\xffw^J\xffw_J\xffw^J\xff\
v^J\xffs[H\xffwcS\xff\xd8\xd1\xcb\xff\
\xb0\xa1\x94\xffz]@\xff\x85c=\xff\x85d>\xff\
\x84b>\xff\x85c@\xff\x86d@\xff\x85c=\xff\
pQ2\xffzcP\xfflTD\xffmUD\xff\
lUC\xfflTB\xffxbQ\xff\xcd\xc1\xbb\xff\
\x97\x82s\xffwV:\xff\x80\x5c=\xff\x84`>\xff\
\x8ehA\xff\xa4\x81V\xff\xd9\xcc\xb9\xff\xce\xbf\xb1\xff\
v[F\xff\x1d\x15\x10\xff\x01\x01\x01\xff\x00\x00\x00\xff\
\x01\x01\x01\xff\x01\x01\x01\xff\x02\x02\x02\xff'\x1e\x16\xff\
cK3\xff_A*\xffX9#\xffY:\x22\xff\
[;#\xff]=$\xff\x5c<#\xff\x5c=$\xff\
^>%\xff`?%\xff^A(\xff_C,\xff\
`L;\xffbZS\xffh]T\xffhJ.\xff\
kJ+\xffpM,\xffsO/\xffrP/\xff\
mK+\xff\xa0\x90\x80\xff\xb7\xa9\x9b\xff\xa9\x99\x89\xff\
\x92~j\xff\x93~j\xff\x92~j\xff\x92~j\xff\
\x93~j\xff\x90zd\xff\x80mZ\xff\xae\xa0\x94\xff\
x[@\xff\x80_;\xff\x85c?\xff\x84c?\xff\
\x84c?\xff\x85c?\xff\x85c?\xff\x84b>\xff\
tV6\xff|eO\xff\x80hV\xff\x82jX\xff\
\x82kX\xff\x81jV\xffzeQ\xff\x96\x81p\xff\
wV:\xff\x7f[;\xff\x7f[<\xff\x7f[<\xff\
\x84_=\xff\x8cgB\xff\xa5\x85a\xff\xbc\xb4\xa7\xff\
@<7\xff\x02\x02\x01\xff\x01\x01\x01\xff\x01\x01\x01\xff\
\x00\x00\x00\xff\x00\x00\x00\xff\x01\x01\x01\xff\x02\x02\x02\xff\
 \x18\x12\xffZE0\xffcH/\xff[>&\xff\
Z;$\xff\x5c=$\xff[=$\xff\x5c=$\xff\
]>%\xff`?&\xff`A'\xffbC(\xff\
cD*\xfffF*\xffjI+\xfflJ+\xff\
lJ,\xffoM-\xffrO.\xffqO/\xff\
pM-\xffrW<\xff\x83lV\xff\x81iQ\xff\
\x81gO\xff\x81fO\xff\x80fO\xff\x80gN\xff\
\x81hO\xff\x80fL\xfftX?\xffyZ=\xff\
|[7\xff\x80^:\xff\x81`<\xff\x81a=\xff\
\x82b>\xff\x83b>\xff\x83a>\xff\x82`=\xff\
|\x5c:\xffpT6\xffsW;\xfftW<\xff\
wX<\xffuU9\xffrR3\xffvS4\xff\
~Y9\xff\x7f\x5c;\xff}Y:\xff}Y;\xff\
\x81]?\xff\x88jI\xffo\x5cB\xff(\x22\x1b\xff\
\x03\x02\x02\xff\x01\x01\x01\xff\x01\x01\x01\xff\x01\x01\x01\xff\
\x00\x00\x00\xff\x00\x00\x00\xff\x00\x00\x00\xff\x00\x01\x00\xff\
\x01\x01\x01\xff\x0e\x0b\x08\xff:- \xff`I2\xff\
iM3\xffeF-\xffaC)\xff`A'\xff\
aB(\xffcB)\xffcC)\xffcD*\xff\
fG,\xffiI-\xffkK.\xfflK-\xff\
nM/\xffqO0\xfftR0\xffsR2\xff\
rR2\xfftT2\xffvU3\xffyW4\xff\
zX5\xffxX5\xffxX5\xffyY6\xff\
yZ6\xffz\x5c8\xff{]9\xff~_;\xff\
\x80_;\xff\x81`<\xff\x81a<\xff\x82b>\xff\
\x81c>\xff\x84c?\xff\x84c>\xff\x84b>\xff\
\x82b>\xff\x7f`<\xff\x7f_<\xff\x81`<\xff\
\x83`>\xff\x84_=\xff\x83_=\xff\x80];\xff\
\x7f\x5c;\xff\x83_=\xff\x85a@\xff\x84eE\xff\
t^B\xffD8)\xff\x10\x0d\x0a\xff\x01\x01\x00\xff\
\x01\x01\x01\xff\x00\x00\x00\xff\x00\x00\x00\xff\x00\x00\x00\xff\
\x00\x00\x00\xff\x00\x00\x00\xff\x00\x00\x00\xff\x00\x00\x00\xff\
\x00\x00\x00\xff\x01\x01\x01\xff\x02\x02\x01\xff\x0f\x0b\x09\xff\
-#\x19\xffL;*\xff`J3\xffjR7\xff\
lS9\xffmS9\xffnS9\xffmT:\xff\
oV;\xffrY=\xffsZ>\xfftZ>\xff\
t[?\xffw^@\xffyaC\xffyaC\xff\
x`B\xffyaB\xff|dD\xff|eE\xff\
|fD\xff\x7fhG\xff~iG\xff\x80jH\xff\
\x80jI\xff\x80jI\xff\x80kI\xff\x81kJ\xff\
\x82jI\xff\x82jI\xff\x82kJ\xff\x83lJ\xff\
\x83lK\xff\x83lJ\xff\x83kJ\xff\x83kJ\xff\
\x82kK\xff\x81jJ\xff\x81iI\xff\x81iI\xff\
\x81iI\xff\x81hH\xff\x80gH\xff\x7ffH\xff\
|cE\xffnX>\xffUE1\xff3)\x1e\xff\
\x11\x0e\x0a\xff\x02\x02\x01\xff\x01\x01\x01\xff\x01\x01\x01\xff\
\x00\x00\x00\xff\x00\x00\x00\xff\x00\x00\x00\xff\x00\x00\x00\xff\
\x00\x00\x00\x00\x00\x00\x00\x00\x00\x00\x00\x00\x00\x00\x00\x00\
\x00\x00\x00\x00\x00\x00\x00\x00\x00\x00\x00\x00\x00\x00\x00\x00\
\x00\x00\x00\x00\x00\x00\x00\x00\x00\x00\x00\x00\x00\x00\x00\x00\
\x00\x00\x00\x00\x00\x00\x00\x00\x00\x00\x00\x00\x00\x00\x00\x00\
\x00\x00\x00\x00\x00\x00\x00\x00\x00\x00\x00\x00\x00\x00\x00\x00\
\x00\x00\x00\x00\x00\x00\x00\x00\x00\x00\x00\x00\x00\x00\x00\x00\
\x00\x00\x00\x00\x00\x00\x00\x00\x00\x00\x00\x00\x00\x00\x00\x00\
\x00\x00\x00\x00\x00\x00\x00\x00\x00\x00\x00\x00\x00\x00\x00\x00\
\x00\x00\x00\x00\x00\x00\x00\x00\x00\x00\x00\x00\x00\x00\x00\x00\
\x00\x00\x00\x00\x00\x00\x00\x00\x00\x00\x00\x00\x00\x00\x00\x00\
\x00\x00\x00\x00\x00\x00\x00\x00\x00\x00\x00\x00\x00\x00\x00\x00\
\x00\x00\x00\x00\x00\x00\x00\x00\x00\x00\x00\x00\x00\x00\x00\x00\
\x00\x00\x00\x00\x00\x00\x00\x00\x00\x00\x00\x00\x00\x00\x00\x00\
\x00\x00\x00\x00\x00\x00\x00\x00\x00\x00\x00\x00\x00\x00\x00\x00\
\x00\x00\x00\x00\x00\x00\x00\x00\x00\x00\x00\x00\x00\x00\x00\x00\
\x00\x00\x00\x00\x00\x00\x00\x00\x00\x00\x00\x00\x00\x00\x00\x00\
\x00\x00\x00\x00\x00\x00\x00\x00\x00\x00\x00\x00\x00\x00\x00\x00\
\x00\x00\x00\x00\x00\x00\x00\x00\x00\x00\x00\x00\x00\x00\x00\x00\
\x00\x00\x00\x00\x00\x00\x00\x00\x00\x00\x00\x00\x00\x00\x00\x00\
\x00\x00\x00\x00\x00\x00\x00\x00\x00\x00\x00\x00\x00\x00\x00\x00\
\x00\x00\x00\x00\x00\x00\x00\x00\x00\x00\x00\x00\x00\x00\x00\x00\
\x00\x00\x00\x00\x00\x00\x00\x00\x00\x00\x00\x00\x00\x00\x00\x00\
\x00\x00\x00\x00\x00\x00\x00\x00\x00\x00\x00\x00\x00\x00\x00\x00\
\x00\x00\x00\x00\x00\x00\x00\x00\x00\x00\x00\x00\x00\x00\x00\x00\
\x00\x00\x00\x00\x00\x00\x00\x00\x00\x00\x00\x00\x00\x00\x00\x00\
\x00\x00\x00\x00\x00\x00\x00\x00\x00\x00\x00\x00\x00\x00\x00\x00\
\x00\x00\x00\x00\x00\x00\x00\x00\x00\x00\x00\x00\x00\x00\x00\x00\
\x00\x00\x00\x00\x00\x00\x00\x00\x00\x00\x00\x00\x00\x00\x00\x00\
\x00\x00\x00\x00\x00\x00\x00\x00\x00\x00\x00\x00\x00\x00\x00\x00\
\x00\x00\x00\x00\x00\x00\x00\x00\x00\x00\x00\x00\x00\x00\x00\x00\
\x00\x00\x00\x00\x00\x00\x00\x00\x00\x00\x00\x00\x00\x00\x00\x00\
\x00\x00\x00\x00\x00\x00\x00\x00\x00\x00\x00\x00\x00\x00\x00\x00\
(\x00\x00\x000\x00\x00\x00`\x00\x00\x00\x01\x00 \x00\
\x00\x00\x00\x00\x80%\x00\x00\x00\x00\x00\x00\x00\x00\x00\x00\
\x00\x00\x00\x00\x00\x00\x00\x00\x00\x00\x00\xff\x01\x01\x01\xff\
\x01\x00\x01\xff\x01\x01\x01\xff\x09\x05\x04\xff\x1d\x11\x0d\xff\
-\x18\x13\xff5\x1b\x16\xff7\x1b\x17\xff8\x1c\x18\xff\
8\x1c\x17\xff9\x1c\x18\xff:\x1d\x18\xff:\x1d\x18\xff\
:\x1d\x18\xff;\x1e\x19\xff<\x1f\x1a\xff< \x1b\xff\
=!\x1b\xff=!\x1c\xff>!\x1c\xff>!\x1c\xff\
>!\x1c\xff=!\x1b\xff>\x22\x1c\xff>!\x1b\xff\
>!\x1b\xff?\x22\x1c\xff=!\x1a\xff= \x1a\xff\
= \x1b\xff> \x1b\xff=!\x1b\xff< \x1b\xff\
;\x1f\x1b\xff;\x1f\x1a\xff;\x1e\x1a\xff9\x1d\x19\xff\
9\x1c\x19\xff9\x1c\x19\xff6\x1a\x18\xff-\x17\x14\xff\
\x1c\x10\x0c\xff\x09\x05\x04\xff\x01\x00\x00\xff\x01\x01\x01\xff\
\x01\x01\x01\xff\x00\x00\x00\xff\x00\x00\x00\xff\x00\x00\x00\xff\
\x06\x06\x06\xff.& \xff>%\x1b\xff2\x12\x13\xff\
*\x0a\x11\xff'\x08\x10\xff)\x08\x11\xff)\x07\x11\xff\
'\x05\x11\xff'\x07\x11\xff*\x09\x13\xff.\x0b\x15\xff\
,\x09\x14\xff'\x06\x12\xff*\x09\x14\xff.\x0d\x17\xff\
/\x0e\x17\xff-\x0b\x16\xff+\x09\x15\xff+\x08\x15\xff\
+\x09\x14\xff)\x09\x14\xff*\x07\x13\xff*\x08\x13\xff\
*\x08\x13\xff*\x08\x13\xff)\x06\x13\xff(\x06\x13\xff\
(\x07\x13\xff)\x06\x14\xff)\x06\x14\xff+\x09\x14\xff\
-\x0c\x15\xff'\x08\x14\xff)\x08\x15\xff,\x0a\x15\xff\
'\x07\x13\xff'\x04\x13\xff'\x04\x14\xff)\x06\x15\xff\
.\x0d\x15\xff.\x16\x14\xff\x18\x0e\x0a\xff\x02\x01\x01\xff\
\x00\x00\x00\xff\x01\x01\x01\xff\x00\x00\x00\xff\x03\x02\x02\xff\
@5,\xff\xb8\xad\xa3\xffvYL\xff;\x1a\x18\xff\
0\x11\x13\xff1\x12\x12\xff5\x15\x14\xff2\x13\x14\xff\
+\x0b\x13\xff/\x12\x15\xff4\x17\x18\xff:\x1b\x18\xff\
7\x17\x18\xff0\x0e\x15\xff4\x15\x16\xff;\x1c\x19\xff\
=\x1d\x1a\xff8\x19\x19\xff1\x10\x16\xff/\x0e\x14\xff\
0\x0e\x13\xff0\x0e\x14\xff+\x0a\x13\xff/\x10\x14\xff\
8\x19\x16\xff7\x15\x15\xff+\x07\x12\xff*\x07\x13\xff\
0\x0d\x15\xff.\x0c\x14\xff)\x06\x13\xff6\x10\x18\xff\
4\x0f\x17\xff)\x0b\x13\xff,\x0b\x15\xff1\x0e\x17\xff\
1\x0d\x16\xff)\x04\x13\xff*\x06\x15\xff&\x04\x12\xff\
'\x03\x14\xff(\x05\x14\xff0\x12\x16\xff\x1d\x10\x0d\xff\
\x02\x01\x01\xff\x00\x00\x00\xff\x01\x01\x01\xff\x1e\x14\x0e\xff\
X8%\xff\x8fu`\xff\xc7\xba\xaf\xffxZK\xff\
F%\x1b\xff>\x1b\x16\xff6\x13\x13\xff1\x13\x13\xff\
/\x10\x15\xff8\x17\x16\xff;\x1a\x18\xff2\x15\x15\xff\
3\x16\x16\xff7\x15\x17\xff7\x18\x18\xff6\x19\x15\xff\
:\x18\x15\xff9\x1a\x16\xff4\x15\x16\xff4\x18\x15\xff\
3\x16\x12\xff3\x13\x14\xff-\x0d\x13\xff4\x15\x13\xff\
8\x19\x16\xff9\x1a\x17\xff-\x0c\x12\xff.\x0b\x14\xff\
.\x0c\x13\xff1\x10\x14\xff1\x0f\x14\xff4\x11\x15\xff\
5\x12\x16\xff4\x13\x16\xff3\x12\x18\xff3\x0f\x17\xff\
1\x0e\x17\xff.\x0a\x16\xff+\x08\x15\xff1\x0c\x15\xff\
:\x11\x1a\xff4\x0c\x18\xff'\x04\x13\xff/\x12\x16\xff\
\x18\x0e\x0b\xff\x01\x01\x00\xff\x0a\x07\x05\xff@'\x1a\xff\
K)\x1a\xffW5\x22\xff\x8eva\xff\xc8\xbb\xaf\xff\
\x84cM\xffQ.\x1d\xff?\x1c\x15\xff7\x17\x14\xff\
.\x10\x14\xff5\x14\x12\xff8\x1b\x17\xff7\x19\x18\xff\
9\x1b\x17\xff1\x14\x15\xff:\x18\x18\xff> \x18\xff\
9\x1c\x15\xff>\x1f\x19\xff7\x16\x16\xff<\x1d\x16\xff\
C'\x18\xffA$\x17\xff/\x10\x12\xff1\x11\x13\xff\
3\x15\x14\xff4\x13\x14\xff/\x10\x11\xff5\x15\x15\xff\
-\x0e\x12\xff0\x0f\x12\xff=\x1b\x16\xff3\x14\x14\xff\
7\x17\x17\xff=\x1a\x18\xff;\x18\x16\xff3\x12\x15\xff\
1\x0f\x17\xff1\x0d\x16\xff(\x05\x12\xff5\x10\x18\xff\
N\x1f\x22\xff:\x10\x1b\xff&\x02\x12\xff(\x04\x12\xff\
0\x16\x15\xff\x09\x06\x04\xff\x22\x16\x0f\xffJ*\x1b\xff\
F%\x18\xff?#\x15\xffP4 \xff\x8ewc\xff\
\xc9\xbb\xad\xff\x87hM\xffW4!\xffB\x22\x18\xff\
6\x18\x17\xff5\x1a\x16\xff7\x1a\x15\xffA \x1b\xff\
= \x1a\xff3\x19\x17\xff<\x1e\x1a\xff@#\x1b\xff\
; \x17\xff@\x22\x18\xff7\x19\x16\xff.\x0e\x12\xff\
.\x0f\x12\xff/\x0f\x11\xff/\x10\x12\xff0\x12\x12\xff\
1\x13\x11\xff3\x14\x13\xff/\x10\x12\xff1\x11\x13\xff\
.\x0d\x12\xff/\x0e\x12\xffB \x18\xffA\x1e\x18\xff\
A \x19\xffC!\x1a\xffC \x18\xff=\x1a\x16\xff\
>\x17\x19\xff:\x14\x19\xff+\x06\x14\xff)\x05\x13\xff\
0\x0b\x15\xff+\x05\x14\xff+\x04\x13\xff&\x03\x12\xff\
0\x0f\x16\xff\x1e\x11\x0d\xff:$\x18\xffG%\x18\xff\
A#\x17\xff?(\x1a\xffH0\x22\xffX;)\xff\
\x92|j\xff\xcd\xc1\xb3\xff\x89kO\xffZ7!\xff\
<\x1e\x18\xff;\x1f\x17\xff>!\x18\xff>#\x19\xff\
?#\x1a\xff<\x1e\x1a\xff7\x1c\x17\xff>%\x19\xff\
C&\x19\xff?\x22\x16\xff6\x1a\x15\xff0\x11\x12\xff\
1\x12\x13\xff1\x12\x12\xff5\x17\x14\xff8\x1b\x15\xff\
6\x18\x13\xff? \x17\xff3\x14\x13\xff3\x14\x14\xff\
2\x12\x13\xffN, \xffQ/\x1f\xffS0\x1e\xff\
X5!\xffP/\x1e\xffN,\x1f\xffQ*\x1f\xff\
O'!\xffN%\x22\xffD\x1d\x1d\xff+\x07\x12\xff\
-\x08\x13\xff,\x08\x14\xff2\x0d\x16\xff(\x06\x13\xff\
/\x0b\x15\xff.\x19\x15\xffH,\x1d\xffG%\x18\xff\
>!\x15\xffH1#\xff>'\x1b\xffA)\x1b\xff\
T9&\xff\x90ze\xff\xcc\xbf\xb0\xff\x8bmP\xff\
R2!\xffI)\x1c\xff?$\x19\xff;!\x17\xff\
?#\x18\xff; \x19\xff@'\x1d\xffA'\x19\xff\
>!\x15\xffD%\x18\xff=\x1f\x16\xff3\x13\x13\xff\
4\x14\x14\xff4\x17\x14\xff;\x1d\x16\xff7\x19\x13\xff\
5\x18\x13\xff?!\x16\xff9\x1b\x15\xff<\x1a\x15\xff\
A\x22\x19\xffS5\x1e\xffQ+\x16\xffP-\x19\xff\
O2\x1f\xffN/\x1c\xffH(\x19\xff@\x1e\x16\xff\
A\x1c\x18\xff>\x1a\x1a\xffG#\x1e\xff8\x13\x18\xff\
3\x0f\x16\xff2\x10\x16\xff0\x0c\x14\xff*\x04\x12\xff\
(\x05\x12\xff7\x1c\x19\xffL0 \xffF&\x19\xff\
@%\x19\xffN7*\xff@*\x1d\xffF1&\xff\
E.\x22\xffT:%\xff\x92|f\xff\xcf\xc2\xb2\xff\
\x8blR\xffV5!\xffI-\x1d\xffE*\x1b\xff\
C)\x1c\xff< \x1a\xffF(\x1d\xffG-\x1d\xff\
C'\x18\xffH,\x1d\xff@\x22\x19\xff8\x19\x15\xff\
=\x1f\x17\xffS4\x1f\xffW8\x1f\xffV7\x1f\xff\
F&\x18\xffB$\x16\xff<\x22\x16\xff@\x22\x16\xff\
N/\x1c\xffO1\x1a\xffK+\x15\xffO0\x19\xff\
R5\x1b\xffb@\x22\xff\x5c< \xffN.\x1b\xff\
B\x22\x17\xff@ \x19\xffI&\x1e\xff>\x1d\x1a\xff\
7\x14\x16\xff2\x0f\x14\xff2\x0e\x15\xff)\x07\x12\xff\
*\x08\x13\xff:\x1d\x1b\xffO2\x22\xffC%\x18\xff\
F.!\xffZF:\xffm]T\xffl\x5cR\xff\
TA7\xffM7*\xff[@+\xff\xa1\x8bv\xff\
\xce\xc2\xb2\xff\x8doP\xff_>$\xffP4\x1f\xff\
L2\x1d\xffF)\x1b\xffE+\x1d\xffI1\x1f\xff\
L1\x1d\xffP2\x1d\xffE(\x1a\xffD&\x18\xff\
[>\x22\xffhK&\xff^@ \xff[<\x1f\xff\
dE\x22\xffT6\x1c\xffT7\x1c\xffM/\x19\xff\
N0\x19\xffgF!\xffgG \xffdE!\xff\
[>\x1f\xffY:\x1f\xffW:!\xffV;\x22\xff\
F*\x19\xffD&\x19\xffM+\x1d\xff@!\x1b\xff\
;\x19\x17\xff8\x14\x16\xff6\x16\x15\xff*\x0c\x13\xff\
0\x0e\x14\xff;\x1f\x1c\xffO2#\xff@#\x15\xff\
P:-\xff_LA\xff\x83tj\xffjYN\xff\
`OF\xff|me\xffW@1\xffaG.\xff\
\x98\x83f\xff\xd1\xc3\xb1\xff\x92rQ\xffhH(\xff\
T9 \xffF+\x1b\xffI-\x1d\xffQ6 \xff\
W: \xffU8\x1f\xffE+\x1a\xffH,\x1b\xff\
sX*\xffjR+\xff{`/\xffmN$\xff\
nQ#\xff\x85g,\xff\x8an/\xff\x8ao/\xff\
\x88m.\xff\x89m/\xff\x89j.\xff\x87i.\xff\
cJ\x22\xff^B$\xff^B'\xffY= \xff\
R3\x1b\xffI,\x1a\xffP1\x1e\xff?!\x1b\xff\
5\x17\x17\xff5\x15\x16\xff/\x0f\x14\xff+\x0b\x13\xff\
)\x08\x12\xff< \x1d\xffN2\x22\xff@$\x15\xff\
aK>\xffU?2\xffaL>\xffq`U\xff\
znf\xff\x80qh\xff\x5cH;\xffOQ+\xff\
bh,\xff\x9e\x9co\xff\xd2\xca\xb5\xff\x95xS\xff\
bE&\xffO1\x1f\xffO2\x1f\xffN7 \xff\
Z>!\xffY; \xffF+\x1b\xffB(\x19\xff\
pV*\xff\x86o3\xff}f/\xff~d+\xff\
\x87p3\xffoW(\xffpV'\xffpW'\xff\
w`*\xff\x82k/\xff\x80g,\xffz`*\xff\
x`)\xffV=\x22\xffW<\x22\xffhH\x22\xff\
N1\x17\xffO2\x1c\xffX9 \xff?\x22\x19\xff\
6\x18\x16\xff3\x15\x15\xff1\x13\x14\xff0\x10\x15\xff\
.\x0f\x15\xff: \x1d\xffN2\x22\xffH/\x22\xff\
nXK\xff\x5cF7\xffZD5\xff`K>\xff\
\x5cH<\xffQ;-\xffZJ8\xffKd)\xff\
Yr0\xffgx2\xff\xa2\xa5r\xff\xd3\xca\xb2\xff\
\x93uO\xfffD%\xffQ6\x1f\xffX> \xff\
Y=\x1f\xffV; \xffL/\x1a\xffB'\x16\xff\
N5\x1c\xff|g1\xff\x88u6\xff\x84r5\xff\
`G#\xffX>\x1e\xffO5\x1b\xffS9\x1c\xff\
mT'\xff\x8at3\xff\x80e'\xff\x7fe&\xff\
\x80f&\xff\x82j,\xffs['\xff`D \xff\
Y:\x1c\xffP1\x19\xffW:\x1f\xffJ,\x1d\xff\
;\x1e\x18\xff4\x16\x14\xff1\x13\x15\xff/\x10\x14\xff\
-\x0d\x14\xff; \x1e\xffP4#\xffP9+\xff\
r\x5cL\xfffP@\xffcL=\xff\x5cG9\xff\
\x80qh\xfftd\x5c\xffNH3\xffQu4\xff\
\x8a\xa0o\xff\x88\x9af\xff\x90\x98b\xff\xbb\xbb\x93\xff\
\xd7\xcd\xb6\xff\x91qM\xffkJ'\xffeC\x1f\xff\
Y<\x1b\xffV;\x1c\xffN1\x19\xffA&\x14\xff\
>%\x13\xff@)\x14\xffM7\x1a\xffH2\x17\xff\
B)\x14\xffS;\x1b\xffN6\x19\xffQ9\x1b\xff\
pW&\xff\x95\x847\xff\x8e}/\xff\x84r*\xff\
\x7fk+\xffu\x5c#\xffgM \xff\x5cC \xff\
Z=\x1d\xffV8\x1d\xff[@#\xffE)\x1b\xff\
<\x1f\x17\xff9\x1b\x14\xff9\x19\x14\xff+\x0c\x11\xff\
3\x12\x17\xff?#\x1e\xffT7%\xffK/\x1e\xff\
fN<\xffp\x5cL\xffs\x5cM\xffr^S\xff\
\xaa\x9f\x98\xffteZ\xffGQ.\xffa\x8dK\xff\
\x90\xa7{\xff\x92\xa6x\xff\x93\xa8u\xff\x9b\xa9v\xff\
\xad\xb4\x82\xff\xd2\xc7\xb1\xff\x98yN\xffrN#\xff\
hG\x1c\xffV:\x18\xff?'\x12\xff6$\x19\xff\
41/\xff2=?\xff4>>\xff450\xff\
6&\x1a\xff=*\x14\xffH1\x17\xffQ7\x1a\xff\
T8\x17\xff\x86o1\xff\x99\x8a>\xff\x96\x86=\xff\
\x89x;\xff~j4\xffxb3\xfft[1\xff\
mQ*\xffhK'\xffT5!\xff2\x13\x14\xff\
2\x12\x13\xff9\x1a\x15\xff;\x1a\x15\xff,\x0d\x12\xff\
1\x11\x15\xff@$\x1e\xffV9&\xffO.\x1c\xff\
E(\x19\xffJ-\x1c\xff`A/\xffYA5\xff\
J5(\xff:$\x13\xffLj9\xff|\xa6q\xff\
\x95\xb2\x8b\xff\x97\xae\x86\xff\x9b\xb3\x85\xff\x81\x9ef\xff\
v\x83H\xff\xb6\xa1{\xff\xd6\xc9\xaf\xff\x9d{J\xff\
tP \xffM3\x19\xff=JK\xff<\x90\xb2\xff\
2\xab\xe0\xff*\xb2\xee\xff*\xb2\xed\xff8\xab\xe0\xff\
C\x94\xb5\xff:OT\xff>(\x15\xffQ7\x1a\xff\
L0\x16\xff[A\x1b\xff\x88s/\xff\x84m.\xff\
G.\x16\xffB(\x16\xff@#\x16\xff@\x22\x16\xff\
^=\x1f\xffS4\x1a\xff8\x19\x15\xff5\x14\x15\xff\
/\x0f\x12\xff1\x10\x12\xff@ \x19\xff1\x12\x15\xff\
5\x14\x15\xff=!\x1c\xffW:'\xffN/\x1e\xff\
I+\x1b\xff~H.\xff\x8aK0\xff\x7fE-\xff\
m=(\xffJ3\x1e\xffS\x85H\xff\x80\xabv\xff\
\x93\xb6\x8b\xff\x9e\xb9\x92\xff\xa1\xb9\x8e\xffu\x9b^\xff\
dl@\xff\x8dg<\xff\xbf\xa6~\xff\xd9\xcc\xb2\xff\
\x90pC\xffF?2\xff?\xaa\xd4\xff%\xbd\xfd\xff\
\x1f\xba\xfe\xff\x1e\xb9\xfe\xff\x1e\xb8\xfe\xff1\xa0\xd2\xff\
8bu\xffJ\xa0\xc5\xff?<6\xffR6\x18\xff\
N1\x16\xff\x5cB\x1b\xff\x92}0\xff\x87q1\xff\
C'\x15\xff?#\x15\xff= \x15\xff> \x16\xff\
gJ'\xffbB\x22\xff7\x19\x16\xff7\x18\x18\xff\
=\x1f \xff4\x19\x19\xff.\x11\x12\xff.\x0e\x13\xff\
-\x0c\x12\xff>\x22\x1e\xffY=(\xffL/\x1e\xff\
Q3 \xff\x94[8\xff\x91Y<\xff\x8fO0\xff\
\x8bK,\xffdQ3\xff]\xa0X\xffZ\x9dM\xff\
[\x9dO\xffb\x9cX\xffu\x9cf\xffc\x8eM\xff\
bZ6\xff\x82\x5c9\xff\x93nB\xff\xb7\xa1{\xff\
\xb8\xab\x97\xffN\x5cZ\xff8\xbf\xf3\xff*\xc0\xfe\xff\
%\xbf\xfe\xff&\xbe\xfe\xff&\xbd\xfe\xff9\xa4\xcf\xff\
8]l\xffB\xad\xd7\xff@MM\xffQ9\x19\xff\
N1\x16\xffV<\x18\xff\x8f|0\xff\x8ey1\xff\
YA!\xffA%\x15\xff>\x22\x14\xffN3\x1d\xff\
eL'\xffhI'\xff5\x16\x14\xff7\x1c\x17\xff\
:\x1d\x18\xff;\x1f\x1b\xff5\x1c\x19\xff0\x17\x16\xff\
.\x10\x14\xff>#\x1e\xffZ>)\xffL.\x1b\xff\
dC(\xff\xa1mB\xff\xb8\x99\x81\xff\x9akJ\xff\
\x92`?\xffhc?\xffi\xb0g\xffb\xad\x5c\xff\
^\xa8V\xffa\x99U\xff\x80\xb1\x83\xffbyM\xff\
lQ0\xffxW6\xffnO.\xffnP/\xff\
}hP\xffO`^\xff@\xc5\xf4\xff1\xc5\xfe\xff\
,\xc3\xfe\xff<\xc2\xf7\xffF\xaf\xd6\xffF\xab\xd0\xff\
H\xa7\xcb\xffI\xa6\xc8\xff<CB\xffA(\x13\xff\
C)\x11\xffF+\x12\xffs`*\xff\x93\x813\xff\
\x89v3\xffkS&\xffgN&\xffs[.\xff\
iO&\xffS6\x1f\xff7\x19\x14\xff5\x17\x14\xff\
0\x13\x13\xff0\x0f\x12\xff-\x0d\x12\xff*\x0c\x11\xff\
+\x0b\x11\xff@$\x1e\xffY=*\xffI,\x1a\xff\
\x86a;\xff\xaas>\xff\xac\x83^\xff\xa8{V\xff\
\xbb\x9c\x84\xff\x84_=\xffkmG\xff_{Q\xff\
f\x9aa\xffs\x99i\xffq\x7f`\xffjR2\xff\
yV4\xff`E*\xffP7 \xff`C(\xff\
cE+\xffKXT\xffN\xcb\xf4\xff;\xca\xfd\xff\
6\xc8\xfe\xffH\xbf\xec\xffK\x81\x95\xffIy\x89\xff\
Ew\x88\xffDw\x89\xff@l|\xff?hu\xff\
?ak\xff:93\xffH1\x16\xff|h.\xff\
\x8c{5\xff\x8bx3\xff~k/\xffu^-\xff\
cH'\xff;\x1d\x15\xff6\x18\x13\xff?#\x19\xff\
E*\x1c\xff5\x18\x14\xff-\x0d\x12\xff-\x0c\x12\xff\
,\x0a\x12\xffA%\x1f\xffZ?+\xffL2\x1f\xff\
\xa9\x7fN\xff\xb8\x83F\xff\xc3\xa5\x85\xff\xb1\x8bl\xff\
\xb1\x8af\xff\xa8p?\xff\x7fW=\xffC'F\xff\
H3L\xffN:I\xffH,1\xffX:+\xff\
mL.\xffT9\x22\xff\x80]9\xff\x89c9\xff\
\x87`;\xffV_W\xffa\xd2\xf0\xffM\xb7\xd4\xff\
G\xb2\xd5\xffE\xa2\xc1\xffI\xa2\xc3\xffJ\xac\xd1\xff\
F\xa4\xc9\xff9\xad\xdc\xff,\xbd\xfc\xff)\xbc\xfc\xff\
+\xbc\xfa\xff?\xa6\xcf\xff<<8\xffG/\x16\xff\
_G#\xffkT(\xffbK$\xffM2\x1c\xff\
< \x15\xff8\x1b\x14\xff6\x17\x13\xff=!\x17\xff\
9\x1f\x16\xff6\x19\x14\xff-\x0d\x12\xff-\x0c\x12\xff\
,\x0a\x12\xffB%\x1f\xffY?+\xff]C+\xff\
\xc2\x96Z\xff\xc5\x91M\xff\xc9\xa2m\xff\xd8\xc5\xaa\xff\
\xc5\xa3}\xff\xb3\x80F\xffiHD\xffG$c\xff\
J&h\xffJ&f\xffM'c\xffS4V\xff\
V9#\xffmN1\xff\x8fg<\xff\x8bb5\xff\
\x88`8\xffX_U\xffh\xd9\xf3\xff_\xbf\xd3\xff\
Y\x98\xa2\xffQ\xb2\xcc\xffL\xa1\xb7\xffJ\xb5\xd8\xff\
F\x92\xad\xff;\xab\xd2\xff(\xc0\xfe\xff%\xbd\xfe\xff\
$\xbc\xfe\xff)\xbe\xfc\xffAy\x8c\xff@'\x15\xff\
F+\x16\xffE+\x17\xffB'\x15\xff= \x14\xff\
=!\x16\xffA%\x19\xff<!\x17\xff9\x1c\x16\xff\
8\x1b\x14\xff2\x16\x15\xff3\x14\x16\xff-\x0b\x11\xff\
,\x0a\x12\xffB%\x1f\xffZ>)\xffy]=\xff\
\xd0\xa5a\xff\xd0\xa0W\xff\xcc\x9bT\xff\xb9\x90T\xff\
\xac\x8a\x5c\xff\xa0{L\xff|fk\xffz_\x8a\xff\
M.p\xffO.n\xffN+m\xffU9_\xff\
Q6!\xff\x7f]9\xff\x8fg8\xff\x8dd6\xff\
\x8dd9\xff_R>\xffk\xc1\xd2\xffd\xd4\xec\xff\
d\xb8\xc9\xff]\xc6\xe0\xff\x5c\xb0\xc1\xff[\xb9\xd0\xff\
W\xa8\xbe\xffI\xbf\xe2\xff?\xce\xfd\xff8\xc9\xfd\xff\
.\xc3\xfe\xff&\xbf\xfe\xff>\xa0\xc5\xff=- \xff\
J1\x19\xffM5\x1b\xffK0\x17\xffD'\x14\xff\
?#\x18\xffG-\x1d\xffA'\x19\xff:\x1e\x15\xff\
4\x18\x12\xff2\x17\x15\xff2\x14\x15\xff.\x0d\x12\xff\
,\x0b\x11\xffC& \xff]@)\xffoS6\xff\
\xb7\x97d\xff\xcd\xa6e\xff\xd4\xa9c\xff\xbe\x9fl\xff\
\xc9\xba\x9d\xff}ij\xff_M\x83\xff\x85p\x9f\xff\
zg\x99\xff\x87t\x99\xffQ3{\xffZ?_\xff\
U:$\xff\x86d=\xff\x90g9\xff\x8ee7\xff\
\x8ee8\xff}\x5c9\xffZ]Q\xff`\x9a\xa1\xff\
g\xac\xb9\xffg\xac\xb9\xfff\xa9\xb4\xffe\xab\xb7\xff\
b\xae\xbf\xff^\xcb\xe6\xffL\xd5\xfc\xffD\xd3\xfe\xff\
?\xd0\xfd\xff5\xca\xfd\xff>\xad\xd6\xff?4)\xff\
M5\x1a\xffYB!\xffU:\x1c\xffJ/\x19\xff\
;!\x15\xffF+\x1b\xff@$\x17\xff>\x22\x18\xff\
6\x1e\x17\xff8\x1f\x19\xff6\x1c\x19\xff0\x12\x14\xff\
,\x0b\x11\xffC' \xff`C.\xffV5\x1e\xff\
W;$\xffkT=\xff\x9c\x85g\xff\x96\x81c\xff\
nZX\xffQ?\x91\xffR>\x9a\xff\x7fp\xa8\xff\
\x5cH\x91\xffzg\xa1\xffT:\x8a\xff]E[\xff\
\x5c@(\xff\x8fkE\xff\x91i;\xff\x90g8\xff\
\x8ff7\xff\x8df9\xff\x83`;\xffsV7\xff\
rW:\xffrW:\xffqV8\xffoT7\xff\
fP8\xffX`W\xff`\xbc\xd0\xffK\xd7\xfe\xff\
F\xd5\xfe\xffC\xd3\xfe\xffN\xb5\xd5\xffC6)\xff\
Q6\x19\xff\x5cE \xffZC \xffJ.\x19\xff\
B&\x18\xffA&\x18\xff< \x15\xff8\x1b\x14\xff\
2\x15\x13\xff4\x16\x14\xff3\x14\x15\xff0\x10\x13\xff\
-\x0d\x13\xffD(!\xffbE/\xff[9!\xff\
U6 \xff\x83rf\xff\xc7\xbe\xb6\xff\xba\xae\xa5\xff\
{kz\xffUG\xaf\xffWG\xae\xff\xaa\xa4\xd1\xff\
\xb4\xae\xcd\xff\x83u\xb1\xffUB\x9b\xffbL[\xff\
cF,\xff\x92oK\xff\x9evI\xff\x93j;\xff\
\x91g8\xff\x8ff8\xff\x8cd7\xff\x8ac7\xff\
\x88a6\xff\x86_4\xff\x84]4\xff\x82\x5c4\xff\
\x83^7\xff{Y8\xff[rm\xffX\xd6\xf7\xff\
I\xd7\xfd\xffI\xd7\xfd\xffX\xac\xc3\xffL9$\xff\
cD\x1f\xff\x5cA\x1e\xffM5\x1a\xffM0\x1a\xff\
R6\x1f\xffJ1\x1c\xffE+\x19\xff@$\x19\xff\
;\x1d\x18\xff@$\x19\xffA%\x1a\xff=\x1f\x19\xff\
7\x17\x17\xffD)!\xffaE/\xffZ:#\xff\
R8#\xff\xa7\x9b\x94\xff\xc6\xbe\xb7\xff\xb6\xaa\xa1\xff\
od{\xffXO\xc1\xffRF\xbd\xffXN\xbe\xff\
sk\xc1\xffg^\xa9\xffUI\x99\xffkSR\xff\
tS2\xff\x80`?\xff\xae\x87Z\xff\xa4}P\xff\
\x9bsD\xff\x94l=\xff\x90h:\xff\x8de8\xff\
\x8ac6\xff\x88`4\xff\x84]2\xff\x81[2\xff\
\x80\x5c2\xff\x84`9\xff_\x5cL\xff]\xce\xe9\xff\
L\xd9\xfe\xffR\xd8\xfc\xffU\x85\x8d\xffU;\x1e\xff\
kL#\xff_D!\xffW=\x1e\xffJ.\x19\xff\
O4\x1e\xffP4\x1e\xffE,\x1b\xffB)\x1b\xff\
<\x1f\x19\xff?$\x1a\xffA$\x1a\xff= \x19\xff\
7\x1a\x18\xffE)\x22\xffbF/\xffW9\x22\xff\
\x5cF5\xff\xc8\xc0\xbb\xff\xc1\xb7\xaf\xff\xb7\xa9\xa0\xff\
lf\x84\xffZU\xcf\xffUM\xcd\xffUM\xcb\xff\
VN\xbb\xffyx\xc7\xffme\x8e\xffwZ@\xff\
\x8ch>\xffjN/\xff\x9d{T\xff\xad\x88[\xff\
\xab\x86Z\xff\xa7\x83V\xff\xa3\x7fR\xff\x9ezN\xff\
\x9bwL\xff\x98uJ\xff\x93pE\xff\x8cf<\xff\
\x84^4\xff\x87`8\xffc\x5cJ\xffd\xcd\xe6\xff\
W\xd9\xfa\xffa\xbc\xd2\xffNL@\xff\x5c?\x1c\xff\
eG \xffcG$\xffY?!\xffK1\x1c\xff\
P6\x1e\xffL1\x1c\xffL/\x1c\xffD(\x1b\xff\
=\x22\x1a\xffB&\x1b\xffB'\x1c\xff@!\x1a\xff\
9\x1c\x19\xffE*\x22\xffaE.\xffT5\x1f\xff\
taT\xff\xdb\xd6\xd3\xff\xc4\xba\xb4\xff\xbd\xb0\xa8\xff\
\x86{\x80\xffih\x9c\xffdd\xaa\xffdd\xb7\xff\
c_\xad\xffsg\x86\xffw[B\xff\x89f=\xff\
\x91nB\xff\x85d;\xffgM/\xfftX:\xff\
y\x5c=\xffz\x5c=\xff\x80bA\xff\x7fbA\xff\
~a@\xff\x84fD\xff\xa0|Q\xff\x99sH\xff\
\x92mA\xff\x8ad<\xffcO9\xffb{y\xff\
Yus\xffMJ>\xffV;!\xffdF\x1f\xff\
aF!\xff`E$\xffX=!\xffK1\x1e\xff\
S8 \xffN4 \xffK/\x1c\xffA%\x1b\xff\
=\x1f\x1a\xff@&\x1a\xffD(\x1d\xffD\x22\x1b\xff\
8\x19\x17\xffC)!\xffbF0\xffR4\x1f\xff\
\x9b\x8d\x85\xff\xde\xd8\xd6\xff\xc5\xbd\xb8\xff\xc6\xbd\xb7\xff\
\xc0\xb5\xb0\xff\xb6\xaa\xa4\xff\xb3\xa8\xa3\xff\xa2\x97\x95\xff\
XB7\xffcF-\xffwV2\xff\x81`:\xff\
\x8ai@\xff\x90oC\xff\x8enC\xff\x8aj@\xff\
\x80b<\xffiM1\xff\x9e|S\xff\x9d{R\xff\
\x9dzQ\xff\x9ezO\xff\xa3|O\xff\x9ctH\xff\
\x99sF\xff\x93nD\xffpW?\xff\xb2\xa6\x94\xff\
\x89nH\xffnP*\xff]@#\xff`D \xff\
cF#\xffZ>\x22\xffT9 \xffJ.\x1d\xff\
T5\x1f\xffP3 \xffC+\x1c\xffC(\x1a\xff\
A\x22\x1c\xff@%\x1b\xff?\x22\x1a\xff=\x1d\x18\xff\
:\x1b\x18\xffF*#\xffbG0\xffV:(\xff\
\xc5\xbe\xba\xff\xd7\xd2\xcf\xff\xcc\xc6\xc1\xff\xca\xc2\xbd\xff\
\xca\xc1\xbb\xff\xc9\xbf\xba\xff\xd7\xd0\xcc\xff\xa3\x98\x90\xff\
cN=\xfflXD\xffeL5\xffbH.\xff\
jN/\xffzZ5\xff\x85e<\xff\x8eoD\xff\
\x8bj@\xffqT4\xff\xa5~P\xffnP0\xff\
\x94pD\xff\xa3{I\xff\xa1xH\xff\x9fvH\xff\
\x9ctH\xff\x99sI\xffrW8\xff\xc6\xb5\x90\xff\
\xd9\xcd\xb5\xff\x9e\x80T\xffhH,\xff`C$\xff\
hJ&\xffX<\x22\xffW;#\xffL/\x1f\xff\
Q4\x1f\xffO2\x1f\xffL.\x1e\xffE(\x1c\xff\
:\x1c\x19\xffF(\x1e\xffA%\x1c\xff6\x1d\x18\xff\
8\x1a\x18\xffG*#\xffbG1\xfffO@\xff\
\xe4\xe3\xe2\xff\xe5\xe2\xe0\xff\xd2\xcc\xc7\xff\xdb\xd7\xd4\xff\
\xe6\xe3\xe0\xff\xce\xc6\xc2\xff\xdd\xd6\xd3\xff\x87xo\xff\
\x8a\x8ak\xffv\x85P\xff\x81\x8a`\xff\x86\x86i\xff\
\x81xa\xffweN\xffoW?\xffjQ5\xff\
nP0\xffgK-\xff\xa4\x7fS\xffyY8\xff\
\x9atG\xff\xa6}I\xff\xa4{H\xff\xa1yH\xff\
\x9fwJ\xff\x99uK\xffmR1\xff\xa6\x86P\xff\
\xc9\xb6\x93\xff\xd6\xc9\xb2\xff\x96vQ\xfftR.\xff\
`C$\xff]@%\xffX<$\xffH,\x1c\xff\
K/\x1d\xffN/\x1e\xffK-\x1e\xffC%\x1a\xff\
=\x1f\x1a\xff; \x1a\xff=$\x1c\xff@!\x1a\xff\
9\x1a\x18\xffD*\x22\xffbG1\xffuaS\xff\
\xea\xe9\xe7\xff\xfc\xfc\xfc\xff\xfa\xfa\xfa\xff\xf4\xf4\xf4\xff\
\xc9\xc1\xbc\xff\xbc\xb1\xaa\xff\xa2\x94\x8b\xfftcW\xff\
\x84\x95k\xffU{5\xffU|5\xffW}9\xff\
`\x82E\xffq\x8cV\xff\x7f\x90b\xff\x86\x8bk\xff\
\x88\x80h\xffo\x5cG\xfftX8\xff\x9e|R\xff\
\xaa\x83T\xff\xac\x84S\xff\xaa\x83R\xff\xa4~O\xff\
\x95qJ\xffmP4\xfffM4\xff\x7feE\xff\
\x93zY\xff\xd0\xc4\xaf\xff\xdb\xd0\xbc\xff\x96uK\xff\
rO*\xffdE'\xffQ5\x22\xffE(\x1a\xff\
P2\x1f\xffP1 \xff@$\x1a\xffF(\x1c\xff\
;\x1d\x1a\xff:!\x1a\xff>$\x1c\xffB!\x1a\xff\
9\x17\x17\xffD)\x22\xffcH2\xff\x5c>+\xff\
zcT\xff\xa1\x92\x87\xff\xcb\xc4\xbf\xff\xdf\xdc\xda\xff\
\xb8\xae\xa9\xff\xb1\xaf\xb0\xff_ae\xffug^\xff\
\x9e\xa2\x7f\xffZ\x89F\xffW\x87@\xffV\x86?\xff\
b\x8fN\xffY\x8bH\xffT\x88@\xffW\x86B\xff\
e\x87L\xff\x91\x8ds\xffpT3\xffhN/\xff\
hM0\xfflO1\xffkP2\xffhM1\xff\
gM.\xfffQ<\xff\xa7\x9b\x93\xff\xc1\xb6\xab\xff\
\xcc\xc2\xb6\xff\xd8\xd0\xc2\xff\xe8\xe3\xd7\xff\xd9\xcd\xba\xff\
\x98xL\xffhG(\xffW8!\xffF'\x19\xff\
N-\x1c\xffN-\x1f\xffF&\x1c\xffB#\x1b\xff\
=\x1e\x1a\xffE&\x1c\xff?\x22\x1a\xff8\x1b\x16\xff\
8\x18\x17\xffG*#\xffcH2\xffX8$\xff\
[;'\xff\x5c<(\xffO8)\xff\x5cUR\xff\
cr\x82\xffIr\x9a\xff?e\x8b\xff\x8c\x7fx\xff\
\xa8\x8ej\xff~\xa3o\xfff\x9aZ\xff^\x95Q\xff\
j\x97X\xffy\xa2m\xffX\x97R\xff_\x94S\xff\
\x87\x99k\xff\x91\x85t\xffV>)\xffX?&\xff\
X>&\xffV<%\xffU<'\xffV=(\xff\
V>'\xffV@.\xff}nc\xff\xbe\xb4\xac\xff\
\xc5\xbb\xb2\xff\xc2\xb8\xae\xff\xcf\xc6\xb9\xff\xe8\xe2\xd8\xff\
\xd6\xca\xb7\xff\x8emJ\xffb@%\xffL,\x1d\xff\
M-\x1c\xffH(\x1c\xffJ)\x1e\xffD#\x1b\xff\
9\x19\x17\xffE#\x1b\xffD\x22\x1a\xff:\x1b\x16\xff\
7\x17\x16\xffF)\x22\xffcG1\xffX8#\xff\
\x5c:&\xff[:&\xffD2(\xffIQ[\xff\
M\x8a\xbc\xffG\x84\xb9\xffGg\x85\xff\xa6\x94\x84\xff\
\xa6zK\xff\xbd\xb9\x9c\xff\xcc\xdb\xc7\xff\x98\xbc\x94\xff\
\x9c\xa4x\xff\xa1\x94i\xff\x83\xa9x\xff\x98\x95h\xff\
\xa8\x87a\xff\x87uh\xffZG;\xffE/!\xff\
F/!\xffF0\x22\xffF0!\xffF/\x22\xff\
F0\x22\xffH3$\xff]I=\xff\xa4\x97\x8f\xff\
\xb3\xa7\xa0\xff\xb3\xa7\x9e\xff\xbc\xb0\xa4\xff\xd4\xc7\xb9\xff\
\xed\xe7\xdc\xff\xd9\xcd\xbb\xff\x8emI\xff[9%\xff\
J+\x1b\xffJ*\x1c\xffI*\x1c\xffB!\x1a\xff\
:\x19\x18\xffA \x1a\xffG#\x1b\xffD\x1f\x19\xff\
:\x15\x15\xffC'!\xffcG1\xffZ9#\xff\
[:%\xffT5!\xffI??\xffZdo\xff\
U\x96\xc5\xffN\x8f\xc0\xffYn\x80\xff\xb7\x9e\x80\xff\
\xac\x7fF\xff\xc0\xa5}\xff\xef\xef\xe8\xff\xd1\xc3\xaa\xff\
\xaa\x83R\xff\x9exH\xff\xa9\x86V\xff\xa4vB\xff\
\xb0\x8fk\xffp^Q\xffWD8\xff@+\x1d\xff\
A+\x1e\xffA+\x1e\xffA+\x1d\xffA+\x1d\xff\
A*\x1c\xffB-\x1e\xff`MA\xff\x9f\x94\x8b\xff\
\xb3\xa8\xa0\xff\xba\xad\xa5\xff\xc1\xb6\xac\xff\xce\xc5\xbb\xff\
\xdd\xd5\xc8\xff\xe8\xe2\xd4\xff\xd2\xc4\xaf\xff\x83aC\xff\
[6 \xffH&\x1a\xffD$\x19\xffG\x22\x1a\xff\
<\x1b\x19\xff<\x1e\x18\xff<\x1a\x16\xff?\x18\x15\xff\
<\x19\x17\xffD(!\xffdH2\xffY9#\xff\
Z:$\xffO4!\xffQMR\xffit|\xff\
^\xa1\xd0\xffT\x94\xc4\xffpy\x81\xff\xc2\xa8}\xff\
\xb6\x8fO\xff\xb8\x94X\xff\xc8\xb1\x86\xff\xb5\x90V\xff\
\x94\x94w\xff]\xac\xc5\xff\x92\x8en\xff\xab\x7fE\xff\
\xb7\x9d\x81\xffjVJ\xff]I=\xffC.\x1f\xff\
D. \xffD- \xffD. \xffC.\x1f\xff\
C-\x1f\xffE0\x22\xfffRH\xff\xa8\x9d\x95\xff\
\xba\xaf\xa7\xff\xc1\xb7\xaf\xff\xbf\xb5\xae\xff\xc0\xb5\xac\xff\
\xd4\xcc\xc1\xff\xd3\xc6\xb5\xff\xb7\xa6\x8d\xff\xce\xbf\xab\xff\
\x85`B\xffX5!\xffN,\x1e\xffC!\x1b\xff\
=\x1b\x19\xff>\x1d\x18\xff8\x18\x14\xff7\x15\x13\xff\
8\x17\x16\xffE(\x22\xffbG1\xffW7\x22\xff\
Y9$\xffL7*\xff]_e\xffu\x80\x88\xff\
d\xa9\xd7\xffX\x94\xbf\xff\x88\x88\x85\xff\xcb\xb1t\xff\
\xc2\xa1W\xff\xc1\x9fT\xff\xc0\x9dT\xff\xbd\x9aS\xff\
\x9d\xaa\x89\xffi\xc8\xe1\xff\x97\x9f\x7f\xff\xb4\x8eQ\xff\
\xb0\x9d\x88\xffhUK\xffeRH\xffG1\x22\xff\
S>1\xffn]S\xffL7+\xffG1#\xff\
G1\x22\xffI3%\xfflYO\xff\xb9\xb1\xac\xff\
\xc3\xba\xb3\xff\xc2\xb9\xb2\xff\xc1\xb9\xb1\xff\xc3\xb9\xb1\xff\
\xcf\xc7\xc0\xff\xd3\xc9\xc0\xff}aE\xff\xb3\x9f\x87\xff\
\xcb\xbc\xaa\xff\x86cG\xffV2#\xffA\x1f\x1a\xff\
:\x15\x17\xff@\x1d\x19\xff>\x1b\x17\xff5\x16\x13\xff\
7\x15\x15\xffD&!\xff`F0\xffW7\x22\xff\
W7\x22\xffJ?9\xffsuz\xff\x80\x8e\x94\xff\
i\xb1\xde\xff\x5c\x93\xb9\xff\xa7\xa2\x96\xff\xd3\xbas\xff\
\xcf\xb1^\xff\xcd\xaf\x5c\xff\xcc\xad[\xff\xc9\xabZ\xff\
\xc3\xa8]\xff\xaa\x9dh\xff\x9f\x86X\xff\xa6\x88Y\xff\
\x9a\x88v\xffiWM\xffnZP\xffS=.\xff\
mZM\xff\xd0\xc7\xc2\xff\xaa\x9f\x99\xffdQF\xff\
L5&\xffN8(\xffq_S\xff\xc4\xbd\xbb\xff\
\xcd\xc6\xc1\xff\xce\xc8\xc2\xff\xd8\xd2\xcd\xff\xd4\xcf\xcb\xff\
\xb6\xad\xa7\xff\xae\xa3\x9a\xffdM:\xffoR6\xff\
\xb2\x9f\x87\xff\xcb\xbd\xaa\xff\x83_D\xffV.\x22\xff\
=\x1a\x1a\xff?\x18\x17\xffA\x1b\x18\xff8\x17\x14\xff\
7\x16\x16\xffC&!\xffU>+\xffX7\x22\xff\
S5 \xffIHL\xff\x90\x8f\x92\xff\x8f\x99\x9c\xff\
q\xb6\xde\xffh\xa6\xce\xff\x8c\x94\x95\xff\xc5\xbc\xa0\xff\
\xd3\xc3\x94\xff\xd9\xc6\x87\xff\xd8\xc1x\xff\xd4\xbai\xff\
\xd1\xb4a\xff\xb5\x9dk\xff\xd0\xc7\xbe\xff\xad\x9f\x92\xff\
t]J\xff~j_\xffzeX\xff]E7\xff\
zgZ\xff\xe5\xe0\xdd\xff\xe4\xe1\xdd\xff\x9f\x93\x8a\xff\
T<-\xffT=-\xffyfY\xff\xd3\xce\xcb\xff\
\xf7\xf6\xf4\xff\xfa\xf9\xf8\xff\xfb\xfa\xf9\xff\xd3\xcd\xc7\xff\
\xc5\xbc\xb6\xff\xa6\x99\x91\xfftbU\xffaK7\xff\
z^A\xff\xb6\xa3\x8c\xff\xcb\xbc\xac\xffvT@\xff\
H \x1e\xff8\x0f\x16\xff1\x0d\x14\xff/\x0b\x12\xff\
-\x0d\x12\xff;#\x1d\xff=-\x1f\xff[<&\xff\
Q4 \xffKZh\xff\x93\x96\x9a\xff\xb8\xb3\xae\xff\
\x91\xa0\xa3\xff\x85\xa6\xb6\xffw\x9e\xb3\xffv\x97\xab\xff\
}\x94\xa0\xff\x8d\x98\x99\xff\xa3\xa6\x9c\xff\xbd\xb6\x9e\xff\
\xcc\xbd\x95\xff\xb2\xa0\x85\xff\xad\x9e\x90\xff~bF\xff\
nR9\xff\x8d|q\xff\x88tg\xffdL=\xff\
|i\x5c\xff\xce\xc7\xc3\xff\x93\x84z\xfffO@\xff\
[C4\xffZC3\xff~k]\xff\xd7\xd3\xd0\xff\
\xfd\xfd\xfc\xff\xfd\xfd\xfd\xff\xfd\xfe\xfe\xff\xd9\xd4\xcf\xff\
\xb7\xad\xa5\xff\x8f~o\xff\x85sg\xffp`S\xff\
\x94\x85v\xff\x84kQ\xff\xbd\xab\x94\xff\xc8\xb9\xa8\xff\
uS@\xffK% \xffL%!\xff7\x14\x17\xff\
2\x12\x16\xff.\x1d\x17\xff\x1d\x16\x10\xff\x5c@+\xff\
Q9(\xffPs\x8f\xffTy\x97\xffp\x81\x90\xff\
\x90\x95\x98\xff\xa1\x9f\x9c\xff\xa4\xa2\x9e\xff\x98\x9b\x9a\xff\
\x89\x9e\xa8\xffr\xb1\xd6\xffg\xaa\xd3\xffh\x9f\xbf\xff\
p\x92\xa6\xffpur\xffrS5\xffzW5\xff\
vX>\xff\x93\x81v\xff\x8bwi\xffkSB\xff\
nWF\xfft]N\xffkRB\xffhP?\xff\
_I9\xff^H8\xffxbS\xff\xbe\xb6\xb0\xff\
\xe3\xe0\xdd\xff\xd3\xcd\xc7\xff\xc2\xb7\xae\xff\xa0\x90\x83\xff\
p\x5cL\xff\x85se\xffzfZ\xff\x90\x82y\xff\
{i\x5c\xffjT>\xff\x8akI\xff\xc6\xb2\x94\xff\
\xc6\xb7\xa6\xfftR?\xffV/&\xff6\x11\x16\xff\
<\x1e\x1c\xff\x16\x0f\x0b\xff\x05\x04\x03\xffE4$\xff\
]B.\xff[iw\xffV|\x9d\xffU\x83\xaa\xff\
P~\xa6\xffSu\x93\xffev\x84\xff\x7f\x86\x8c\xff\
\x87\x86\x85\xffr\x8a\x97\xffv\xb1\xd3\xffp\xba\xe4\xff\
p\xbe\xeb\xffp\x97\xab\xffoP2\xffxT3\xff\
xZ?\xff\x97\x84w\xff\x91|m\xffrYF\xff\
rZF\xffqYG\xffpXG\xffiRA\xff\
\x83sf\xff\x97\x88z\xffx`K\xff{_C\xff\
\x84gK\xff\x82cC\xff\x7f];\xffoR8\xff\
mVE\xffeM<\xffhP>\xffv`Q\xff\
t`T\xff\x7fm\x5c\xffwX<\xff\x96qH\xff\
\xc6\xb1\x95\xff\xc2\xb3\xa4\xffdD5\xffA\x1f\x1b\xff\
8$\x1c\xff\x04\x03\x02\xff\x01\x01\x01\xff\x14\x0f\x0b\xff\
W@+\xffX<'\xffZD5\xff_VO\xff\
_dg\xffYMD\xff]H8\xff`VM\xff\
^dj\xffbn|\xff`r~\xfff|\x87\xff\
v\x8f\x98\xffszv\xffpN0\xfftQ0\xff\
wZ?\xff\xa3\x92\x85\xff\x9b\x87w\xffw^J\xff\
w^J\xffv^J\xffu]J\xffpYG\xff\
\xc1\xb7\xae\xff\xad\x9d\x8e\xff\x7fa@\xff\x85d>\xff\
\x84c>\xff\x86d@\xff\x85c>\xffrU9\xff\
s[K\xfflTC\xfflTB\xffmUC\xff\
\xb6\xa7\x9e\xff\x99\x83s\xff{X;\xff\x85`?\xff\
\x96qI\xff\xc4\xaf\x93\xff\xc2\xb0\xa1\xffbI8\xff\
\x11\x0c\x09\xff\x01\x01\x01\xff\x01\x01\x01\xff\x01\x01\x01\xff\
\x1b\x15\x0f\xffXA,\xff]@)\xffY:#\xff\
[<$\xff\x5c=$\xff\x5c=$\xff^>%\xff\
`@'\xff`E.\xffaN>\xffeXM\xff\
iM3\xfflK,\xffqN.\xffrP/\xff\
uV9\xff\xa3\x93\x84\xff\xa6\x95\x84\xff\x91|h\xff\
\x91|h\xff\x91|h\xff\x91|h\xff\x85oY\xff\
\x99\x87w\xff|_A\xff\x82a=\xff\x83c?\xff\
\x84c?\xff\x84b?\xff\x84b>\xffvX:\xff\
|dO\xff\x7fgS\xff\x80gS\xffyaK\xff\
\x89q]\xff{Z=\xff~[;\xff\x7f[<\xff\
\x84_>\xff\x95sO\xff\x9b\x8f~\xff+($\xff\
\x01\x01\x01\xff\x01\x01\x01\xff\x00\x00\x00\xff\x00\x00\x00\xff\
\x01\x01\x01\xff\x13\x0f\x0b\xffF6%\xff`E.\xff\
aB)\xff^?&\xff]>%\xff^?&\xff\
a@'\xffaC(\xffdE*\xffiH+\xff\
kI+\xffmK-\xffqN.\xffqO/\xff\
pO/\xfftV9\xffxZ<\xffyZ<\xff\
wZ<\xffxZ<\xffy\x5c=\xffwZ;\xff\
y[9\xff~]9\xff\x80_;\xff\x81a<\xff\
\x81a=\xff\x83b>\xff\x83a=\xff}];\xff\
wY8\xffyY9\xff|Z:\xff{X8\xff\
{X7\xff\x7fZ:\xff\x81\x5c;\xff\x81^>\xff\
}`B\xffWG2\xff\x16\x12\x0e\xff\x01\x01\x01\xff\
\x01\x01\x01\xff\x01\x01\x01\xff\x00\x00\x00\xff\x00\x00\x00\xff\
\x00\x00\x00\xff\x00\x00\x00\xff\x05\x04\x03\xff\x1d\x16\x10\xff\
A2#\xff[E/\xffhN4\xffkP6\xff\
kP6\xfflQ6\xffnT9\xffqV:\xff\
sW;\xfftY<\xffw]>\xffx^@\xff\
x^>\xffz`@\xff|bA\xff}dB\xff\
~eC\xff\x7fgE\xff\x80hE\xff\x80hF\xff\
\x81iG\xff\x82hF\xff\x82iG\xff\x83jH\xff\
\x83jH\xff\x84jH\xff\x84jH\xff\x83iH\xff\
\x81hG\xff\x81gF\xff\x82gG\xff\x82fF\xff\
\x80eE\xff|aB\xffkT:\xffK<*\xff\
!\x1b\x14\xff\x05\x04\x03\xff\x01\x01\x01\xff\x00\x00\x00\xff\
\x00\x00\x00\xff\x00\x00\x00\xff\x00\x00\x00\x00\x00\x00\x00\x00\
\x00\x00\x00\x00\x00\x00\x00\x00\x00\x00\x00\x00\x00\x00\x00\x00\
\x00\x00\x00\x00\x00\x00\x00\x00\x00\x00\x00\x00\x00\x00\x00\x00\
\x00\x00\x00\x00\x00\x00\x00\x00\x00\x00\x00\x00\x00\x00\x00\x00\
\x00\x00\x00\x00\x00\x00\x00\x00\x00\x00\x00\x00\x00\x00\x00\x00\
\x00\x00\x00\x00\x00\x00\x00\x00\x00\x00\x00\x00\x00\x00\x00\x00\
\x00\x00\x00\x00\x00\x00\x00\x00\x00\x00\x00\x00\x00\x00\x00\x00\
\x00\x00\x00\x00\x00\x00\x00\x00\x00\x00\x00\x00\x00\x00\x00\x00\
\x00\x00\x00\x00\x00\x00\x00\x00\x00\x00\x00\x00\x00\x00\x00\x00\
\x00\x00\x00\x00\x00\x00\x00\x00\x00\x00\x00\x00\x00\x00\x00\x00\
\x00\x00\x00\x00\x00\x00\x00\x00\x00\x00\x00\x00\x00\x00\x00\x00\
\x00\x00\x00\x00\x00\x00\x00\x00\x00\x00\x00\x00\x00\x00\x00\x00\
\x00\x00\x00\x00\x00\x00\x00\x00\x00\x00\x00\x00\x00\x00\x00\x00\
\x00\x00\x00\x00\x00\x00\x00\x00\x00\x00\x00\x00\x00\x00\x00\x00\
\x00\x00\x00\x00\x00\x00\x00\x00\x00\x00\x00\x00\x00\x00\x00\x00\
\x00\x00\x00\x00\x00\x00\x00\x00\x00\x00\x00\x00\x00\x00\x00\x00\
\x00\x00\x00\x00\x00\x00\x00\x00\x00\x00\x00\x00\x00\x00\x00\x00\
\x00\x00\x00\x00\x00\x00\x00\x00\x00\x00\x00\x00\x00\x00\x00\x00\
\x00\x00\x00\x00\x00\x00\x00\x00\x00\x00\x00\x00\x00\x00\x00\x00\
\x00\x00\x00\x00\x00\x00\x00\x00\x00\x00\x00\x00\x00\x00\x00\x00\
\x00\x00\x00\x00\x00\x00\x00\x00\x00\x00\x00\x00\x00\x00\x00\x00\
\x00\x00\x00\x00\x00\x00\x00\x00\x00\x00\x00\x00\x00\x00\x00\x00\
\x00\x00\x00\x00\x00\x00\x00\x00\x00\x00\x00\x00\x00\x00\x00\x00\
\x00\x00\x00\x00\x00\x00\x00\x00\x00\x00\x00\x00\x00\x00\x00\x00\
\x00\x00\x00\x00\x00\x00\x00\x00(\x00\x00\x00(\x00\x00\x00\
P\x00\x00\x00\x01\x00 \x00\x00\x00\x00\x00@\x1a\x00\x00\
\x00\x00\x00\x00\x00\x00\x00\x00\x00\x00\x00\x00\x00\x00\x00\x00\
\x00\x00\x00\xff\x01\x01\x01\xff\x01\x01\x01\xff\x0b\x07\x05\xff\
\x1f\x11\x0d\xff-\x17\x13\xff3\x17\x15\xff5\x18\x16\xff\
5\x18\x16\xff6\x19\x16\xff7\x19\x17\xff7\x19\x17\xff\
8\x1a\x17\xff8\x1b\x19\xff9\x1c\x1a\xff:\x1d\x1a\xff\
:\x1d\x1b\xff;\x1e\x1b\xff;\x1d\x1b\xff:\x1e\x1a\xff\
;\x1e\x1a\xff;\x1d\x1a\xff;\x1e\x1a\xff;\x1d\x1a\xff\
:\x1c\x19\xff:\x1c\x1a\xff:\x1c\x1a\xff:\x1d\x1a\xff\
8\x1c\x1a\xff8\x1c\x19\xff8\x1b\x19\xff6\x19\x18\xff\
6\x19\x18\xff5\x17\x17\xff.\x16\x14\xff\x1e\x10\x0d\xff\
\x0a\x06\x04\xff\x01\x01\x01\xff\x01\x01\x01\xff\x00\x00\x00\xff\
\x00\x00\x00\xff\x03\x02\x02\xff:62\xffU>2\xff\
4\x13\x14\xff+\x0b\x11\xff+\x0c\x12\xff.\x0d\x13\xff\
)\x08\x12\xff)\x0a\x12\xff.\x0e\x15\xff3\x11\x17\xff\
,\x0b\x14\xff*\x0a\x14\xff3\x12\x18\xff4\x14\x19\xff\
0\x0e\x17\xff+\x09\x14\xff,\x0a\x14\xff+\x09\x14\xff\
)\x07\x13\xff+\x0a\x13\xff-\x0b\x13\xff*\x07\x12\xff\
(\x06\x13\xff*\x08\x14\xff)\x06\x13\xff+\x07\x14\xff\
/\x0c\x16\xff(\x09\x14\xff*\x09\x15\xff,\x0a\x15\xff\
(\x06\x13\xff'\x04\x13\xff'\x04\x14\xff*\x09\x15\xff\
,\x12\x14\xff\x15\x0c\x0a\xff\x01\x01\x01\xff\x00\x00\x00\xff\
\x01\x01\x01\xff\x1f\x15\x0e\xff\x84o]\xff\xb3\xa2\x95\xff\
]>3\xff8\x18\x15\xff6\x14\x13\xff3\x12\x13\xff\
/\x11\x14\xff2\x14\x15\xff7\x18\x18\xff4\x15\x15\xff\
6\x16\x17\xff4\x14\x17\xff8\x19\x16\xff:\x19\x17\xff\
8\x19\x18\xff0\x10\x14\xff2\x13\x13\xff1\x10\x14\xff\
,\x0c\x13\xff7\x17\x16\xff<\x1c\x17\xff/\x0d\x13\xff\
+\x08\x13\xff1\x0e\x15\xff.\x0c\x13\xff1\x0d\x15\xff\
6\x12\x17\xff/\x0f\x15\xff/\x0e\x16\xff4\x0f\x18\xff\
/\x0a\x15\xff+\x07\x15\xff*\x07\x13\xff/\x09\x16\xff\
+\x06\x15\xff-\x10\x15\xff\x15\x0c\x0a\xff\x01\x01\x00\xff\
\x0c\x08\x06\xffA'\x1a\xffW4\x22\xff\x91xe\xff\
\xb5\xa3\x96\xffjH5\xffE\x22\x18\xff8\x16\x13\xff\
/\x12\x14\xff5\x14\x14\xff9\x1b\x18\xff5\x17\x16\xff\
6\x18\x17\xff5\x15\x17\xff;\x1e\x17\xff;\x1c\x16\xff\
<\x1d\x18\xff5\x16\x15\xff?$\x17\xff=!\x17\xff\
/\x10\x13\xff3\x14\x13\xff4\x15\x15\xff0\x10\x12\xff\
4\x13\x15\xff-\x0e\x13\xff4\x13\x14\xff7\x16\x15\xff\
3\x14\x15\xff;\x18\x19\xff8\x15\x16\xff2\x10\x16\xff\
0\x0e\x16\xff+\x07\x14\xff5\x0f\x18\xffI\x1b \xff\
3\x0c\x18\xff'\x03\x12\xff-\x13\x14\xff\x0a\x06\x05\xff\
'\x18\x10\xffI)\x1a\xffC$\x17\xffM1\x1f\xff\
\x90zg\xff\xb9\xa6\x95\xffqP7\xffJ'\x1b\xff\
9\x1a\x17\xff5\x18\x15\xff8\x1b\x16\xff?\x1f\x1a\xff\
8\x1d\x18\xff8\x1b\x18\xff@\x22\x1a\xff< \x17\xff\
?!\x18\xff2\x12\x13\xff1\x12\x13\xff1\x12\x12\xff\
/\x11\x12\xff0\x12\x12\xff4\x15\x13\xff0\x11\x12\xff\
1\x11\x13\xff-\x0d\x12\xff4\x13\x14\xffC!\x19\xff\
@\x1f\x18\xffD\x22\x1a\xffB\x1e\x18\xff>\x19\x18\xff\
<\x17\x19\xff/\x0a\x15\xff*\x06\x13\xff3\x0d\x16\xff\
+\x05\x14\xff(\x03\x13\xff,\x0a\x14\xff \x11\x0e\xff\
>%\x19\xffF%\x18\xff>$\x17\xffF.!\xff\
S8&\xff\x94\x7fm\xff\xbc\xac\x99\xfftS9\xff\
G'\x1c\xff<\x1f\x18\xff>!\x18\xff=\x22\x19\xff\
?#\x1b\xff7\x1c\x18\xff=$\x18\xffB%\x18\xff\
>!\x16\xff2\x14\x13\xff1\x12\x13\xff1\x12\x12\xff\
6\x18\x15\xff6\x18\x13\xff:\x1b\x14\xff7\x18\x14\xff\
4\x14\x14\xff6\x17\x15\xffP.\x1f\xffP.\x1d\xff\
U3 \xffO/\x1e\xffM*\x1d\xffN'\x1e\xff\
K$ \xffG\x1f\x1e\xff.\x0b\x14\xff-\x08\x14\xff\
/\x0b\x15\xff*\x08\x13\xff+\x07\x14\xff0\x18\x15\xff\
I,\x1d\xffE$\x18\xffB)\x1c\xffC, \xff\
@(\x1c\xffP6%\xff\x91|h\xff\xbd\xab\x98\xff\
rR:\xffM-\x1e\xffA&\x1a\xff>#\x18\xff\
>$\x1a\xff?$\x1c\xffC)\x1a\xff@#\x17\xff\
E'\x1a\xff7\x18\x15\xff5\x15\x14\xff;\x1d\x16\xff\
D%\x19\xff=\x1e\x15\xff? \x16\xff= \x16\xff\
>\x1d\x15\xffI*\x1b\xffO0\x1a\xffQ,\x17\xff\
N1\x1c\xffU5\x1e\xffN-\x1b\xffB \x17\xff\
@\x1d\x19\xffC \x1c\xff>\x19\x1a\xff5\x11\x16\xff\
2\x10\x15\xff.\x09\x14\xff(\x04\x12\xff6\x19\x19\xff\
L/ \xffA$\x18\xffN6*\xffP=1\xff\
YG<\xffL7+\xffS:'\xff\x99\x84o\xff\
\xc0\xaf\x9c\xfftT:\xffR5 \xffG-\x1c\xff\
E*\x1c\xffC&\x1c\xffG.\x1d\xffH-\x1b\xff\
K.\x1d\xff?!\x17\xffF)\x1a\xff^@#\xff\
X:\x1e\xff\x5c< \xffJ,\x19\xffE(\x17\xff\
C&\x16\xffL-\x19\xffX8\x1b\xffW8\x1b\xff\
R6\x1b\xff]= \xffY: \xffL/\x1c\xff\
@#\x17\xffH&\x1b\xffA \x1a\xff9\x16\x16\xff\
5\x12\x15\xff-\x0d\x13\xff-\x0c\x14\xff9\x1b\x1a\xff\
M0!\xffA%\x18\xffVA5\xff}nd\xff\
kZP\xffbQG\xffbOD\xffcI4\xff\
\x9a\x84k\xff\xc1\xaf\x99\xff|[;\xffZ=\x22\xff\
M2\x1d\xffE*\x1c\xffN3\x1f\xffT7\x1f\xff\
P4\x1e\xffB&\x19\xff]A\x22\xffnU,\xff\
pT)\xffgI\x22\xffqS%\xff{])\xff\
x\x5c)\xffvZ(\xff\x80a*\xff\x81a+\xff\
dJ\x22\xffaE$\xff]B&\xffS7\x1e\xff\
L/\x1b\xffK,\x1c\xffC$\x1c\xff7\x18\x17\xff\
5\x15\x15\xff-\x0d\x13\xff*\x09\x12\xff:\x1d\x1b\xff\
L/ \xffH. \xff\x5cF9\xffaL?\xff\
n\x5cQ\xffxkc\xffue[\xffUH3\xff\
[^)\xff\x9e\x9bq\xff\xc3\xb6\x9c\xff\x80b=\xff\
V9!\xffM/\x1e\xffO6 \xffY= \xff\
T7\x1f\xffB(\x1a\xff^E#\xff\x84m3\xff\
|e/\xff\x82h.\xff{c.\xffw^*\xff\
w^*\xff~g-\xff\x86n0\xff\x83i.\xff\
v]'\xff^E%\xff]A$\xff]>\x1d\xff\
N0\x19\xffT6\x1f\xffC%\x1b\xff6\x18\x16\xff\
2\x14\x15\xff0\x12\x15\xff.\x0e\x15\xff8\x1d\x1b\xff\
K/\x1f\xffWA4\xffeO@\xff[E6\xff\
^I;\xff]I=\xffU?2\xffOT0\xff\
Yu3\xffl};\xff\xa7\xa8y\xff\xc4\xb6\x9a\xff\
\x81`;\xffX9!\xffX> \xffX<\x1f\xff\
U9\x1e\xffF)\x17\xffG-\x18\xffoY*\xff\
\x81n3\xffr^,\xffW<\x1e\xffQ7\x1b\xff\
R8\x1b\xffrZ)\xff\x87q.\xff\x80f'\xff\
\x7ff&\xff\x7ff)\xffnU$\xff]@\x1e\xff\
U6\x1a\xffT6\x1d\xffL/\x1e\xff;\x1e\x18\xff\
3\x16\x14\xff/\x11\x14\xff.\x0e\x14\xff9\x1d\x1c\xff\
N2!\xff_H9\xffoYJ\xffiQB\xff\
dNA\xff\x96\x89\x82\xffo`W\xffLc2\xff\
\x80\x9ae\xff\x8b\x9el\xff\x96\xa1n\xff\xbe\xbf\x99\xff\
\xc3\xb5\x99\xff\x82a<\xffiF \xff]?\x1b\xff\
U9\x1a\xffC(\x14\xff;\x22\x12\xff9#\x13\xff\
A,\x15\xff>(\x13\xffG0\x17\xffN7\x1a\xff\
Q8\x1a\xffmU%\xff\x96\x868\xff\x90\x814\xff\
\x87v3\xff}g,\xffoW(\xffeK%\xff\
_B!\xff]A#\xffC&\x1b\xff;\x1c\x16\xff\
;\x1c\x15\xff2\x12\x12\xff1\x11\x14\xff>!\x1d\xff\
S6#\xffN0\x1d\xffR:+\xffgO?\xff\
mYN\xfftdZ\xffJ<)\xffV~C\xff\
\x8d\xab~\xff\x93\xaa\x7f\xff\x96\xae}\xff\x85\x9a_\xff\
\xae\xab\x81\xff\xc7\xb5\x98\xff\x89f7\xfflJ\x1e\xff\
J2\x18\xff9=;\xff7g{\xff2~\x9d\xff\
3~\x9d\xff:j~\xff8@?\xff>*\x16\xff\
O6\x1a\xffQ5\x17\xffyb*\xff\x8ez4\xff\
q[+\xff^G$\xffZ@#\xff\x5c?#\xff\
^@ \xffK-\x1c\xff4\x13\x14\xff0\x0f\x12\xff\
;\x1b\x16\xff6\x18\x15\xff2\x13\x15\xff<\x1f\x1c\xff\
U8%\xffM.\x1e\xffU1\x1e\xff|F,\xff\
n?)\xffT0\x1d\xffC?$\xffe\x99[\xff\
\x98\xb8\x91\xff\x9a\xb5\x8d\xff\x9f\xb7\x8b\xffl\x8eS\xff\
}k@\xff\xbd\xa4}\xff\xca\xb8\x98\xff|\x5c1\xff\
DNK\xff7\xad\xdd\xff%\xbb\xfc\xff\x1f\xb9\xfe\xff\
!\xb8\xfd\xff5\x9b\xca\xffD\x8f\xb0\xff?NQ\xff\
O4\x18\xffM1\x16\xffnW$\xff\x91{2\xff\
U<\x1d\xff?#\x15\xff<\x1f\x15\xffK-\x1b\xff\
dE\x22\xffE&\x1a\xff6\x16\x16\xff7\x17\x1a\xff\
1\x13\x14\xff/\x10\x13\xff.\x0d\x13\xff;\x1e\x1b\xff\
W:&\xffI-\x1d\xfftI-\xff\x93Y;\xff\
\x8fQ3\xff\x86I,\xff]h@\xff\x5c\xa1S\xff\
a\xa0U\xffk\xa1`\xffz\x9fi\xffa\x81H\xff\
sW5\xff\x91kA\xff\xb8\xa1}\xff\xa3\x93{\xff\
G|\x8b\xff.\xc1\xfd\xff&\xbe\xfe\xff%\xbd\xfe\xff\
(\xbd\xfd\xff9\x82\x9f\xff<\x81\x9c\xffDt\x86\xff\
N6\x18\xffN1\x16\xffjR!\xff\x8f{/\xff\
lT(\xffB&\x15\xff?\x22\x15\xffX>\x22\xff\
gK&\xffE&\x1a\xff6\x1a\x16\xff<\x1f\x1b\xff\
9\x1f\x1b\xff2\x19\x17\xff.\x11\x14\xff< \x1c\xff\
X;'\xffM0\x1c\xff\x8c_8\xff\xaf\x87g\xff\
\xa1uV\xff\x91cE\xffh|O\xffe\xaba\xff\
a\xab[\xffc\x9eZ\xff|\xa8z\xffbd=\xff\
vU4\xffmN/\xffiL-\xffp[E\xff\
L\x84\x92\xff7\xc8\xfe\xff.\xc4\xfe\xff:\xc0\xf4\xff\
E\xa3\xc5\xffF\x9b\xba\xffG\x9a\xb9\xffAbl\xff\
=)\x16\xffA)\x14\xffL3\x16\xff\x87u1\xff\
\x8cy2\xffs\x5c)\xfflT(\xffoV*\xff\
bF%\xff:\x1d\x16\xff6\x18\x15\xff2\x16\x14\xff\
/\x0f\x12\xff,\x0c\x11\xff*\x0b\x11\xff= \x1c\xff\
V;(\xffX;$\xff\xa9xE\xff\xae\x81U\xff\
\xa9~Z\xff\xb3\x8ep\xff\x89c<\xff_Z@\xff\
YmO\xffh}[\xff`ZA\xffnO/\xff\
jK.\xffX=%\xffpP0\xfflL0\xff\
T\x86\x8f\xffI\xcc\xf7\xff<\xc5\xf6\xffE\xb9\xe4\xff\
M\x95\xaf\xffK\x91\xaa\xffD\x8f\xab\xff?\x92\xb3\xff\
=\x8e\xae\xff=\x84\xa0\xff>HG\xffS=\x1c\xff\
}k0\xff\x87t3\xffyf.\xffhN(\xff\
D'\x19\xff6\x18\x13\xff>\x22\x18\xffB'\x1a\xff\
2\x14\x13\xff-\x0d\x12\xff,\x0b\x12\xff> \x1d\xff\
V;(\xffqS5\xff\xc1\x8fP\xff\xc4\x9dl\xff\
\xcc\xb5\x9e\xff\xba\x92k\xff\xa4r@\xffT2L\xff\
H(_\xffJ*[\xffK+O\xffY:7\xff\
[=%\xff\x81^9\xff\x8ab7\xff\x7fY5\xff\
]\x8a\x90\xff^\xcc\xe6\xffR\xa9\xbe\xffJ\xa1\xba\xff\
H\xa3\xc1\xffF\xaa\xcf\xff@\x98\xba\xff)\xba\xf6\xff\
#\xbb\xfe\xff$\xbc\xfd\xff:\xa4\xcd\xff>6+\xff\
I/\x18\xffP7\x1c\xffK0\x1a\xff=!\x15\xff\
< \x16\xff9\x1c\x15\xff9\x1c\x15\xff8\x1d\x14\xff\
2\x14\x14\xff.\x0d\x12\xff,\x0a\x12\xff> \x1d\xff\
V<'\xff\x94uK\xff\xce\x9eX\xff\xca\x99S\xff\
\xc3\x9dg\xff\xb2\x8d^\xff\x98sK\xfflSr\xff\
O.n\xffL)i\xffO*k\xffT8G\xff\
_B(\xff\x8fg<\xff\x8dc6\xff\x85^6\xff\
_yv\xffg\xd9\xf2\xffa\xaf\xbd\xffZ\xbe\xd6\xff\
W\xae\xc2\xffT\xae\xc6\xffM\xa8\xc3\xff;\xc8\xf9\xff\
1\xc5\xfd\xff*\xc0\xfe\xff.\xbc\xf6\xff>V\x5c\xff\
F,\x17\xffK2\x1a\xffI-\x17\xff?#\x14\xff\
B'\x19\xffC)\x1b\xff:\x1f\x16\xff4\x18\x13\xff\
3\x17\x16\xff/\x0f\x13\xff-\x0b\x12\xff?\x22\x1d\xff\
[>'\xff\x8eqJ\xff\xc2\x9da\xff\xd1\xa6a\xff\
\xc0\x9eg\xff\xbb\xa8\x8c\xffoZg\xff\x81n\x9b\xff\
pY\x91\xff\x81l\x95\xffS5z\xffX=F\xff\
iK.\xff\x91i<\xff\x8fe7\xff\x8de8\xff\
mX=\xff`\x8b\x8d\xffe\xac\xb9\xfff\xaf\xbd\xff\
d\xa9\xb5\xffb\xab\xb9\xff]\xb6\xcc\xffP\xd3\xf7\xff\
D\xd3\xfd\xff<\xce\xfd\xff4\xc7\xfd\xff?kx\xff\
H/\x18\xffV@ \xffT9\x1b\xffC(\x17\xff\
B'\x19\xffD(\x1a\xff>\x22\x17\xff6\x1d\x17\xff\
8\x1e\x19\xff2\x17\x17\xff,\x0c\x12\xff?\x22\x1e\xff\
^A+\xffX8!\xff_F/\xff\x98\x83i\xff\
\x9b\x86k\xffn[e\xffO=\x98\xffp`\xa6\xff\
p_\x9e\xffyg\xa1\xffT<\x88\xff_EF\xff\
qR5\xff\x96nB\xff\x91g8\xff\x8ff7\xff\
\x8be:\xff{\x5c9\xffv[<\xffv[=\xff\
tZ;\xffqX:\xffeXD\xff]\x95\x9d\xff\
O\xd5\xfa\xffF\xd5\xfe\xffG\xd2\xfd\xffIow\xff\
N3\x18\xff[B\x1e\xffU=\x1e\xffH,\x19\xff\
D)\x19\xff?#\x16\xff9\x1d\x15\xff4\x17\x14\xff\
6\x18\x16\xff4\x16\x15\xff0\x0f\x14\xffA$\x1f\xff\
`C-\xffZ:\x22\xffdM<\xff\xc2\xb9\xb1\xff\
\xbc\xb0\xa7\xffuh\x86\xffTF\xb5\xffnc\xbc\xff\
\xa8\xa3\xd1\xff\x87{\xb7\xffVE\x95\xfflRI\xff\
nP3\xff\xa6~S\xff\x98pB\xff\x92i:\xff\
\x8ff8\xff\x8cd7\xff\x8ab6\xff\x86_4\xff\
\x83\x5c2\xff\x81[3\xff\x83_8\xffe]J\xff\
Z\xc7\xe2\xffI\xd8\xfd\xffQ\xd2\xf6\xffPa]\xff\
aC \xff^B\x1f\xffO6\x1b\xffN1\x1b\xff\
O4\x1f\xffH-\x1a\xff@&\x1a\xff;\x1e\x19\xff\
@$\x19\xff>!\x19\xff9\x1a\x18\xffB& \xff\
`C-\xffV9\x22\xff\x7fnb\xff\xcb\xc2\xbc\xff\
\xb5\xa8\x9f\xffkc\x8d\xffWN\xc8\xffSJ\xc4\xff\
WN\xbd\xffga\xb3\xff^T\x8b\xff|]C\xff\
pQ1\xff\x9ezS\xff\xaa\x84W\xff\xa3|O\xff\
\x9auG\xff\x95oB\xff\x90j>\xff\x8dg<\xff\
\x88c8\xff\x84^4\xff\x83^4\xffo[@\xff\
]\xbd\xd2\xffP\xd9\xfd\xff[\xb7\xcf\xffPE2\xff\
eG\x1f\xffbF\x22\xffU;\x1e\xffK0\x1b\xff\
O4\x1e\xffI.\x1c\xffC)\x1b\xff=!\x1a\xff\
A&\x1b\xff?\x22\x1a\xff:\x1d\x19\xffC'!\xff\
_C,\xffS7\x22\xff\xaa\x9e\x97\xff\xcb\xc2\xbd\xff\
\xb9\xab\xa3\xffyr\x8a\xff_]\xb5\xff][\xc0\xff\
]Y\xbc\xffvo\xa6\xffw`V\xff\x8ah?\xff\
\x89g=\xffpU5\xff\x89jG\xff\x8foL\xff\
\x91qL\xff\x91qL\xff\x8eoJ\xff\x91qK\xff\
\x9cyN\xff\x94nC\xff\x8ad:\xffrX<\xff\
b\x92\x97\xff\x5c\x9a\xa4\xffQXR\xff\x5c@ \xff\
bF\x1f\xffbG$\xffV; \xffN4\x1f\xff\
O4\x1f\xffN2\x1e\xffB&\x1a\xff=!\x1a\xff\
C(\x1c\xffD&\x1c\xff<\x1c\x18\xffA& \xff\
`C-\xff\x5cA/\xff\xca\xc2\xbe\xff\xcb\xc3\xbe\xff\
\xc5\xbb\xb6\xff\xb7\xac\xa7\xff\xa9\x9f\x9c\xff\xa8\xa0\xa4\xff\
hWZ\xffcH6\xffxW3\xff\x84c<\xff\
\x8dlA\xff\x8bkA\xff\x82d=\xffuX5\xff\
x[;\xff\x95tM\xff\x94sL\xff\x97tK\xff\
\xa1zM\xff\x9btG\xff\x95pD\xffy\x5c=\xff\
\x9a\x8cz\xff~fC\xffdH'\xff_B!\xff\
bF\x22\xff[@\x22\xffR7\x1f\xffN1\x1e\xff\
R4\x1f\xffH.\x1d\xffB'\x1a\xff@\x22\x1b\xff\
@%\x1b\xff? \x19\xff;\x1c\x17\xffC'!\xff\
_C-\xffs^P\xff\xde\xda\xd8\xff\xcc\xc5\xc0\xff\
\xcc\xc5\xc0\xff\xcd\xc5\xc0\xff\xcc\xc3\xbf\xff\xcb\xc4\xbf\xff\
n]M\xffrbK\xfflV?\xffjP7\xff\
pS3\xff}]7\xff\x89j@\xff\x81b:\xff\
\x87gB\xff\x88e?\xff\x82a;\xff\xa4|J\xff\
\xa1xI\xff\x9evH\xff\x9btH\xff~`=\xff\
\xb5\xa1|\xff\xd2\xc4\xa8\xff\x91sL\xffdE(\xff\
eG%\xff[?#\xffU9\x22\xffN1\x1f\xff\
O1\x1e\xffN1\x1f\xffE(\x1c\xff<\x1e\x1a\xff\
F(\x1e\xff:\x1f\x19\xff9\x1c\x18\xffD'!\xff\
^C.\xff\x96\x88~\xff\xf4\xf4\xf4\xff\xe5\xe1\xde\xff\
\xe1\xde\xdb\xff\xdb\xd6\xd2\xff\xc5\xbb\xb7\xff\xab\xa0\x99\xff\
\x82\x7ff\xffk\x81F\xffq\x84O\xffz\x84]\xff\
\x80\x7f`\xff}rW\xfftaH\xffoU;\xff\
sV7\xff\x99vM\xff\x9bvJ\xff\xaa\x80L\xff\
\xa6}J\xff\xa3|K\xff\x9cwL\xffqT4\xff\
\x91rD\xff\xb7\xa1~\xff\xcd\xbf\xa7\xff\x92rL\xff\
hI(\xff`B&\xffS7\x22\xffH,\x1c\xff\
O1\x1f\xffJ,\x1d\xffC&\x1b\xff=\x1f\x19\xff\
:!\x1b\xff@#\x1c\xff<\x1b\x18\xffB& \xff\
`E/\xff\x82na\xff\xcc\xc4\xbf\xff\xea\xe8\xe6\xff\
\xf2\xf2\xf1\xff\xc5\xbd\xb7\xff\xb6\xae\xa9\xffk]T\xff\
\x94\x96{\xffZ\x82@\xffV\x81:\xffV\x81<\xff\
\x5c\x86E\xffb\x89I\xffm\x8bU\xff\x7f\x8bc\xff\
xgP\xfftX7\xff\x85eA\xff\x90mF\xff\
\x8emF\xff\x82c?\xfflP4\xffuaQ\xff\
\x98\x87u\xff\xb3\xa3\x8f\xff\xde\xd6\xc7\xff\xd4\xc7\xb1\xff\
\x8fnE\xffgG'\xffP3\x1f\xffG)\x19\xff\
P1 \xffE'\x1c\xffC$\x1b\xff=\x1f\x1a\xff\
?#\x1b\xff< \x19\xff:\x19\x17\xffC& \xff\
aE/\xffZ:&\xffaB/\xfflUF\xff\
\x80vq\xff~\x83\x8b\xffVu\x94\xffX`l\xff\
\xa7\x92v\xffx\x9ac\xff^\x92N\xff[\x90K\xff\
r\x9ca\xffZ\x95Q\xffY\x8fL\xff~\x96e\xff\
}mX\xffaG*\xff^C(\xffZ@&\xff\
Y@(\xff\x5cB)\xff\x5cC+\xff\x82rg\xff\
\xc1\xb7\xad\xff\xcb\xc2\xb8\xff\xcd\xc4\xb8\xff\xe3\xdd\xd2\xff\
\xd4\xc7\xb1\xff\x86fC\xff[9!\xffK+\x1b\xff\
K*\x1c\xffI)\x1d\xffC#\x1a\xff<\x1c\x18\xff\
G%\x1c\xff<\x1d\x17\xff7\x18\x15\xffD'!\xff\
aD.\xffY9$\xff\x5c;'\xffL4&\xff\
GKR\xffL\x84\xb3\xffD}\xaf\xffot{\xff\
\xac\x87`\xff\xb3\xae\x8c\xff\xb9\xd0\xb4\xff\x8b\xaf\x80\xff\
\x9e\x99m\xff\x85\xa2q\xff\x8d\x97f\xff\xa5\x8cj\xff\
ucW\xffM8+\xffH1\x22\xffG1\x22\xff\
G1\x22\xffG1\x22\xffH2#\xffUA4\xff\
\x9c\x8f\x87\xff\xb5\xa9\xa1\xff\xb6\xaa\x9f\xff\xc9\xbd\xb1\xff\
\xe6\xde\xd1\xff\xd5\xc7\xb3\xff\x84cB\xffU3!\xff\
H(\x1a\xffK+\x1d\xffC\x22\x1a\xff;\x1a\x18\xff\
C\x22\x1a\xffF\x22\x1a\xff<\x18\x16\xffB$\x1f\xff\
bE/\xffZ:$\xffY9#\xffJ92\xff\
Zcn\xffU\x95\xc4\xffL\x83\xae\xff\x8e\x88\x81\xff\
\xb2\x8aV\xff\xbd\x9fs\xff\xe7\xe2\xd6\xff\xbf\xa7\x82\xff\
\x9d~R\xff\xa1\x85Z\xff\xa6zF\xff\xaa\x8dm\xff\
fTH\xffI5)\xffA+\x1e\xffA+\x1e\xff\
A+\x1e\xffA+\x1d\xff@*\x1c\xffUA4\xff\
\x97\x8b\x82\xff\xb4\xaa\xa2\xff\xbd\xb1\xa8\xff\xc6\xbc\xb3\xff\
\xd4\xcb\xbf\xff\xe5\xdd\xcf\xff\xc8\xb8\xa2\xff|Y<\xff\
S/\x1e\xffE&\x1a\xffF#\x1a\xff<\x1c\x19\xff\
=\x1d\x18\xff=\x18\x15\xff=\x19\x16\xffB%\x1f\xff\
bE/\xffY8#\xffV7\x22\xffMFE\xff\
lu~\xff^\xa1\xcf\xffT\x84\xa9\xff\xab\x9f\x89\xff\
\xbb\x97V\xff\xba\x96V\xff\xc0\xa2i\xff\xb0\x91W\xff\
o\xb1\xbe\xffw\xa4\xa2\xff\xae\x85L\xff\xab\x94|\xff\
dOE\xffN9,\xffF0\x22\xffH2&\xff\
E/!\xffD/ \xffD.\x1f\xff[G;\xff\
\xa5\x9a\x92\xff\xbe\xb3\xab\xff\xbe\xb4\xad\xff\xbf\xb5\xad\xff\
\xce\xc5\xbc\xff\xd3\xc8\xba\xff\xac\x98~\xff\xc5\xb3\x9d\xff\
zW=\xffU2\x22\xffC\x22\x1b\xff=\x1b\x19\xff\
=\x1d\x18\xff7\x16\x13\xff7\x17\x15\xffC% \xff\
`D.\xffX7#\xffR6$\xffXZ`\xff\
|\x86\x8d\xffd\xaa\xd7\xffb\x89\xa4\xff\xc0\xb0\x88\xff\
\xc9\xaa[\xff\xc7\xa7X\xff\xc5\xa5W\xff\xc0\xa2Y\xff\
\x9d\xb1\x91\xff\x95\x9c{\xff\xaf\x8dU\xff\x9c\x89w\xff\
iVM\xffXD7\xffVA3\xff\x9d\x90\x88\xff\
n]S\xffL6(\xffI2#\xffbMA\xff\
\xb2\xa9\xa4\xff\xc6\xbd\xb7\xff\xc7\xc0\xba\xff\xcb\xc4\xbe\xff\
\xc2\xb9\xb3\xff\xc1\xb7\xaf\xffsYA\xff\xa2\x8cr\xff\
\xc3\xb2\x9e\xffyW?\xffM'\x1e\xff;\x17\x18\xff\
A\x1c\x18\xff:\x18\x14\xff7\x16\x15\xffA#\x1f\xff\
Z@+\xffW7\x22\xffN9,\xffnry\xff\
\x8f\x99\x9d\xffl\xb3\xdd\xffl\x95\xaf\xff\xbd\xb4\x99\xff\
\xd3\xbf\x83\xff\xd6\xbfv\xff\xd4\xb9i\xff\xd0\xb4a\xff\
\xc1\xa5[\xff\xb9\xa8\x8d\xff\xad\x9b\x86\xff~iW\xff\
|i^\xfffPC\xffhSE\xff\xd3\xcc\xc7\xff\
\xd6\xd1\xcd\xffzi^\xffO7'\xffiUG\xff\
\xc2\xbb\xb7\xff\xec\xea\xe7\xff\xef\xed\xeb\xff\xea\xe8\xe5\xff\
\xbd\xb4\xad\xff\xaa\x9f\x97\xffiUF\xffkQ8\xff\
\xa5\x8fu\xff\xc3\xb1\x9e\xffrN<\xffC\x1c\x1b\xff\
9\x12\x16\xff4\x10\x13\xff0\x0f\x12\xff<\x22\x1d\xff\
E2\x22\xffX8#\xffLB<\xffs\x7f\x8b\xff\
\xb1\xae\xab\xff\x8d\xa5\xae\xff\x7f\xa5\xba\xffz\x98\xa7\xff\
\x86\x9a\xa3\xff\x98\xa1\x9d\xff\xae\xaf\x9c\xff\xc5\xba\x96\xff\
\xbc\xa9~\xff\xb6\xa8\x9a\xff\x8aqZ\xffrZC\xff\
\x8bzn\xffr[M\xffoYK\xff\xc5\xbd\xb8\xff\
\x99\x8b\x82\xfffO@\xffW@0\xffp\x5cL\xff\
\xca\xc4\xc0\xff\xfc\xfc\xfc\xff\xfd\xfd\xfd\xff\xf1\xf0\xee\xff\
\xbb\xb2\xaa\xff\x9a\x8a~\xff\x83rf\xffxhZ\xff\
\x89s]\xff\xae\x9b\x83\xff\xbf\xae\x9c\xfflI:\xff\
H\x22\x1f\xff@\x1b\x1b\xff/\x0e\x14\xff1\x1d\x18\xff\
$\x1b\x13\xffX<&\xffRUX\xffR}\xa0\xff\
k\x82\x97\xff\x86\x8f\x97\xff\x96\x99\x9a\xff\x9b\x9d\x9b\xff\
\x91\x9c\x9f\xffv\xaa\xc8\xffi\xab\xd3\xffm\xa2\xc1\xff\
s\x90\x9e\xffq\x5cF\xffyV4\xff{`H\xff\
\x94\x81u\xffybR\xffnUD\xffu^O\xff\
kSC\xffeN=\xff_I:\xffpZJ\xff\
\xaa\x9e\x95\xff\xd3\xcd\xc7\xff\xc1\xb7\xac\xff\xaa\x9a\x8c\xff\
zfV\xff{hY\xff}j^\xff\x85uk\xff\
lXG\xff~bD\xff\xb9\xa0\x80\xff\xbe\xac\x9a\xff\
mK;\xffE\x1f\x1d\xff8\x18\x19\xff\x1b\x11\x0e\xff\
\x07\x06\x04\xffH5$\xff\x5cJ>\xffXgt\xff\
Zy\x93\xffTz\x9b\xffVhx\xffhpw\xff\
u|\x83\xffm}\x89\xffp\x9d\xb8\xffq\xae\xd0\xff\
v\xb0\xd0\xffn]J\xffvS2\xff~cJ\xff\
\x9f\x8c\x7f\xff\x81jY\xfft[G\xffs[H\xff\
qYG\xfft`Q\xff\xac\xa1\x95\xff\x8at_\xff\
|]=\xff\x82cB\xff\x83b?\xffyX7\xff\
pXF\xffgO>\xffjRA\xffu^P\xff\
\x98\x88|\xff|`G\xff\x8chC\xff\xba\xa1\x82\xff\
\xb9\xa7\x97\xff_>1\xff;%\x1d\xff\x06\x04\x03\xff\
\x01\x01\x01\xff\x14\x0f\x0b\xffQ;'\xff[='\xff\
[A-\xff]I9\xff[>)\xff^A+\xff\
_K<\xff`XS\xff_ab\xfffhg\xff\
ncS\xffoP3\xffsP/\xff}bH\xff\
\xa5\x95\x87\xff\x8fzh\xff\x84mX\xff\x83mY\xff\
\x82lX\xff\x88td\xff\xaa\x9a\x8b\xff\x80bB\xff\
\x85c?\xff\x84c?\xff\x85c?\xff|[:\xff\
w_J\xffv^L\xffv^L\xff\x81kZ\xff\
\x9b\x85t\xff|[=\xff\x81]=\xff\x8ehC\xff\
\xb8\xa0\x84\xff\x91\x83v\xff\x14\x0f\x0b\xff\x01\x01\x01\xff\
\x00\x00\x00\xff\x01\x01\x01\xff\x14\x0f\x0b\xffI6%\xff\
]B*\xff^?&\xff\x5c=%\xff]=%\xff\
`?&\xffaB(\xffcE+\xffiJ.\xff\
lJ+\xffoM-\xffqO/\xffrR4\xff\
\x85mT\xff\x83iO\xff\x81fL\xff\x80fL\xff\
\x81gL\xff{`D\xff}^>\xff\x80^:\xff\
\x81a=\xff\x82b=\xff\x83a>\xff\x7f^<\xff\
vZ<\xffy\x5c@\xff|]@\xffyY;\xff\
|Y:\xff\x7f[;\xff\x7f\x5c<\xff\x7f`B\xff\
`N8\xff\x1d\x1a\x17\xff\x01\x01\x01\xff\x01\x01\x01\xff\
\x00\x00\x00\xff\x00\x00\x00\xff\x00\x00\x00\xff\x07\x05\x04\xff\
%\x1c\x14\xffI7&\xff`G/\xffhL2\xff\
iM3\xffjN4\xffmQ6\xffpT8\xff\
rU9\xffuY;\xffw\x5c=\xffw\x5c<\xff\
y^>\xff{a?\xff|b@\xff}dA\xff\
~eC\xff\x7ffC\xff\x80gD\xff\x82gE\xff\
\x82hE\xff\x82iF\xff\x83hF\xff\x83hF\xff\
\x81fE\xff\x81fD\xff\x82eD\xff\x81dD\xff\
~bB\xfftZ=\xffWE0\xff+#\x19\xff\
\x08\x07\x05\xff\x00\x00\x00\xff\x00\x00\x00\xff\x00\x00\x00\xff\
\x00\x00\x00\x00\x00\x00\x00\x00\x00\x00\x00\x00\x00\x00\x00\x00\
\x00\x00\x00\x00\x00\x00\x00\x00\x00\x00\x00\x00\x00\x00\x00\x00\
\x00\x00\x00\x00\x00\x00\x00\x00\x00\x00\x00\x00\x00\x00\x00\x00\
\x00\x00\x00\x00\x00\x00\x00\x00\x00\x00\x00\x00\x00\x00\x00\x00\
\x00\x00\x00\x00\x00\x00\x00\x00\x00\x00\x00\x00\x00\x00\x00\x00\
\x00\x00\x00\x00\x00\x00\x00\x00\x00\x00\x00\x00\x00\x00\x00\x00\
\x00\x00\x00\x00\x00\x00\x00\x00\x00\x00\x00\x00\x00\x00\x00\x00\
\x00\x00\x00\x00\x00\x00\x00\x00\x00\x00\x00\x00\x00\x00\x00\x00\
\x00\x00\x00\x00\x00\x00\x00\x00\x00\x00\x00\x00\x00\x00\x00\x00\
\x00\x00\x00\x00\x00\x00\x00\x00\x00\x00\x00\x00\x00\x00\x00\x00\
\x00\x00\x00\x00\x00\x00\x00\x00\x00\x00\x00\x00\x00\x00\x00\x00\
\x00\x00\x00\x00\x00\x00\x00\x00\x00\x00\x00\x00\x00\x00\x00\x00\
\x00\x00\x00\x00\x00\x00\x00\x00\x00\x00\x00\x00\x00\x00\x00\x00\
\x00\x00\x00\x00\x00\x00\x00\x00\x00\x00\x00\x00\x00\x00\x00\x00\
\x00\x00\x00\x00\x00\x00\x00\x00\x00\x00\x00\x00\x00\x00\x00\x00\
\x00\x00\x00\x00\x00\x00\x00\x00\x00\x00\x00\x00\x00\x00\x00\x00\
\x00\x00\x00\x00\x00\x00\x00\x00\x00\x00\x00\x00\x00\x00\x00\x00\
\x00\x00\x00\x00\x00\x00\x00\x00\x00\x00\x00\x00\x00\x00\x00\x00\
\x00\x00\x00\x00\x00\x00\x00\x00\x00\x00\x00\x00\x00\x00\x00\x00\
\x00\x00\x00\x00\x00\x00\x00\x00\x00\x00\x00\x00\x00\x00\x00\x00\
(\x00\x00\x00 \x00\x00\x00@\x00\x00\x00\x01\x00 \x00\
\x00\x00\x00\x00\x80\x10\x00\x00\x00\x00\x00\x00\x00\x00\x00\x00\
\x00\x00\x00\x00\x00\x00\x00\x00\x00\x00\x00\xff\x01\x01\x01\xff\
\x0e\x09\x07\xff!\x11\x0e\xff-\x14\x13\xff1\x14\x14\xff\
2\x14\x15\xff2\x15\x15\xff4\x16\x16\xff5\x16\x16\xff\
4\x16\x17\xff6\x18\x19\xff7\x19\x19\xff7\x19\x1a\xff\
7\x19\x19\xff7\x19\x19\xff7\x19\x19\xff7\x19\x18\xff\
7\x19\x18\xff6\x18\x18\xff6\x18\x18\xff7\x18\x19\xff\
6\x19\x19\xff5\x18\x18\xff5\x17\x18\xff3\x16\x17\xff\
3\x14\x17\xff.\x13\x15\xff\x1f\x0f\x0e\xff\x0a\x05\x04\xff\
\x01\x01\x01\xff\x00\x00\x00\xff\x01\x01\x00\xff% \x1b\xff\
\x7fod\xffF&\x22\xff/\x0f\x12\xff1\x11\x13\xff\
.\x0e\x14\xff,\x0e\x14\xff3\x14\x17\xff5\x14\x17\xff\
.\x0e\x15\xff6\x16\x18\xff8\x18\x19\xff2\x11\x17\xff\
.\x0c\x14\xff.\x0c\x14\xff+\x0a\x13\xff2\x11\x15\xff\
/\x0d\x13\xff*\x06\x13\xff-\x0a\x14\xff*\x07\x13\xff\
2\x0e\x17\xff+\x0b\x14\xff-\x0b\x15\xff.\x0b\x16\xff\
(\x05\x14\xff'\x04\x13\xff*\x07\x15\xff)\x0f\x13\xff\
\x10\x09\x07\xff\x01\x00\x00\xff\x0d\x08\x06\xffI.\x1f\xff\
\x90we\xff\x9a\x84w\xffQ/$\xff:\x17\x14\xff\
1\x12\x13\xff3\x13\x15\xff8\x18\x17\xff5\x17\x17\xff\
5\x14\x17\xff8\x1a\x16\xff:\x1a\x16\xff7\x18\x17\xff\
6\x1a\x14\xff7\x19\x14\xff0\x10\x13\xff6\x17\x15\xff\
4\x14\x14\xff0\x0e\x14\xff/\x0e\x13\xff3\x11\x14\xff\
3\x12\x15\xff7\x15\x17\xff4\x12\x17\xff2\x0f\x17\xff\
-\x09\x15\xff0\x0c\x16\xff=\x13\x1c\xff,\x07\x14\xff\
)\x0f\x13\xff\x0a\x06\x05\xff*\x1a\x11\xffG'\x19\xff\
L/\x1f\xff\x8fyf\xff\xa2\x8bw\xff[9'\xff\
=\x1d\x17\xff4\x17\x15\xff:\x1c\x17\xff=\x1f\x1a\xff\
5\x1a\x18\xff?!\x1a\xff= \x17\xff;\x1c\x17\xff\
3\x14\x13\xff4\x16\x13\xff0\x11\x13\xff2\x14\x13\xff\
2\x12\x13\xff1\x12\x13\xff.\x0e\x12\xff<\x1a\x16\xff\
>\x1e\x17\xffC!\x1a\xff@\x1d\x17\xff<\x17\x18\xff\
5\x0f\x17\xff-\x08\x14\xff6\x0e\x18\xff+\x05\x14\xff\
*\x07\x13\xff!\x10\x0f\xffA&\x19\xffB#\x17\xff\
C+\x1e\xffO5%\xff\x92}k\xff\xa6\x90z\xff\
]<(\xff>!\x19\xff>\x22\x18\xff?#\x1a\xff\
:\x1e\x19\xff>$\x19\xffA$\x17\xff;\x1e\x16\xff\
1\x12\x13\xff2\x13\x13\xff6\x18\x14\xff6\x17\x13\xff\
:\x1b\x14\xff5\x16\x14\xff=\x1d\x18\xffP-\x1d\xff\
Q/\x1d\xffO/\x1e\xffJ(\x1c\xffI#\x1d\xff\
G \x1e\xff5\x10\x16\xff.\x09\x14\xff/\x0b\x15\xff\
)\x06\x13\xff0\x15\x15\xffI,\x1d\xffC&\x1a\xff\
G0$\xffD/#\xffO7'\xff\x92}i\xff\
\xa7\x91{\xff^=*\xffE)\x1b\xffA&\x1a\xff\
>\x22\x1b\xffD)\x1b\xffB&\x18\xffB$\x1a\xff\
8\x19\x15\xffE'\x1a\xffN/\x1c\xffE'\x18\xff\
?\x22\x16\xff> \x16\xffL.\x1b\xffP/\x18\xff\
O0\x19\xffX9\x1f\xffR2\x1d\xffC\x22\x18\xff\
B \x1a\xffA\x1e\x1b\xff5\x12\x16\xff2\x0f\x15\xff\
*\x08\x13\xff4\x16\x18\xffK-\x1f\xffF, \xff\
eRG\xffjYO\xffZG=\xff]E4\xff\
\x9c\x87r\xff\xa9\x93{\xffgH,\xffQ5\x1f\xff\
F*\x1c\xffK1\x1e\xffP4\x1e\xffJ-\x1c\xff\
K/\x1b\xffhL(\xffcF#\xffcD!\xff\
cF!\xff_B \xffbE \xffqP$\xff\
dG!\xff_B\x22\xffZ>#\xffL0\x1b\xff\
G)\x1a\xffD%\x1b\xff9\x18\x17\xff3\x13\x15\xff\
+\x0b\x13\xff7\x19\x19\xffI-\x1d\xffR:-\xff\
`L?\xffkZN\xffvh`\xffeSG\xff\
ZT-\xff\x9c\x97n\xff\xae\x9b~\xffkM.\xff\
M/\x1e\xffO5\x1f\xffX; \xffL0\x1d\xff\
P6\x1e\xff}f1\xff{b-\xff}d,\xff\
{a,\xff}c,\xff\x84m0\xff\x88n0\xff\
|b*\xffcJ%\xff_C$\xffU7\x1b\xff\
P2\x1d\xffF(\x1b\xff5\x17\x16\xff1\x13\x15\xff\
.\x0e\x14\xff6\x19\x19\xffJ/ \xffdN@\xff\
^H9\xff^I;\xffcPD\xffVI7\xff\
Vo4\xffr\x83F\xff\xab\xac\x7f\xff\xb1\x9e\x7f\xff\
kJ,\xff[? \xffX<\x1e\xffP4\x1c\xff\
D)\x16\xffaJ$\xffub-\xff`H\x22\xff\
S9\x1b\xffR9\x1b\xffv_+\xff\x85n+\xff\
\x7fg'\xff|c(\xffjO#\xffZ=\x1d\xff\
T6\x1c\xffM0\x1e\xff;\x1d\x17\xff3\x15\x14\xff\
/\x0f\x14\xff7\x1a\x1b\xffP3\x22\xffbI9\xff\
kTE\xffnYL\xff\x8e\x81x\xffUV<\xff\
n\x90X\xff\x8f\xa4u\xff\x99\xa8w\xff\xb3\xb7\x8c\xff\
\xaf\x9b{\xffwU+\xff`A\x1b\xffI0\x17\xff\
:-#\xff697\xff9=7\xff;1$\xff\
E0\x18\xffP7\x1a\xffiP\x22\xff\x93\x827\xff\
\x8az5\xffze/\xffmU*\xffeJ%\xff\
^A#\xff@\x22\x19\xff6\x17\x15\xff:\x1b\x15\xff\
0\x10\x13\xff;\x1e\x1b\xffS5\x22\xffJ,\x1b\xff\
b<(\xffgD3\xffO4%\xffIY1\xff\
\x86\xac{\xff\x98\xb2\x89\xff\x95\xaf\x7f\xffu\x87N\xff\
\xb4\x9fz\xff\xb6\x9ex\xffmM%\xff@X\x5c\xff\
2\x9d\xca\xff'\xac\xe7\xff*\xab\xe5\xff<\x8c\xaf\xff\
>U[\xffL3\x19\xffO3\x16\xff\x82l-\xff\
qZ'\xffF+\x18\xffB%\x17\xffX9\x1f\xff\
R3\x1c\xff5\x15\x15\xff2\x12\x15\xff6\x16\x15\xff\
1\x10\x14\xff8\x1b\x19\xffT7$\xffR3 \xff\
\x8cU7\xff\x8eR5\xffyF+\xffZ\x81J\xff\
f\xa2Z\xffs\xa6i\xff~\xa2m\xffdn@\xff\
\x8ae>\xff\xb6\x9f{\xff\x8d~g\xff=\x9b\xbd\xff\
'\xbe\xfe\xff$\xbd\xfe\xff*\xb8\xf4\xff9u\x8d\xff\
B\x89\xa5\xffK8 \xffN2\x16\xff\x7fj)\xff\
|f,\xffE*\x17\xffA$\x16\xff`E%\xff\
V8 \xff5\x18\x16\xff;\x1e\x1b\xff5\x1a\x18\xff\
/\x13\x15\xff8\x1c\x1a\xffU8$\xffcB'\xff\
\xa5vN\xff\xa6|]\xff\x90iK\xffi\x8bU\xff\
b\xa4\x5c\xfff\xa1_\xfft\x94h\xffkY6\xff\
nO0\xffiL-\xffhXE\xffE\xa7\xc7\xff\
2\xc6\xfe\xff9\xbf\xf3\xffG\x9e\xbe\xffG\x92\xad\xff\
E~\x92\xff?:0\xffB2\x22\xff\x5cG\x1f\xff\
\x8by3\xffzd,\xffoX*\xffkQ)\xff\
F)\x1a\xff8\x1a\x16\xff5\x18\x15\xff.\x0e\x12\xff\
+\x0c\x12\xff9\x1b\x1a\xffS8%\xff\x85a;\xff\
\xb6\x87S\xff\xb5\x92r\xff\xaf\x84`\xff\x82]=\xff\
NCI\xffWUR\xffVA:\xffiI.\xff\
`D)\xff{X4\xffoU:\xffX\xad\xc3\xff\
H\xbf\xe5\xffE\xae\xd2\xffK\x9f\xbe\xffG\x9b\xbb\xff\
:\xa2\xcc\xff1\xa7\xd9\xff5\x9d\xc8\xff@PP\xff\
[E \xffs^,\xffgP&\xffL0\x1c\xff\
8\x1b\x14\xff;\x1e\x16\xff<!\x17\xff/\x10\x12\xff\
,\x0c\x12\xff:\x1b\x1a\xffX=)\xff\xa9\x83P\xff\
\xc8\x97U\xff\xcb\xab\x7f\xff\xb7\x8fa\xff\x83_N\xff\
P0j\xffJ'g\xffN+a\xffV92\xff\
{X5\xff\x8dc7\xffz[:\xffc\xaf\xbc\xff\
_\xb9\xcb\xffV\xae\xc2\xffP\xaa\xc3\xffK\x9f\xba\xff\
:\xb7\xe3\xff+\xc1\xfd\xff&\xbd\xfd\xff9\x92\xb4\xff\
B.\x1d\xffG.\x18\xffC(\x15\xff>!\x16\xff\
B'\x1a\xff;\x1f\x17\xff5\x19\x14\xff2\x14\x15\xff\
-\x0b\x12\xff;\x1c\x1b\xff_C*\xff\xa8\x86U\xff\
\xc9\xa0^\xff\xc1\x9cb\xff\xab\x95x\xffs^v\xff\
v_\x93\xffr[\x8c\xffT6s\xffY>6\xff\
\x85a9\xff\x8ff7\xff\x87a8\xfffrf\xff\
d\xaa\xb6\xffe\xb0\xbf\xffc\xaa\xb7\xff^\xaa\xbb\xff\
S\xc6\xe6\xffC\xd1\xfd\xff8\xcb\xfd\xff8\xac\xd6\xff\
C9+\xffS<\x1e\xffQ6\x1a\xff@%\x17\xff\
D*\x1b\xff=!\x16\xff6\x1c\x16\xff5\x1a\x17\xff\
.\x0f\x13\xff;\x1d\x1b\xff]?)\xff[=%\xff\
\x89t]\xff\xa4\x90x\xffn\x5cv\xffXF\xa0\xff\
\x81t\xac\xff{j\xa4\xffXA\x82\xffcH9\xff\
\x8eiB\xff\x92h:\xff\x8ff8\xff\x86a9\xff\
z^=\xffy_?\xffw]>\xffs\x5c@\xff\
bum\xffS\xcb\xea\xffF\xd5\xfe\xffK\xb6\xd6\xff\
K>,\xffZ@\x1e\xffR9\x1c\xffH,\x1a\xff\
C'\x18\xff;\x1f\x16\xff6\x19\x16\xff7\x1a\x16\xff\
3\x14\x15\xff= \x1c\xff^A*\xffY<'\xff\
\xaa\x9e\x95\xff\xb9\xad\xa5\xffod\x96\xffVI\xbb\xff\
xp\xc5\xff|s\xb7\xff[K\x87\xffpR9\xff\
\x91nH\xff\xa1zM\xff\x96n@\xff\x90h:\xff\
\x8cd8\xff\x88`5\xff\x83]3\xff\x81\x5c3\xff\
w[;\xff[\xaf\xc0\xffL\xd8\xfd\xffT\xa2\xb5\xff\
[C%\xffbF!\xffR8\x1c\xffO3\x1d\xff\
M2\x1d\xffB(\x1b\xff>!\x1a\xff@$\x1a\xff\
=\x1f\x1a\xff@#\x1e\xff^@*\xffeM;\xff\
\xc4\xbb\xb6\xff\xb6\xa9\xa1\xffpj\x9a\xffYT\xc4\xff\
XR\xc4\xffmh\xb4\xffq_g\xff\x87e=\xff\
{\x5c:\xff\x98wP\xff\x9czQ\xff\x99vM\xff\
\x94rI\xff\x93qH\xff\x94pE\xff\x8ad9\xff\
|\x5c9\xffa\x99\xa0\xffY\xb6\xcb\xffT`Y\xff\
_B\x1e\xffcF#\xffT:\x1f\xffN4\x1e\xff\
M1\x1d\xffD(\x1b\xff?#\x1b\xffB'\x1c\xff\
? \x1a\xff?$\x1e\xff]@*\xff\x7fk_\xff\
\xd2\xcb\xc7\xff\xc3\xb9\xb3\xff\xab\xa1\xa1\xff\x9c\x94\xa1\xff\
|r\x85\xffcLI\xffyY6\xff\x89g>\xff\
\x89i?\xff\x80b<\xfftW6\xff\x86gD\xff\
\x8foJ\xff\x94rJ\xff\x9fxL\xff\x98rE\xff\
\x85c>\xff\x87|j\xffvfJ\xff_C%\xff\
bE!\xff^B#\xffR7\x1f\xffQ4\x1f\xff\
M2\x1f\xffB(\x1b\xff@#\x1b\xffA%\x1b\xff\
>\x1e\x19\xff@$\x1e\xff\x5cA,\xff\xa8\x9c\x94\xff\
\xd6\xd1\xce\xff\xce\xc7\xc3\xff\xd0\xc8\xc4\xff\xd4\xcc\xc8\xff\
\x8e\x81u\xfftiN\xffq_E\xffqZ?\xff\
x[:\xff\x81b<\xffy[7\xff\x92oG\xff\
~]:\xff\xa2zI\xff\xa1xI\xff\x9duH\xff\
\x8biC\xff\xa4\x8eh\xff\xc9\xb8\x98\xff\x83eD\xff\
eG'\xff]A$\xffS7!\xffM1\x1e\xff\
N0\x1f\xffF)\x1c\xff>!\x1b\xff@%\x1c\xff\
:\x1e\x19\xffA$\x1f\xffaG3\xff\xc2\xba\xb5\xff\
\xf1\xf0\xef\xff\xeb\xea\xe8\xff\xce\xc7\xc2\xff\xb2\xa6\xa0\xff\
\x84|j\xffi\x84I\xffc\x82D\xffl\x83P\xff\
w\x83X\xffzyW\xffufL\xff|`?\xff\
\x97tK\xff\xa5~M\xff\xa2{L\xff\x97sI\xff\
vY;\xff\x85jH\xff\xb3\x9f\x81\xff\xcb\xbc\xa4\xff\
\x86fA\xffeF'\xffO3 \xffL.\x1d\xff\
K.\x1f\xffC&\x1b\xff= \x1a\xff=#\x1b\xff\
?\x1f\x1a\xff?#\x1e\xff_C.\xffoUD\xff\
\x93\x81u\xff\xb0\xa9\xa5\xff\xa0\x9f\xa2\xffgs\x80\xff\
\x8a\x7fq\xfft\x92[\xffY\x8aE\xff_\x8eK\xff\
]\x90N\xffZ\x8cI\xff|\x90c\xffs]B\xff\
hM/\xffiM0\xffhM1\xffeJ.\xff\
r^M\xff\xb4\xa8\x9e\xff\xc9\xbf\xb3\xff\xdc\xd4\xc8\xff\
\xce\xc0\xa9\xff\x80a>\xffT5 \xffM,\x1c\xff\
K+\x1e\xffD$\x1b\xff@ \x1b\xffC$\x1b\xff\
:\x1b\x17\xffA#\x1e\xff_B,\xff[:&\xff\
T8&\xffIHJ\xffM~\xa8\xffJr\x97\xff\
\x9d\x86o\xff\xa9\xa2{\xff\xa3\xc1\x9c\xff\x89\xa2o\xff\
\x8b\x9ck\xff\x81\x97b\xff\x9b\x8bl\xffcPC\xff\
K4$\xffK4#\xffJ4$\xffJ4$\xff\
Q=.\xff\x95\x87~\xff\xb7\xab\xa3\xff\xc0\xb4\xa9\xff\
\xdd\xd4\xc7\xff\xcd\xbd\xa9\xffxW;\xffN.\x1d\xff\
I)\x1b\xffC#\x1a\xff=\x1c\x19\xffD\x22\x1a\xff\
>\x1b\x17\xff?!\x1d\xff`B,\xffZ:$\xff\
O7*\xffZak\xffT\x93\xc2\xff_\x7f\x98\xff\
\xb0\x92i\xff\xba\x9aj\xff\xd9\xce\xb7\xff\xac\x94j\xff\
\x93\x88h\xff\xa6\x7fM\xff\x9f\x84i\xff[H<\xff\
B-\x1f\xffB+\x1e\xffA,\x1e\xffA+\x1d\xff\
K6(\xff\x8f\x82y\xff\xb8\xad\xa5\xff\xbe\xb3\xaa\xff\
\xcc\xc3\xb8\xff\xe0\xd7\xc9\xff\xbd\xaa\x93\xffrO6\xff\
L*\x1c\xffF$\x1b\xff=\x1d\x19\xff=\x1c\x17\xff\
=\x18\x15\xff@\x22\x1d\xff_B,\xffX8#\xff\
N?7\xffoy\x82\xff^\xa0\xcc\xffv\x89\x94\xff\
\xc2\xa6k\xff\xbe\x9cV\xff\xbf\x9dZ\xff\xa2\xa1w\xff\
t\xb3\xba\xff\xac\x8f[\xff\x98\x83n\xff`LB\xff\
I3%\xff]J?\xffL7*\xffF0!\xff\
Q<.\xff\x9e\x91\x8a\xff\xc0\xb7\xaf\xff\xc2\xb9\xb2\xff\
\xc5\xbc\xb4\xff\xce\xc3\xb8\xff\x9e\x88o\xff\xb7\xa2\x8b\xff\
qO9\xffG$\x1c\xff<\x19\x18\xff<\x1a\x16\xff\
5\x15\x13\xff? \x1d\xff\x5c?*\xffU6\x22\xff\
VRR\xff\x86\x91\x98\xfff\xa9\xd3\xff\x8a\x98\x9a\xff\
\xd2\xbc\x7f\xff\xd1\xb6h\xff\xce\xb0_\xff\xc6\xac_\xff\
\xab\x9eq\xff\xab\x94q\xff\x85q`\xffq]R\xff\
[E6\xff\xb4\xa9\xa2\xff\xa9\x9e\x97\xffYC5\xff\
YC4\xff\xae\xa4\x9e\xff\xdb\xd7\xd3\xff\xe0\xdd\xd8\xff\
\xcb\xc4\xbe\xff\xad\xa2\x9a\xffkTA\xff\x93{b\xff\
\xb7\xa3\x8d\xfflG7\xff@\x1b\x1a\xff<\x17\x17\xff\
5\x14\x14\xff<\x1f\x1c\xffL5$\xffS7$\xff\
\x5cen\xff\xa4\xa5\xa5\xff\x87\xa8\xb9\xff~\x9e\xaf\xff\
\x8e\x9e\xa0\xff\xa3\xaa\x9d\xff\xb8\xb4\x96\xff\xc4\xb4\x83\xff\
\xb6\xa6\x8b\xff\x99\x84q\xffw`M\xff\x83pd\xff\
hQB\xff\xb6\xac\xa6\xff\x9f\x91\x88\xffaJ;\xff\
bL<\xff\xbb\xb3\xac\xff\xfc\xfb\xfb\xff\xfb\xfb\xfb\xff\
\xcb\xc4\xbe\xff\xa2\x95\x8a\xff|k_\xff\x80lZ\xff\
\xa1\x8bt\xff\xb4\xa0\x8d\xffa=3\xffC\x1d\x1d\xff\
2\x0f\x14\xff2\x1b\x18\xff*\x1f\x16\xffV@/\xff\
Tr\x8b\xfff\x83\x9d\xff{\x8b\x99\xff\x8d\x94\x99\xff\
\x91\x99\x9b\xffy\x9f\xb4\xffn\xac\xd2\xffs\xa6\xc3\xff\
tup\xffwT3\xff\x80fP\xff\x8ezl\xff\
oWE\xffu^N\xfflTD\xffgQA\xff\
oZK\xff\x99\x88{\xff\xc2\xb6\xab\xff\xae\x9e\x8e\xff\
\x88tc\xffu`Q\xff}i\x5c\xffzh\x5c\xff\
v^F\xff\xaa\x8en\xff\xb3\x9f\x8c\xffc@4\xff\
;\x19\x19\xff\x1f\x13\x0f\xff\x09\x07\x05\xffH5%\xff\
ZLC\xff\x5caf\xffYgs\xffZUR\xff\
ged\xffgpy\xffh\x85\x96\xffr\x99\xad\xff\
ppi\xffsQ0\xff\x85kU\xff\x9b\x87y\xff\
x`L\xffv^J\xffr[H\xff\x98\x89|\xff\
\x9c\x89u\xff\x7f_=\xff\x82b>\xff\x83a=\xff\
sW@\xffmUD\xfflTB\xff\x8f|o\xff\
\x8bs_\xff\x85a?\xff\xad\x90o\xff\xad\x98\x86\xff\
I3(\xff\x08\x05\x04\xff\x00\x00\x00\xff\x11\x0d\x09\xff\
H5#\xff[?'\xff\x5c>&\xff\x5c=$\xff\
_?&\xff`F0\xffbO>\xffiP8\xff\
nM.\xffqO.\xff|`E\xff\x96\x82n\xff\
\x8ar[\xff\x88qZ\xff\x86nW\xff\x88q[\xff\
\x81bB\xff\x82b>\xff\x83b>\xff\x83a>\xff\
x[>\xff{aI\xff{_G\xff\x80dL\xff\
\x7f]?\xff\x7f[<\xff\x85dC\xffvgT\xff\
\x1a\x17\x15\xff\x01\x01\x01\xff\x00\x00\x00\xff\x00\x00\x00\xff\
\x09\x07\x05\xff+!\x17\xffP;(\xffbG.\xff\
gJ0\xffhK1\xffkO4\xffoR6\xff\
rU7\xffuY9\xffuY:\xffx\x5c<\xff\
z_=\xff{`?\xff|a@\xff}cA\xff\
\x80eB\xff\x82fC\xff\x82gD\xff\x83gD\xff\
\x80dC\xff~bA\xff\x80bA\xff\x7faA\xff\
z]>\xffcL4\xff5*\x1e\xff\x0a\x09\x06\xff\
\x00\x00\x00\xff\x00\x00\x00\xff\x00\x00\x00\x00\x00\x00\x00\x00\
\x00\x00\x00\x00\x00\x00\x00\x00\x00\x00\x00\x00\x00\x00\x00\x00\
\x00\x00\x00\x00\x00\x00\x00\x00\x00\x00\x00\x00\x00\x00\x00\x00\
\x00\x00\x00\x00\x00\x00\x00\x00\x00\x00\x00\x00\x00\x00\x00\x00\
\x00\x00\x00\x00\x00\x00\x00\x00\x00\x00\x00\x00\x00\x00\x00\x00\
\x00\x00\x00\x00\x00\x00\x00\x00\x00\x00\x00\x00\x00\x00\x00\x00\
\x00\x00\x00\x00\x00\x00\x00\x00\x00\x00\x00\x00\x00\x00\x00\x00\
\x00\x00\x00\x00\x00\x00\x00\x00\x00\x00\x00\x00\x00\x00\x00\x00\
\x00\x00\x00\x00\x00\x00\x00\x00(\x00\x00\x00\x18\x00\x00\x00\
0\x00\x00\x00\x01\x00 \x00\x00\x00\x00\x00`\x09\x00\x00\
\x00\x00\x00\x00\x00\x00\x00\x00\x00\x00\x00\x00\x00\x00\x00\x00\
\x01\x00\x00\xff\x15\x12\x10\xff'\x16\x12\xff-\x12\x13\xff\
1\x13\x15\xff1\x12\x15\xff4\x15\x16\xff3\x14\x16\xff\
5\x16\x18\xff7\x18\x19\xff5\x16\x19\xff5\x16\x18\xff\
4\x15\x18\xff5\x16\x17\xff4\x14\x17\xff4\x14\x18\xff\
5\x15\x18\xff3\x15\x18\xff2\x14\x17\xff1\x11\x16\xff\
-\x0f\x15\xff\x1f\x0d\x0e\xff\x09\x05\x04\xff\x01\x00\x00\xff\
\x0d\x09\x06\xffkXJ\xffy_U\xff=\x1c\x19\xff\
3\x12\x13\xff0\x10\x14\xff6\x17\x17\xff4\x14\x17\xff\
6\x17\x17\xff8\x18\x17\xff2\x13\x15\xff3\x13\x14\xff\
/\x0f\x14\xff5\x15\x15\xff-\x0b\x13\xff/\x0d\x14\xff\
1\x0e\x15\xff1\x10\x16\xff0\x0e\x16\xff.\x0a\x15\xff\
,\x08\x15\xff0\x0b\x17\xff&\x0c\x12\xff\x09\x05\x04\xff\
-\x1b\x12\xffN/ \xff\x88q`\xff\x85iW\xff\
G%\x1b\xff4\x16\x15\xff:\x1c\x17\xff8\x1b\x18\xff\
;\x1d\x18\xff<\x1f\x17\xff6\x17\x15\xff5\x17\x14\xff\
1\x12\x13\xff3\x14\x13\xff1\x11\x13\xff1\x10\x13\xff\
=\x1c\x17\xff?\x1d\x18\xff=\x1a\x17\xff8\x13\x18\xff\
0\x0a\x15\xff6\x0e\x18\xff)\x06\x13\xff \x0e\x0f\xff\
C&\x19\xffB'\x1a\xffL4%\xff\x8cvd\xff\
\x8aoZ\xffI*\x1e\xff?#\x19\xff=\x22\x1a\xff\
>#\x19\xff@#\x17\xff6\x17\x14\xff4\x15\x14\xff\
9\x1b\x15\xff:\x1b\x14\xff7\x18\x14\xffD$\x1a\xff\
O-\x1b\xffP0\x1e\xffJ'\x1b\xffF \x1c\xff\
:\x16\x19\xff/\x0b\x15\xff,\x08\x14\xff.\x11\x15\xff\
H+\x1d\xffM5)\xffVC8\xffV@2\xff\
\x92}i\xff\x8cr\x5c\xffS6\x22\xffE*\x1c\xff\
F+\x1c\xffI-\x1b\xffB$\x19\xffS6\x1f\xff\
X:\x1f\xffQ2\x1b\xffL.\x19\xffW8\x1c\xff\
[;\x1c\xffZ<\x1f\xffS5\x1e\xffD%\x19\xff\
D\x22\x1b\xff7\x15\x16\xff/\x0d\x14\xff3\x14\x17\xff\
J.\x1f\xffZE8\xffkYN\xffm]S\xff\
aQ9\xff\x94\x8cf\xff\x95}^\xffX;#\xff\
N3\x1f\xffU9 \xffJ/\x1c\xffqY+\xff\
x^,\xffw\x5c*\xffx^)\xff\x80f,\xff\
\x80d+\xffhN&\xff]A\x22\xffO1\x1b\xff\
I*\x1c\xff6\x17\x16\xff0\x10\x14\xff4\x16\x18\xff\
Q6'\xffeO@\xffbL?\xffkYN\xff\
V^7\xffw\x8aP\xff\xab\xab\x81\xff\x96~_\xff\
aC$\xffX;\x1d\xffG,\x17\xffS;\x1d\xff\
cN$\xffT<\x1d\xffS:\x1b\xff{d,\xff\
\x85p,\xff}f*\xffiN$\xffY<\x1e\xff\
N1\x1d\xff9\x1b\x16\xff1\x12\x13\xff6\x18\x19\xff\
R5#\xff[@/\xffmRD\xfffUG\xff\
`|M\xff\x91\xaa~\xff\x94\xa9v\xff\xa7\xa2y\xff\
\x9e\x82Z\xff`D!\xff<OQ\xff1r\x8d\xff\
4r\x8b\xff=MN\xffJ4\x1c\xffdK \xff\
\x87s1\xffdM%\xffY>!\xff[= \xff\
? \x19\xff5\x15\x15\xff5\x16\x15\xff8\x1a\x19\xff\
R5\x22\xffjA)\xff\x87O4\xffiJ-\xff\
a\x94U\xff}\xaaq\xff|\x9dh\xffyj@\xff\
\xb0\x97r\xffvtd\xff3\xad\xde\xff%\xbd\xfe\xff\
.\xac\xe2\xff@\x83\x9f\xffHE8\xffX>\x1a\xff\
\x82l,\xffO5\x1b\xffG+\x1a\xff]@\x22\xff\
;\x1d\x18\xff7\x1a\x19\xff0\x14\x15\xff6\x18\x18\xff\
U8$\xff\x8ca;\xff\xa8}\x5c\xff\x8doL\xff\
e\x8aS\xffc\x94[\xfflyQ\xffmQ1\xff\
lN0\xffbe[\xff>\xbd\xea\xff9\xbd\xf0\xff\
E\x98\xb7\xffD\x8a\xa4\xff>Z`\xffCE;\xff\
o\x5c*\xff|h.\xffnW*\xffU9 \xff\
9\x1c\x16\xff6\x19\x15\xff-\x0e\x12\xff6\x18\x18\xff\
`D-\xff\xb2\x85N\xff\xc3\xa0y\xff\xae\x83Y\xff\
cCM\xffN6\x5c\xffT6H\xffcE,\xff\
\x83^6\xffphS\xffZ\xbd\xd6\xffN\xab\xc5\xff\
K\xa7\xc6\xffA\xa3\xc8\xff-\xb8\xf1\xff/\xaa\xdd\xff\
CLF\xffW?\x1f\xffO4\x1b\xff?\x22\x17\xff\
;\x1e\x16\xff7\x1b\x15\xff.\x0e\x13\xff7\x18\x18\xff\
lO3\xff\xba\x93X\xff\xc2\x9cb\xff\x9d\x82k\xff\
s\x5c\x81\xffeJ\x82\xffU7e\xfflM3\xff\
\x8ff9\xff~cB\xffe\x9c\xa0\xffc\xae\xbb\xff\
_\xa8\xb6\xffU\xb0\xc8\xffA\xcd\xfa\xff5\xc7\xfc\xff\
>lx\xffM5\x1b\xffK0\x19\xffA&\x18\xff\
>\x22\x17\xff5\x1a\x15\xff1\x13\x14\xff8\x19\x19\xff\
^?(\xfft[D\xff\xaa\x98\x83\xffm\x5c\x8a\xff\
oa\xad\xff\x80q\xab\xff]Gu\xffwW:\xff\
\x96n@\xff\x8ef9\xff\x81b<\xff|cB\xff\
y`@\xffofP\xffX\xb4\xc8\xffH\xd4\xfc\xff\
Mty\xffY>\x1d\xffP6\x1c\xffH,\x1b\xff\
?#\x17\xff9\x1d\x17\xff8\x1b\x17\xff<\x1e\x1b\xff\
\x5c?(\xff\x88vi\xff\xb9\xae\xa7\xffkb\xa6\xff\
\x5cS\xc5\xffng\xb8\xfflXm\xff}]:\xff\
\x9eyP\xff\x9cvJ\xff\x94oC\xff\x8fi?\xff\
\x89d:\xff\x81]5\xffc\x95\x98\xffU\xc3\xde\xff\
WZK\xffbE!\xffR8\x1d\xffN3\x1d\xff\
E*\x1b\xff?#\x1a\xff@#\x1a\xff?\x22\x1d\xff\
]A,\xff\xad\xa1\x9a\xff\xc2\xb9\xb3\xff\x9a\x92\xa1\xff\
\x83|\xa3\xffgWj\xff{]@\xff\x88g>\xff\
\x82d>\xff}_=\xff\x8clG\xff\x91pI\xff\
\x9buJ\xff\x8ei@\xff|vc\xffmmZ\xff\
^D$\xff_C\x22\xffR7 \xffO3\x1f\xff\
E*\x1c\xff@#\x1b\xff@\x22\x1a\xff?\x22\x1d\xff\
jR?\xff\xd0\xca\xc6\xff\xd4\xce\xca\xff\xcf\xc7\xc2\xff\
\xb3\xa9\xa1\xfftmO\xffriH\xffvdD\xff\
\x7feC\xff{];\xff\x8cjD\xff\x9dwH\xff\
\xa2zJ\xff\x95pF\xff\x96|W\xff\xb9\xa5\x84\xff\
{];\xff`C$\xffQ5 \xffN0\x1e\xff\
G)\x1c\xff?\x22\x1b\xff=!\x1b\xff?\x22\x1d\xff\
kR?\xff\xb8\xad\xa5\xff\xd5\xd1\xcd\xff\xb8\xb4\xb2\xff\
\x85}v\xffs\x8aW\xff\x5c\x85B\xfff\x8aO\xff\
i\x85P\xffyxV\xffz^=\xff\x88f@\xff\
\x86e?\xffuY<\xff\x91~j\xff\xc4\xb7\xa3\xff\
\xc5\xb4\x9c\xffyZ9\xffO2\x1e\xffL-\x1e\xff\
D%\x1c\xff>!\x1a\xff> \x19\xff?!\x1d\xff\
^@+\xff\x5c=*\xffZTQ\xffW~\xa1\xff\
ov|\xff\xa2\x9ct\xff\x8d\xb0\x81\xff\x84\x9ae\xff\
y\x95]\xff\x8b\x82d\xffXB0\xffO7$\xff\
N7%\xffS=+\xff\x90\x81w\xff\xbd\xb2\xa8\xff\
\xd2\xc9\xbc\xff\xc3\xb2\x9d\xfflL4\xffK+\x1c\xff\
E%\x1b\xff?\x1f\x19\xffA\x1f\x19\xff? \x1c\xff\
_A+\xffU8&\xffY]d\xffU\x8e\xb8\xff\
\x8f\x8d\x82\xff\xbb\x9af\xff\xc8\xb6\x91\xff\x93\x94y\xff\
\xa1\x89^\xff\x90w`\xffM9,\xffC- \xff\
B-\x1e\xffF0\x22\xff\x82si\xff\xba\xaf\xa7\xff\
\xc4\xba\xb1\xff\xd8\xcf\xc1\xff\xaf\x9a\x82\xfffD0\xff\
G%\x1b\xff=\x1c\x18\xff<\x19\x16\xff?\x1f\x1b\xff\
\x5c?)\xffR<.\xffr|\x83\xffd\x9b\xc0\xff\
\xae\xa6\x87\xff\xc8\xa9]\xff\xc4\xa4Z\xff\x9f\xab\x87\xff\
\xa5\x96o\xff\x87ra\xffZE9\xff}la\xff\
n]R\xffO9*\xff\x92\x85}\xff\xcd\xc6\xc0\xff\
\xcc\xc5\xbf\xff\xbc\xb1\xa8\xff\x8dw`\xff\xa6\x8fx\xff\
a?1\xff>\x1a\x18\xff:\x17\x15\xff<\x1d\x1b\xff\
Q7$\xffRG@\xff\x8e\x96\x9c\xff\x7f\xa5\xba\xff\
\x93\xa2\xa1\xff\xad\xae\x96\xff\xbd\xb5\x89\xff\xbb\xa8z\xff\
\xa0\x8cw\xff\x7fjY\xffoYK\xff\xa3\x95\x8d\xff\
\x99\x8b\x81\xff]F7\xff\xa5\x99\x90\xff\xf6\xf5\xf4\xff\
\xe3\xdf\xdc\xff\xa7\x9b\x91\xffyfW\xff\x93}g\xff\
\xa6\x8f{\xffX3-\xff:\x16\x18\xff3\x19\x17\xff\
0\x22\x17\xffVTS\xffc~\x96\xfft\x86\x95\xff\
\x84\x8c\x90\xffz\x95\xa4\xffr\xa8\xc7\xffw\x96\xa4\xff\
uX<\xff\x89q]\xff~gW\xffu^M\xff\
nWF\xffwdU\xff\x8cwf\xff\xaf\x9e\x8c\xff\
\x97\x82n\xffu_O\xff{gY\xff|hW\xff\
\x9a~_\xff\xa6\x8ey\xffT3,\xff\x22\x13\x10\xff\
\x0a\x08\x06\xffC2$\xff[J=\xff[LB\xff\
^I:\xffbWO\xffeii\xffni^\xff\
qP1\xff\x8ar[\xff\x8dwd\xff\x80iT\xff\
\x80jV\xff\x97\x83o\xff\x83cA\xff\x84b>\xff\
}]=\xfft[G\xffw^K\xff\x8cs_\xff\
\x81^>\xff\x9c~_\xffm^Q\xff\x09\x07\x05\xff\
\x00\x00\x00\xff\x0a\x08\x06\xff2%\x19\xffV=(\xff\
cG-\xffgI/\xffkN3\xffpR4\xff\
uV7\xffy]>\xff\x7fdE\xff\x7feE\xff\
\x7feE\xff\x7fdB\xff\x82eB\xff\x83fC\xff\
\x81dB\xff~bC\xff\x7faB\xff}^?\xff\
mR7\xff@2#\xff\x0e\x0c\x09\xff\x00\x00\x00\xff\
\x00\x00\x00\x00\x00\x00\x00\x00\x00\x00\x00\x00\x00\x00\x00\x00\
\x00\x00\x00\x00\x00\x00\x00\x00\x00\x00\x00\x00\x00\x00\x00\x00\
\x00\x00\x00\x00\x00\x00\x00\x00\x00\x00\x00\x00\x00\x00\x00\x00\
\x00\x00\x00\x00\x00\x00\x00\x00\x00\x00\x00\x00\x00\x00\x00\x00\
\x00\x00\x00\x00\x00\x00\x00\x00\x00\x00\x00\x00\x00\x00\x00\x00\
\x00\x00\x00\x00\x00\x00\x00\x00\x00\x00\x00\x00\x00\x00\x00\x00\
(\x00\x00\x00\x14\x00\x00\x00(\x00\x00\x00\x01\x00 \x00\
\x00\x00\x00\x00\x90\x06\x00\x00\x00\x00\x00\x00\x00\x00\x00\x00\
\x00\x00\x00\x00\x00\x00\x00\x00\x04\x03\x03\xff*!\x1d\xff\
-\x15\x13\xff0\x12\x14\xff0\x11\x15\xff4\x15\x17\xff\
3\x14\x17\xff6\x18\x19\xff5\x15\x18\xff3\x14\x17\xff\
3\x14\x17\xff4\x14\x17\xff2\x12\x17\xff3\x12\x17\xff\
3\x14\x17\xff2\x12\x17\xff/\x0f\x16\xff'\x0d\x12\xff\
\x13\x08\x09\xff\x02\x01\x01\xff\x1f\x14\x0e\xffybR\xff\
lPF\xff<\x1b\x17\xff2\x13\x14\xff7\x18\x17\xff\
5\x16\x17\xff:\x1b\x17\xff6\x17\x16\xff4\x16\x14\xff\
1\x11\x14\xff3\x13\x14\xff.\x0d\x13\xff2\x10\x15\xff\
5\x13\x17\xff3\x11\x16\xff-\x0a\x15\xff3\x0c\x17\xff\
,\x0a\x14\xff\x13\x09\x09\xff;\x22\x16\xffK0!\xff\
\x85n\x5c\xffx\x5cI\xff?!\x1a\xff<\x1f\x18\xff\
:\x1d\x18\xff>\x22\x18\xff9\x1b\x16\xff3\x14\x13\xff\
4\x15\x13\xff6\x17\x14\xff4\x14\x14\xffD#\x19\xff\
I'\x1c\xffE!\x1a\xff=\x17\x1a\xff1\x0c\x16\xff\
-\x08\x14\xff)\x0e\x13\xffG)\x1c\xffJ3'\xff\
T>1\xff\x89s_\xff{`L\xffI-\x1d\xff\
A&\x1b\xffE*\x1b\xffA#\x19\xffE'\x1a\xff\
M/\x1b\xffF(\x18\xffH)\x19\xffU5\x1b\xff\
V8\x1e\xffO/\x1c\xffD#\x1a\xff:\x18\x18\xff\
0\x0e\x14\xff0\x11\x16\xffK/!\xff^J>\xff\
m\x5cR\xffcR?\xff\x8f\x84a\xff\x85lN\xff\
P4 \xffR7\x1f\xffL0\x1c\xffhN'\xff\
tY*\xffrW'\xffu[(\xff}a*\xff\
iN%\xffZ> \xffM/\x1b\xff> \x19\xff\
2\x12\x15\xff2\x14\x17\xffS:*\xffdM?\xff\
mZO\xff\x5c[?\xffv\x8bS\xff\xa8\xa8~\xff\
\x88oO\xff_B!\xffL1\x1a\xffM:\x22\xff\
ZJ(\xffQ9\x1c\xffbJ!\xff\x87r.\xff\
|f+\xfffL#\xffW:\x1f\xff@#\x19\xff\
4\x15\x14\xff5\x17\x18\xffQ4\x22\xffcA.\xff\
jK;\xff[lD\xff\x8b\xab{\xff\x8c\xa2p\xff\
\xa4\x95n\xff\x8cpJ\xffC_c\xff,\x8f\xba\xff\
2\x87\xab\xffATV\xffQ7\x1a\xff~h,\xff\
^F\x22\xffR6\x1e\xffT5\x1e\xff6\x17\x16\xff\
5\x16\x15\xff6\x18\x18\xffU8#\xff\x8b]=\xff\
\x8e_A\xfff\x86N\xffj\xa2`\xffo\x86V\xff\
y^:\xff\x87sY\xffC\xa1\xc2\xff.\xbf\xf9\xff\
:\xa1\xca\xffC|\x8f\xffG9%\xffo['\xff\
kT&\xff\x5cB\x22\xffQ4\x1e\xff7\x1a\x16\xff\
1\x13\x14\xff4\x17\x17\xffdG-\xff\xb0\x85T\xff\
\xb3\x8ej\xffyaJ\xffTPW\xff]HB\xff\
jK-\xffuX8\xffX\xa6\xb9\xffH\xb2\xd4\xff\
J\x9e\xbb\xff<\x9d\xc2\xff1\x99\xc4\xffE^]\xff\
eO%\xffZA!\xff?\x22\x17\xff:\x1e\x16\xff\
0\x11\x13\xff5\x15\x17\xfftV7\xff\xbf\x96Z\xff\
\xb5\x95l\xff{`p\xffbG\x80\xffU8[\xff\
zW5\xff\x88b8\xffj\x8c\x88\xffa\xaa\xb7\xff\
[\xa4\xb4\xffL\xb7\xd7\xff7\xc9\xfd\xff:\x8e\xab\xff\
K4\x1d\xffH-\x18\xffA&\x19\xff8\x1d\x15\xff\
2\x15\x15\xff6\x17\x18\xff^@)\xff\x8fzd\xff\
\x93\x83\x88\xffdU\xa6\xff}p\xad\xff`Ik\xff\
\x87d?\xff\x94k=\xff\x86d<\xff~dC\xff\
ybB\xffjxk\xffN\xcb\xec\xffL\x99\xab\xff\
X? \xffO5\x1c\xffF+\x1a\xff; \x17\xff\
:\x1d\x18\xff;\x1d\x1b\xff^C-\xff\xab\x9e\x95\xff\
\x98\x8e\x9e\xff`Z\xb8\xffia\xab\xffv^\x5c\xff\
\x85e?\xff\x96sK\xff\x93pG\xff\x90mD\xff\
\x8ei?\xff|eE\xff]\xa5\xb1\xffWja\xff\
`D!\xffR7\x1e\xffM2\x1e\xff@%\x1b\xff\
A$\x1b\xff?\x22\x1c\xffmUC\xff\xc7\xbf\xba\xff\
\xc3\xba\xb7\xff\xae\xa5\xaa\xffrbY\xffv]>\xff\
\x81c>\xff~`;\xff\x89hC\xff\x95rH\xff\
\x9evI\xff\x8dmG\xff\x9d\x8dq\xffsW8\xff\
_B#\xffQ5\x1f\xffM1\x1e\xffA$\x1b\xff\
?\x22\x1b\xff>!\x1c\xffycS\xff\xd4\xce\xc9\xff\
\xd3\xce\xcb\xff\xa2\x99\x94\xffv\x83Y\xffd\x7fG\xff\
m~N\xffutO\xff~dC\xff\x92nD\xff\
\x93oD\xff\x80cD\xff\xa8\x95y\xff\xbb\xa9\x8f\xff\
uW6\xffO2\x1f\xffK-\x1e\xff@\x22\x1a\xff\
>\x22\x1b\xff?!\x1c\xff_A-\xfffN>\xff\
jy\x87\xffey\x8b\xff\x99\x95o\xff\x84\xa6s\xff\
z\x96^\xff\x81\x8d^\xffjVA\xffT;'\xff\
S;'\xffbN?\xff\xb0\xa4\x9b\xff\xcc\xc2\xb6\xff\
\xbd\xac\x95\xfffF0\xffJ*\x1d\xff@ \x1a\xff\
A \x19\xff>\x1f\x1b\xff]?)\xffT>2\xff\
Z\x7f\x9b\xffw\x8b\x94\xff\xbb\x9ch\xff\xbe\xac\x82\xff\
\x90\x96|\xff\xa1\x84^\xff`L?\xffG2$\xff\
D/!\xffS>1\xff\xa8\x9c\x94\xff\xc0\xb6\xad\xff\
\xd2\xc8\xbb\xff\xa6\x8fx\xff`?-\xff@\x1e\x19\xff\
<\x1a\x16\xff=\x1d\x1a\xffY<'\xff]QK\xff\
s\x99\xb0\xff\x90\xa0\x9e\xff\xc8\xb0o\xff\xc7\xadf\xff\
\xa9\xa6~\xff\x99\x84h\xffkWJ\xff\x85uk\xff\
\x7fod\xff`K>\xff\xc3\xbc\xb6\xff\xd8\xd2\xce\xff\
\xb7\xad\xa4\xff\x87q]\xff\x9e\x86p\xffV3+\xff\
;\x17\x16\xff9\x1b\x19\xffE0 \xff]el\xff\
\x85\x97\xa4\xff\x87\x99\xa3\xff\x8d\xa1\xa6\xff\x93\xab\xaa\xff\
\x95\x8f~\xff\x81fN\xff\x7fj\x5c\xff\x83pc\xff\
{gY\xffnYJ\xff\xc7\xbe\xb6\xff\xcf\xc6\xbe\xff\
\x95\x85y\xff~k^\xff\x8dwa\xff\x9d\x83o\xff\
S0+\xff.\x16\x15\xff\x1c\x15\x0f\xffSIA\xff\
[^`\xffd[U\xffjjj\xffi\x82\x8f\xff\
pne\xffz\x5c@\xff\x90|k\xffzcO\xff\
~iW\xff\x8fyd\xff\x86hH\xff\x82cD\xff\
qYE\xffycR\xff\x86lV\xff\x96wV\xff\
\x88q`\xff\x19\x11\x0e\xff\x02\x01\x01\xff\x1c\x15\x0e\xff\
I4\x22\xff`C+\xffeH/\xffjO6\xff\
pR4\xffuX9\xff\x80fI\xff\x7feG\xff\
\x7ffH\xff\x81dC\xff\x82eA\xff\x82dA\xff\
}aC\xff~aC\xff{\x5c>\xff_H1\xff\
)#\x1b\xff\x03\x02\x02\xff\x00\x00\x00\x00\x00\x00\x00\x00\
\x00\x00\x00\x00\x00\x00\x00\x00\x00\x00\x00\x00\x00\x00\x00\x00\
\x00\x00\x00\x00\x00\x00\x00\x00\x00\x00\x00\x00\x00\x00\x00\x00\
\x00\x00\x00\x00\x00\x00\x00\x00\x00\x00\x00\x00\x00\x00\x00\x00\
\x00\x00\x00\x00\x00\x00\x00\x00\x00\x00\x00\x00\x00\x00\x00\x00\
\x00\x00\x00\x00\x00\x00\x00\x00(\x00\x00\x00\x10\x00\x00\x00\
 \x00\x00\x00\x01\x00 \x00\x00\x00\x00\x00@\x04\x00\x00\
\x00\x00\x00\x00\x00\x00\x00\x00\x00\x00\x00\x00\x00\x00\x00\x00\
\x0f\x0d\x0b\xff<+%\xff1\x13\x14\xff0\x11\x14\xff\
3\x14\x16\xff4\x15\x17\xff5\x16\x18\xff3\x13\x16\xff\
3\x13\x16\xff2\x12\x16\xff1\x11\x16\xff2\x12\x17\xff\
1\x11\x16\xff,\x0d\x15\xff\x1f\x0b\x0e\xff\x07\x03\x03\xff\
3 \x17\xffx_O\xffcE9\xff8\x19\x17\xff\
8\x1a\x17\xff9\x1b\x18\xff:\x1c\x17\xff5\x16\x14\xff\
3\x14\x13\xff1\x11\x13\xff4\x13\x15\xff<\x1a\x18\xff\
9\x16\x18\xff2\x0d\x16\xff0\x0b\x16\xff\x1f\x0a\x0e\xff\
D(\x1b\xffN6)\xff\x7fhV\xffiM=\xff\
B&\x1b\xff?$\x1a\xff@#\x18\xff;\x1c\x16\xff\
@\x22\x17\xff=\x1f\x16\xffJ*\x1a\xffQ1\x1c\xff\
I(\x1b\xff?\x1b\x1a\xff1\x0d\x15\xff.\x0f\x15\xff\
L2$\xffbOC\xfffTE\xff\x87zZ\xff\
t[@\xffN2\x1f\xffN2\x1d\xff]B#\xff\
mR'\xffiM$\xffsW'\xffiM$\xff\
W:\x1f\xffH)\x1b\xff5\x15\x16\xff2\x13\x16\xff\
V<,\xfffPB\xffd\x5cH\xffv\x88V\xff\
\xa1\xa0w\xff}bA\xffT:\x1f\xffHB3\xff\
RN7\xffS=\x1f\xff{e+\xff{d+\xff\
bG#\xffN1\x1d\xff7\x18\x15\xff5\x17\x17\xff\
V7#\xffyM6\xffc_<\xff{\xa6o\xff\
\x80\x93a\xff\x9e\x86`\xff^rm\xff,\xa5\xd8\xff\
5\x92\xb9\xffENI\xffhO!\xffeM$\xff\
T8\x1f\xffF'\x1b\xff5\x17\x16\xff4\x17\x17\xff\
hH,\xff\xa9\x7fY\xff\x87tO\xff^uW\xff\
f^C\xffrS3\xff]\x81\x84\xff@\xbb\xe6\xff\
E\x9b\xbb\xff<\x7f\x98\xffH_Z\xfflX)\xff\
^E#\xff?\x22\x18\xff4\x17\x15\xff3\x14\x16\xff\
\x7f^;\xff\xbe\x98c\xff\x92sh\xff_Cv\xff\
Z<P\xff\x83]6\xffsxf\xff`\xa8\xb5\xff\
W\xa4\xb7\xff@\xbd\xe8\xff6\xa7\xd1\xffJ>,\xff\
G,\x19\xff=\x22\x17\xff4\x18\x15\xff5\x16\x17\xff\
eH1\xff\xa0\x8e~\xffn`\x9d\xffvi\xaf\xff\
hPa\xff\x90kB\xff\x8fj?\xff\x82hF\xff\
{eF\xff`\x96\x9a\xffM\xb5\xd0\xffWI/\xff\
O4\x1c\xffC(\x1a\xff<\x1f\x18\xff;\x1e\x1a\xff\
pXF\xff\xb8\xae\xa9\xff\x88\x81\xaa\xffla\x8f\xff\
z^J\xff\x87gA\xff\x8bjD\xff\x91nF\xff\
\x93nC\xffzva\xffevk\xff_D$\xff\
R6\x1f\xffH-\x1d\xff@$\x1b\xff?\x22\x1c\xff\
\x87tf\xff\xd7\xd2\xcf\xff\xc0\xb8\xb3\xff\x80~b\xff\
nrG\xffwnG\xff}eB\xff\x94pF\xff\
\x98sG\xff\x8fuS\xff\xac\x97y\xffpS4\xff\
P3\x1f\xffH*\x1d\xff?\x22\x1b\xff>!\x1c\xff\
gK8\xff|rl\xffq\x84\x96\xff\x8c\x8dn\xff\
|\x9cf\xffx\x91Z\xffxoQ\xff^D,\xff\
\x5cC,\xff\x81pa\xff\xc4\xb9\xac\xff\xb6\xa4\x8e\xff\
`A-\xffG'\x1c\xff@ \x1a\xff?\x1f\x1b\xff\
[=(\xffYXZ\xffj\x8f\xa6\xff\xb6\x9cl\xff\
\xb3\xa7{\xff\x99\x93q\xff{dP\xffP;/\xff\
K6(\xfftdY\xff\xbe\xb4\xac\xff\xca\xbf\xb3\xff\
\x9b\x83l\xffX7)\xff>\x1c\x18\xff=\x1d\x19\xff\
R:)\xffqw}\xff\x83\xa1\xaf\xff\xb1\xac\x8a\xff\
\xb9\xad|\xff\xa3\x94v\xff|gW\xff\x85ti\xff\
}k`\xff\x8a{p\xff\xe0\xdc\xd9\xff\xb5\xaa\xa2\xff\
\x87s`\xff\x92ye\xffN*&\xff6\x18\x17\xff\
4) \xff^fm\xffnv|\xffu\x80\x86\xff\
t\x95\xa5\xffwhV\xff\x87p]\xff{dS\xff\
zeT\xff\x8as_\xff\x9e\x87p\xff~hV\xff\
|gX\xff\x8esY\xff\x8fs`\xff.\x1d\x19\xff\
\x09\x06\x04\xff6(\x1c\xffZA,\xffcI3\xff\
jS>\xffrT6\xff\x7fdI\xff\x80fJ\xff\
\x81hL\xff\x83fE\xff\x82dA\xff|`B\xff\
~bF\xffwY=\xffO@0\xff\x0d\x0b\x09\xff\
\x00\x00\x00\x00\x00\x00\x00\x00\x00\x00\x00\x00\x00\x00\x00\x00\
\x00\x00\x00\x00\x00\x00\x00\x00\x00\x00\x00\x00\x00\x00\x00\x00\
\x00\x00\x00\x00\x00\x00\x00\x00\x00\x00\x00\x00\x00\x00\x00\x00\
\x00\x00\x00\x00\x00\x00\x00\x00\x00\x00\x00\x00\x00\x00\x00\x00\
\
\x00\x010\x0c\
\x00\
\x01\x00\x00\x00\x11\x01\x00\x00\x04\x00\x10FFTM\x8f\
\xe8\xd7\x9d\x00\x00\xfb\x5c\x00\x00\x00\x1cGDEF9\
\xefeu\x00\x00\xfbx\x00\x00\x01\xccGPOSX\
\xb7\xd4.\x00\x00\xfdD\x00\x00'BGSUBs\
|\xa43\x00\x01$\x88\x00\x00\x0bFOS/2\xd0\
Z\xc9S\x00\x00\x01\x98\x00\x00\x00`cmap\xf7\
\x1cx\x13\x00\x00\x0c\x08\x00\x00\x06\x18gasp\x00\
\x00\x00\x10\x00\x00\xfbT\x00\x00\x00\x08glyf\xb3\
\x9dN\xb1\x00\x00\x174\x00\x00\xcbHhead\x1a\
\xc2\xf0\xac\x00\x00\x01\x1c\x00\x00\x006hhea\x10\
T\x05\x06\x00\x00\x01T\x00\x00\x00$hmtx^\
L\x88\xe5\x00\x00\x01\xf8\x00\x00\x0a\x10loca\x80\
*P\xac\x00\x00\x12(\x00\x00\x05\x0amaxp\x02\
\x9d\x01]\x00\x00\x01x\x00\x00\x00 metag\
\x9dm*\x00\x01/\xd0\x00\x00\x00<name2\
%M\x04\x00\x00\xe2|\x00\x00\x05\xa3post=\
 \xd2\xfd\x00\x00\xe8 \x00\x00\x133preph\
\x06\x8c\x85\x00\x00\x12 \x00\x00\x00\x07\x00\x01\x00\x00\x00\
\x03L\xcd\x8b\xb35=_\x0f<\xf5\x00\x0b\x08\x00\x00\
\x00\x00\x00\xd5`.\x18\x00\x00\x00\x00\xde\x88,w\xfd\
\xdb\xfaB\x09\xde\x0a\x11\x00\x00\x00\x08\x00\x02\x00\x00\x00\
\x00\x00\x00\x00\x01\x00\x00\x08\x98\xfbP\x00\x00\x09\x94\xfd\
\xdb\xfd\x9d\x09\xde\x00\x01\x00\x00\x00\x00\x00\x00\x00\x00\x00\
\x00\x00\x00\x00\x00\x02\x84\x00\x01\x00\x00\x02\x84\x00\xb8\x00\
\x10\x00\xa3\x00\x05\x00\x01\x00\x00\x00\x00\x00\x00\x00\x00\x00\
\x00\x00\x00\x00\x03\x00\x01\x00\x04\x04\x88\x01\x90\x00\x05\x00\
\x00\x04\xfd\x04\xa1\x00\x00\x01\x00\x04\xfd\x04\xa1\x00\x00\x03\
f\x00[\x02\xfe\x00\x00\x00\x00\x00\x00\x00\x00\x00\x00\x00\
\x00\x80\x00 /\xd0\x00 C\x00\x00\x00\x08\x00\x00\x00\
\x00amin\x00\xc0\x00 \xfe\xff\x08\x98\xfbP\x00\
\x00\x09\xf9\x05\xa4\x00\x00\x00A\x00\x00\x00\x00\x03\xf4\x05\
x\x00\x00\x00 \x00\x08\x04\x00\x00f\x00\x00\x00\x00\x02\
\xaa\x00\x00\x01,\x00\x00\x02Q\x00\xb6\x028\x00\x80\x06\
\xd0\x00_\x04b\x00H\x05\xc8\x00o\x05h\x00\xc2\x01\
U\x00\x80\x02h\x00\x86\x02h\x00\x81\x04^\x00c\x04\
F\x00p\x01\xe8\x00)\x04F\x00p\x01\xea\x00\x8b\x03\
\xcf\x00\x86\x03\x84\x00h\x03M\x00c\x04\xb1\x00i\x04\
c\x00g\x05\x1c\x00o\x04\x8b\x00f\x04}\x00r\x04\
V\x00g\x04U\x00r\x04@\x00m\x01\xea\x00\x8b\x02\
X\x00)\x02\x8f\x00\xaf\x04\x17\x00p\x02\x8f\x00p\x04\
\x8d\x00\x98\x08\xe4\x00\x8d\x05`\x00g\x04\x9a\x00\x92\x04\
\xed\x00m\x05'\x00\x94\x04r\x00k\x04l\x00k\x05\
m\x00m\x05O\x00\x96\x01\xdb\x00\x96\x02\xd0\x00l\x04\
\xc6\x00\x96\x04\x84\x00\x94\x06g\x00\x89\x05C\x00\x95\x05\
\xf5\x00m\x05\x1d\x00m\x05\xf5\x00m\x05\x1e\x00m\x04\
b\x00H\x05\xb7\x00n\x05F\x00\x95\x05\x80\x00h\x07\
\xc2\x00h\x05\x1b\x00j\x05\x1b\x00j\x05\x84\x00i\x02\
\xd5\x00\x86\x03\xcf\x00\x81\x02\xe0\x00\x84\x02\xd8\x00\x8f\x02\
b\xff\xb4\x02%\x00\x90\x05\x1d\x00m\x04\xb3\x00\x95\x04\
/\x00m\x04\xd5\x00m\x04\xa7\x00j\x03-\x00l\x04\
\xea\x00j\x04\xb6\x00\x99\x01\xdb\x00\x9b\x01\xd0\xff\xa6\x04\
#\x00\x95\x01\xe9\x00\xa0\x06\xe1\x00\x97\x04\xb6\x00\x97\x04\
\x87\x00m\x04\xd5\x00|\x04\xb3\x00m\x03\xb1\x00\x90\x03\
\xfc\x00i\x03/\x00k\x04\xb6\x00\xb0\x04d\x00h\x06\
\x0f\x00m\x04\x99\x00k\x04\x99\x00o\x04F\x00i\x02\
\xc1\x00\x22\x01\xab\x00\x87\x02\xc1\x00\x87\x03p\x00?\x01\
,\x00\x00\x02G\x00\xa5\x04/\x00m\x05\xb8\x00}\x04\
\x87\x00c\x05\x1b\x00j\x01\xad\x00\x87\x03\xe8\x00q\x02\
\xba\x00l\x06\x9d\x00T\x03\xb2\x00\x95\x04O\x00\x9b\x03\
\xd9\x00T\x04\x0d\x00p\x06\x9d\x00T\x04\x0d\x00p\x03\
H\x00\xac\x04\x0d\x00p\x02\xd8\x00\x94\x02\xa2\x00\x94\x02\
\x14\x00{\x04\xb6\x00\xb0\x051\x00^\x01\xe8\x00\xb7\x02\
\xd7\x00Z\x02\x18\x00~\x03>\x00\xac\x04O\x00\x98\x07\
\xe0\x00p\x08\x16\x00q\x08v\x00r\x04\x83\x00\xaf\x05\
`\x00g\x05`\x00g\x05`\x00g\x05`\x00g\x05\
`\x00g\x05`\x00g\x07~\x00e\x04\xed\x00m\x04\
r\x00k\x04r\x00k\x04r\x00k\x04r\x00k\x01\
\xdb\x00q\x01\xdb\x00\x5c\x01\xdb\x00\x17\x01\xdb\x00\x06\x05\
=\x00\x17\x05C\x00\x95\x05\xf5\x00m\x05\xf5\x00m\x05\
\xf5\x00m\x05\xf5\x00m\x05\xf5\x00m\x03r\x00h\x05\
\xd6\x00f\x05F\x00\x95\x05F\x00\x95\x05F\x00\x95\x05\
F\x00\x95\x05\x1b\x00j\x04\x8e\x00\x96\x04n\x00\x85\x05\
\x1d\x00m\x05\x1d\x00m\x05\x1d\x00m\x05\x1d\x00m\x05\
\x1d\x00m\x05\x1d\x00m\x07\x86\x00m\x04/\x00m\x04\
\xa7\x00j\x04\xa7\x00j\x04\xa7\x00j\x04\xa7\x00j\x01\
\xdb\x00N\x01\xdb\x009\x01\xdb\xff\xf4\x01\xdb\xff\xe3\x04\
K\x00T\x04\xb6\x00\x97\x04\x87\x00m\x04\x87\x00m\x04\
\x87\x00m\x04\x87\x00m\x04\x87\x00m\x04F\x00p\x04\
x\x00\x5c\x04\xb6\x00\xb0\x04\xb6\x00\xb0\x04\xb6\x00\xb0\x04\
\xb6\x00\xb0\x04\x99\x00o\x04\xa7\x00}\x04\x99\x00o\x01\
\xdb\x00\x9b\x09!\x00^\x07\x81\x00m\x01\xd0\xff\xa6\x02\
\xd8\x00\x8f\x03H\x00\xac\x03p\x00?\x02\x8a\x00\xa6\x00\
\x00\xff\xea\x02\x84\x00\xa6\x04Q\x00\xc2\x03s\x00c\x02\
\x0a\xff\xa1\x01\xf1\x00\x1b\x03\xb4\x00P\x01\xf1\xff\xe9\x05\
\xae\x00?\x01\xf1\x00\x89\x06\xf6\x00`\x03\x98\x00`\x06\
\xf6\x00`\x06\xf6\x00`\x05\x1e\x00a\x05\x1e\x00a\x05\
\x1e\x00a\x03\xbb\x00[\x03\xbb\x00[\x03\x1b\x00O\x03\
\x1b\x00O\x09\x0c\x00l\x09\x0c\x00l\x098\x00r\x09\
8\x00r\x05\xc0\x00]\x05\xc0\x00]\x051\x00t\x05\
1\x00t\x02\x9c\xff\xb4\x06\xf1\x00p\x05\xdc\x00s\x06\
^\x00r\x05\x1a\x00`\x04\xba\x00o\x05\xa0\x00y\x03\
\x98\x00`\x03\xb4\x00P\x05\xae\x00s\x05\xae\x00s\x00\
\x00\xff\xe3\x00\x00\xff<\x00\x00\xff\xe3\x00\x00\xff\xe3\x00\
\x00\xff\xb4\x00\x00\xff\xe3\x00\x00\xff\xc7\x00\x00\xff\xfc\x00\
\x00\xff\xf1\x00\x00\xff\xe3\x00\x00\xff\xe3\x00\x00\xff\xf1\x00\
\x00\xff\xee\x00\x00\x00\x08\x02\xe1\x00g\x02X\x00m\x04\
\x1e\x00p\x05_\x00m\x04\x17\x00a\x04\xba\x00r\x04\
\x5c\x00r\x04\xc2\x00n\x04\xcc\x00o\x04&\x00r\x05\
\xc8\x00o\x02D\xff\xb0\x02x\x00\x9e\x04^\x00c\x06\
\xf6\x00`\x05\xdc\x00s\x00\x00\xff\xd0\x02\x0a\xff\xb9\x06\
\xf6\x00`\x06\xf6\x00`\x05\x1e\x00a\x03\xbb\x00[\x03\
\x1b\x00O\x03\x1b\x00O\x03\x1b\x00O\x06\xf1\x00p\x06\
\xf1\x00p\x07p\x00p\x06\xcd\x00s\x07p\x00p\x05\
\x1a\x00`\x05\xa0\x00y\x05O\xff\xb5\x03\x98\x00`\x03\
\x98\x00`\x03\x98\x00`\x03\x98\x00`\x03\xb4\x00P\x03\
\xb4\x00P\x05\xae\x00s\x05\xae\x00h\x08M\x00~\x03\
\xe2\x00p\x03\x98\x00`\x00\x00\xfd\xdb\x00\x00\xfeg\x00\
\x00\xff\x1c\x00\x00\xffK\x08\xfc\xff\xff\x00\x00\xff\x13\x02\
\xe1\x00g\x02X\x00m\x04\x1e\x00p\x05_\x00m\x04\
\x81\x00g\x04\xbf\x00r\x03\xf3\x00r\x04\xc2\x00n\x04\
\xcc\x00o\x04&\x00r\x03 \x00\x00\x00\x00\x00\x00\x00\
\x00\x00\x00\x00\x00\x00\x00\x04\xb6\x00r\x06\xe1\x00r\x02\
\x84\x00\xa8\x02\x84\x00\xa8\x02\x84\x00\xaa\x02\x84\x00\xa8\x04\
u\x00\xa8\x04v\x00\xb4\x04v\x00\xb4\x04u\x00\xa8\x01\
\xea\x00\x8b\x06W\x00\xcb\x02\x02\x00P\x03;\x00P\x04\
r\x00P\x02\x85\x00\xaf\x02\x85\x00p\x07\xe0\x01\xb7\x03\
\x0a\x00\x8b\x05_\x00p\x04F\x00p\x07\xe0\x01\xb7\x07\
\x0a\x00w\x01\xfd\x00u\x02\x94\x00E\x02\xb8\x00\x1d\x02\
\xb8\x009\x07\x91\x00`\x03~\xff\xb5\x03\xb0\xff\xb5\x04\
+\x00{\x00d\xff\xb4\x00\x96\xff\xb4\x00\xfa\xff\xb4\x01\
\xdb\x00\x00\x04+\x00\x8b\x00\x00\xff\xf9\x020\xff\xb5\x06\
\x9d\x00T\x06\x9d\x01\xeb\x06\x83\x02\x18\x07p\x00p\x07\
\xe3\x00p\x03\xfe\xff\xb5\x04w\xff\xb5\x04\xd8\x00l\x04\
\xd8\x00l\x04\xd8\x00l\x02\x0a\xff\xb9\x02\x0a\xff\xba\x04\
\xd8\x00l\x01\xb9\xfe\xed\x02\x22\xfe\xed\x01\xb9\xfe\xed\x02\
\x22\xfe\xed\x01\xb9\xfe\xed\x02\x22\xfe\xed\x00\x00\xff\xea\x03\
s\x00c\x02\x0a\xff\xa1\x01\xf1\x00\x89\x05\x1e\x00a\x03\
\xbb\x00[\x03\x1b\x00O\x09\x0c\x00l\x098\x00r\x05\
\xc0\x00]\x051\x00t\x02\x9c\xff\xb4\x05\x1a\x00`\x04\
\xba\x00o\x03\x98\x00`\x03\xb4\x00P\x00\x00\xff<\x00\
\x00\xff\xe3\x00\x00\xff\xb4\x00\x00\xff\xe7\x00\x00\xff\xfc\x00\
\x00\xff\xf1\x00\x00\xff\xe3\x00\x00\x00\x0b\x06\xf6\x00`\x05\
\xdc\x00s\x00\x00\xff\xd0\x06\xf1\x00p\x07p\x00p\x05\
\xa0\x00y\x05\xae\x00s\x07\x91\x00`\x03\x9c\xff\xb5\x03\
\xb0\xff\xb5\x02\x85\x00>\x07\xe3\x00p\x020\xff\xb5\x03\
+\xff\xb4\x05n\x00l\x04\xd8\x00l\x01\xb9\xfe\xed\x02\
\x22\xfe\xed\x02>\x00\xa3\x05p\x00a\x05\x13\xff\xb4\x05\
)\xff\xb4\x04a\x00\x5c\x03\xb3\x00O\x09~\x00l\x06\
t\xff\xb5\x07\x19\xff\xb5\x09\x94\x00r\x06\x9e\xff\xb5\x06\
\xff\xff\xb5\x06S\x00]\x04\x9a\xff\xb6\x04\xf5\xff\xb6\x04\
l\x00o\x03\xff\xff\xb5\x04F\xff\xb5\x07A\x00`\x05\
\xf1\x00t\x07\x08\x00`\x03\xfe\xff\xb5\x04w\xff\xb5\x05\
\xa8\x00`\x01\xfa\xff\xb5\x02\xa2\xff\xb5\x05H\x00l\x04\
Z\xff\xb5\x04\xd7\xff\xb5\x05\xf6\x00y\x04L\x00\x88\x05\
O\xff\xb5\x03\xde\xff\xb5\x03\xb7\x00P\x04\xf8\x00^\x05\
\xa1\x00^\x06^\x00r\x08M\x00~\x03\xdb\x00~\x03\
\xe9\xff\xb5\x06+\x00~\x06\xcd\x00s\x04#\xff\xb6\x04\
\xf2\xff\xb6\x07\x95\x00s\x06\xf8\x00~\x05\x92\x00m\x05\
U\x00l\x02>\xff\xba\x07\x91\x00`\x020\xff<\x03\
+\xff<\x07\x91\x00`\x020\xff\xb5\x03+\xff\xb4\x05\
p\x00a\x05\x13\xff\xb4\x05)\xff\xb4\x04a\x00\x5c\x03\
\xb3\x00O\x03\xb3\x00O\x07\xe3\x00p\x03\xfe\xff\xb5\x04\
w\xff\xb5\x07\xe3\x00p\x03\xfe\xff\xb5\x04w\xff\xb5\x05\
\xf6\x00y\x04L\x00\x88\x03\xdb\x00~\x020\xff\xb5\x03\
\xe9\xff\xb5\x04L\x00\x88\x05O\xff\xb5\x03\xde\xff\xb5\x06\
+\x00~\x03\xb7\x00P\x020\xff\xb5\x03+\xff\xb4\x05\
n\x00l\x020\xffC\x03+\xffC\x03\x9e\x00h\x03\
\x99\x00h\x02\x9c\xff\xb4\x02\x9c\xff\xb4\x02\x9c\xff\xb4\x02\
\x9c\xff\xb4\x02\x9c\xff\xb4\x02\x9c\xff\xb4\x02>\xff\xb6\x02\
>\x00,\x03\xb7\x00P\x02>\x00\x1f\x05n\x00l\x02\
0\xff\xb5\x03+\xff\xb4\x02>\x00\xa3\x07\x91\x00`\x02\
0\xff\xb5\x03+\xff\xb4\x04L\x00\x88\x07\x91\x00`\x02\
0\xff\xb5\x03+\xff\xb4\x07\x91\x00`\x020\xff\xb5\x03\
+\xff\xb4\x05p\x00a\x05\x13\xff\xb4\x05)\xff\xb4\x05\
p\x00a\x05\x13\xff\xb4\x05)\xff\xb4\x05p\x00a\x05\
\x13\xff\xb4\x05)\xff\xb4\x04a\x00\x5c\x04a\x00\x5c\x03\
\xb3\x00O\x03\xb3\x00O\x09~\x00l\x06t\xff\xb5\x07\
\x19\xff\xb5\x09~\x00l\x06t\xff\xb5\x07\x19\xff\xb5\x09\
\x94\x00r\x06\x9e\xff\xb5\x06\xff\xff\xb5\x09\x94\x00r\x06\
\x9e\xff\xb5\x06\xff\xff\xb5\x06S\x00]\x04\x9a\xff\xb6\x04\
\xf5\xff\xb6\x06S\x00]\x04\x9a\xff\xb6\x04\xf5\xff\xb6\x04\
l\x00o\x03\xff\xff\xb5\x04F\xff\xb5\x04l\x00o\x03\
\xff\xff\xb5\x04F\xff\xb5\x07A\x00`\x03\x9c\xff\xb5\x03\
\xb0\xff\xb5\x05\xf1\x00t\x03\x9c\xff\xb5\x03\xb0\xff\xb5\x07\
\x08\x00`\x04\x1e\xff\xb5\x04w\xff\xb5\x05\xa8\x00`\x01\
\xee\xff\xb5\x02\xa2\xff\xb5\x05H\x00l\x04Z\xff\xb5\x04\
\xd7\xff\xb5\x05\xf6\x00y\x020\xff\xb5\x03+\xff\xb4\x04\
L\x00\x88\x05O\xff\xb5\x03\xde\xff\xb5\x03\xb7\x00P\x05\
n\x00l\x05n\x00l\x020\xffC\x03+\xffC\x04\
\xf8\x00L\x05\xa1\x00L\x04\xf8\x00M\x05\xa1\x00M\x04\
\xf8\x00M\x05\xa1\x00M\x04\xf8\x00^\x05\xa1\x00^\x00\
\x00\x00\x00\x00\x00\xff\xe2\x00\x00\xff\xe2\x00\x00\xff\xe2\x00\
\x00\xff\xe2\x00\x00\xff\xe3\x00\x00\xff\xe3\x00\x00\xffs\x00\
\x00\xff\xc7\x00\x00\xff\xc7\x00\x00\xff\xc7\x00\x00\xff\xdb\x00\
\x00\xff\xdb\x00\x00\xff\xc7\x00\x00\xff\x8f\x02&\x00\x8d\x02\
&\x00\xb2\x02&\x00<\x02&\xff\xf2\x02&\x00<\x02\
&\x00\x1c\x02&\x006\x02&\x00\x17\x02&\x00\x16\x02\
&\x00A\x03\xb3\x00O\x07A\x00`\x03\x9c\xff\xb5\x03\
\xb0\xff\xb5\x07\x95\x00s\x04#\xff\xb6\x04\xf2\xff\xb6\x05\
\xa8\x00`\x01\xee\xff\xb5\x02\xa2\xff\xb5\x05\xa1\x00^\x04\
\xf8\x00^\x03\xb7\x00P\x05n\x00l\x020\xffC\x03\
+\xffC\x02&\x00\x1b\x04\x81\x00t\x02&\x00\x1a\x02\
&\x00O\x04\xc2\x00p\x00\x00\x00\x03\x00\x00\x00\x03\x00\
\x00\x00\x1c\x00\x01\x00\x00\x00\x00\x04\x14\x00\x03\x00\x01\x00\
\x00\x00\x1c\x00\x04\x03\xf8\x00\x00\x00\xfa\x00\x80\x00\x06\x00\
z\x00~\x00\xff\x011\x01S\x027\x02\xc6\x02\xda\x02\
\xdc\x06\x0c\x06\x15\x06\x1b\x06\x1f\x06:\x06W\x06Z\x06\
q\x06y\x06~\x06\x86\x06\x88\x06\x91\x06\x95\x06\x98\x06\
\xa1\x06\xa4\x06\xaa\x06\xaf\x06\xb5\x06\xba\x06\xbe\x06\xc3\x06\
\xc6\x06\xca\x06\xcc\x06\xce\x06\xd2\x06\xd8\x06\xdb\x06\xdd\x06\
\xe1\x06\xf9 \x07 \x0d \x14 \x1f \x22 & \
4 : D t \xac\x22\x12\x22\x15%\xcc\xe0\
\x0b\xe0\x0f\xe0\x16\xe0,\xe0R\xe0Z\xe0\x8c\xfb\x00\xfb\
\x05\xfbQ\xfbY\xfbi\xfb}\xfb\x89\xfb\x8b\xfb\x8d\xfb\
\x91\xfb\x95\xfb\x9f\xfb\xa5\xfb\xa9\xfb\xad\xfb\xaf\xfb\xda\xfb\
\xe9\xfb\xff\xfd?\xfeq\xfew\xfey\xfe{\xfe}\xfe\
\x7f\xfe\x82\xfe\x84\xfe\x86\xfe\x88\xfe\x8c\xfe\x8e\xfe\x92\xfe\
\x94\xfe\x98\xfe\x9c\xfe\xa0\xfe\xa4\xfe\xa8\xfe\xaa\xfe\xac\xfe\
\xae\xfe\xb0\xfe\xb4\xfe\xb8\xfe\xbc\xfe\xc0\xfe\xc4\xfe\xc8\xfe\
\xcc\xfe\xd0\xfe\xd4\xfe\xd8\xfe\xdc\xfe\xe0\xfe\xe4\xfe\xe8\xfe\
\xec\xfe\xee\xfe\xf0\xfe\xfc\xfe\xff\xff\xff\x00\x00\x00 \x00\
\xa0\x011\x01R\x027\x02\xc6\x02\xda\x02\xdc\x06\x0c\x06\
\x15\x06\x1b\x06\x1f\x06!\x06@\x06Z\x06`\x06y\x06\
~\x06\x86\x06\x88\x06\x91\x06\x95\x06\x98\x06\xa1\x06\xa4\x06\
\xa9\x06\xaf\x06\xb5\x06\xba\x06\xbe\x06\xc0\x06\xc6\x06\xca\x06\
\xcc\x06\xce\x06\xd2\x06\xd4\x06\xdb\x06\xdd\x06\xe1\x06\xf0 \
\x07 \x0b \x13 \x18 \x22 & 2 9 \
D t \xac\x22\x12\x22\x15%\xcc\xe0\x00\xe0\x0f\xe0\
\x12\xe0\x1d\xe00\xe0T\xe0_\xfb\x00\xfb\x05\xfbQ\xfb\
W\xfbg\xfb{\xfb\x89\xfb\x8b\xfb\x8d\xfb\x8f\xfb\x93\xfb\
\x9f\xfb\xa5\xfb\xa7\xfb\xab\xfb\xaf\xfb\xda\xfb\xe8\xfb\xfd\xfd\
>\xfeq\xfew\xfey\xfe{\xfe}\xfe\x7f\xfe\x82\xfe\
\x84\xfe\x86\xfe\x88\xfe\x8a\xfe\x8e\xfe\x90\xfe\x94\xfe\x96\xfe\
\x9a\xfe\x9e\xfe\xa2\xfe\xa6\xfe\xaa\xfe\xac\xfe\xae\xfe\xb0\xfe\
\xb2\xfe\xb6\xfe\xba\xfe\xbe\xfe\xc2\xfe\xc6\xfe\xca\xfe\xce\xfe\
\xd2\xfe\xd6\xfe\xda\xfe\xde\xfe\xe2\xfe\xe6\xfe\xea\xfe\xee\xfe\
\xf0\xfe\xf2\xfe\xff\xff\xff\xff\xe3\xff\xc2\xff\x91\xffq\xfe\
\x8e\xfe\x00\xfd\xed\xfd\xec\xfa\xbd\xfa\xb5\xfa\xb0\xfa\xad\xfa\
\xac\xfa\xa7\xfa\xa5\xfa\xa0\xfa\x99\xfa\x95\xfa\x8e\xfa\x8d\xfa\
\x85\xfa\x82\xfa\x80\xfax\xfav\xfar\xfan\xfai\xfa\
e\xfab\xfaa\xfa_\xfa\x5c\xfa[\xfaZ\xfaW\xfa\
V\xfaT\xfaS\xfaP\xfaB\xe15\xe12\xe1-\xe1\
*\xe1(\xe1%\xe1\x1a\xe1\x16\xe1\x0d\xe0\xde\xe0\xa7\xdf\
B\xdf@\xdb\x8a!W!T!R!L!I!\
H!D\x06\xd1\x06\xcd\x06\x82\x06}\x06p\x06_\x06\
T\x06S\x06R\x06Q\x06P\x06G\x06B\x06A\x06\
@\x06?\x06\x15\x06\x08\x05\xf5\x04\xb7\x03\x86\x03\x81\x03\
\x80\x03\x7f\x03~\x03}\x03{\x03z\x03y\x03x\x03\
w\x03v\x03u\x03t\x03s\x03r\x03q\x03p\x03\
o\x03n\x03m\x03l\x03k\x03j\x03i\x03h\x03\
g\x03f\x03e\x03d\x03c\x03b\x03a\x03`\x03\
_\x03^\x03]\x03\x5c\x03[\x03Z\x03Y\x03W\x00\
\x01\x00\x00\x00\x00\x00\x00\x00\x00\x00\x00\x00\x00\x00\x00\x00\
\x00\x00\x00\x00\x00\x00\x00\x00\x00\x00\x00\x00\x00\x00\x00\x00\
\x00\x00\x00\x00\x00\x00\x00\x00\x00\x00\x00\x00\x00\x00\x00\x00\
\x00\x00\x00\x00\x00\x00\x00\x00\x00\x00\x00\x00\x00\x00\x00\x00\
\x00\x00\x00\x00\x00\x00\x00\x00\x00\x00\x00\x00\x00\x00\x00\x00\
\x00\x00\x00\x00\x00\x00\x00\x00\x00\x00\x00\x00\x00\x00\x00\x00\
\x00\x00\x00\x00\x00\x00\x00\x00\x00\x00\x00\x00\x00\x00\x00\x00\
\x00\x00\x00\x00\x00\x00\x00\x00\x00\x00\x00\x00\x00\x00\x00\x00\
\x00\x00\x00\x00\x00\x00\x00\x00\x00\x00\x00\x00\x00\x00\x00\x00\
\x00\x00\x00\x00\x00\x00\x00\x00\x00\x00\x00\x00\x00\x00\x00\x00\
\x00\x00\x00\x00\x00\x00\x00\x00\x00\x00\x00\x00\x00\x00\x00\x00\
\x00\x00\x00\x00\x00\x00\x00\x00\x00\x00\x00\x00\x00\x00\x00\x00\
\x00\x00\x00\x00\x00\x00\x00\x00\x00\x00\x00\x00\x00\x00\x00\x00\
\x00\x00\x00\x00\x00\x00\x00\x00\x00\x00\x00\x00\x00\x00\x00\x00\
\x00\x00\x00\x00\x00\x00\x00\x00\x00\x00\x00\x00\x00\x00\x00\x00\
\x00\x00\x00\x00\x00\x00\x00\x00\x00\x00\x00\x00\x06\x02\x04\x00\
\x00\x00\x00\x00\xfd\x00\x01\x00\x00\x00\x00\x00\x00\x00\x00\x00\
\x00\x00\x00\x00\x00\x00\x01\x00\x02\x00\x00\x00\x00\x00\x00\x00\
\x02\x00\x00\x00\x00\x00\x00\x00\x00\x00\x00\x00\x00\x00\x00\x00\
\x00\x00\x00\x00\x00\x00\x00\x00\x00\x00\x00\x00\x00\x00\x00\x00\
\x01\x00\x00\x00\x00\x00\x03\x00\x04\x00\x05\x00\x06\x00\x07\x00\
\x08\x00\x09\x00\x0a\x00\x0b\x00\x0c\x00\x0d\x00\x0e\x00\x0f\x00\
\x10\x00\x11\x00\x12\x00\x13\x00\x14\x00\x15\x00\x16\x00\x17\x00\
\x18\x00\x19\x00\x1a\x00\x1b\x00\x1c\x00\x1d\x00\x1e\x00\x1f\x00\
 \x00!\x00\x22\x00#\x00$\x00%\x00&\x00'\x00\
(\x00)\x00*\x00+\x00,\x00-\x00.\x00/\x00\
0\x001\x002\x003\x004\x005\x006\x007\x00\
8\x009\x00:\x00;\x00<\x00=\x00>\x00?\x00\
@\x00A\x00B\x00C\x00D\x00E\x00F\x00G\x00\
H\x00I\x00J\x00K\x00L\x00M\x00N\x00O\x00\
P\x00Q\x00R\x00S\x00T\x00U\x00V\x00W\x00\
X\x00Y\x00Z\x00[\x00\x5c\x00]\x00^\x00_\x00\
`\x00a\x00\x00\x00\x86\x00\x87\x00\x89\x00\x8b\x00\x93\x00\
\x98\x00\x9e\x00\xa3\x00\xa2\x00\xa4\x00\xa6\x00\xa5\x00\xa7\x00\
\xa9\x00\xab\x00\xaa\x00\xac\x00\xad\x00\xaf\x00\xae\x00\xb0\x00\
\xb1\x00\xb3\x00\xb5\x00\xb4\x00\xb6\x00\xb8\x00\xb7\x00\xbc\x00\
\xbb\x00\xbd\x00\xbe\x00\x00\x00r\x00d\x00e\x00i\x01\
J\x00x\x00\xa1\x00p\x00k\x00\x00\x00v\x00j\x00\
\x00\x00\x88\x00\x9a\x00\x00\x00s\x00\x00\x00\x00\x00g\x00\
w\x00\x00\x00\x00\x00\x00\x00\x00\x00\x00\x00l\x00|\x00\
\x00\x00\xa8\x00\xba\x00\x81\x00c\x00n\x00\x00\x00\x00\x00\
\x00\x00\x00\x00m\x00}\x01K\x00b\x00\x82\x00\x85\x00\
\x97\x00\xc3\x00\xc4\x01@\x01A\x01F\x01G\x01B\x01\
C\x00\xb9\x00\x00\x00\xc1\x00\x00\x01Q\x01S\x01O\x01\
P\x00\x00\x00\x00\x00\x00\x00y\x01D\x01H\x00\x00\x00\
\x84\x00\x8c\x00\x83\x00\x8d\x00\x8a\x00\x8f\x00\x90\x00\x91\x00\
\x8e\x00\x95\x00\x96\x00\x00\x00\x94\x00\x9c\x00\x9d\x00\x9b\x00\
\xc2\x00\xc6\x00\xc8\x00q\x00\x00\x00\x00\x00\xc7\x00z\xb8\
\x01\xff\x85\xb0\x04\x8d\x00\x00\x00\x00\x16\x00\x16\x00\x16\x00\
\x16\x00P\x00\x5c\x00\xd6\x01@\x01\xa6\x02\x16\x02:\x02\
j\x02\x98\x03\x06\x03V\x03t\x03\x9c\x03\xb2\x03\xd0\x04\
\x08\x04@\x04\x8e\x04\xfe\x05V\x05\xb0\x06\x02\x064\x06\
\x92\x06\xd6\x06\xe4\x06\xf0\x07 \x07r\x07\xa2\x07\xf2\x08\
\x84\x08\xb8\x09\x22\x09`\x09\xaa\x0a,\x0a\x90\x0a\xdc\x0b\
@\x0b^\x0b\x98\x0b\xe6\x0c\x1a\x0c~\x0c\xc6\x0d\x02\x0d\
V\x0d\xb6\x0e\x14\x0e^\x0e\x96\x0e\xde\x0f\x0a\x0fN\x0f\
\x8e\x0f\xbe\x10\x06\x10X\x10x\x10\xc2\x10\xe6\x11\x00\x11\
$\x11\x82\x11\xd2\x12\x12\x12h\x12\xba\x13\x14\x13\x82\x13\
\xca\x13\xd6\x13\xe2\x14(\x14P\x14\xc8\x15\x1a\x15P\x15\
\xa8\x16\x06\x16b\x16\xb4\x17\x10\x17d\x17\x9c\x17\xfc\x18\
B\x18\xa6\x18\xf0\x19B\x19l\x19\xaa\x19\xe2\x19\xe2\x1a\
\x1e\x1at\x1a\xe8\x1bV\x1bf\x1b\xa2\x1c\x0e\x1c6\x1c\
B\x1c\x96\x1c\xa2\x1c\xc2\x1c\xcc\x1c\xd8\x1c\xe2\x1d\x0e\x1d\
\x1c\x1dX\x1d\xb4\x1d\xd8\x1e<\x1e\xaa\x1e\xb4\x1e\xe8\x1f\
\x16\x1f\x1e\x1f*\x1f\xd2 h!X!\xa8!\xb4!\
\xc0!\xcc!\xd8!\xe4!\xf0\x22\x90\x22\x9c\x22\xa8\x22\
\xb4\x22\xc0\x22\xcc\x22\xd8\x22\xe4\x22\xf0\x22\xfc#l#\
x#\x84#\x90#\x9c#\xa8#\xb4$\x0c$z$\
\x86$\x92$\x9e$\xaa$\xb6%\x06%p%|%\
\x88%\x94%\xa0%\xac%\xb8&@&L&X&\
d&p&|&\x88&\x94&\xa0&\xac'\x18'\
$'0'<'H'T'`'r'\xce'\
\xda'\xe6'\xf2'\xfe(\x0a(Z(f(\x8c)\
2)>)j)r)z)\x82)\xaa)\xb2)\
\xbe*\x0e*\x16*\x1e***6*B*N*\
V*b*n*z*\x86*\x92*\x9a*\xa6*\
\xae*\xba*\xc2*\xce*\xd6*\xe2*\xea*\xf6*\
\xfe+\x0a+\x12+\x1e+&+2+>+J+\
R+Z+f+n+v+~+\x8a+\x96+\
\x9e+\xac+\xb4+\xbc+\xc6+\xd0+\xd8+\xe0+\
\xe8+\xf2+\xfc,>,H,r,\x9a,\xf8-\
Z-\xae-\xf8...p.\xb2/\x00/\x08/\
(/P/X/`/h/p/x/\x84/\
\x900\x0c0\x180$000<0D0P0\
X0`0l0x0\x800\x880\x940\x9c0\
\xa80\xb40\xc00\xcc0\xd40\xe00\xe81\x0e1\
\x161\xaa2@2~2\xb43\x943\xcc3\xd43\
\xdc3\xe43\xec4@4\xa85\x005\x085\x105\
\x185\x185\x185\x185\x185>5j5\x905\
\xb65\xde5\xe65\xf26:6\x826\x8e6\x986\
\xa86\xc66\xd26\xe26\xea6\xf27 7^7\
n7v7~8x8\x948\xba8\xec9\x229\
*929:9X9p9\x889\xa09\xa09\
\xc2:\x0c:\x18:T:\x90:\xee:\xfa;\x06;\
\x12;\x1e;&;2;>;\xb2<\x06<\x12<\
\x1e<*<~<\xf6=\x02=\x0e=`=\xb0>\
\x0c>:>\x8e>\xc2>\xee?x?\xdc@8@\
\xb4@\xceA\x0eA\x5cA\x92A\xdaB>B\x5cB\
\x9cB\xe6C\x0cCDC\x84C\xaaC\xecD@D\
jD\xbcE\x08EFE\xa2E\xe8F.FvF\
\xdcG<GdG\x98G\xdeH$HHH\x92H\
\xbeI$IfI\xc0J\x0cJRJ\xfaKpK\
\xfaLpL\xe2MfM\xd2N&N\x8aN\xf4O\
DO\x94O\xf2PHP\x9cP\xd6Q$QtQ\
\x9eQ\xdcR<R\x9eSbS\xb6T\x06T^T\
\xc2U\x0cU^U\xc2V\x00VNV\x82V\xcaW\
\x00WJW\x8aW\xd8X0XxY\x0eY\xa8Y\
\xb4Y\xc0Y\xccY\xd8Y\xe4Y\xf0Y\xfcZ\x8cZ\
\x98Z\xa4Z\xb0Z\xbcZ\xc8Z\xd0Z\xd8Z\xe0Z\
\xecZ\xf8[\x04[\x0c[\x18[ [,[4[\
<[D[L[T[`[h[p[x[\
\x84[\x90[\xec\x5cB\x5cR\x5c^\x5cj\x5cv\x5c\
\x82\x5c\x8e\x5c\x9a\x5c\xa6\x5c\xb2\x5c\xbe\x5c\xca\x5c\xd6\x5c\
\xe2\x5c\xea\x5c\xf6]\x02]\x0e]\x1a]&]2]\
>]J]V]b]n]z]\x86]\x8e]\
\x96]\x9e]\xaa]\xb6]\xc2]\xca]\xd6]\xde]\
\xea]\xf2]\xfa^\x02^\x0e^\x1a^&^.^\
6^>^J^V^b^j^r^z^\
\x86^\x92^\x9e^\xa6^\xae^\xb6^\xc2^\xce^\
\xda^\xe6^\xf2^\xfe_\x0a_\x16_\x22_._\
6_>_F_N_V_^_f_n_\
z_\x86_\x92_\x9a_\xa2_\xaa_\xb2_\xba_\
\xc6_\xd2_\xde_\xea_\xf6`\x02`\x0e`\x1a`\
&`.`6`6`B`R```r`\
~`\x8a`\x96`\xa4`\xb2`\xc4`\xd0`\xe0`\
\xee`\xfca\x22aDa\xa2a\xfabHb\x8cb\
\xbcb\xf0c$cnczc\x86c\x92c\x9ec\
\xa6c\xaec\xb6c\xc2c\xcec\xdac\xe6c\xf2c\
\xfed\x0ad\x1ad*dxd\xbce\x18efe\
\xa4\x00\x00\x00\x02\x00f\xfef\x03\x9a\x06f\x00\x03\x00\
\x07\x00\x00\x13\x11!\x11%!\x11!f\x034\xfd2\
\x02h\xfd\x98\xfef\x08\x00\xf8\x00f\x074\x00\x00\x00\
\x02\x00\xb6\xff\xe2\x01\xa2\x05\xa0\x00\x19\x00%\x00\x00\x13\
6\x16\x17\x1e\x02\x15\x1c\x01\x07\x0e\x01#\x22&76\
454.\x01'&6\x13\x14\x06#\x22&54\
632\x16\xfa\x1f1\x04\x13\x13\x08\x01\x01+ \x1f\
,\x01\x01\x07\x13\x12\x04&\xc677#YG16\
<\x05\x9b\x05'\x1e\x86\xf9\xff\x91\x1d? \x1f)+\
\x1f =\x1d\x90\xfa\xf0\x81\x1f1\xfa\xbe$O3?\
2FN\xff\xff\x00\x80\x03d\x01\xcb\x05|\x10'\x00\
\x0a\x00\xed\x00\x00\x10\x06\x00\x0a\x00\x00\x00\x02\x00_\xff\
\xa6\x06{\x05\xab\x00C\x00G\x00\x00\x05.\x017\x13\
\x05\x22&5463%\x13\x05\x22&5463\
%\x13>\x01\x17\x1e\x01\x07\x03%\x13>\x01\x17\x1e\x01\
\x07\x0372\x16\x15\x14\x06#\x05\x03%2\x16\x15\x14\
\x06#\x05\x03\x0e\x01'.\x017\x13\x05\x03\x0e\x01\x01\
\x03%\x13\x01\x9c\x1e \x07S\xfe\xf1\x1f+,\x1f\x01\
3i\xfe\xc0\x1f,+\x1f\x01fQ\x086\x1d\x1e!\
\x08G\x01\x9f;\x064\x1e\x1e$\x065\xf0 ++\
\x1f\xfe\xf2P\x01\x1e *+ \xfe\xc6E\x064\x1e\
\x1e$\x06?\xfe8]\x086\x01)i\x01\xc0QR\
\x086\x1e\x01N\x01-\x1f\x1f+\x01\x01\xa5\x01,\x1f\
\x1f,\x01\x01D\x1d!\x08\x086\x1e\xfe\xe3\x02\x013\
\x1e$\x06\x064\x1e\xfe\xe9\x01+ \x1f,\x01\xfe[\
\x01,\x1f\x1f,\x01\xfe\x97\x1e$\x06\x064\x1e\x01L\
\x01\xfe\x8b\x1d!\x03\xee\xfe[\x01\x01\xa5\x00\x00\x00\x00\
\x03\x00H\xff\x10\x03\xff\x06\x7f\x006\x00=\x00C\x00\
\x00\x01\x0e\x01'.\x01+\x01\x11\x04\x11\x14\x06\x07\x15\
\x14\x06#\x22&=\x01.\x01'.\x017>\x01\x17\
\x1e\x01\x17\x11$\x1146754632\x16\x1d\
\x01232\x16\x17\x1e\x01\x05\x14\x16\x17\x11\x0e\x01\x01\
4%\x11>\x01\x03\xc4\x10<\x1bKtG\x05\x01\xad\
\xe9\xc4\x1a\x12\x12\x1ag\xcbT\x1b\x11\x0f\x0f=\x1bA\
\xa9R\xfey\xd7\xb0\x1a\x12\x12\x1a\x02\x02Y\x9b^\x1a\
\x11\xfd6p\x81p\x81\x02^\xfe\xeb\x80\x95\x04\xc7\x1b\
\x11\x10*!\xfd\xe7\x8c\xfe\xf5\xa4\xd0\x0c\x8a\x12\x1a\x1a\
\x12\x89\x042/\x10<\x1a\x1b\x12\x0f%*\x04\x02\x00\
\x7f\x01\x15\xa3\xdd\x19\xcb\x12\x1a\x1a\x12\xc5,5\x0f<\
\xf2Pt0\x01\xf2\x14\x86\xfc\xe4\xa6a\xfe\x1d\x0au\
\x00\x00\x00\x00\x05\x00o\xff\xa3\x05Y\x05\x9d\x00\x0e\x00\
\x1c\x00'\x006\x00A\x00\x00\x134>\x0132\x16\
\x15\x14\x0e\x01#\x22.\x01%\x1e\x01\x07\x01\x0e\x01'\
.\x017\x01>\x01\x05\x14\x1632654#\x22\
\x06\x01\x22.\x0154632\x1e\x01\x15\x14\x0e\x01\
'2654&#\x22\x15\x14\x16oLxCl\
\x81>oJKr@\x04H\x18\x05\x11\xfc\xb6\x107\
\x1c\x1c\x1a\x11\x03]\x11@\xfcAV69M|C\
S\x03dEh:\x8bhEyKS\x7fCAc\
WA\x81J\x04\xb7Fg9\x8bhDyKR\x80\
\xfa\x13<\x1a\xfa\xdb\x1a\x18\x0d\x0d<\x1a\x05D\x1a\x05\
\xca@dVA\x81I\xfa\xc1LyCk\x82>o\
JLr@qV78N|CT\x00\x00\x00\x00\
\x03\x00\xc2\xff\xc3\x05/\x05\x95\x00/\x00<\x00H\x00\
\x00\x13467&54632\x1e\x01\x15\x14\x06\
\x07\x1e\x01\x17>\x017>\x01\x17\x1e\x01\x07\x0e\x01\x07\
\x16\x17\x1e\x01\x07\x0e\x01'.\x01'\x0e\x01#\x22.\
\x01\x13\x14\x16\x17>\x0254&#\x22\x06\x03\x14\x16\
3267.\x01'\x0e\x01\xc2\x98u\xac\xc7\xa2i\
\xa4^\xba\x8dI\xban\x1f<\x1d\x0f9\x1c\x1b\x17\x0e\
\x22F%9@\x18\x05\x14\x13>\x18!@\x1eU\xd0\
\x85\x81\xccu\xf6QLIyJq`aw]\x9f\
zd\x9eB{\xc6LXx\x01\x0c|\xc1V\xd3\xb3\
\xa6\xcaU\x94`\x8a\xcebO\xb0a(\x5c4\x1c\x14\
\x0d\x0d:\x1c>n/16\x14>\x18\x17\x06\x14\x1c\
5\x1aLQM\x92\x03\x99B\xa0_0crFS\
gk\xfc|^[96j\xb7PA\x8e\x00\x00\x00\
\x01\x00\x80\x03d\x00\xde\x05|\x00\x13\x00\x00\x13.\x01\
7654'&676\x16\x17\x16\x15\x14\x07\x0e\
\x01\xa6\x10\x16\x01\x0b\x0b\x01\x16\x11\x11\x1a\x01\x0b\x0b\x01\
\x1b\x03e\x02\x1b\x10cqvq\x11\x1b\x01\x02\x16\x11\
vyvf\x10\x16\x00\x00\x01\x00\x86\xff\x81\x01\xf2\x05\
\xd6\x00\x1b\x00\x00\x01\x1e\x01\x07\x0e\x02\x15\x14\x1e\x01\x17\
\x16\x06\x07\x06&'.\x0254>\x017>\x01\x01\
\x93\x1c\x15\x0e=B\x19.X@\x0e\x15\x1c\x1c;\x0e\
@`6\x1dIB\x0e;\x05\xc8\x0d<\x1c\x7f\xd3\xdb\
\x8c\x86\xd8\xd5\x84\x1c;\x0e\x0d\x14\x1c\x84\xe9\xf6\x96\x92\
\xf3\xee\x88\x1c\x15\x00\x00\x00\x01\x00\x81\xff\x81\x01\xec\x05\
\xd6\x00\x1b\x00\x00\x17.\x017>\x0254.\x01'\
&676\x16\x17\x1e\x02\x15\x14\x0e\x01\x07\x0e\x01\xdf\
\x1c\x14\x0d>B\x18.X@\x0d\x14\x1c\x1c<\x0d@\
`6\x1dHC\x0d<r\x0e;\x1c\x7f\xd3\xdc\x8b\x87\
\xd7\xd6\x83\x1c<\x0d\x0e\x15\x1c\x83\xea\xf5\x97\x91\xf4\xee\
\x88\x1c\x14\x00\x01\x00c\x01\xa0\x04\x04\x05\x84\x00C\x00\
\x00\x13&67>\x017&'.\x017>\x01\x17\
\x1e\x01\x17.\x01'&676\x16\x17\x1e\x01\x17>\
\x0176\x16\x17\x16\x06\x07\x06\x07\x16\x17\x1e\x01\x07\x0e\
\x01'.\x01'\x0e\x01\x07\x0e\x01'.\x01767\
\x0e\x01\x07\x06&\xa2\x11\x05\x14@\x84D\x8b\x96\x19\x15\
\x09\x090\x19O\x9aK\x01\x08\x07\x02#\x1a\x1a)\x03\
\x07\x08\x02K\x9bO\x190\x09\x09\x15\x19\x96\x8b\x8a~\
\x14\x05\x11\x116\x14<{?\x02\x09\x06\x02*\x1a\x19\
$\x03\x0c\x03?z<\x146\x02u\x147\x106`\
*I8\x091\x19\x19\x16\x09\x1dD(M\x9eO\x1a\
*\x02\x03#\x1aU\xa2O'D\x1e\x09\x16\x19\x191\
\x098IWi\x107\x14\x14\x06\x112Y)R\x9f\
R\x1a#\x02\x02)\x1a\x97\xa1)Y1\x11\x06\x00\x00\
\x01\x00p\x00\x16\x03\xd4\x03z\x003\x00\x00\x13&6\
7>\x017.\x01'&676\x16\x17\x1e\x01\x17\
232\x17\x1e\x01\x07\x0e\x01'&#\x22#\x14\x15\
\x14\x07\x0e\x01'.\x0176545\x0e\x01\x07\x06\
&t\x04&\x1fM\x95J\x03\x0a\x08\x04&\x1f\x1e2\
\x03\x09\x0b\x02\x09\x09\x81\x82\x1f*\x02\x01. \x7f|\
\x07\x07\x06\x01- \x1f)\x01\x06G\x8eI\x1e2\x01\
\xb0\x1e2\x03\x0a\x0b\x03A\x83C\x1e2\x04\x04'\x1f\
G\x8aE\x06\x01. \x1f)\x01\x06\x13\x14\x80\x83\x1f\
)\x01\x02.\x1f\x80{\x12\x12\x03\x0a\x09\x04&\x00\x00\
\x01\x00)\xfe\xe0\x01\xb1\x01\x0e\x00\x0d\x00\x00\x13.\x01\
7\x13>\x01\x17\x1e\x01\x07\x03\x0e\x01T\x1a\x11\x10\xe6\
\x10=\x1a\x1a\x11\x10\xe6\x10<\xfe\xf0\x10=\x1a\x01\x8c\
\x1a\x11\x10\x10<\x1b\xfet\x1a\x11\x00\x00\x01\x00p\x01\
k\x03\xd4\x02\x1e\x00\x15\x00\x00\x13&67>\x013\
2\x17\x1e\x01\x07\x0e\x01'&#\x22\x06\x07\x06&t\
\x04&\x1fy\xe7s\x81\x82\x1f*\x02\x01. \x7f|\
p\xddt\x1e2\x01\xb0\x1e2\x03\x0f\x0c\x06\x01. \
\x1f)\x01\x06\x0b\x0e\x04&\x00\x00\x00\x00\x01\x00\x8b\xff\
\xea\x01_\x00\xc4\x00\x0b\x00\x0074632\x16\x15\
\x14\x06#\x22&\x8b@06.72</W)\
DI\x1d'MQ\x00\x00\x01\x00\x86\xff\xb0\x03]\x05\
\xa1\x00\x0d\x00\x00\x17.\x017\x01>\x01\x17\x1e\x01\x07\
\x01\x0e\x01\xab\x1a\x0b\x0c\x02+\x0c0\x1e\x1e(\x0c\xfd\
\xc2\x0cB@\x10:\x1d\x05:\x1d#\x06\x076\x1d\xfa\
\x98\x1c\x0d\x00\x02\x00h\xff\xc4\x044\x05\x8e\x00\x12\x00\
#\x00\x00\x134>\x0332\x16\x12\x15\x14\x02\x0e\x01\
#\x22&\x027\x14\x1632>\x0254.\x01#\
\x22\x0e\x01\x02h$Lw\xa6k\x91\xd2q=\x83\xcf\
\x92\x92\xbd\x5c\x98\x7f\x92n\x97^*L\x8baa\x88\
U(\x02\x11{\xfd\xe6\xb6i\xab\xfe\xe1\xad\xa0\xfe\xd1\
\xf4\x90\x9a\x01\x0b\x8f\xb8\xe6w\xca\xfc\x86\x82\xd6\x81\x8b\
\xe3\xfe\xf3\x00\x01\x00c\xff\xb5\x02\xb5\x05o\x00!\x00\
\x00\x05.\x015\x13\x0e\x01\x07\x06&'&67>\
\x0176701676323\x16\x17\x16\x07\
\x03\x0e\x01\x02^\x1f,\x08M\xaaN\x1d;\x0e\x0d\x13\
\x1df\xe5R\x06\x08\x02\x02\x11\x14\x04\x03\x19\x13\x1b\x03\
\x09\x01+K\x01+\x1f\x04\x856\x5c\x1f\x0b\x12\x1c\x1c\
>\x0b&\x86O\x07\x05\x01\x01\x0a\x03\x11\x17$\xfa\xe0\
\x1f,\x00\x00\x01\x00i\xff\xdf\x04?\x05\x8a\x003\x00\
\x00\x13\x22&54>\x0132\x1e\x01\x15\x14\x0e\x01\
\x0f\x01>\x0132\x16\x17\x1e\x01\x07\x0e\x01'.\x01\
#\x22\x06\x07\x06'&67\x01>\x0154.\x01\
#\x22\x06\x15\x14\xe4\x22)o\xcc\x8b|\xc7vy\xca\
y\xe6J\x94LV\xa7Y\x1f*\x01\x01.\x1fj\xa7\
Yv\xe4q#\x19\x16\x02\x17\x01y\xb6\xd1N\x86T\
\x8c\x9f\x03j/(\x82\xceyu\xc2uv\xd5\xcfm\
\xd4\x06\x05\x05\x05\x02-\x1f\x1f*\x01\x05\x05\x0a\x0c\x03\
\x1a\x16?\x16\x01`\xaa\xfdvM|J\xbe\x8d?\x00\
\x01\x00g\xff\xc4\x03\xf6\x05\x8e\x00N\x00\x007>\x01\
\x17\x1632>\x015.\x01#\x22\x06\x07\x06\x0f\x01\
\x06'&'&70167470767\
0167>\x017>\x0254&#\x22\x07\x0e\
\x01'.\x017>\x0132\x1e\x01\x15\x14\x06\x07\x1e\
\x01\x17\x14\x0e\x01#\x22&'.\x01z\x14>\x18q\
\xb4b\x9aZ\x03\xb5\x87\x15*\x15\x1b\x1e\x0a%\x19\x0f\
\x03\x03\x0a\x01\x01\x01\x01\x01\x02\x10\x1b\x13)\x17c\xa4\
b\x83X\xd4E\x0f=\x1a\x1a\x11\x105\xd7\x94_\xa6\
hiO^\x86\x04\x8e\xe8\x88c\xc2O\x17\x06\xae\x17\
\x08\x14_Q\x88R\x80d\x04\x03\x04\x04\x02\x07\x1d\x0f\
\x15\x14\x13\x02\x01\x02\x01\x01\x02\x02\x16\x05\x03\x07\x03\x12\
>jR\x85y\xcd\x1a\x11\x10\x0f=\x1a\x86\x94]\xb8\
\x89k\x8f-$\x98\x80\x87\xcet?@\x14?\x00\x00\
\x01\x00o\xff\xb2\x04\xc3\x05u\x005\x00\x00\x01\x1e\x01\
\x0f\x01676\x16\x17\x16\x06\x07\x06\x07\x03\x0e\x01'\
.\x01?\x01\x06$'\x22'.\x017>\x047>\
\x01\x17\x1e\x01\x07\x0e\x03\x07\x1667\x13>\x01\x03\x85\
\x1f'\x03\x1abQ\x1d6\x07\x08\x22\x1di~\x1e\x04\
/\x1f\x1e)\x04\x1a\x98\xfe\xcc\x84\x0d\x10\x1c\x0c\x13+\
u\x81}i!\x0c:\x1c\x1d\x18\x0b'y\x8c\x8b:\
k\xf0u\x1e\x031\x02\xe7\x031\x1e\xf1\x0e\x14\x08\x22\
\x1d\x1e6\x07\x1a\x11\xfe\xf0\x1f(\x03\x031\x1e\xf1\x0c\
\x03\x13\x0a\x11B\x1a;\xb3\xd6\xe0\xd1R\x1d\x18\x0b\x0c\
9\x1d`\xee\xf7\xe2U\x08\x03\x0b\x01\x11\x1f(\x00\x00\
\x01\x00f\xff\xc4\x04\x18\x05\x8d\x00:\x00\x00\x01\x16\x06\
\x07\x06#\x22&'\x03632\x1e\x01\x15\x14\x0e\x01\
#\x22&'.\x017>\x01\x17\x1632654\
.\x01#\x22\x06\x07\x0e\x01#\x22&7\x13>\x01\x17\
\x1e\x0132676\x16\x04\x0d\x06\x22\x1ep\xceU\
\xa7C#s\x91\x81\xdb\x85\x8e\xf0\x94i\xc4T\x18\x07\
\x13\x14=\x19\x85\xa3\xa1\xd6_\xa0bO\x8a;\x0d\x1c\
\x11\x1f'\x038\x038\x225\xceh_\x99+\x1e5\
\x05I\x1e5\x07\x17\x08\x09\xfelNf\xd3\xa4\x9f\xe6\
}BC\x14>\x18\x18\x06\x12e\xbb\xa9z\x97E5\
/\x08\x0d/#\x02W )\x07\x0a\x0c\x0a\x09\x06\x22\
\x00\x00\x00\x00\x02\x00r\xff\xc4\x04\x15\x05p\x00$\x00\
3\x00\x00\x01\x16\x0e\x01#\x22&\x0254>\x033\
2\x16\x17\x1e\x01\x07\x0e\x01'.\x01#\x22\x0e\x01\x07\
>\x0132\x1e\x01\x012>\x01'.\x02#\x22\x0e\
\x01\x07\x1e\x01\x04\x14\x01x\xd3\x88\xa0\xceb\x1bCy\
\xbb\x858|C\x1d\x1e\x09\x088\x1d;f+x\x9d\
U\x0eD\xb0al\xc3~\xfe/]\x8fR\x02\x01X\
\x86JG\x80f\x1e\x04\x97\x01\xa2\x83\xd9\x82\xa1\x01%\
\xc4g\xdf\xd1\xa8c\x13\x14\x097\x1d\x1d\x1f\x09\x11\x10\
~\xdc\x8e0Eb\xc9\xfe\x1eX\x94Zs\x89=3\
K%\xfa\xe2\x00\x00\x00\x00\x01\x00g\xff\xb1\x03\xf1\x05\
o\x00\x1a\x00\x00\x13&67%6\x16\x15\x14\x07\x06\
\x0a\x01\x07\x0e\x01'.\x0176\x1a\x017\x05\x06&\
i\x02)\x1f\x02\xf2 0\x07X\x8ag%\x043\x1f\
\x1e%\x05\x22[{O\xfd\x8a\x1f/\x04\xec .\x02\
1\x02-!\x14\x0c\xb1\xfeS\xfe2\xe1\x1e%\x05\x05\
3\x1e\xcf\x01\xaa\x01\x97\xb3)\x02)\x00\x03\x00r\xff\
\xc8\x03\xe8\x05\x8e\x00\x22\x00.\x00=\x00\x00\x1346\
7.\x0154>\x0132\x16\x17\x16\x17\x16\x06\x07\
\x0e\x01\x07\x16\x17\x1e\x02\x15\x14\x0e\x01#\x22.\x01\x13\
\x14\x16\x17>\x017.\x01#\x22\x06\x11\x14\x1632\
654.\x01'&'\x0e\x01rraZyh\
\xb1p\x9b\xd74!\x15\x11\x06\x18p\xd4Z\x05\x05S\
\x9cdj\xafit\xb8i\x96fFN\xb6c\x22\x8c\
rj\x89\x8fp`\x8cY\x83A\x0f\x0eQ`\x01\x1d\
s\xd0cN\xb3gf\xa0]\x9e\x80\x02 \x19:\x11\
F\x8dI\x03\x033\x8c\xa1Uf\x95PT\x9a\x03u\
D\x86:B\x81A]pu\xfc\x9a\x5cc`U3\
ro-\x0a\x0aP\xa6\x00\x02\x00m\xff\xa9\x03\xd1\x05\
k\x00\x19\x00)\x00\x00\x012\x16\x12\x15\x14\x0a\x01\x07\
\x06&'&67>\x017\x06#\x22&54>\
\x01\x03\x14\x163267654.\x01#\x22\x0e\
\x01\x02\x1c\x91\xc2bq\xd0\x90!;\x0a\x0c\x1b\x16s\
\xaa/[\x83\xd0\xf0f\xc1\x93\x9c\x90Wv:\x09>\
\x80c\x5c\x7f@\x05k\x9e\xfe\xf4\xa6\xb4\xfe\xa5\xfe\xf1\
D\x10\x1c\x1d\x1e4\x0a7\xe6\x8e\x1f\xea\xd6\x84\xdb\x82\
\xfe\x1f\xa0\x8c!\x1f?>|\xc9w\x5c\x97\x00\x00\xff\
\xff\x00\x8b\x01\x1c\x01_\x04\x01\x12'\x00\x11\x00\x00\x03\
=\x10\x07\x00\x11\x00\x00\x012\x00\x00\xff\xff\x00)\xfe\
\xf7\x01\xbc\x04\x01\x10'\x00\x11\x00]\x03=\x10\x06\x00\
\x0f\x00\x17\x00\x01\x00\xaf\x00\xff\x02*\x03\xec\x00\x19\x00\
\x00\x01\x06&'&'&67>\x017>\x01\x17\
\x1e\x01\x07\x0e\x01\x07\x1e\x01\x17\x16\x06\x02\x0c\x13.\x0b\
l\x92\x13\x04\x10J~4\x0b-\x13\x14\x0c\x0b1u\
BAu1\x0b\x0b\x01\x0a\x0b\x0b\x13\xb0\x7f\x106\x0d\
=\x95[\x13\x0d\x0b\x0b-\x13U\x8e??\x8eQ\x13\
.\x00\x00\x00\x02\x00p\x01_\x03\xb0\x03q\x00\x19\x00\
3\x00\x00\x13>\x01\x17\x1e\x0232676\x16\x17\
\x16\x06\x07\x0e\x01#\x22.\x01'.\x01\x13>\x01\x17\
\x1e\x0232676\x16\x17\x16\x06\x07\x0e\x01#\x22\
.\x01'.\x01t\x02#\x168\x95\x8e-R\xa5E\
\x16#\x02\x02\x1e\x16F\xaaU.\x91\x98;\x16\x1d\x02\
\x05&\x15\x17u\x893O\xc7a\x17\x22\x02\x02\x1e\x17\
c\xcaR6\x89z#\x16\x1a\x03>\x16\x1d\x02\x04\x07\
\x03\x08\x06\x02\x1d\x17\x16\x22\x02\x06\x08\x03\x06\x05\x02#\
\xfe\x87\x16\x1b\x05\x04\x07\x03\x07\x07\x02\x1d\x17\x16\x22\x02\
\x07\x09\x03\x07\x06\x05&\x00\x01\x00p\x01\x00\x01\xea\x03\
\xec\x00\x19\x00\x00\x136\x16\x17\x16\x17\x16\x06\x07\x0e\x01\
\x07\x0e\x01'.\x017>\x017.\x01'&6\x8e\
\x12.\x0bk\x93\x13\x04\x10I\x7f5\x0a,\x14\x13\x0c\
\x0b1tBAt2\x0b\x0b\x03\xe1\x0b\x0b\x12\xb1\x7f\
\x106\x0d=\x94\x5c\x13\x0c\x0a\x0b-\x13V\x8e>?\
\x8eR\x12.\x00\x00\x00\x00\x02\x00\x98\xff\xe2\x03\xd4\x05\
\x9c\x00(\x004\x00\x00\x13&67>\x0132\x1e\
\x01\x15\x14\x06\x07\x0e\x01\x15\x14\x17\x16\x06\x07\x06&'\
&5467>\x0154&#\x22\x06\x07\x0e\x01\
\x01\x14\x06#\x22&54632\x16\xb0\x18\x1d\x19\
<\xd2rp\xb0f\x7f`JK\x06\x09)\x1c%-\
\x08\x0ajUcV\x89kU\xa5,\x1bF\x01\xd1F\
20HF23E\x04\x96&B\x14;OW\x9c\
jn\x96G7e?\x1c\x13#2\x05\x07#\x1c#\
-h\x8c?IoA\x5cfA0\x17\x04\xfb\xdf1\
FD32GI\x00\x00\x02\x00\x8d\xfd\xd5\x08W\x05\
\xcd\x00P\x00_\x00\x00\x01\x16\x06\x07\x06\x04#\x22,\
\x01\x0254\x1a\x01,\x0132\x0c\x01\x12\x15\x14\x0e\
\x02#\x22&'\x0e\x01#\x22.\x0154\x12$3\
2\x16\x17\x16\x07\x03\x07\x0e\x01\x15\x14\x1632>\x02\
54\x02&$#\x22\x04\x0e\x01\x02\x15\x14\x12\x16\x04\
32676\x16\x01.\x01#\x22\x0e\x01\x15\x14\x16\
32>\x017\x06\xb4\x11\x10\x1as\xfe\xf3\x92\xd4\xfe\
\x8e\xfe\xe8\x9ek\xc2\x01\x08\x01;\xad\xc2\x01U\x01\x03\
\x93-c\xa5x`\x88&:\xbb\x8a~\xc2m\x9a\x00\
\xff\x97a\xc3Y%\x074\x01\x02\x05dB?hL\
)z\xd8\xfe\xe0\xa5\x91\xfe\xf4\xe3\xa8]\x82\xeb\x01=\
\xba|\xe5c\x1a=\xfe\xfb=\x82@h\xbbu\x96\x7f\
k\x8eP\x0d\xfe\xd4\x1a=\x10HP\x87\xfb\x01`\xd9\
\xa6\x01=\x01\x13\xd1v\x88\xf8\xfe\xaf\xc8U\xd2\xc2}\
uSXzs\xc4y\xb8\x01\x1b\xa1?A\x1c,\xfe\
\x9b\x04\x199\x16`\x89Q\x87\xa4R\xa7\x01\x1a\xd0r\
f\xb5\xee\xfe\xf0\x8e\xb6\xfe\xd8\xd5rE=\x11\x10\x04\
\x17&%r\xd5\x95}\x9dq\xadY\x00\x02\x00g\xff\
\xa6\x05\x02\x05v\x00\x15\x00\x18\x00\x00\x17.\x017\x01\
>\x01\x17\x16\x17\x01\x16\x06\x07\x06&'\x03%\x03\x0e\
\x01\x09\x01\x05\x9a\x1c\x17\x0d\x02\x1a\x0e?\x1c\x1a\x08\x01\
\xde\x0b\x19\x1d\x1c:\x0bt\xfd\x93\x8c\x0d:\x02\x17\xfe\
\xf7\x01\xfbM\x0d;\x1c\x05,\x1d\x16\x10\x0f\x18\xfa\xdc\
\x1c:\x0b\x0b\x19\x1d\x01D\x0e\xfe\xa2\x1c\x17\x04\xbd\xfd\
i\x0c\x00\x00\x03\x00\x92\xff\xc4\x047\x05\x8e\x00,\x00\
9\x00I\x00\x00\x01\x14\x0e\x02#\x22/\x0101\x22\
#&'4\x154=\x010156\x1254\x02\
'&767>\x0132\x1e\x01\x15\x14\x06\x07\x1e\
\x01\x01\x22\x06\x07\x1e\x01\x17>\x0254&\x03\x22\x06\
\x07\x0e\x01\x07\x1e\x0132>\x0154&\x047d\
\xa3\xc3_\xad\x93\x04\x01\x01.\x01\x0b\x0b\x0e\x0b\x04.\
\x03\x03S\xba[o\xc9\x7fuW\x82\x9c\xfd\xf7<\x84\
=\x08\x0b\x01\x92\xed\x8b\xa1}%\x8e9\x01\x09\x084\
p7t\xb5h\xaf\x01d|\xa2\x5c&/\x02\x123\
\x04\x02\x02\x01\x01\x01\x93\x01?\x8e\xb0\x01 \x893\x16\
\x02\x01 (]\xabtr\x980&\xb5\x02\xf9\x16\x14\
o\xe9\x8a\x0fA|g]|\xfdw\x0a\x04u\xfex\
\x0c\x0e0tf\x92w\x00\x01\x00m\xff\xc4\x04\x8f\x05\
\x8e\x00%\x00\x00\x01\x0e\x01'&#\x22\x06\x02\x15\x14\
\x12\x163276\x16\x17\x16\x06\x07\x06#\x22$\x02\
54\x12>\x0132\x16\x17\x1e\x01\x04`\x0d:\x1d\
j}\xa7\xec}z\xea\xa8\x8e|\x1c<\x0e\x0e\x13\x1b\
\xa1\xaf\xd0\xfe\xd1\xa5]\xb1\xfb\x9fK\x94F\x1c\x17\x04\
\xed\x1c\x17\x0d/\xa3\xfe\xed\xaa\xa6\xfe\xfe\x94A\x0e\x12\
\x1b\x1b<\x0eS\xbe\x01G\xcd\x9b\x01\x13\xd2x\x1d \
\x0d:\x00\x00\x02\x00\x94\xff\xc4\x04\xc3\x05\x8e\x00\x19\x00\
+\x00\x00\x13632\x04\x12\x15\x14\x02\x06\x04#\x22\
'.\x0176\x1254.\x01'&6\x17\x1e\x01\
\x15\x14\x02\x07\x1632$\x125\x10\x00!\x22\x06\xe1\
gg\xe4\x01d\xccp\xc8\xfe\xf1\x9f\x93\x84\x19\x19\x03\
\x15\x17\x06\x0c\x0a\x03&z\x0b\x0a\x13\x13TV\xa9\x01\
\x0c\x9b\xfe\xad\xfe\xd5\x1b5\x05w\x17\xa2\xfe\xbf\xee\x9f\
\xfe\xec\xd1u4\x0a/\x17\xa6\x01\x86\xb7c\x9c\x9b`\
\x1e.\x85v\xc9\x82\xac\xfe\x9a\xa3\x1c\xa1\x01\x15\xad\x01\
 \x01\x19\x04\x00\x00\x00\x00\x01\x00k\xff\xdc\x04\x13\x05\
\x9f\x00X\x00\x00\x13&6763654.\x01\
'&6\x17\x1e\x0132676\x16\x17\x16\x06\x07\
\x0e\x01#\x22&'\x1e\x01\x15\x14\x07632\x16\x17\
\x1e\x01\x07\x0e\x01'&#\x22\x06\x07\x0e\x01\x07\x06\x15\
\x14\x1663:\x0176\x16\x17\x16\x06\x07\x06\x22#\
\x22\x06.\x025467>\x017.\x01o\x04&\
\x1f\x06\x06\x03\x04\x09\x09\x03()?~=t\xf0]\
\x1e5\x07\x07!\x1el\xfdz+V)\x08\x08\x03X\
a^\xb7[\x1f'\x04\x041\x1f\xa8\xb62_/\x06\
\x10\x0b\x03q\xde\xa1(L%\x1f-\x01\x01, &\
M(O\xb2\xa9\x8aR\x02\x03\x09\x0f\x05\x1b(\x02\xae\
\x1e2\x03\x01dZHnlB\x17?\x02\x04\x04\x13\
\x15\x07!\x1e\x1e5\x07\x19\x15\x04\x02I\x80UT\x5c\
\x06\x0c\x0b\x032\x1e\x1f&\x04\x13\x02\x03\x5c\xafK\x18\
\x16O2\x04\x01\x01+ \x1f,\x01\x01\x06\x0c5s\
e\x0f \x11C\xa0U\x01%\x00\x00\x00\x01\x00k\xff\
\xb2\x04\x0d\x05\x8a\x00>\x00\x00\x13&6767&\
\x02'&6\x17\x1e\x0132676\x16\x17\x16\x06\
\x07\x0e\x01#\x22&'\x1e\x01\x17632\x17\x1e\x01\
\x07\x0e\x01'.\x01#\x22\x07\x14\x02\x07\x0e\x01'.\
\x017\x12\x13\x22#\x06&o\x04&\x1f\x0a\x0a\x01\x0e\
\x11\x03()>}>t\xf0]\x1e5\x07\x07!\x1e\
l\xfdz+U)\x0d\x0c\x01SS\xb3\xb8\x1f&\x04\
\x032\x1eV\xadVPU\x11\x0f\x041\x1e\x1f'\x04\
\x1c\x01\x01\x02\x1e2\x02x\x1e2\x03\x01\x01\x9c\x01\x13\
\x93\x17?\x02\x04\x03\x12\x15\x07!\x1e\x1e5\x07\x19\x14\
\x03\x02}\xef\x82\x05\x17\x032\x1e\x1f&\x04\x0a\x0b\x05\
\x9c\xfe\xd7\x88\x1e(\x03\x041\x1e\x01\x02\x01-\x04&\
\x00\x00\x00\x00\x01\x00m\xff\xc4\x05\x09\x05\x8e\x000\x00\
\x00\x01463!2\x16\x17\x1e\x01\x15\x14\x02\x06#\
\x22$\x0254\x126$32\x17\x1e\x01\x07\x0e\x01\
'&#\x22\x06\x02\x15\x14\x1e\x0132>\x01'!\
\x22&\x02}-\x1f\x01\xf0 )\x02\x02\x03f\xef\xcf\
\xae\xfe\xe1\xabR\xa7\x01\x00\xae\xb1\x8e\x19\x09\x12\x13=\
\x19d\x82\xb3\xear\x80\xd9\x87\xa6\xad<\x04\xfeY\x1f\
-\x02\x89 +,\x1a\x1e:\x1d\xa2\xfe\xf0\xa3\x9d\x01\
7\xe7\x9a\x01\x1a\xdc\x7fj\x13<\x19\x19\x0a\x13J\xa3\
\xfe\xe4\xb8\xc3\xf2pu\xda\x95,\x00\x00\x01\x00\x96\xff\
\x9f\x04\xc4\x05q\x00<\x00\x00\x01\x0e\x01'#\x13\x16\
\x06#\x06&5\x03&$'\x06\x02\x07\x0e\x01'.\
\x0176\x127.\x0154674\x02'&6\
76\x16\x17\x16\x12\x15\x16\x04\x17\x03&636\x16\
\x15\x13\x163\x1e\x01\x04\xc3\x01. \x03\x05\x01+\x1f\
\x1f-\x05\x98\xfe\xaa\x8b\x02\x0b\x0a\x020\x1f\x1f)\x02\
\x0a\x0b\x02\x17\x1f \x18\x03\x04\x01+\x1f\x1f-\x01\x04\
\x03\x8b\x01S\x98\x05\x01+\x1f ,\x05\x07\x06\x1f)\
\x02\x8a\x1f)\x01\xfd\xa8\x1f,\x01+\x1f\x02`\x05\x08\
\x01\x99\xfe\xd1\x95\x1e*\x02\x020\x1e\x93\x01,\x98\x07\
)\x19\x1a)\x06\x8d\x01\x1b\x8d ,\x01\x02+\x1f\x8e\
\xfe\xe4\x8e\x02\x08\x06\x02E\x1f,\x01+\x1f\xfd\xb4\x01\
\x01.\x00\x00\x01\x00\x96\xff\xb5\x01P\x05\x9d\x00\x0d\x00\
\x00\x17.\x015\x13>\x01\x17\x1e\x01\x07\x03\x0e\x01\xe0\
\x1f+#\x01-\x1f\x1f+\x01#\x01,K\x01-\x1f\
\x05Q\x1f+\x01\x01,\x1f\xfa\xaf\x1f+\x00\x00\x00\x00\
\x01\x00l\xff\xc4\x02\x8b\x05p\x00%\x00\x00\x1346\
3!2\x16\x15\x14\x06+\x01\x16\x12\x15\x14\x0e\x01#\
\x22'.\x017>\x01\x17\x163265\x10\x02'\
#\x22&{,\x1f\x01y ,, 7\x1c\x1b=\
\x8bu('\x1e)\x02\x030\x1f \x22eB\x1b\x1d\
\xab\x1f,\x05% ++ \x1f,\xea\xfe:\xfeb\
\xa4b\x03\x03/\x1f\x1f(\x02\x03Zx\x00\xff\x01\xc4\
\xeb,\x00\x00\x01\x00\x96\xff\xb0\x04o\x05\x9d\x00+\x00\
\x00\x17.\x015\x13&47\x13>\x01\x17\x1e\x01\x07\
\x036\x007>\x01\x17\x1e\x01\x07\x0e\x01\x04\x07\x16\x00\
\x17\x1e\x01\x07\x0e\x01'&\x00'\x03\x0e\x01\xe0\x1f+\
\x10\x0d\x10\x10\x01-\x1f\x1f+\x01\x0e\xb0\x01Sz\x13\
=\x19\x19\x0a\x13`\xf4\xfe\xf7\x81\xa1\x01\x81\xcd\x1a\x0d\
\x11\x10>\x1a\xba\xfe\x99\x9d\x0c\x01,K\x01-\x1f\x02\
}\x115\x14\x02y\x1f+\x01\x01,\x1f\xfd\xedr\x01\
(\xa4\x19\x0a\x13\x13=\x19\x82\xee\xcaM\xad\xfe\xcf}\
\x10=\x1a\x1a\x0e\x11q\x01\x15\x9c\xfe\x1c\x1f+\x00\x00\
\x01\x00\x94\xff\xcb\x04!\x05q\x00\x1c\x00\x00\x136\x16\
\x17\x1e\x01\x15\x14\x02\x07\x05\x1e\x01\x07\x0e\x01#%.\
\x0176\x1254&'&6\xee .\x02\x08\x09\
\x10\x0d\x02\xa5\x1f+\x01\x01,\x1f\xfd\x0c\x1d/\x02\x0f\
\x12\x07\x08\x02)\x05o\x02)\x1f\x7f\xf5w\xb4\xfe\x9f\
\xb3\x15\x01,\x1f\x1f+\x17\x01/!\xc5\x01\x82\xc4v\
\xef| .\x00\x00\x00\x00\x01\x00\x89\xff\xb2\x05\xeb\x05\
u\x00=\x00\x00\x17.\x017\x13>\x01\x17\x1e\x01\x17\
\x16\x12\x16\x17\x163267>\x037>\x01\x17\x1e\
\x01\x17\x16\x1a\x02\x17\x16\x06\x07\x06&'&\x0a\x01'\
\x0e\x02\x07\x0e\x01#\x22&'.\x01'\x03\x0e\x01\xcf\
\x1e(\x03\x89\x045 \x17\x1f\x05!hr06\x22\
\x11(\x1a)XR>\x0d\x079\x1f\x1a\x1b\x01\x07\x1c\
+<'\x08\x22\x1e\x1e5\x07'<*\x0d\x15?G\
#'_GNb&1r)h\x040K\x041\
\x1e\x05\x14 (\x06\x04!\x11q\xfe\xfe\xf2Z]&\
-H\xc0\xcd\xbcC \x22\x09\x07,\x12\xc0\xfe\xb8\xfe\
\xd3\xfe\xd1\xa6\x1e5\x07\x07!\x1e\xa7\x010\x018\xb0\
D\x9c\x95;CevCV\xf5t\xfc\x1e\x1e(\x00\
\x01\x00\x95\xff\xb3\x04\xb7\x05\x9c\x00%\x00\x00\x17.\x01\
7\x1a\x01\x13>\x01\x17\x1e\x01\x17\x12\x00\x1b\x01>\x01\
3\x1e\x01\x15\x03\x0e\x01\x07\x06&'\x02\x00\x03\x0a\x01\
\x03\x0e\x01\xdd\x1f)\x01\x11\x18\x04\x011 \x10\x1e\x07\
\xc5\x01g\x9f\x0c\x01,\x1f\x1f+\x0f\x01\x10\x10\x1b@\
\x11\x9d\xfe\x9c\xc5\x06\x15\x0e\x01.K\x02.\x1f\x01N\
\x02\x80\x01S -\x03\x01\x12\x0a\xfe\xfd\xfd\xdb\xfe\xed\
\x04;\x1f+\x01+ \xfa\xb3\x10#\x0b\x12\x11\x1c\x01\
\x1c\x029\x01\x0e\xfe\xea\xfd\xe5\xfe\xea\x1f)\x00\x00\x00\
\x02\x00m\xff\xc4\x05\x91\x05\x8e\x00\x12\x00#\x00\x00\x05\
\x22$\x0254\x126$32\x1e\x01\x12\x15\x14\x02\
\x0e\x01'26\x1254\x02&#\x22\x0e\x02\x15\x14\
\x1e\x01\x02\xe2\xb6\xfe\xe4\xa3h\xbe\x01\x06\x9f\x90\xe0\x9a\
Og\xb9\xfb\x94\x98\xf3\x8er\xcb\x86w\xcd\x99V|\
\xd7<\xae\x011\xc2\x9c\x01\x22\xe5\x86~\xd4\xfe\xf9\x89\
\x9f\xfe\xf1\xcap\x96\x96\x01\x0c\xb0\xa1\x01\x0a\x9fh\xb7\
\xed\x85\x9f\xeb\x81\x00\x00\x00\x02\x00m\xff\xb3\x04\xb9\x05\
\x8e\x00$\x003\x00\x00\x13.\x017>\x0232\x1e\
\x01\x15\x14\x0e\x02#\x22&'\x03\x0e\x01'.\x017\
\x13&767\x13\x06\x07\x0e\x01%\x22\x06\x07\x03\x1e\
\x0132>\x0154.\x01\x87\x16\x04\x14:\xb0\xcb\
_\x9c\xf8\x90o\xb8\xdcm&m7\x19\x02/\x1f\x1f\
)\x02\x1d\x12\x0d\x04\x070\x1f\x13\x14?\x01\xf74n\
45/p y\xd8\x89i\xb4\x04W\x14?\x17B\
[0\x98\xfe\x9a|\xc3\x89H\x06\x09\xfe\x9e\x1f)\x02\
\x02/\x1f\x01\x94 !\x0b\x08\x02\x9b\x15\x16\x17\x03\xb3\
\x14\x10\xfd$\x08\x0ae\xabjs\xb9l\x00\x00\x00\x00\
\x02\x00m\xffs\x05\x91\x05\x8e\x00\x1d\x00;\x00\x00\x05\
\x22$\x0254\x126$32\x1e\x01\x12\x15\x14\x02\
\x07\x16\x17\x1e\x01\x07\x0e\x01'&'\x0e\x01'27\
.\x01'&676\x16\x17\x1e\x01\x17>\x0154\
\x02&#\x22\x0e\x02\x15\x14\x1e\x01\x02\xe2\xb6\xfe\xe4\xa3\
h\xbe\x01\x06\x9f\x90\xe0\x9aOl_JW\x17\x04\x14\
\x14?\x17`QO\xbah\x93x(N(\x12\x0a\x19\
\x1a=\x12'K'GRr\xcb\x86w\xcd\x99V|\
\xd7<\xae\x011\xc2\x9c\x01\x22\xe5\x86~\xd4\xfe\xf9\x89\
\xa2\xfe\xebdML\x14@\x17\x17\x03\x14TU39\
\x96G0e7\x1a=\x12\x12\x0a\x196a.N\xda\
\x84\xa1\x01\x0a\x9fh\xb7\xed\x85\x9f\xeb\x81\x00\x00\x00\x00\
\x02\x00m\xff\xaf\x04\xc0\x05\x8e\x00(\x007\x00\x00\x13\
67\x13\x06\x07\x06&'&676$32\x1e\
\x01\x15\x14\x0e\x01\x07\x01\x1e\x01\x07\x0e\x01'\x01\x03\x0e\
\x01'.\x017\x13.\x01\x01\x22\x06\x07\x03\x1e\x013\
2>\x0154.\x01\xea\x0a\x13#%\x1b\x19=\x14\
\x13\x04\x19\x5c\x01\x11\x90\x9e\xee\x86\x85\xdf\x86\x01\xe6\x1b\
\x10\x10\x0f>\x1a\xfdI\x14\x02.\x1f\x1f)\x01\x18\x16\
\x0e\x01\xab0c/*,Y){\xc9va\xab\x02\
\x06\x11\x0a\x02n\x18\x1a\x12\x04\x17\x17@\x13Vh\x99\
\xff\x98\x87\xdd\x91\x15\xfe\xed\x0f=\x1b\x1a\x11\x10\x01\x95\
\xfe\xa8\x1f)\x01\x02.\x1f\x01\xa5\x0f6\x03\x08\x11\x0f\
\xfd%\x0e\x0bj\xadeu\xb9j\x00\x00\x01\x00H\xff\
\xc4\x03\xff\x05\x8e\x00/\x00\x00\x01\x0e\x01'.\x01#\
\x22\x06\x15\x14\x16\x17\x04\x11\x14\x0e\x01#\x22&'.\
\x017>\x01\x17\x1e\x0132654%.\x015\
4>\x0132\x16\x17\x1e\x01\x03\xc4\x10<\x1bKt\
G\x98\xb6\x93\xab\x01\xb8w\xd7\x91p\xe0\x5c\x1b\x11\x0f\
\x0f=\x1bJ\xc0Z\x95\xb0\xfe\xb3\xd7\xd0{\xda\x8eY\
\x9b^\x1a\x11\x04\xc7\x1b\x11\x10*!\x8fw[~6\
\x8c\xfe\xf1t\xae`33\x10<\x1a\x1b\x12\x0f)+\
ye\xb5dA\xcc\x91{\xbbi,5\x0f<\x00\x00\
\x01\x00n\xff\xb7\x05S\x05o\x00\x1f\x00\x00\x05\x06&\
'&\x0254\x127%.\x015>\x013\x05\x1e\
\x01\x15\x0e\x01#%\x06\x02\x15\x10\x13\x16\x06\x02\xe0\x1f\
.\x01\x04\x07\x08\x08\xfe!\x1f+\x01,\x1f\x04O \
*\x01,\x1f\xfe&\x07\x07\x09\x01*H\x01+\x1f\x89\
\x01\x13\x8a\xad\x01S\xaa\x08\x01,\x1f *\x13\x01,\
\x1f\x1f+\x08\xa9\xfe\xaf\xad\xfe\xf0\xfe\xef\x1f.\x00\x00\
\x01\x00\x95\xff\xc4\x04\xbb\x05\x9d\x00+\x00\x00\x01\x1e\x01\
\x07\x06\x02\x15\x14\x12\x16326\x1a\x0154&'\
&676\x16\x17\x1e\x01\x15\x14\x0a\x01\x0e\x01#\x22\
.\x01\x0254\x127>\x01\x01;\x1e\x22\x06\x22&\
=\x9b\x8b\x82\x9fT\x1e\x04\x03\x01)\x1f .\x01\x04\
\x05\x1aD|\xc4\x8d\x91\xc3t3)#\x075\x05\x80\
\x075\x1e\x9c\xfe\xdb\xa9\xac\xfe\xeb\xa1\xa4\x01\x15\x01X\
\xb3G\xab= .\x01\x01)\x1f>\xb0I\xa3\xfe\xbf\
\xfe\xe4\xdc~z\xd7\x01\x17\x9d\xaa\x010\xa3\x1e\x22\x00\
\x01\x00h\xff\xdb\x05#\x05v\x00\x14\x00\x00\x136\x16\
\x17\x09\x01>\x01\x17\x1e\x01\x07\x01\x06\x07\x06&'\x01\
&6\xa0\x1d9\x0a\x01|\x02\x11\x0d<\x1c\x1c\x15\x0e\
\xfd\xa0\x0c\x1a\x1d=\x0b\xfeH\x0a\x1b\x05k\x0b\x1c\x1d\
\xfb\xb6\x04R\x1c\x15\x0e\x0d<\x1c\xfb\x09\x19\x0b\x0d\x1a\
\x1f\x04\xf7\x1d9\x00\x00\x00\x01\x00h\xff\xdb\x07e\x05\
\x96\x00\x22\x00\x00\x136\x16\x17\x09\x01>\x01\x17\x16\x17\
\x09\x01>\x01\x17\x1e\x01\x07\x01\x06\x07\x06&'\x09\x01\
\x06\x07\x06&'\x01&6\xa4\x1d7\x09\x01\x11\x01\x8c\
\x0d>\x1c\x1d\x08\x01:\x01h\x0a9\x1d\x1d\x1c\x0b\xfe\
Q\x08!\x1e<\x0b\xfe\xbe\xfep\x0d\x1d\x1e<\x09\xfe\
\xb3\x09\x1f\x05\x8d\x09\x1e\x1d\xfb\xb0\x03\xad\x1e\x17\x0f\x0e\
\x1d\xfcd\x04&\x1d\x1c\x0b\x0a9\x1d\xfb\x0a\x1e\x0f\x0d\
\x1b\x1f\x03\xb2\xfcI\x1d\x0c\x0c\x1e\x1f\x05\x18\x1d7\x00\
\x01\x00j\xff\xad\x04\xbb\x05\x89\x00\x1f\x00\x00\x17.\x01\
7\x09\x01&676\x16\x17\x09\x01>\x01\x17\x1e\x01\
\x07\x09\x01\x16\x06\x07\x06&'\x09\x01\x0e\x01\x8e\x19\x0b\
\x11\x01\xb2\xfey\x11\x0b\x19\x19>\x12\x01e\x01\x82\x11\
?\x19\x1a\x0a\x11\xfe_\x01\xc6\x11\x0a\x1a\x19?\x11\xfe\
\x5c\xfem\x11>>\x11?\x19\x02~\x02)\x19?\x11\
\x11\x0a\x1a\xfe\x06\x027\x1a\x0a\x11\x11>\x1a\xfd\x9b\xfd\
}\x19>\x11\x12\x0b\x19\x02T\xfd\xb0\x19\x0b\x00\x00\x00\
\x01\x00j\xff\xb5\x04\xbb\x05t\x00\x17\x00\x00\x05\x22&\
'\x03\x01&676\x16\x17\x09\x01>\x01\x17\x1e\x01\
\x07\x01\x13\x14\x06\x02\x96\x1f,\x01\x0b\xfe=\x12\x0b\x19\
\x19=\x12\x01\x93\x01\xa5\x11?\x19\x1a\x0a\x11\xfe+\x0b\
*K+\x1f\x02c\x02\x98\x19=\x12\x12\x0a\x1a\xfd\xad\
\x02J\x1a\x0a\x11\x11>\x1a\xfdp\xfd\xa0\x1f,\x00\x00\
\x01\x00i\xff\xdf\x05!\x05\x84\x00'\x00\x00\x13&6\
76,\x01\x16\x17\x1e\x01\x07\x02\x00\x036$32\
\x16\x15\x14\x06#\x22\x0c\x01\x07\x06&7\x12\x00\x01&\
 \x04\x07\x06&p\x07!\x1dt\x01\x07\x01\x0c\xf7d\
0\x19 \xff\xfer\xb3\xdd\x01\x97\xef ,, \xb8\
\xfe\xb9\xfe\xc3\xaa1-\x16\xb0\x01\x8e\x01\x03t\xfe\xe7\
\xfe\xe6v\x1d6\x04\xe4\x1e6\x07\x1d!\x07\x14\x18\x0a\
U \xff\x00\xfd\xc8\xfe\xe8\x16\x15, \x1f-\x0c\x19\
\x13\x05R%\x01!\x02O\x01\x11\x11\x1d\x1e\x07!\x00\
\x01\x00\x86\xff\xe1\x02Z\x05w\x005\x00\x00\x01\x16\x06\
\x07\x0e\x01#\x22&'\x1e\x01\x15\x14\x06\x07\x0e\x02\x15\
\x14\x16\x17\x1e\x01\x07\x0e\x01'.\x0254>\x017\
>\x0154&'&6\x17\x1e\x0132676\
\x16\x02X\x02(\x1f\x1f= \x1c7\x1b\x06\x07\x0a\x06\
\x04\x03\x01q}\x1f*\x02\x01. i\xaeg\x01\x04\
\x04\x06\x09\x08\x0a\x03*)&J''J# .\
\x05/\x1f/\x03\x02\x03\x01\x01D\x87Dm\xd6hA\
NJ>[2\x05\x01. \x1f)\x01\x052|u\
>NRAh\xd2iV\xa9U\x19>\x03\x03\x01\x01\
\x03\x02(\x00\x01\x00\x81\xff\xb0\x03X\x05\xa1\x00\x0d\x00\
\x00\x05\x06&'\x01&676\x16\x17\x01\x16\x06\x03\
3\x1aB\x0c\xfd\xc2\x0c(\x1e\x1e0\x0c\x02+\x0c\x0b\
@\x10\x0d\x1c\x05h\x1d6\x07\x06#\x1d\xfa\xc6\x1d:\
\x00\x00\x00\x00\x01\x00\x84\xff\xe2\x02d\x05\x8e\x000\x00\
\x00\x13>\x01\x17\x1e\x01\x17\x1e\x01\x07\x0e\x02\x15\x14\x16\
\x17\x1e\x01\x15\x14\x0e\x02#\x22&546326\
54&'.\x0154>\x017.\x01'.\x01\
\x88\x053\x1eD\x9aM%+\x07\x12\x0f\x03\x0e\x0b\x0b\
\x12Et\x8bG\x1f,,\x1f\x81r\x0e\x0b\x0b\x12\x03\
\x0b\x0b;x6\x1e$\x05K\x1f$\x05\x0a\x0e\x02\x01\
;\x1fPy\x82^E\x8dJK\x9aMa|D\x1a\
,\x1f +=hD\x8dIL\x9aNMvo@\
\x03\x0d\x08\x053\x00\x00\x00\x01\x00\x8f\x04b\x02R\x05\
\xc8\x00\x12\x00\x00\x13.\x017\x1362\x1f\x01\x16\x06\
\x07\x06&/\x01\x07\x0e\x01\xa6\x0f\x08\x09\xa6\x0b3\x0b\
\xc0\x0b\x04\x0e\x0e&\x0b\x99\x84\x0a$\x04l\x09$\x0f\
\x01\x0e\x12\x0e\xf1\x0e&\x0b\x0b\x05\x0e\xc0\xd8\x0f\x09\x00\
\x01\xff\xb4\xff\xe2\x02\xae\x00x\x00\x0d\x00\x00%\x14\x06\
#!\x22&5463!2\x16\x02\xae, \xfd\
\x9e\x1f--\x1f\x02b ,-\x1f,,\x1f +\
+\x00\x00\x00\x01\x00\x90\x04a\x01\xa1\x05\xf8\x00\x11\x00\
\x00\x136\x16\x17\x1e\x01\x17\x16\x06\x07\x06&'.\x01\
'&6\xa3\x0e%\x0b0e$\x07\x0d\x11\x10#\x07\
\x22c)\x0b\x05\x05\xed\x0b\x04\x0e=\xb7O\x10#\x08\
\x07\x0e\x10K\xb14\x0e%\x00\x00\x00\x00\x02\x00m\xff\
\xc4\x04\xc9\x044\x00'\x00:\x00\x00\x05\x22&'\x0e\
\x01#\x22.\x01'&>\x0232\x16\x177>\x01\
\x17\x1e\x01\x07\x03\x06\x07\x0e\x01\x17\x1e\x01\x17\x1e\x01\x17\
\x14\x06%2>\x017\x13\x06&'.\x01#\x22\x0e\
\x02\x17\x1e\x01\x04~\x5cm\x1b=\xb4x\x87\xc7o\x04\
\x03G\x89\xc4{Y\x8d9\x04\x02/\x1f\x1e+\x02!\
\x02\x03\x03\x01\x02\x041O\x14\x22\x01,\xfd\x95n\x8c\
I\x09\x13\x16-\x0d\x22bAZ\x8d`0\x03\x05\x98\
\x1eXFVf\x82\xdd\x86w\xe7\xbcqG<3\x1f\
&\x05\x042\x1e\xfe-\x1b\x1b(W#Ff\x05\x05\
!!\x1f,xu\xc7{\x01\x0e\x04\x12\x14(5X\
\x92\xb2[\x8f\xbe\x00\x00\x00\x01\x00\x95\xff\xc4\x04O\x05\
\x9d\x001\x00\x00\x01\x1e\x01\x07\x03>\x0132\x1e\x02\
\x15\x14\x02\x06#\x22'.\x017>\x01\x17\x1632\
>\x0154.\x01#\x22\x06\x07\x06\x07\x03\x0e\x01'\
.\x017\x13>\x01\x01\x0e\x1f*\x01\x0eE\xaaX~\
\xadg.\x93\xff\xa1RN\x1d \x07\x087\x1e9@\
x\xbak=\x84ie\xb13\x02\x05\x13\x01-\x1f\x1f\
+\x01*\x01.\x05\x9c\x01-\x1f\xfeOGOh\xa6\
\xc1Y\xa6\xfe\xf8\x9a\x15\x086\x1d\x1d!\x08\x10q\xc3\
zl\xb9q\x89\x91\x0a\x09\xfd\xba\x1f+\x01\x01.\x1f\
\x05$\x1f*\x00\x00\x00\x00\x01\x00m\xff\xc4\x03\xd1\x04\
4\x00)\x00\x00\x01\x0e\x01'.\x01#\x22\x0e\x02\x15\
\x14\x1e\x0132676\x16\x17\x16\x06\x07\x0e\x01#\
\x22.\x0154>\x0232\x16\x17\x1e\x01\x03\xa9\x14\
?\x17*`9U\x8ac5>\x89nS\x9aB\x1d\
8\x09\x0a\x1d\x1dQ\xa3^\x9f\xd2gJ\x8a\xc1vW\
\x95=\x17\x05\x03Z\x17\x04\x13%'V\x8f\xb1\x5c\x5c\
\x9a\x5c*!\x0a\x1d\x1d\x1d7\x0a&-\x87\xe1\x87v\
\xe4\xb9n;5\x14?\x00\x02\x00m\xff\xc4\x04a\x05\
\x9d\x00!\x006\x00\x00\x012\x17\x13>\x01\x17\x1e\x01\
\x07\x03\x14\x1e\x01\x17\x16\x06\x07\x06&'&'\x0e\x01\
#\x22.\x0154>\x02\x03\x14\x1632674\
7<\x0157&'.\x01#\x22\x0e\x01\x02h\xa5\
\x82\x09\x01-\x1f\x1f+\x01\x13\x0a\x16\x12\x14\x08\x17\x18\
?\x14)\x13C\xbeq\x87\xc8mJ\x88\xb9\xf3\x99\x8d\
\x8a\xb4\x1b\x01\x06,\x13.wAi\x9fY\x043|\
\x01\x9c\x1f+\x01\x01,\x1f\xfc\xae\x97\xa5N\x17\x18?\
\x14\x13\x07\x173FR`\x85\xe7\x94u\xdf\xb2i\xfd\
\x8f\xa3\xc5\xc2\x99\x03\x02\x11#\x12\xfe\x01$==\x89\
\xd9\x00\x00\x00\x02\x00j\xff\xc4\x04&\x044\x00&\x00\
3\x00\x00%\x0e\x01#\x22&'.\x01'&67\
>\x0332\x1e\x01\x15\x14\x0e\x01\x07\x06\x05\x1e\x013\
2676\x16\x17\x16\x06\x01\x22\x0e\x01\x07>\x017\
>\x0154&\x04\x0dX\xd2h\xa7\xfc&\x1c(\x02\
\x02!\x1a\x01P\x94\xcf\x7fI\x8f_Ib%\xed\xfe\
\xf7\x1c\x9fwY\x9b8\x17?\x15\x14\x02\xfe\xb0p\xb7\
o\x03u\xdca>RcKO8\xa9\xbb\x01(\x1c\
\x1c,\x06u\xe2\xb6l=yYOzS\x16\x8d-\
uj-4\x14\x02\x17\x17?\x03>\x81\xd3|\x14O\
:$U6=G\x00\x00\x01\x00l\xff\xb1\x02\xcd\x06\
\x94\x009\x00\x00\x13&6767>\x017>\x03\
32\x16\x17\x16\x06\x07\x0e\x01'&#\x22\x06\x07\x0e\
\x01\x07\x16\x17\x1e\x01\x07\x0e\x01'&'\x06\x02\x15\x14\
\x06#\x22&54\x127\x22\x06\x07\x06&n\x02)\
\x1f:3\x05\x0b\x08\x05\x1c5T=-J\x1e\x13\x03\
\x10\x12\x22\x11\x22\x1d\x228\x08\x07\x0b\x05cl\x1e(\
\x04\x041\x1fb`\x06\x05, \x1f,\x05\x06\x17.\
\x18\x1f0\x038\x1f/\x02\x04\x01r\xd0U9\x80p\
G-#\x15=\x11\x14\x06\x06!vbR\xcan\x05\
\x0d\x031\x1f\x1e'\x04\x0b\x03\xcc\xfek\x97\x1f,,\
\x1f\x97\x01\x95\xce\x02\x02\x02)\x00\x00\x00\x02\x00j\xfd\
\xfe\x049\x044\x005\x00G\x00\x00\x012\x1723\
\x16\x17\x16\x1d\x01\x14\x1d\x01\x0a\x02\x0e\x01#\x22&'\
&676\x16\x17\x1e\x0132>\x017\x0e\x01#\
\x22.\x01'&>\x0232\x16\x177676\x01\
267\x13\x06&'.\x01#\x22\x0e\x02\x17\x1e\x01\
\x03\xe6\x04\x04\x02\x02\x0b\x0a2\x03\x1dD{\xbe\x89a\
\xcdL\x15\x01\x16\x17A\x127\x90Co\x92X\x17?\
\xa4b\x90\xccm\x04\x03F\x8a\xc5zX\x95;\x02\x02\
\x15\x12\xfes\x9b\xb4\x06\x09\x183\x0e kAZ\x8c\
a0\x03\x05\x9a\x04%\x01\x01\x05\x14.\x02\x05\x05\x04\
\xfe\xa0\xfe\x04\xfe\xab\xc8UVT\x17?\x15\x16\x02\x17\
@;L\xbe\xac<C~\xd9\x86w\xe8\xbcpF?\
5\x1d\x13\x12\xfc4\xf2\xc5\x01\x10\x07\x12\x15'6W\
\x91\xb3\x5c\x90\xbd\x00\x00\x00\x01\x00\x99\xff\xb4\x04\x06\x05\
\xb8\x00,\x00\x00\x17.\x017\x13>\x01\x17\x1e\x01\x07\
\x03>\x0132\x1e\x01\x15\x14\x02\x07\x0e\x01#\x22&\
7>\x0154.\x01#\x22\x0e\x02\x07\x06\x07\x03\x0e\
\x01\xe0\x1c+\x02a\x031\x1d\x1c+\x02&@\xacp\
t\x8b?\x04\x08\x01)#%&\x01\x08\x04\x1dOK\
KrV>\x17\x01\x03\x1b\x031J\x02)$\x05j\
%$\x03\x02)%\xfd\xe5d\x85z\xc8u\x9c\xfe\xc6\
\xa7\x1c-,\x1e\x8f\xf8|u\xbak`\x9d\xbc]\x07\
\x05\xfe\x80%\x22\x00\x00\xff\xff\x00\x9b\xff\xb5\x01v\x05\
\xfc\x10'\x00\x11\x00\x17\x058\x12\x06\x00\xc2\x00\x00\xff\
\xff\xff\xa6\xfe\x16\x01k\x05\xfc\x12&\x00\xc5\x00\x00\x10\
\x07\x00\x11\x00\x0c\x058\x00\x01\x00\x95\xff\xb2\x03\xaf\x05\
\x9d\x00'\x00\x00\x05\x0e\x01'&$'\x03\x0e\x01'\
.\x017\x13>\x01\x17\x1e\x01\x07\x036$7>\x01\
\x17\x1e\x01\x07\x0e\x02\x07\x16\x04\x17\x1e\x01\x03\x9d\x11>\
\x1a\x85\xfe\xffq\x11\x01. \x1f)\x01<\x02.\x1f\
\x1f)\x01\x1f\x83\x01\x02S\x14>\x18\x17\x08\x14>\xaf\
\xc1]t\x01\x09\x84\x19\x0a+\x19\x0a\x12_\xe1w\xfe\
\x85\x1f)\x01\x02.\x1f\x05M\x1f)\x01\x01. \xfd\
>J\xc1e\x17\x08\x14\x14?\x18L\x91\x816|\xef\
^\x12=\x00\x01\x00\xa0\xff\xb5\x01J\x05\x92\x00\x15\x00\
\x00\x01\x1e\x01\x07\x06\x0a\x02\x15\x14\x06#\x22&54\
\x1a\x027>\x01\x01\x02\x1f)\x01\x06\x07\x04\x01, \
\x1f,\x01\x05\x07\x06\x02.\x05\x91\x01. \x7f\xfe\xad\
\xfe\x8b\xfe\x99\x94\x1f,,\x1f\x94\x01h\x01v\x01V\
\x82\x1f)\x00\x01\x00\x97\xff\xb6\x06@\x046\x00Q\x00\
\x007>\x01747654&'&676\
\x16\x17\x16\x17>\x0132\x16\x17>\x0132\x1e\x01\
\x15\x14\x02\x07\x0e\x01#\x22&7>\x0154.\x01\
#\x22\x0e\x01\x07\x0e\x02\x07\x0e\x01'.\x017>\x02\
54.\x01#\x22\x0e\x01\x07\x0e\x01\x07\x0e\x01'.\
\x01\x9a\x0b\x0f\x05\x01\x08\x0d\x0e\x05$\x19\x1d9\x06\x0e\
\x07:\x9fh\x81\x84\x1bC\xbd}nv.\x03\x08\x01\
)#$'\x01\x07\x04\x14BDN|\x5c\x1f\x01\x05\
\x09\x08\x031\x1d\x1c+\x03\x09\x09\x04\x19LMIt\
V\x1d\x05\x12\x0c\x043\x1d\x1b)\x0fr\xbeQ\x08\x09\
\x82da\xa3R#*\x06\x06\x1b&VPf\x7f\xa0\
z{\x9e~\xc9p\x9c\xfe\xc6\xa7\x1d,,\x1e\x8f\xf8\
|y\xb9h\x7f\xd6\x83I}\x95o$!\x02\x02&\
%y\x9c\x87Vy\xbfo\x86\xdf\x85[\xd6\x82$ \
\x03\x02)\x00\x01\x00\x97\xff\xb6\x04\x06\x047\x005\x00\
\x0076\x1254&'&676\x16\x17\x1e\x01\
\x17>\x0132\x1e\x01\x15\x14\x02\x07\x0e\x01#\x22&\
7>\x0154.\x01#\x22\x0e\x02\x07\x06\x15\x0e\x01\
\x07\x0e\x01'.\x01\x9a\x14\x14\x0d\x0e\x05#\x19\x1d;\
\x05\x09\x0c\x03B\xb8{t\x8b?\x04\x08\x01)#%\
&\x01\x08\x04\x1dOKKrV>\x17\x01\x05\x10\x0b\
\x043\x1d\x1b)\x0f\xd6\x01.ta\xa3R#)\x07\
\x07\x1c&5i6s\x9fz\xc8u\x9c\xfe\xc6\xa7\x1c\
-,\x1e\x8f\xf8|u\xbak`\x9d\xbc]\x03\x02R\
\xbfp$ \x03\x02(\x00\x02\x00m\xff\xc4\x04\x19\x04\
4\x00\x13\x00#\x00\x00\x012\x1e\x02\x15\x14\x0e\x02#\
\x22.\x0254>\x02\x17\x22\x0e\x01\x15\x14\x1e\x013\
2>\x0154.\x01\x02Pr\xabs9@{\xb4\
ul\xa9u>;x\xb5{g\x95OP\x8aV_\
\x97XL\x8a\x044`\x9d\xbe_i\xd3\xafk]\x9c\
\xc3fi\xd0\xadh\x96x\xc7yp\xb3i}\xcdv\
h\xb1k\x00\x01\x00|\xfe\x03\x04g\x044\x00:\x00\
\x00%4632>\x0254.\x01#\x22\x0e\x02\
\x07\x14\x07\x06\x07\x03\x0e\x01'.\x017\x13>\x015\
4&'&676\x16\x17\x1e\x01\x17>\x0132\
\x1e\x01\x15\x14\x0e\x02#\x22&\x01\x81-\x1f\x95\xc7v\
2Lt><\x84uO\x07\x01\x01\x01 \x01. \
\x1f)\x01 \x06\x08\x1a\x1a\x0d\x14\x1c\x1c<\x0d\x13\x1a\
\x08K\xcetr\xb7kF\x9c\xff\xb9\x1f-\x0f +\
Y\x90\xa7N\x80\x9dIL\x9d\xf0\xa5\x06\x06\x11\x0a\xfd\
R\x1f)\x01\x02.\x1f\x02\xaeb\xacLh\xb34\x1c\
;\x0d\x0e\x13\x1c([1w\x84}\xe4\x9bd\xdb\xbe\
w,\x00\x00\x01\x00m\xfe\x0b\x04)\x044\x00=\x00\
\x00\x01\x06&'.\x01#\x22\x0e\x01\x15\x14\x1632\
6?\x016\x127>\x01\x17\x1e\x01\x07\x06\x02\x15\x14\
\x16\x17\x16\x06\x07\x06&'&\x02545\x0e\x01#\
\x22.\x0254>\x0232\x16\x17\x16\x06\x03T\x18\
>\x14\x1f]A\x5c\x85G\x80\x8e\x8b\xa7.\x01\x04\x0f\
\x0a\x020\x1f\x1f(\x02\x10\x12\x06\x05\x02*\x1f\x1f.\
\x02\x05\x06=\xacsv\xa3a,2l\xaaxd\x9d\
2\x14\x08\x03:\x13\x07\x18&2{\xc9v\xb8\xd2\xbc\
\x93\x03\x8b\x01\x15\x8b\x1f(\x02\x02/\x1f\xde\xfeG\xde\
\x7f\xfd\x80\x1f.\x02\x01)\x1f\x81\x01\x03\x80\x07\x06H\
Z_\x9e\xc2cb\xcf\xb1nP@\x18>\x00\x00\x00\
\x01\x00\x90\xff\xb4\x03R\x04/\x00?\x00\x00\x17&'\
01&#&'4505&747>\x01\
7>\x0154&'&676\x16\x17\x1e\x01\x17\
>\x0176\x16\x17\x16\x06\x07\x0e\x02\x02\x07\x06\x07\x06\
\x0701\x06\x15\x06\x07\x22#\x22#\x06\xe7\x0a\x09\x02\
\x01$\x08\x02\x01\x01\x03\x06\x03\x06\x08\x13\x13\x09\x1f\x1d\
\x1d8\x08\x0d\x12\x05>\xcc\x9d\x1e4\x06\x06$\x1e\x82\
\xa6`2\x0f\x06\x07\x01\x04\x01\x10&\x01\x01\x01\x01\x09\
K\x01\x04\x01\x10&\x01\x01\x02\x09\x0a\x04\x03$G#\
W\xc1_\x80\xe3?\x1d8\x08\x09\x1e\x1d,m>j\
\x97\x1e\x06$\x1e\x1e4\x06\x19\x82\xc8\xfe\xfb\x9cQH\
\x0a\x09\x02\x01$\x08\x02\x00\x01\x00i\xff\xc4\x03\x98\x04\
5\x007\x00\x00\x01\x0e\x01'.\x01#\x22\x06\x15\x14\
\x1e\x01\x17\x1e\x03\x15\x14\x0e\x01#\x22&'&67\
6\x16\x17\x1e\x0132654.\x01'.\x035\
4>\x0132\x16\x17\x1e\x01\x03p\x139\x1a#\x87\
Q]\x7fLs=9~nDl\xb8sy\xd85\
\x12\x0d\x19\x190\x10(\xaaVh\x8aJq;:\x80\
pEg\xabev\xaf3\x17\x01\x03\x1f\x16\x02\x13=\
HhG5E-\x12\x11/FkMY\x8cPU\
K\x1a<\x11\x11\x0d\x0d.:YC3A,\x11\x12\
/IoPZ\x93X\x5cS\x15<\x00\x01\x00k\xff\
\xc4\x02\xcf\x05\x0e\x00:\x00\x00\x01\x0e\x01'&'\x0e\
\x01\x15\x14\x1e\x013276\x16\x17\x16\x06\x07\x0e\x01\
#\x22.\x025467\x06\x07\x06&'&67\
67>\x017>\x01\x17\x1e\x01\x07\x0e\x01\x07\x1e\x01\
\x17\x1e\x01\x02\xca\x041\x1eR[\x07\x08\x0d38\x1c\
!\x1e3\x06\x06$\x1e\x18,\x14]m5\x0f\x08\x07\
:8\x1e2\x03\x04&\x1fEK\x07\x11\x09\x031\x1f\
\x1e'\x04\x09\x10\x06.Z,\x1e'\x03+\x1f&\x04\
\x0a\x02d\xc9f@zO\x06\x06$\x1e\x1e4\x06\x04\
\x04U\x83\x8e9e\xc8c\x03\x06\x04&\x1f\x1e2\x03\
\x09\x03P\xa0O\x1e'\x04\x031\x1fK\x96K\x01\x06\
\x06\x041\x00\x01\x00\xb0\xff\xb2\x04\x1f\x043\x005\x00\
\x00\x01\x06\x02\x15\x14\x16\x17\x16\x06\x07\x06&'.\x01\
'\x0e\x01#\x22.\x0154\x127>\x0132\x16\
\x07\x06\x02\x15\x14\x1e\x0132>\x02765>\x01\
7>\x01\x17\x1e\x01\x04\x1c\x14\x14\x0e\x0d\x05\x22\x1a\x1d\
;\x05\x09\x0c\x03A\xb6yv\x8e?\x04\x08\x02(#\
%'\x02\x07\x05\x1dOKKrV?\x16\x01\x05\x10\
\x0b\x044\x1c\x1b)\x03\xda\xd6\xfe\xd2ta\xa3S\x22\
*\x06\x07\x1d%5h7s\x9fz\xc8u\x9c\x01:\
\xa7\x1c-,\x1e\x8e\xfe\xf9\xa7e\xa0\x5c`\x9d\xbc]\
\x03\x02R\xbfp$ \x03\x02(\x00\x00\x01\x00h\xff\
\xdc\x04\x06\x04\x1d\x00\x1d\x00\x00\x136\x16\x17\x16\x12\x17\
6\x127>\x01\x17\x1e\x01\x07\x0a\x01\x07\x06\x07\x06&\
'&\x0a\x01'&6\x99\x1d;\x0dM\xa85b\xa9\
:\x097\x1d\x1d\x1f\x09J\xe4\x80\x0e\x1e\x1f9\x06\x1e\
o\x84?\x0d\x15\x04\x10\x0d\x16\x1c\xa6\xfeu\xc9\xac\x01\
|\xc7\x1d\x1f\x09\x088\x1d\xfe\xff\xfe \xcf\x19\x08\x09\
# \x9a\x01=\x010\x85\x1d;\x00\x00\x01\x00m\xff\
\xc4\x05\xa1\x04\x0a\x00@\x00\x00\x01\x1e\x01\x07\x0e\x02\x15\
\x14\x1632>\x027>\x01\x17\x1e\x01\x15\x1e\x033\
2>\x0154&'&676\x16\x17\x1e\x01\x15\
\x14\x02\x06#\x22.\x01'\x0e\x02#\x22.\x0154\
>\x017>\x01\x01o\x19\x0e\x0e\x1d=)PaE\
iI)\x05\x03'\x1c\x1e*\x01\x0f)L?Rb\
-/#\x0a\x0e\x1f\x1d6\x0e.3L\x9d|\x5cx\
G\x11\x1fi\x90Zh\x88A.F%\x10=\x03\xf7\
\x107\x1b7\xb7\xd6gs\x9dk\xb0\xd0d!)\x01\
\x01)\x1ev\xd5\xa6_n\xb3gt\xeeR 9\x0d\
\x0d\x13\x1d[\xfa\x86\x99\xfe\xfc\x9do\xb2e`\xb3s\
x\xc6tm\xec\xcfA\x1d\x0e\x00\x00\x00\x01\x00k\xff\
\xb2\x045\x04\x1a\x00'\x00\x00\x17.\x017\x01.\x01\
'&676\x16\x17\x1e\x01\x17\x01>\x01\x17\x1e\x01\
\x07\x01\x1e\x01\x17\x16\x14\x07\x06\x22'.\x01'\x01\x0e\
\x01\x89\x17\x07\x13\x01aT\x937\x0d\x13\x1c\x1c;\x0d\
/\x80K\x01X\x14?\x18\x17\x08\x14\xfe\x92^\xc6Z\
\x16\x16\x16>\x16X\xc0]\xfe\xb4\x13@;\x14?\x18\
\x01\xafn\xe1n\x1c;\x0d\x0e\x13\x1c_\xc7c\x01\xa5\
\x17\x08\x14\x13@\x18\xfeAu\xd8Z\x16>\x16\x16\x16\
X\xd1q\xfek\x17\x07\x00\x01\x00o\xfe\x02\x04\x08\x04\
\x19\x00A\x00\x00\x01\x1e\x01\x07\x0e\x02\x15\x14\x1e\x013\
267676454&'&676\x16\
\x17\x1e\x01\x15\x14\x0a\x01\x06#\x22&'&676\
\x16\x17\x1e\x0132>\x017\x0e\x01#\x22.\x015\
4>\x017>\x01\x01\x08\x1e(\x03\x07\x09\x05$j\
h\x7f\x9d'\x01\x01\x01\x03\x02\x01)\x1f .\x01\x03\
\x02(q\xd6\xady\xbb8\x11\x0b\x19\x1a?\x11#u\
Wy\x96Q\x11:\x99^\x9a\xadE\x05\x09\x07\x040\
\x04\x16\x041\x1e?\xa7\xa4<\x8e\xba[\xa7\x84\x03\x03\
$L'}\xdeC .\x01\x01*\x1fF\xdf\xa4\xd2\
\xfe\x8f\xfe\xe7\xa0\x5cQ\x1a>\x11\x11\x0b\x1947k\
\xc4\x86<E\x80\xf9\xb6C\xab\xaa>\x1f'\x00\x00\x00\
\x01\x00i\xff\xb3\x03\xe3\x03\xde\x00/\x00\x00\x13&6\
7>\x0132\x16\x17\x1e\x01\x07\x0e\x03\x07>\x023\
2\x16\x15\x14\x06#\x22\x0c\x01\x07\x06&7>\x037\
.\x01\x07\x0e\x01\x07\x06&o\x05$\x1fA\xcfvz\
\xb03 \x05\x1d8\x9a\xa7\x9a8Y\xd1\xcdS ,\
, g\xfe\xf7\xfe\xfe_0-\x13/\x91\xa9\xa9G\
.}LU\x931\x1e3\x03f\x1e3\x05\x0b\x171\
 \x14N\x18.\xa1\xc5\xce[\x06\x08\x04+ \x1f,\
\x06\x0c\x09\x04N$Z\xd2\xd4\xbcE\x0c\x12\x02\x01\x11\
\x08\x05$\x00\x01\x00\x22\x00\x12\x02E\x05\xce\x00@\x00\
\x00%\x14\x06#\x22.\x05#\x22#0#.\x015\
46703272327232;\x01\
232>\x0532\x16\x15\x14\x06#\x22\x0e\x03\x07\
\x1e\x0432\x16\x02D+ `n4\x12\x04\x0f/\
5\x03\x02\x01\x1d)\x22\x18\x01\x02\x02\x01\x01\x02\x01\x02\
\x01\x01\x01\x01\x01\x0161\x0e\x04\x104ma ,\
, C7\x0d\x02\x19+)\x17\x02\x0d9E +\
]\x1f,Gv\x8c\x8cvG\x03,\x1d\x1b)\x06\x01\
\x01Gv\x8c\x8cvG+ \x1f,W\x8a\xa0\x944\
5\x94\x9f\x89V+\x00\x00\x01\x00\x87\xff\xb5\x01.\x05\
\xfe\x00\x17\x00\x00\x132\x16\x15\x14\x0a\x03\x07\x0e\x01#\
.\x0156\x1a\x03546\xe3 +\x02\x03\x04\x05\
\x02\x01-\x1f\x1f+\x02\x05\x04\x04\x02,\x05\xfe+ \
~\xfe\xd2\xfe\xbd\xfe\xc4\xfe\xe5n\x1f+\x01,\x1fn\
\x01\x1b\x01<\x01B\x01.} +\x00\x01\x00\x87\x00\
\x12\x02\xa8\x05\xce\x00-\x00\x00\x01\x14\x06#\x22\x0e\x05\
#\x22&54632>\x037.\x04#\x22&\
54632\x1e\x0532\x16\x02\xa8+ 61\
\x0e\x04\x104ma\x1f,,\x1fC8\x0c\x02\x19+\
(\x18\x02\x0d9E\x1f,,\x1f`n4\x12\x04\x0f\
04 +\x02\xf0\x1f-Gv\x8c\x8cvG,\x1f\
 +W\x8a\xa0\x9544\x94\x9f\x89V,\x1f +\
Gv\x8c\x8cvG,\x00\x01\x00?\x04B\x03L\x05\
d\x00\x22\x00\x00\x13.\x017>\x0132\x16\x17\x16\
3267>\x01\x17\x1e\x01\x07\x0e\x01#\x22&'\
.\x01#\x22\x06\x07\x0e\x01l\x16\x17\x07\x18kXA\
e)902=\x11\x08.\x15\x16\x12\x09%{J\
.W*\x1e=(26\x0b\x07+\x04I\x08+\x15\
Gm1\x1d(C*\x17\x11\x09\x09-\x15Ua!\
\x1f\x17 B \x16\x17\x00\x02\x00\xa5\xfe\xbb\x01\x92\x04\
x\x00\x0b\x00%\x00\x00\x134632\x16\x15\x14\x06\
#\x22&\x13\x06&'.\x01\x025<\x017>\x01\
32\x16\x07\x06\x14\x15\x14\x1e\x01\x17\x16\x06\xa577\
#YF26<\xa8\x1f1\x04\x12\x14\x08\x01\x01,\
\x1f +\x01\x01\x07\x14\x11\x05'\x04\x05$O3?\
1GN\xfa\xe3\x04&\x1e\x87\xf8\x00\xff\x91\x1d? \
\x1f)+\x1f\x1f>\x1d\x90\xfa\xef\x82\x1f1\x00\x00\x00\
\x01\x00m\xfeH\x03\xd1\x05p\x008\x00\x00\x01\x22&\
5\x11.\x0254\x1267\x114632\x16\x1d\
\x01\x1e\x01\x17\x1e\x01\x07\x0e\x01'.\x01#\x22\x0e\x02\
\x15\x14\x1e\x0132676\x16\x17\x16\x06\x07\x0e\x01\
\x07\x11\x14\x06\x02<\x1f,\x83\xacU_\xaew,\x1f\
 +R\x8d;\x17\x05\x14\x14?\x17*`9U\x8a\
c5>\x89nS\x9aB\x1d8\x09\x0a\x1d\x1dB\x85\
I+\xfeH,\x1f\x017\x12\x8b\xd1{\x85\x01\x00\xc0\
'\x01\x05 ,, \xf0\x03:3\x14?\x17\x17\x04\
\x13%'V\x8f\xb1\x5c\x5c\x9a\x5c*!\x0a\x1d\x1d\x1d\
7\x0a\x1f*\x07\xfe\xcc\x1f,\x00\x00\x00\x01\x00}\xff\
\xc4\x04\xf3\x05\x8d\x00M\x00\x00\x13>\x01\x17\x16\x175\
4>\x0132\x16\x17\x16\x06\x07\x06&'.\x01#\
\x22\x0e\x01\x1d\x01232676\x16\x17\x16\x06\x07\
\x0e\x01#\x22#\x0e\x01\x07\x1e\x0132>\x017>\
\x01\x17\x1e\x01\x07\x0e\x02#\x22$'&547>\
\x017&'.\x01\x9f\x072!\x1b\x1eN\xa1}\xa2\
\xc2\x19\x05%\x1c!2\x05\x10qhK_,\x02\x02\
Q\x9fC!/\x07\x08$\x1fI\xacZ\x06\x05\x0d>\
2N\xbcxX\xaf~\x0d\x05,\x1c .\x07\x15\xa4\
\xeb\x82\xae\xfe\xf7b0\x18=K\x0e-)\x1d \x02\
\x9a\x1d\x22\x08\x07\x05\xe6~\xdc\x88\xc0\x8e!0\x05\x06\
$\x1e_s_\x97V\xf1\x12\x0d\x06#\x1b!5\x06\
\x0d\x14p\xccM\x1b&\x1dNH\x1b#\x01\x013$\
r\x848I&\x142!\x169\xcfv\x07\x0a\x083\
\x00\x00\x00\x00\x02\x00c\xff\xc4\x04+\x044\x006\x00\
F\x00\x00\x05\x06&/\x01\x0e\x01#\x22&'\x07\x0e\
\x01'.\x01?\x01&5467'&676\
\x16\x1f\x01>\x0132\x16\x177>\x01\x17\x1e\x01\x0f\
\x01\x1e\x01\x15\x14\x06\x07\x17\x16\x06\x01\x22\x0e\x01\x15\x14\
\x1e\x0132>\x0154.\x01\x04\x0f\x17?\x14@\
:\x99]U\x8e73\x14@\x17\x16\x03\x14EP,\
,M\x15\x03\x16\x17?\x14;9\x97_Z\x9174\
\x14@\x16\x17\x04\x14I&%-+V\x14\x05\xfe*\
g\x95OP\x8aV_\x97XL\x8a\x0c\x13\x04\x17J\
;G<39\x16\x03\x14\x15?\x17L\x8e\xacZ\xb6\
NS\x17?\x14\x15\x02\x17@7@>5;\x17\x03\
\x14\x14?\x17QE\x9cLW\xb3Nd\x17?\x03\x96\
x\xc7yp\xb3i}\xcdvh\xb1k\x00\x00\x00\xff\
\xff\x00j\xff\xb5\x04\xbb\x05t\x10'\x00\x10\x00u\xfe\
\xd8\x10&\x00\x10l)\x12\x06\x00<\x00\x00\x00\x00\x00\
\x02\x00\x87\xff\xb4\x011\x05\x9c\x00\x11\x00#\x00\x00\x13\
2\x16\x15\x14\x06\x07\x0e\x01#.\x015>\x0154\
6\x13\x1e\x01\x07\x0e\x01\x07\x0e\x01'.\x017>\x01\
7>\x01\xd6 ,\x02\x02\x01-\x1f\x1f+\x02\x01-\
/ +\x01\x03\x09\x06\x01. \x1f)\x01\x06\x09\x03\
\x01,\x05\x9c+ m\xecz\x1f+\x01,\x1fz\xea\
m +\xfc\xa0\x01,\x1f\x87\xffn\x1f)\x01\x02.\
\x1fn\xfa\x86 +\x00\x00\x02\x00q\xff|\x03w\x05\
\xbb\x00;\x00M\x00\x00\x13467.\x0154>\
\x0232\x16\x15\x14\x06#\x22\x0e\x02\x15\x14\x1e\x01\x17\
\x1e\x02\x15\x14\x06\x07\x1e\x01\x15\x14\x0e\x02#\x22&5\
4632>\x0254.\x01'.\x027\x14\x1e\
\x01\x173>\x0254.\x01'#\x0e\x02qgN\
BV}\xc7\xe7j\x1f++\x1fI\xaf\x9eeJw\
AK\x9ahfMAU}\xc7\xe7j\x1f++\x1f\
I\xaf\x9eeJvAK\x9ai\x89Mm1\x01@\
yOMm1\x01?zO\x02\xa8Zz\x22$m\
O_{F\x1d+\x1f\x1f,\x10(D5.@+\
\x11\x14F|fZy##mP_{F\x1d+\
\x1f\x1f,\x10(E40?*\x11\x14F|f?\
L*\x0c\x02(J4?L*\x0c\x01(J\x00\x00\
\x02\x00l\x04c\x02X\x05\x19\x00\x0b\x00\x17\x00\x00\x01\
\x14\x06#\x22&54632\x16\x05\x14\x06#\x22\
&54632\x16\x02X8#(2/#*\
9\xfe\xc99,#-5%#8\x04\xbb(08\
\x1f)68\x19+::!&5-\x00\x00\x00\xff\
\xff\x00T\xff\xe2\x06H\x05\x9c\x12&\x01g\x00\x00\x10\
\x06\x01f\x00\x00\x00\x00\x00\x02\x00\x95\x03W\x03'\x05\
\xdf\x00(\x008\x00\x00\x01\x22.\x0154>\x013\
2\x16\x1767>\x01\x17\x1e\x01\x07\x0e\x01\x07\x06\x07\
\x06\x15\x14\x1632\x16\x15\x14\x06#\x22&'\x0e\x01\
'26767454&#\x22\x06\x15\x14\x16\
\x01\x94Ms?K\x86Y=g!\x0d\x0d\x08 \x0f\
\x0f\x0b\x07\x0e\x22\x08\x01\x03\x01/$\x11\x18\x18\x11<\
D\x10!kNY`\x0d\x02\x03VJ[}d\x03\
WR\x89R[\x9d`..*\x1b\x0f\x0b\x07\x07!\
\x0f\x1d\x7fG\x14\x14\x15\x13Xm\x18\x11\x10\x19K3\
6HR\x91^\x19\x1b\x09\x0aaJ\x95qfu\xff\
\xff\x00\x9b\x00\xff\x03\xcc\x03\xec\x10'\x00\x1f\x01\xa2\x00\
\x00\x10\x06\x00\x1f\xec\x00\x00\x01\x00T\x018\x03p\x02\
\xe0\x00\x12\x00\x00\x13463!2\x16\x15\x11\x14\x06\
#\x22&=\x01!\x22&T-\x1f\x02\x85#(+\
 \x1f,\xfd\xc6\x1f-\x02\x95 +2\x19\xfe\xef\x1f\
--\x1f\xc6,\x00\x00\xff\xff\x00p\x023\x03\xd4\x02\
\xe6\x10\x07\x00\x10\x00\x00\x00\xc8\x00\x00\xff\xff\x00T\xff\
\xe2\x06H\x05\x9c\x10&\x01h\x00#\x12\x06\x01f\x00\
\x00\x00\x00\xff\xff\x00p\x04\xf7\x03\xd4\x05\xaa\x10\x07\x00\
\x10\x00\x00\x03\x8c\x00\x00\x00\x02\x00\xac\x04\x80\x02\xa6\x06\
x\x00\x0f\x00\x1b\x00\x00\x01\x14\x0e\x01#\x22.\x015\
4>\x0132\x1e\x01\x074&#\x22\x06\x15\x14\x16\
326\x02\xa6JyH?mCHsAGs\
D`]A:bY9Ec\x05wDpCB\
n@EyJIvA>dgA:Z]\xff\
\xff\x00p\x00G\x03\xd5\x04F\x10'\x00\x0e\x00\x01\x00\
\xcc\x10\x07\x00\x10\x00\x00\xfe\xdc\x00\x00\x00\x01\x00\x94\x03\
u\x02E\x05\xee\x00&\x00\x00\x13.\x015463\
2\x16\x15\x14\x06\x0f\x0176\x16\x17\x14\x06\x07\x05\x22\
'&6?\x01>\x0154&#\x22\x06\x15\x14\x06\
\xc0\x10\x18j[VkYEW\xf3\x11\x17\x01\x18\x11\
\xfe\xa2\x12\x0b\x0d\x01\x0d\xa0CF915B\x19\x04\
\xee\x01\x19\x11S\x82pUat=O\x07\x01\x18\x11\
\x10\x18\x01\x09\x0c\x0c%\x0b\x8e<^H1?N:\
\x10\x18\x00\x00\x01\x00\x94\x03o\x02\x17\x05\xdc\x00?\x00\
\x00\x13&6767>\x0154&#\x22\x06\x07\
\x0e\x01'.\x017>\x0132\x16\x15\x14\x06\x07\x1e\
\x01\x15\x14\x06#\x22'.\x017>\x01\x17\x1632\
654&#\x22\x07\x06\x07\x06'454'5\
4\xe6\x01\x15\x0f\x08\x0c=[/%%8\x0c\x07\x22\
\x0f\x0e\x0a\x07\x1aX@G_+$)6zTc\
A\x0d\x04\x0a\x0b\x22\x0d+H6D7/\x1b'\x06\
\x07\x1f\x0a\x01\x04\x94\x10\x19\x01\x01\x01\x09?+&1\
. \x0d\x0b\x07\x07 \x108B`D(E\x1a\x14\
K1Oc5\x0b\x22\x0d\x0d\x04\x0b#1-.+\
\x05\x01\x01\x06 \x01\x01\x02\x01\x01\x01\x00\x01\x00{\x04\
a\x01\xa2\x05\xf7\x00\x11\x00\x00\x01\x1e\x01\x07\x0e\x01\x07\
\x0e\x01'.\x017>\x017>\x01\x01\x90\x0e\x04\x0b\
8b*\x07#\x11\x10\x0d\x07-j8\x0b&\x05\xec\
\x0b%\x0eF\x8d\x5c\x10\x0e\x07\x08#\x10d\x98F\x0e\
\x04\x00\x00\x00\x01\x00\xb0\xfd\xf1\x04\x1f\x043\x00?\x00\
\x00\x01\x06\x02\x15\x14\x16\x17\x16\x06\x07\x06&'.\x01\
'\x0e\x01#\x22'\x1e\x01\x17\x16\x06\x07\x06&'&\
\x0254\x127>\x0132\x16\x07\x0e\x01\x15\x14\x1e\
\x0132>\x02765>\x017>\x01\x17\x1e\x01\
\x04\x1c\x14\x14\x0e\x0d\x05\x22\x1a\x1d;\x05\x09\x0c\x03B\
\xb8{YB\x07\x12\x09\x03(\x1e\x1f0\x04\x12\x1d\x04\
\x08\x02(#\x1f-\x02\x07\x05\x1dOKKrV?\
\x16\x01\x05\x10\x0b\x044\x1c\x1b)\x03\xda\xd6\xfe\xd2t\
a\xa3S\x22*\x06\x07\x1d%5i6s\x9f(l\
\xcf]\x1e1\x03\x03(\x1e\xb5\x01\xae\xd3\x9c\x01:\xa7\
\x1c-,\x1e\x8e\xf9|u\xb9l`\x9d\xbc]\x03\x02\
R\xbfp$ \x03\x02(\x00\x00\x00\x00\x01\x00^\xfe\
\x16\x04\xde\x05\x8e\x00L\x00\x00\x012\x16\x15\x11\x163\
27\x114632\x16\x15\x116\x16\x17\x16\x06\x07\
\x06\x07\x11\x14\x06#\x22&5\x11\x06#\x22'\x11\x14\
\x06#\x22&5\x11.\x0254>\x0232\x16\x17\
\x16\x06\x07\x06&'.\x01#\x22\x0e\x01\x15\x14\x1e\x01\
\x17\x1146\x02v\x14\x1c))A?\x1a\x13\x14\x19\
\x1a/\x09\x0b\x19\x1d\x13\x14\x19\x14\x13\x1a@@))\
\x1c\x14\x13\x1d\x82\xde\x88e\xb0\xe4~\xa1\xfeV\x14\x04\
\x17\x17@\x14C\xc0\x80\x81\xda\x84Y\x98_\x1d\x04,\
\x1c\x14\xfd\x8a\x06\x0e\x022\x14\x1c\x1c\x14\xfd\xe8\x04\x1a\
\x19\x1d9\x0b\x07\x07\xfd<\x13\x1d\x1d\x13\x02\xae\x0c\x05\
\xfd\x95\x13\x1d\x1d\x13\x02| \x98\xe4\x91\x81\xde\xa7]\
~c\x17@\x14\x13\x03\x17N_|\xd0\x7f_\x9ft\
\x1e\x02a\x14\x1c\x00\x00\xff\xff\x00\xb7\x02\x81\x01\x8b\x03\
[\x10\x07\x00\x11\x00,\x02\x97\x00\x00\x00\x01\x00Z\xfd\
\xc0\x02\x82\x00O\x00\x1f\x00\x00%>\x01\x17\x1e\x02\x15\
\x14\x06#\x22&'.\x017>\x01\x17\x1e\x0132\
654.\x01'.\x01\x01\x16\x14?\x171xY\
\xb0\x894]#\x1d\x1e\x08\x088\x1d\x17J%YL\
F^$\x18\x07/\x18\x08\x14'\x85\xa3Uni\x0d\
\x0a\x087\x1e\x1d \x09\x07\x0b2&)le\x1d\x14\
?\x00\x00\x00\x01\x00~\x03[\x01\xa2\x05\xdc\x00\x18\x00\
\x00\x01.\x017\x13\x0e\x01\x07\x06&'&67>\
\x017632\x16\x07\x03\x0e\x01\x01R\x10\x17\x01\x1e\
\x22G(\x10\x1e\x06\x07\x0e\x106`*\x0d\x0e\x12\x19\
\x01#\x01\x1a\x03\x5c\x01\x1a\x11\x01\xd3\x18(\x10\x07\x0f\
\x0f\x10\x1f\x06\x16?%\x0b\x1a\x11\xfd\xd1\x11\x16\x00\xff\
\xff\x00\xac\x04\x80\x02\xa6\x06x\x10\x06\x00r\x00\x00\xff\
\xff\x00\x98\x01\x00\x03\xc8\x03\xec\x10'\x00!\x01\xde\x00\
\x00\x10\x06\x00!(\x00\x00\x03\x00p\xfeX\x07z\x06\
i\x00\x19\x00/\x00d\x00\x00\x01.\x017\x13\x0e\x01\
\x07\x06&'&67>\x0176;\x012\x16\x07\
\x03\x0e\x01\x13.\x0176\x08\x01\x127>\x01\x17\x1e\
\x01\x07\x06\x02\x08\x01\x07\x0e\x01\x01\x1e\x01\x07\x0367\
6\x16\x17\x16\x06\x07\x06\x0f\x01\x0e\x01'.\x01?\x01\
\x06&'.\x01'.\x017>\x037>\x01\x17\x1e\
\x01\x07\x0e\x03\x07\x167\x13>\x01\x01\x88\x16\x1d\x01?\
1i5\x13-\x0b\x0b\x0c\x13A\x828\x0e\x17#\x17\
!\x02F\x01\x22+\x10\x03\x10\x86\x01 \x01\x16\xedR\
\x0b-\x13\x14\x0c\x0bU\xf0\xfe\xe7\xfe\xdc\x89\x0f.\x04\
x\x16\x1d\x02\x1dvW\x16(\x04\x05\x18\x15j\x88\x15\
\x01$\x16\x16\x1d\x02\x13t\xe6a\x04\x0e\x04\x13\x0a\x0e\
,{\x83q!\x08)\x16\x14\x12\x08\x1fbsp/\
\xa6\xb7\x1f\x02$\x01\xd2\x02\x22\x16\x03\xc6'L \x0c\
\x0c\x12\x14-\x0a&e4\x0e#\x17\xfb\xd5\x16\x1d\xfe\
4\x0f/\x10\x8e\x01[\x01p\x01a\x93\x14\x0d\x0b\x0b\
+\x14\x98\xfe\x99\xfe\x8b\xfe\xa1\x91\x10\x03\x01B\x01$\
\x16\xfe\xd7\x0d\x16\x05\x18\x15\x16'\x05\x1a\x0f\xd8\x16\x1d\
\x02\x02$\x15\xc5\x08\x04\x0e\x01\x04\x02\x0c0\x13;\xc1\
\xe0\xd9S\x14\x12\x08\x09)\x15N\xbf\xc7\xb7F\x0b\x0d\
\x01<\x16\x1d\x00\x00\x00\x00\x03\x00q\xfe{\x07\xa9\x06\
i\x00\x19\x00/\x00^\x00\x00\x01.\x017\x13\x0e\x01\
\x07\x06&'&67>\x0176;\x012\x16\x07\
\x03\x0e\x01\x13.\x0176\x08\x01\x127>\x01\x17\x1e\
\x01\x07\x06\x02\x08\x01\x07\x0e\x01\x014&#\x22\x06\x15\
\x14#\x22&54>\x0132\x1e\x01\x15\x14\x0e\x01\
\x0f\x01632\x16\x17\x1e\x01\x15\x14\x06'.\x01#\
\x22\x07\x06&7\x01>\x01\x01\x88\x16\x1d\x01?1i\
5\x13-\x0b\x0a\x0a\x14A\x828\x0e\x17#\x17!\x02\
F\x01#,\x10\x03\x10\x86\x01!\x01\x15\xedR\x0c,\
\x12\x14\x0d\x0bU\xf0\xfe\xe7\xfe\xdc\x89\x10-\x05=z\
lgy6\x1b\x1dR\x96ei\x99S_\x9bZ\xb0\
nmD\x8eF\x17\x1e!\x17N\x8eC\xb6\xa9(\x19\
\x1a\x01\x1d\x91\x9d\x01\xd3\x02 \x17\x03\xc6'L \x0c\
\x0c\x12\x14,\x0b&e4\x0e#\x17\xfb\xd5\x16\x1d\xfe\
4\x0f.\x11\x8e\x01Z\x01q\x01`\x94\x14\x0c\x0a\x0a\
,\x14\x99\xfe\x9a\xfe\x8b\xfe\xa1\x91\x11\x01\x01\xa0`\x86\
\x90j0$\x1cb\x9bZ^\x9d][\xaa\xa3R\xa2\
\x09\x06\x04\x01 \x16\x17 \x01\x04\x04\x10\x04I\x1a\x01\
\x0b\x88\xbe\x00\x03\x00r\xfeX\x08\x10\x06M\x00Q\x00\
g\x00\x9c\x00\x00\x01\x14\x0e\x01#\x22&'.\x017\
>\x01\x17\x1e\x013265.\x01#\x22\x06\x07\x06\
\x07\x06\x07\x06'&'0'4'&'&76\
7072767>\x017>\x0254&#\
\x22\x06\x07\x0e\x01'.\x017>\x0232\x1e\x01\x15\
\x14\x06\x07\x1e\x01\x03.\x0176\x08\x01\x127>\x01\
\x17\x1e\x01\x07\x06\x02\x08\x01\x07\x0e\x01\x01\x1e\x01\x07\x03\
676\x16\x17\x16\x06\x07\x06\x0f\x01\x0e\x01'.\x01\
?\x01\x06&'.\x01'.\x017>\x037>\x01\
\x17\x1e\x01\x07\x0e\x03\x07\x167\x13>\x01\x03\x15j\xac\
cI\x91;\x10\x05\x0e\x0e.\x11*n7q\x9c\x03\
sY\x16-\x16\x15\x1a\x04\x04\x08\x08\x1c\x0f\x01\x01\x03\
\x02\x02\x01\x02\x17\x01\x01\x01\x06\x07\x0e \x11M\x81N\
dAGy\x11\x04'\x16\x16\x18\x05\x12c\x85DF\
{MO<G_\xb2\x10\x03\x10\x86\x01 \x01\x16\xed\
R\x0b-\x13\x14\x0c\x0bU\xf0\xfe\xe7\xfe\xdc\x89\x0f.\
\x04x\x16\x1d\x02\x1dvW\x16(\x04\x05\x18\x15j\x88\
\x15\x01$\x16\x16\x1d\x02\x13t\xe6a\x04\x0e\x04\x13\x0a\
\x0e,{\x83q!\x08)\x16\x14\x12\x08\x1fbsp\
/\xa6\xb7\x1f\x02$\x03<m\x9aR10\x0e.\x11\
\x11\x05\x0e#%vmMX\x06\x05\x05\x06\x01\x01\x02\
\x01\x01\x18\x01\x01\x01\x06\x07\x08\x08\x1d\x0e\x01\x01\x03\x02\
\x04\x08\x03\x15<X@b\x5c\x5cJ\x16\x18\x05\x05&\
\x16Op;D\x88fUu&\x1ex\xfcp\x0f/\
\x10\x8e\x01[\x01p\x01a\x93\x14\x0d\x0b\x0b+\x14\x98\
\xfe\x99\xfe\x8b\xfe\xa1\x91\x10\x03\x01B\x01$\x16\xfe\xd7\
\x0d\x16\x05\x18\x15\x16'\x05\x1a\x0f\xd8\x16\x1d\x02\x02$\
\x15\xc5\x08\x04\x0e\x01\x04\x02\x0c0\x13;\xc1\xe0\xd9S\
\x14\x12\x08\x09)\x15N\xbf\xc7\xb7F\x0b\x0d\x01<\x16\
\x1d\x00\x00\x00\x02\x00\xaf\xfe\xbe\x03\xeb\x04x\x00\x0b\x00\
4\x00\x00\x014632\x16\x15\x14\x06#\x22&\x01\
\x16\x06\x07\x0e\x01#\x22.\x015467>\x015\
4'&676\x16\x17\x16\x15\x14\x06\x07\x0e\x01\x15\
\x14\x163267>\x01\x01\xefG10HF2\
3E\x01\xe5\x17\x1d\x19<\xd2ro\xb1f\x7faJ\
K\x07\x09)\x1c%.\x07\x0aiUdV\x8ajU\
\xa6+\x1bG\x04\x012ED32GI\xfb\xf3%\
C\x14:PW\x9cjn\x97G6e?\x18\x18#\
2\x04\x07\x22\x1d#-g\x8d?IoA[gA\
0\x17\x05\xff\xff\x00g\xff\xa6\x05\x02\x08N\x12&\x00\
$\x00\x00\x10\x07\x00C\x01\xdc\x02V\xff\xff\x00g\xff\
\xa6\x05\x02\x08L\x12&\x00$\x00\x00\x10\x07\x00v\x01\
\xdc\x02U\xff\xff\x00g\xff\xa6\x05\x02\x08\x1d\x12&\x00\
$\x00\x00\x10\x07\x00A\x01\x83\x02U\xff\xff\x00g\xff\
\xa6\x05\x02\x07\xcd\x12&\x00$\x00\x00\x10\x07\x00a\x01\
.\x02i\xff\xff\x00g\xff\xa6\x05\x02\x07\x82\x12&\x00\
$\x00\x00\x10\x07\x00j\x01\x95\x02i\xff\xff\x00g\xff\
\xa6\x05\x02\x08\xb1\x12&\x00$\x00\x00\x10\x07\x00r\x01\
\x9d\x029\x00\x02\x00e\xff\xa8\x07/\x05\xaf\x00]\x00\
j\x00\x00\x01\x16\x06\x07\x06\x04#\x22'\x16\x14\x15\x14\
\x06\x07232\x04\x17\x1e\x01\x07\x0e\x01'&$#\
\x22#\x0e\x01\x07\x0e\x01\x15\x14\x16\x17\x1e\x013:\x01\
76\x16\x17\x16\x06\x07\x06\x22#\x22&'.\x025\
467>\x017\x0e\x02\x07\x03\x0e\x01'.\x017\
\x01>\x01\x17\x1e\x0432676\x16\x05\x036$\
7>\x015<\x01'.\x01\x07'\x08\x22\x1e\x82\xfe\
\xf2\x8d\x1c_\x01\x01\x02\x0a\x0a\x97\x01\x1fq\x1f(\x03\
\x02/ k\xfe\xe6\x95\x0c\x0d\x04\x11\x0e\x03\x02uO\
_\xa3^ <\x1f\x1f-\x01\x01+  > a\
\xa8_I\x9em\x04\x03\x0d\x11\x04a\xd2\xb88\xab\x08\
6\x1f\x1c\x0d\x07\x01M\x08'!\x15\x8f\xc1\xc0\x8f\x15\
\x86\xfew\x1e5\xfb/\x8ed\x01\x19\x80\x03\x01\x01g\
\xcf\x05o\x1e5\x07\x1e\x1d\x01\x1e> U\xb9]\x09\
\x09\x03. \x1f(\x02\x09\x09k\xc4Q\x10\x15\x081\
0\x05\x06\x07\x01\x01+\x1f\x1f-\x01\x01\x07\x06\x05/\
i[\x0f\x1d\x0eK\xc1j\x01\x05\x07\x05\xfd\x9f\x1e\x18\
\x0b\x0b4\x1d\x05\x12\x1f.\x02\x01\x03\x02\x01\x01\x1b\x1c\
\x08\x22\xad\xfe\x05\x05\x07\x02^\xb9U!?\x1d\x01\x02\
\x00\x00\x00\xff\xff\x00m\xfd\xce\x04\x8f\x05\x8e\x12&\x00\
&\x00\x00\x10\x07\x00z\x01~\x00\x0e\xff\xff\x00k\xff\
\xdc\x04\x13\x08M\x12&\x00(\x00\x00\x10\x07\x00C\x01\
=\x02U\xff\xff\x00k\xff\xdc\x04\x13\x08L\x12&\x00\
(\x00\x00\x10\x07\x00v\x01K\x02U\xff\xff\x00k\xff\
\xdc\x04\x13\x08\x1d\x12&\x00(\x00\x00\x10\x07\x00A\x00\
\xee\x02U\xff\xff\x00k\xff\xdc\x04\x13\x07\x82\x12&\x00\
(\x00\x00\x10\x07\x00j\x00\xfd\x02i\xff\xff\x00q\xff\
\xb5\x01\x82\x08M\x12&\x00,\x00\x00\x10\x07\x00C\xff\
\xe1\x02U\xff\xff\x00\x5c\xff\xb5\x01\x83\x08L\x12&\x00\
,\x00\x00\x10\x07\x00v\xff\xe1\x02U\xff\xff\x00\x17\xff\
\xb5\x01\xda\x08\x1d\x12&\x00,\x00\x00\x10\x07\x00A\xff\
\x88\x02U\xff\xff\x00\x06\xff\xb5\x01\xf2\x07\x82\x12&\x00\
,\x00\x00\x10\x07\x00j\xff\x9a\x02i\x00\x02\x00\x17\xff\
\xc4\x05Y\x05\x8e\x00'\x00E\x00\x00\x13&67>\
\x017454.\x01'&67632\x04\x12\
\x15\x14\x02\x06\x04#\x22'.\x0176\x127\x22\x06\
\x07\x06&\x01\x1e\x01\x15\x14\x15\x16\x17\x1e\x01\x07\x0e\x01\
'&'\x06\x02\x07\x1632$\x125\x10\x00!\x22\
\x06\x19\x02#\x1aE\x83=\x06\x0c\x0a\x03&\x17gg\
\xe4\x01d\xccp\xc8\xfe\xf1\x9f\x93\x84\x19\x19\x03\x11\x15\
\x04:}B\x1b(\x01\xbf\x0b\x0aSO\x1a#\x02\x02\
*\x1aJO\x03\x12\x0fTV\xa9\x01\x0c\x9b\xfe\xad\xfe\
\xd5\x1b5\x02\xc8\x1a)\x02\x06\x05\x01\x09\x09c\x9c\x9b\
`\x1e.\x06\x17\xa2\xfe\xbf\xee\x9f\xfe\xec\xd1u4\x0a\
/\x17\x85\x012\x98\x06\x05\x02#\x02?v\xc9\x82\x0a\
\x0a\x03\x07\x02)\x1a\x1a$\x02\x06\x03\x8a\xfe\xeb\x80\x1c\
\xa1\x01\x15\xad\x01 \x01\x19\x04\x00\x00\xff\xff\x00\x95\xff\
\xb3\x04\xb7\x07\x8c\x12&\x001\x00\x00\x10\x07\x00a\x00\
\xeb\x02(\xff\xff\x00m\xff\xc4\x05\x91\x08M\x12&\x00\
2\x00\x00\x10\x07\x00C\x02\x04\x02U\xff\xff\x00m\xff\
\xc4\x05\x91\x08L\x12&\x002\x00\x00\x10\x07\x00v\x02\
\x04\x02U\xff\xff\x00m\xff\xc4\x05\x91\x08\x1d\x12&\x00\
2\x00\x00\x10\x07\x00A\x01\xab\x02U\xff\xff\x00m\xff\
\xc4\x05\x91\x07\xcd\x12&\x002\x00\x00\x10\x07\x00a\x01\
V\x02i\xff\xff\x00m\xff\xc4\x05\x91\x07\x82\x12&\x00\
2\x00\x00\x10\x07\x00j\x01\xbd\x02i\x00\x01\x00h\x01\
5\x03\x1b\x03\xe3\x004\x00\x00\x13.\x017>\x017\
.\x01'.\x017>\x01\x17\x1e\x01\x177>\x017\
6\x16\x17\x16\x06\x07\x0e\x01\x07\x16\x17\x1e\x01\x17\x16\x06\
\x07\x06&'.\x01'&'\x0e\x01\x07\x0e\x01\x80\x16\
\x02\x158r:3j0\x19\x09\x13\x13>\x198t\
8\x011f4\x19>\x13\x12\x07\x1a2a.\x12\x11\
;N\x1d\x10\x0e\x1a\x1a>\x10\x11S5\x10\x118n\
7\x15?\x01U\x13?\x18@w9/T \x11=\
\x1a\x1a\x0f\x11%_3\x01-Y,\x14\x02\x17\x17?\
\x15*S+\x13\x12@o/\x19?\x13\x13\x0a\x19\x1b\
x<\x12\x128t>\x18\x07\x00\x00\x00\x03\x00f\xff\
\xbc\x05\x91\x05\x8e\x00)\x007\x00D\x00\x00\x17.\x01\
767.\x0154\x126$32\x16\x1767\
62\x17\x16\x14\x07\x06\x07\x16\x12\x15\x14\x02\x0e\x01#\
\x22&'\x06\x07\x0e\x01\x13\x14\x16\x176\x007.\x01\
#\x22\x0e\x02\x0126\x1254&'\x06\x00\x07\x1e\
\x01}\x10\x07\x0a>B>Eh\xbe\x01\x06\x9fv\xc0\
J9<\x0e%\x0c\x0b\x0e=:NQg\xb9\xfb\x94\
\x83\xe0T97\x0a&z&$\xb0\x01\x80\xca7\x8a\
Pw\xcd\x99V\x01\xdd\x98\xf3\x8e?9\xcc\xfe\x7f\xb1\
@\xb3:\x0b$\x0f][U\xd8|\x9c\x01\x22\xe5\x86\
VJ57\x0b\x0e\x0d&\x0c76i\xfe\xf5\x8b\x9f\
\xfe\xf1\xcap^TQR\x0f\x08\x02\xa9W\x96=\xe7\
\x01\xa2\xc25;h\xb7\xed\xfdp\x96\x01\x0c\xb0v\xd1\
O\xc4\xfe[\xeaGN\xff\xff\x00\x95\xff\xc4\x04\xbb\x08\
M\x12&\x008\x00\x00\x10\x07\x00C\x01\x8d\x02U\xff\
\xff\x00\x95\xff\xc4\x04\xbb\x08L\x12&\x008\x00\x00\x10\
\x07\x00v\x01\x8d\x02U\xff\xff\x00\x95\xff\xc4\x04\xbb\x08\
\x1d\x12&\x008\x00\x00\x10\x07\x00A\x01:\x02U\xff\
\xff\x00\x95\xff\xc4\x04\xbb\x07\x82\x12&\x008\x00\x00\x10\
\x07\x00j\x01K\x02i\xff\xff\x00j\xff\xb5\x04\xbb\x08\
L\x12&\x00<\x00\x00\x10\x07\x00v\x01\x85\x02U\x00\
\x02\x00\x96\xfeE\x04R\x05\xd2\x00#\x003\x00\x00\x13\
.\x015\x134547\x13>\x01\x17\x1e\x01\x07\x03\
>\x0132\x1e\x02\x15\x14\x0e\x02#\x22&'\x03\x0e\
\x01\x01\x22\x0e\x01\x15\x14\x1e\x0132>\x0154.\
\x01\xe0\x1f+\x10\x02\x11\x01-\x1f\x1f+\x01\x09;\xa1\
gr\xabs9@{\xb4ub\x9e9\x09\x01,\x01\
\x8ag\x95OP\x8aV_\x97XL\x8a\xfeF\x019\
(\x03+\x0b\x0a\x1a\x1a\x03W(7\x01\x019(\xfe\
;@L`\x9d\xbe_i\xd3\xafkNB\xfeN(\
7\x05[x\xc7yp\xb3i}\xcdvh\xb1k\x00\
\x01\x00\x85\xff\xb7\x04\x1a\x05\x8e\x00E\x00\x00\x012\x1e\
\x01\x15\x14\x06\x07\x0e\x01\x15\x14\x16\x17\x1e\x02\x15\x14\x0e\
\x02#\x22&'.\x0176\x17\x1632>\x015\
4&'.\x015467>\x0154.\x01#\
\x22\x06\x07\x06\x02\x03\x0e\x01'.\x017\x1a\x017>\
\x01\x02;r\x9aOBG%01%5}ZG\
p\x8097n2\x1b\x12\x10\x1e?@X4c@\
nJ:nX5/ .W>Fn\x15\x1c&\
\x13\x02/\x1f\x1f)\x02\x13'\x1d\x1a\xb9\x05\x8er\xa7\
Qn\x838\x1dH%$.\x14\x1aV\x84aC]\
:\x1a\x16\x1c\x0f<\x1b7\x19 \x190!A]%\
\x1fk\x5cV\x85+&EH3`?l\xa0\xdb\xfe\
\x07\xfe\xe9\x1f)\x02\x02/\x1f\x01\x17\x01\xfd\xe0\xc8\xc9\
\x00\x00\x00\xff\xff\x00m\xff\xc4\x04\xc9\x06\xf4\x12&\x00\
D\x00\x00\x10\x07\x00C\x01[\x00\xfc\xff\xff\x00m\xff\
\xc4\x04\xc9\x06\xf3\x12&\x00D\x00\x00\x10\x07\x00v\x01\
i\x00\xfc\xff\xff\x00m\xff\xc4\x04\xc9\x06\xc4\x12&\x00\
D\x00\x00\x10\x07\x00A\x01\x0c\x00\xfc\xff\xff\x00m\xff\
\xc4\x04\xc9\x06\x8f\x12&\x00D\x00\x00\x10\x07\x00a\x00\
\xb3\x01+\xff\xff\x00m\xff\xc4\x04\xc9\x06*\x12&\x00\
D\x00\x00\x10\x07\x00j\x01\x1b\x01\x11\xff\xff\x00m\xff\
\xc4\x04\xc9\x07Y\x12&\x00D\x00\x00\x10\x07\x00r\x01\
%\x00\xe1\x00\x03\x00m\xff\xc4\x07\x01\x044\x006\x00\
C\x00Y\x00\x00%\x0e\x01#\x22&'\x0e\x01#\x22\
.\x0154>\x0232\x16\x177>\x01\x17\x1e\x01\
\x0f\x01>\x0132\x1e\x01\x15\x14\x0e\x01\x07\x0e\x01\x07\
\x1e\x0132676\x16\x17\x16\x06\x01\x22\x0e\x01\x07\
>\x017>\x0154&\x012676767\
\x13\x06&'.\x01#\x22\x0e\x02\x15\x14\x16\x06\xe8X\
\xd2h\x8c\xe09?\xc8\x8a\x87\xc3iQ\x94\xcc{Y\
\x947\x07\x042\x1e\x1f&\x05\x06F\xb2iI\x8f_\
Ia%{\xf5\x87\x1d\x9ewY\x9b9\x17?\x14\x14\
\x02\xfe\xb1p\xb7o\x04w\xd5g=Rc\xfc-\x82\
\x9a'\x01\x05\x10\x09%\x17.\x0c\x1ebAZ\x94j\
:\x91KO8v\x80n\x88\x82\xdd\x86w\xe7\xbcq\
H<4\x1f&\x05\x042\x1e)AL=yYO\
zS\x16IY\x18vi-4\x14\x02\x17\x17?\x03\
>\x81\xd3|\x15K=$U6=G\xfc\xbc\xa2\x80\
\x0c\x0a:E\x01\x0f\x05\x11\x15(5X\x92\xb2[\x8f\
\xbe\x00\x00\xff\xff\x00m\xfd\xd2\x03\xd1\x044\x12&\x00\
F\x00\x00\x10\x07\x00z\x00\xa8\x00\x12\xff\xff\x00j\xff\
\xc4\x04&\x06\xf4\x12&\x00H\x00\x00\x10\x07\x00C\x01\
N\x00\xfc\xff\xff\x00j\xff\xc4\x04&\x06\xf3\x12&\x00\
H\x00\x00\x10\x07\x00v\x01\x5c\x00\xfc\xff\xff\x00j\xff\
\xc4\x04&\x06\xc4\x12&\x00H\x00\x00\x10\x07\x00A\x00\
\xff\x00\xfc\xff\xff\x00j\xff\xc4\x04&\x06*\x12&\x00\
H\x00\x00\x10\x07\x00j\x01\x0e\x01\x11\xff\xff\x00N\xff\
\xb5\x01_\x06\xf4\x12&\x00\xc2\x00\x00\x10\x07\x00C\xff\
\xbe\x00\xfc\xff\xff\x009\xff\xb5\x01`\x06\xf3\x12&\x00\
\xc2\x00\x00\x10\x07\x00v\xff\xbe\x00\xfc\xff\xff\xff\xf4\xff\
\xb5\x01\xb7\x06\xc4\x12&\x00\xc2\x00\x00\x10\x07\x00A\xff\
e\x00\xfc\xff\xff\xff\xe3\xff\xb5\x01\xcf\x06*\x12&\x00\
\xc2\x00\x00\x10\x07\x00j\xffw\x01\x11\x00\x01\x00T\xff\
\xc4\x04\x00\x05\xdd\x00F\x00\x00\x05\x22.\x0154>\
\x0132\x16\x15\x14\x06#\x22\x0e\x01\x15\x14\x1632\
654.\x01'\x0e\x01\x07\x0e\x01'.\x017>\
\x017&'.\x017>\x01\x17\x1e\x01\x17>\x017\
6\x16\x17\x16\x06\x07\x0e\x01\x07\x16\x12\x16\x15\x14\x02\x06\
\x02\x22\xa2\xcc`\x7f\xde\x8e ++ b\x99X\x8b\
\xab\x99\xaf8\x86vX\x98 \x15?\x17\x16\x03\x14&\
\x86NXh\x1c\x1a\x0b\x0b9\x1dO\x8a;J\x881\
\x1d8\x0a\x09\x1d\x1d\x1c^7z\x8f=p\xd6<\x8c\
\xdf|\x88\xe5\x8a, \x1f-^\x9fb\x94\xbd\xcd\xe6\
S\xda\xe6f:t#\x16\x03\x14\x14@\x17*l7\
6(\x0b9\x1d\x1d\x19\x0b\x1eI)-G\x10\x09\x1d\
\x1d\x1d8\x0a\x091\x22s\xfe\xfe\xf6b\xb0\xfe\xf8\x91\
\x00\x00\x00\xff\xff\x00\x97\xff\xb6\x04\x06\x06z\x12&\x00\
Q\x00\x00\x10\x07\x00a\x00\xad\x01\x16\xff\xff\x00m\xff\
\xc4\x04\x19\x06\xf4\x12&\x00R\x00\x00\x10\x07\x00C\x01\
=\x00\xfc\xff\xff\x00m\xff\xc4\x04\x19\x06\xf3\x12&\x00\
R\x00\x00\x10\x07\x00v\x01=\x00\xfc\xff\xff\x00m\xff\
\xc4\x04\x19\x06\xc4\x12&\x00R\x00\x00\x10\x07\x00A\x00\
\xe5\x00\xfc\xff\xff\x00m\xff\xc4\x04\x19\x06u\x12&\x00\
R\x00\x00\x10\x07\x00a\x00\x91\x01\x11\xff\xff\x00m\xff\
\xc4\x04\x19\x06*\x12&\x00R\x00\x00\x10\x07\x00j\x00\
\xf6\x01\x11\xff\xff\x00p\x00\x87\x03\xd4\x04\xcc\x12'\x00\
\x10\x00\x00\x00\xd6\x10'\x00\x11\x01*\x04\x08\x10\x07\x00\
\x11\x01B\x00\x9d\x00\x00\x00\x03\x00\x5c\xff\xa0\x043\x04\
@\x00%\x00/\x009\x00\x00\x17.\x01?\x01.\x01\
54>\x0232\x16\x1776\x16\x17\x16\x06\x0f\x01\
\x1e\x01\x15\x14\x0e\x02#\x22&'\x07\x0e\x01\x01\x22\x0e\
\x01\x15\x14\x17\x01.\x01\x134'\x01\x1e\x0132>\
\x01t\x0f\x09\x0a\x8513;x\xb5{X\x8d6V\
\x0b'\x0d\x0c\x03\x0bW99@{\xb4u\x5c\x979\
r\x0b#\x01\xe7g\x95O1\x01\xd6%_\xfb?\xfe\
%(h<_\x97XW\x0b$\x0e\xa5J\xb4]i\
\xd0\xadh;1j\x0e\x03\x0d\x0d$\x0elM\xc0^\
i\xd3\xafkF;\x8e\x0e\x09\x03\xfex\xc7y{b\
\x02H$)\xfe|\x88h\xfd\xb2.4}\xcd\x00\xff\
\xff\x00\xb0\xff\xb2\x04\x1f\x06\xf4\x12&\x00X\x00\x00\x10\
\x07\x00C\x01.\x00\xfc\xff\xff\x00\xb0\xff\xb2\x04\x1f\x06\
\xf3\x12&\x00X\x00\x00\x10\x07\x00v\x01<\x00\xfc\xff\
\xff\x00\xb0\xff\xb2\x04\x1f\x06\xc4\x12&\x00X\x00\x00\x10\
\x07\x00A\x00\xdf\x00\xfc\xff\xff\x00\xb0\xff\xb2\x04\x1f\x06\
*\x12&\x00X\x00\x00\x10\x07\x00j\x00\xee\x01\x11\xff\
\xff\x00o\xfe\x02\x04\x08\x06\xf3\x12&\x00\x5c\x00\x00\x10\
\x07\x00v\x01A\x00\xfc\x00\x02\x00}\xfeH\x049\x05\
\x9d\x00#\x003\x00\x00\x012\x1e\x02\x15\x14\x0e\x02#\
\x22&'\x03\x0e\x01#.\x015\x134547\x13\
>\x01\x17\x1e\x01\x07\x03>\x01\x17\x22\x0e\x01\x15\x14\x1e\
\x0132>\x0154.\x01\x02pr\xabs9@\
{\xb4ub\x9d:\x09\x01,\x1f\x1f+\x10\x02\x10\x01\
,\x1f +\x01\x08:\xa2gg\x95OP\x8aV_\
\x97XL\x8a\x044`\x9d\xbe_i\xd3\xafkNB\
\xfe>\x1f+\x01,\x1f\x03=\x0a\x0b\x1a\x19\x039 \
+\x01\x01,\x1f\xfeX@L\x96x\xc7yp\xb3i\
}\xcdvh\xb1k\x00\xff\xff\x00o\xfe\x02\x04\x08\x06\
/\x12&\x00\x5c\x00\x00\x10\x07\x00j\x00\xfa\x01\x16\x00\
\x01\x00\x9b\xff\xb5\x01A\x04\x17\x00\x17\x00\x00\x13\x1e\x01\
\x07\x0e\x04\x15\x14\x06#\x22&54>\x037>\x01\
\xf9\x1f)\x01\x03\x05\x03\x02\x01, \x1f,\x01\x02\x04\
\x05\x03\x02.\x04\x16\x01. E\xc6\xe1\xde\xbe?\x1f\
,,\x1f?\xbf\xdf\xe2\xc8H\x1f)\x00\x02\x00^\xff\
\xc4\x08\xd0\x05\x8e\x00V\x00m\x00\x00%26\x1a\x01\
54'&6\x17\x16\x0432676\x16\x17\x16\
\x06\x07\x0e\x01#\x22$'\x1e\x01\x15\x14\x06\x07\x1e\x01\
32676\x16\x17\x16\x06\x07\x0e\x01#\x22&'\
\x06\x02\x04#\x22.\x01\x0254\x12>\x0132\x16\
\x17\x16\x06\x07\x06&'.\x01#\x22\x0e\x02\x15\x14\x1e\
\x01%>\x01\x17\x16\x043276\x16\x17\x16\x06\x07\
\x0e\x01#\x22$'.\x01\x02\xc2\x99\xc9t0\x06\x01\
9\x1d\xae\x01'\x7fAy8\x1e6\x07\x07\x22\x1eC\
\x8aGx\xfe\xfd\x95\x02\x03\x06\x07I\xb0cM\x95B\
\x1e1\x04\x05'\x1eI\x9dQh\xb9N\x1f\x91\xfe\xfd\
\xcb\x84\xdf\xa5\x5cU\xa0\xe3\x8f}\xbd=\x12\x0a\x19\x19\
=\x12+\x7fT`\xa7\x80H~\xd2\x02\xa1\x084\x1e\
\x7f\x01\x04\x7f\xa2\x91\x1f2\x04\x05%\x1fO\xa4V\x87\
\xfe\xeb\x86\x1e#Z\x8c\x01\x03\x01f\xda\x83\x81&-\
\x05\x17 \x0b\x0d\x07\x22\x1e\x1e5\x08\x0f\x0d\x1c\x13+\
[,M\x9aK\x08\x0b\x07\x08\x05'\x1e\x1f1\x04\x0a\
\x09\x0d\x09\xbc\xfe\xd0\xb2m\xc2\x00\xff\x91\x8a\x01\x14\xe4\
\x89sR\x19=\x12\x13\x0a\x19;Jg\xb0\xe1{\xa3\
\xf9\x8d \x1f\x22\x07\x1c\x1c\x15\x05%\x1f\x1e2\x05\x0c\
\x0d\x1e\x1e\x084\x00\x00\xff\xff\x00m\xff\xc4\x07\x00\x04\
4\x10'\x00H\x02\xda\x00\x00\x10\x06\x00R\x00\x00\x00\
\x01\xff\xa6\xfe\x16\x017\x04\x16\x00\x19\x00\x00\x132\x16\
\x15\x14\x02\x07\x06\x02\x06#\x22&54632>\
\x0176\x12546\xec +\x03\x05\x082\x82\x82\
\x1f,,\x1f9E#\x07\x05\x03,\x04\x16+ \xe6\
\xfe\x8b\x92\xdc\xfe\xc0\xac-\x1f ,n\xf8\xd0\x91\x01\
p\xe6 +\x00\x00\x00\xff\xff\x00\x8f\x04b\x02R\x05\
\xc8\x12\x06\x00A\x00\x00\xff\xff\x00\xac\x04\x80\x02\xa6\x06\
x\x12\x06\x00r\x00\x00\xff\xff\x00?\x04B\x03L\x05\
d\x12\x06\x00a\x00\x00\x00\x01\x00\xa6\xff\xe0\x01\xda\x02\
\x0c\x00\x16\x00\x00\x05\x22&5476\x16\x17\x16\x06\
\x07\x0e\x01\x07>\x0132\x16\x15\x14\x06\x01KLY\
\xbf\x17$\x09\x08\x07\x14DF\x08\x0f(\x1c;HK\
 cV\xdf\x86\x0e\x0d\x0f\x0e$\x0b2qB\x0e\x15\
K;>M\x00\x00\x00\xff\xff\xff\xea\x04]\x02/\x06\
\xac\x12\x06\x01y\x00\x00\xff\xff\x00\xa6\xff\xea\x01\xda\x03\
\xdb\x10'\x00\xc9\x00\x00\x01\xcf\x10\x06\x00\x11K\x00\x00\
\x02\x00\xc2\xff\xe2\x03\xc0\x05x\x00'\x003\x00\x00\x01\
\x1e\x01\x07\x0e\x01'.\x01#\x22\x06\x15\x14\x16\x17\x1e\
\x01\x15\x14\x07\x0e\x01'.\x017654&'.\
\x0154>\x0132\x014632\x16\x15\x14\x06\
#\x22&\x03\x87#\x16\x11\x12?\x1f1rBo\x91\
DLWa&\x12@\x1d\x16\x0d\x0c\x12BJTf\
n\xbap\xa7\xfe\xc9D32GI01F\x05!\
\x14=\x1c\x1e\x09\x10 %mO0\x5cBI\x86M\
C5\x19\x12\x19\x123\x12\x1a\x1f,\x5c@I\x89W\
\x5c\x93V\xfa\xe10IG23DF\x00\x00\x00\xff\
\xff\x00c\xff\xc3\x03\x0f\x02\xf7\x12\x06\x01z\x00\x00\xff\
\xff\xff\xa1\xff\xb4\x02\xc1\x06\xc5\x12\x06\x01{\x00\x00\xff\
\xff\x00\x1b\xff\xb4\x02\x06\x07\xa0\x10'\x01\x8f\x008\x01\
\x09\x12\x06\x01|\x00\x00\xff\xff\x00P\xfd\xc9\x038\x05\
\x9c\x10'\x01\x8f\x00\xbf\xff\x05\x12\x06\x01\x88\x00\x00\xff\
\xff\xff\xe9\xfc\xdd\x01\xd4\x04\xdd\x10'\x01\x8f\x00\x06\xf8\
E\x12\x06\x01|\x00\x00\xff\xff\x00?\xfe\x0c\x05D\x04\
\xd5\x10'\x01\x8f\x00\x5c\xfe>\x12\x06\x01\x97\x00\x00\xff\
\xff\x00\x89\xff\xb4\x01O\x04\xdd\x12\x06\x01|\x00\x00\xff\
\xff\x00`\xfe\x0d\x06u\x02\xc4\x12&\x01\x91\x00\x00\x10\
\x07\x01W\x02q\xfd\xe6\xff\xff\x00`\xff\xc4\x03\x17\x05\
:\x12&\x01\x87\x00\x00\x10\x07\x01X\x00F\x04\x84\xff\
\xff\x00`\xff\xc4\x06u\x03,\x12&\x01\x91\x00\x00\x10\
\x07\x01X\x02\x0c\x02v\xff\xff\x00`\xff\xc4\x06u\x04\
,\x12&\x01\x91\x00\x00\x10\x07\x01Z\x02\x02\x02N\xff\
\xff\x00a\xfd\x89\x04\xbd\x03[\x12&\x01}\x00\x00\x10\
\x07\x01W\x01\xdf\xff&\xff\xff\x00a\xfd\x89\x04\xbd\x03\
[\x12\x06\x01}\x00\x00\xff\xff\x00a\xfd\x89\x04\xbd\x05\
W\x10'\x01W\x00\xd7\x04u\x12\x06\x01}\x00\x00\xff\
\xff\x00[\xff\xbd\x03S\x03Q\x12\x06\x01~\x00\x00\xff\
\xff\x00[\xff\xbd\x03S\x05\x22\x12&\x01~\x00\x00\x10\
\x07\x01W\x00\xe7\x04@\xff\xff\x00O\xfd\xc6\x02\x99\x02\
8\x12\x06\x01\x7f\x00\x00\xff\xff\x00O\xfd\xc6\x02\x99\x04\
F\x12&\x01\x7f\x00\x00\x10\x07\x01W\x015\x03d\xff\
\xff\x00l\xfd\xdc\x08\x9e\x02A\x12\x06\x01\x80\x00\x00\xff\
\xff\x00l\xfd\xdc\x08\x9e\x04\xdd\x12&\x01\x80\x00\x00\x10\
\x07\x01Z\x04\x99\x02\xff\xff\xff\x00r\xfd\xdc\x08\xc9\x02\
\xb6\x12\x06\x01\x81\x00\x00\xff\xff\x00r\xfd\xdc\x08\xc9\x04\
\x98\x12&\x01\x81\x00\x00\x10\x07\x01W\x06\xaf\x03\xb6\xff\
\xff\x00]\xff\xc4\x05R\x05\x0e\x12\x06\x01\x82\x00\x00\xff\
\xff\x00]\xff\xc4\x05R\x05\x0e\x12&\x01\x82\x00\x00\x10\
\x07\x01W\x03S\x03\xbe\xff\xff\x00t\xfd\x9a\x04\xe5\x04\
\x93\x12\x06\x01\x83\x00\x00\xff\xff\x00t\xfd\x8c\x04\xe5\x06\
\xa4\x12&\x01\x83\x00\xf2\x10\x07\x01W\x01\xdc\x05\xc2\xff\
\xff\xff\xb4\xff\xe2\x02\xe8\x00x\x12\x06\x01\x84\x00\x00\xff\
\xff\x00p\xff\xc2\x06\x80\x06z\x12&\x01\x94\x00\x00\x10\
\x07\x01W\x04,\x05\x98\xff\xff\x00s\xfe\x0b\x05X\x04\
\xbb\x10'\x01X\x02\x8e\x04\x05\x12\x06\x01\x92\x00\x00\xff\
\xff\x00r\xff\xc4\x05\xd6\x05\x14\x12&\x01\xc7\x00\x00\x10\
\x07\x01d\x02/\xfd\x85\xff\xff\x00`\xfe\x08\x04\x93\x05\
\x08\x12\x06\x01\x85\x00\x00\xff\xff\x00o\xfc\xf6\x04I\x02\
\xb9\x12\x06\x01\x86\x00\x00\xff\xff\x00y\xfe\x0c\x05(\x02\
\x08\x12&\x01\x96\x00\x00\x10\x07\x01W\x01\xfb\x00\xe1\xff\
\xff\x00`\xff\xc4\x03\x17\x03\x8e\x12\x06\x01\x87\x00\x00\xff\
\xff\x00P\xfd\xc9\x038\x02\xb3\x12\x06\x01\x88\x00\x00\xff\
\xff\x00s\xfe\x0c\x05D\x02\xef\x12\x06\x01\x97\x00\x00\xff\
\xff\x00s\xfc;\x05D\x02\xef\x12&\x01\x97\x00\x00\x10\
\x07\x01X\x01?\xfc'\xff\xff\xff\xe3\x05\x11\x01\xd0\x06\
\xfb\x12&\x01\x8a\x00\x00\x10\x07\x01\x8a\x00\x00\x01\x02\xff\
\xff\xff<\x04\xa1\x01\x89\x07\x8a\x12\x06\x01\x89\x00\x00\xff\
\xff\xff\xe3\xfd\x12\x01\xd0\xfe\xfc\x12'\x01\x8a\x00\x00\xf8\
\x01\x10\x07\x01\x8a\x00\x00\xf9\x03\x00\x00\xff\xff\xff\xe3\x05\
\x11\x01\xd0\x05\xf9\x12\x06\x01\x8a\x00\x00\xff\xff\xff\xb4\x04\
\xa1\x01\x89\x06\xb5\x12\x06\x01\x8b\x00\x00\xff\xff\xff\xe3\xfe\
\x14\x01\xd0\xfe\xfc\x12\x07\x01\x8a\x00\x00\xf9\x03\x00\x00\xff\
\xff\xff\xc7\x05F\x01\xdb\x06\xb7\x10\x07\x01\x8c\xff\xe0\x00\
\x80\x00\x00\xff\xff\xff\xfc\x04\xe8\x01b\x06^\x12\x06\x01\
\x8d\x00\x00\xff\xff\xff\xf1\x05\x22\x02g\x06\x19\x12\x06\x01\
\x8e\x00d\xff\xff\xff\xe3\x04\x98\x01\xce\x06\x97\x12\x06\x01\
\x8f\x00\x00\xff\xff\xff\xe3\xfcd\x01\xce\xfec\x12\x07\x01\
\x8f\x00\x00\xf7\xcc\x00\x00\xff\xff\xff\xf1\xfd-\x00d\xff\
\x03\x10\x07\x01\x93\x00!\xf8\xa9\x00\x00\x00\x02\xff\xee\x04\
\x9b\x01\xc3\x06\xaf\x00\x1d\x00'\x00\x00\x01\x16\x06\x07\x06\
\x07\x16\x15\x14\x06#\x22&547&'.\x017\
>\x01\x17\x16\x17676\x16\x01\x14\x163265\
4'\x06\x01\xbf\x04\x0b\x13wS\x8biG>P'\
\x1d\x22\x14\x0e\x02\x02\x1a\x139-f\xa4\x15\x17\xfe\xba\
#\x22'=\x7f*\x06\x90\x0e \x05\x1cC5lL\
vhIFB\x06\x06\x04\x1c\x0f\x0f\x13\x04\x0a\x0bj\
(\x05\x11\xfe\xad+5F*?&9\x00\x00\x00\xff\
\xff\x00\x08\x05\xf1\x01\xcb\x07W\x10\x07\x01\x90\xff\xfd\x01\
\xae\x00\x00\x00\x02\x00g\x00{\x02z\x02\x90\x00\x0e\x00\
\x1a\x00\x00\x134>\x0132\x16\x15\x14\x0e\x01#\x22\
.\x017\x14\x1632654&#\x22\x06gR\
\x84Kk\x87ArKK~Lr`C5WH\
8Lc\x01\x8bLvC\x95gH\x80QK|I\
=aaF>LZ\x00\x01\x00m\xff\xb5\x01\xe6\x04\
\xe5\x00\x15\x00\x00\x136\x16\x17\x16\x1a\x02\x15\x14\x06#\
\x22&54\x0a\x02'&6\xa5\x1d9\x0a7T9\
\x1d, \x1f,\x1b6Q6\x0a\x1c\x04\xda\x0b\x1d\x1d\
\x9f\xfe\xec\xfe\xef\xfe\xd2\xb9\x1f,,\x1f\xb3\x01\x1e\x01\
\x01\x01\x0a\x9f\x1d8\x00\x00\x01\x00p\xff\xb5\x03\xab\x04\
\xf7\x00E\x00\x00\x05\x22&54\x02&\x02'&7\
0545670167056767\
012703236323236\x16\
\x17\x1e\x0232>\x0174632\x16\x15\x0e\x03\
#\x22'\x16\x12\x15\x14\x06\x01\x9a\x1f,\x1b6Q6\
\x07\x05\x08\x19\x02\x03\x03\x04\x04\x04\x02\x03\x01\x02\x01\x02\
\x01\x01\x02\x01\x01\x18)\x08?^\x5c;T_)\x01\
,\x1f\x1f,\x01%U\x8fkVB#%,K,\
\x1f\xb3\x01\x1c\xfe\x01\x08\x9f\x14\x14\x01\x01\x02\x1c\x10\x01\
\x01\x01\x01\x02\x02\x01\x01\x01\x01\x19\x17\x9f\xab@h\xb4\
r\x1f,,\x1fe\xc3\x9e^&\x99\xfe\xba\xcf\x1f,\
\x00\x00\x00\x00\x01\x00m\xff\xb5\x04\xec\x04\xf9\x00E\x00\
\x00\x05\x22&54\x02&\x02'&676\x170\
301\x16\x17\x1e\x0232>\x0154632\
\x16\x15\x14\x15\x1e\x0132654'&676\
\x16\x17\x1e\x01\x15\x14\x0e\x01#\x22&'\x0e\x01#\x22\
'\x16\x12\x15\x14\x06\x01\x9a\x1f,\x1b6Q6\x0a\x1c\
\x1c\x1c\x1c\x01\x1d\x0a5NH*CE\x1a\x22\x1c\x1c\
)\x02SHTH\x07\x02)\x1f\x1e.\x03\x03\x03:\
\x81kRq#!oU6+%',K,\x1f\
\xb3\x01\x1a\xfd\x01\x07\x9e\x1d9\x0a\x09\x0d\x0d\x1d\x96\x96\
2V\x97a\x1d++\x1d\x07\x05\xb5\x8c\x80[:N\
\x1f/\x02\x02(\x1f$6\x1eo\xb3jOA@Q\
\x0e\x9b\xfe\xb4\xd4\x1f,\x00\x01\x00a\xff\xc3\x03\x93\x04\
\xe5\x007\x00\x00\x01\x16\x06\x07\x0e\x02\x15\x14\x1e\x01\x17\
\x16\x17\x16\x06\x07\x06\x07#\x0e\x02\x15\x14\x16326\
76\x16\x17\x16\x06\x07\x0e\x01#\x22.\x01546\
7.\x0154>\x0276\x16\x02\xef\x04(\x1eb\
\xbaxP|A$\x09\x06\x0f\x18\x04\x03\x01O\x8cX\
\x9e|M\x9b=\x1e3\x06\x06!\x1fB\xaaW|\xc3\
p\x9eob\x8b[\x9b\xc0d\x1e2\x04\x9f\x1f1\x04\
\x065]C6^E\x13\x0c&\x170\x0c\x01\x02\x1e\
Zi6M?\x13\x0b\x05#\x1d\x1f4\x06\x0d\x137\
xbk\xb9A7\xa8_T\x80Z4\x08\x04'\x00\
\x02\x00r\xff\xc4\x04H\x04\xf1\x00\x1f\x00-\x00\x00\x05\
\x22$54>\x017.\x01'.\x017>\x01\x17\
\x1e\x01\x1776\x16\x17\x16\x07\x1e\x02\x15\x14\x04\x01\x14\
\x1632654.\x01'\x0e\x02\x02e\xe4\xfe\xf1\
f\xa6`,Z-\x19\x0b\x12\x12=\x19.l8\x02\
\x17@\x13\x1f\x18d\xb1m\xfe\xf7\xfd\xcb\xb8\xa3\x9b\xb0\
]\x9ebS\x97_<\xda\xc6r\xe0\xcfZ#C \
\x12=\x19\x1a\x0a\x12!M,\x01\x14\x08\x18'-X\
\xce\xeb\x81\xc4\xcc\x01\xa0~\x8c~|]\xbc\xb8WL\
\xb4\xbe\x00\x00\x01\x00r\xff\xaf\x04\x14\x04\xe4\x00!\x00\
\x00\x13&67632\x16\x15\x14\x1e\x02\x17\x16\x06\
\x07\x06&'.\x0354.\x01#\x22\x06\x07\x06&\
s\x01,\x1f\x83\xae\xbf\xdf\x0a\x1b1'\x0b\x1a\x1d\x1d\
9\x0b)5\x1e\x0c=\x81g>\x97;\x1f,\x04\x8c\
\x1f,\x01\x0c\xc6\xee\xa4\xdf\xa6\x94Y\x1c:\x0b\x0a\x1b\
\x1c^\xa4\xb6\xeb\xa5y{*\x04\x06\x01,\x00\x00\x00\
\x01\x00n\xff\xb4\x04U\x04\xfe\x00#\x00\x00\x136\x16\
\x17\x16\x1a\x01\x176\x1a\x017>\x01\x17\x1e\x01\x07\x06\
\x0a\x02\x07\x0e\x01\x07\x06&'&\x0a\x02'&6\x96\
\x1a>\x10\x5c\x8fg \x1f]\x82U\x0f<\x1c\x1a\x11\
\x10U\x84`@\x12\x03$\x1d\x1c+\x03\x12Di\x90\
_\x10\x0e\x04\xce\x11\x0f\x1a\x92\xfe\xf1\xfe\xd9\xb6\xba\x01\
1\x01\x1a\x96\x1a\x11\x10\x0f<\x1b\x97\xfe\xef\xfe\xf1\xfe\
\xd6\xb1\x19'\x01\x01&\x1c\xae\x01\x1f\x01\x06\x01\x07\x96\
\x1a>\x00\x00\x01\x00o\xff\xa7\x04\x5c\x04\xdf\x00#\x00\
\x00\x05\x06&'&\x0a\x01'\x06\x0a\x01\x07\x0e\x01'\
.\x0176\x1a\x027>\x0136\x16\x17\x16\x1a\x02\
\x17\x16\x06\x044\x1a=\x11]\x8dd \x1e_\x85[\
\x0f<\x1c\x1a\x11\x0fZ\x88a@\x12\x03&\x1c\x1c+\
\x03\x12Bg\x8f_\x11\x0eC\x10\x0d\x1a\x96\x01\x12\x01\
(\xb6\xb8\xfe\xd8\xfe\xef\x97\x1a\x11\x10\x0f<\x1b\x97\x01\
\x0b\x01\x09\x01$\xb1\x19'\x02%\x1d\xae\xfe\xdf\xfe\xf9\
\xfe\xf5\x98\x1a<\x00\x00\x00\x02\x00r\xff\xaf\x03\xb9\x04\
\xfa\x00\x1e\x000\x00\x00\x012\x1e\x02\x17\x16\x12\x17\x16\
\x06\x07\x06&'&\x02'\x06\x07\x0e\x01#\x22.\x01\
54>\x02\x136\x17.\x01'.\x01#\x22\x0e\x01\
\x15\x14\x16326\x01\xe1g\x85L!\x03\x09+:\
\x0e\x13\x1b\x1b<\x0e73\x0b\x13\x1c\x0fH)`\xb8\
x*Y\x8b\xf0\x22\x19\x01\x04\x01\x04\x5ciBa5\
\x8dq!C\x04\xfaZ\x93\xb0W\xfd\xfe\x8ap\x1b=\
\x0e\x0e\x13\x1bk\x01\x15\xae\x16\x03\x02\x06?\x92|G\
\x9d\x89V\xfd\x8c\x04\x17)U,\x99\xaeT\x86Ji\
W\x05\x00\xff\xff\x00o\xff\xa3\x05Y\x05\x9d\x12\x06\x00\
\x08\x00\x00\x00\x01\xff\xb0\xfe/\x01\xd2\x02J\x00\x0d\x00\
\x00\x01\x1e\x01\x07\x01\x0e\x01'.\x017\x01>\x01\x01\
\x9e\x1d\x17\x0d\xfe\x82\x0c:\x1d\x1c\x18\x0d\x01~\x0c;\
\x02=\x0c:\x1d\xfc\x8a\x1c\x19\x0d\x0c;\x1c\x03w\x1d\
\x17\x00\x00\x00\x01\x00\x9e\x03\xa8\x01\xd2\x05\xd3\x00\x16\x00\
\x00\x012\x16\x15\x14\x07\x06&'&67>\x017\
\x0e\x01#\x22&546\x01-LY\xbf\x16%\x09\
\x08\x07\x14DG\x07\x0f'\x1d:IL\x05\xd3cV\
\xdf\x86\x0d\x0c\x0f\x0e$\x0b2qB\x0e\x15L:>\
M\x00\x00\xff\xff\x00c\x01\xa0\x04\x04\x05\x84\x12\x06\x00\
\x0d\x00\x00\xff\xff\x00`\xff\xc4\x06u\x02\xc4\x12\x06\x01\
\x91\x00\x00\xff\xff\x00s\xfe\x0b\x05X\x02\xe5\x12\x06\x01\
\x92\x00\x00\xff\xff\xff\xd0\x04\x84\x00C\x06Z\x12\x06\x01\
\x93\x00\x00\xff\xff\xff\xb9\xff\xb4\x02\x9e\x07#\x12\x06\x01\
p\x00\x00\xff\xff\x00`\xff\xc4\x06u\x04\xac\x10'\x01\
y\x02t\xfe\x00\x12\x06\x01\x91\x00\x00\xff\xff\x00`\xfc\
\xfc\x06u\x02\xc4\x12&\x01\x91\x00\x00\x10\x07\x01Y\x01\
\xe8\xfc\xc3\x00\x02\x00a\xfd\x89\x04\xbd\x03[\x005\x00\
Q\x00\x00\x012\x1e\x02\x17\x16\x15\x14\x07\x0c\x01\x06\x15\
\x14\x1e\x0132676\x16\x17\x16\x06\x07\x0e\x01#\
\x22$&54\x12$7.\x03#\x22\x06\x07\x0e\x01\
'.\x017>\x01\x13&67>\x0132\x16\x17\
\x14\x0e\x01\x07\x06&'&7>\x0154#\x22\x06\
\x07\x06\x01\x92<\xb0\xca\xcdY@R\xfe\xfb\xfew\xdb\
|\xd3\x82^\xd2\x5c\x1f7\x0b\x0c\x18\x1d_\xebo\xaf\
\xfe\xe6\xa5\xc4\x01m\xfd9\x8e\x8fu\x1f4=\x16\x07\
8\x1e\x1c\x22\x09!\x82\xf9\x0a\x05\x0f!\x8dC9V\
\x019V,\x11\x1e\x05\x08$3P@-w\x1d&\
\x03[@]\x5c\x1c\x12:>\x10&\xa3\xe7\x8el\x96\
N$\x22\x0c\x17\x1b\x1d9\x0d(*t\xd9\x99\x9e\x01\
\x00\xbd;\x19@<'\x5cA\x1d \x08\x086\x1er\
\x9e\xfcV\x0e!\x0b\x19(8;&TC\x0f\x05\x11\
\x10\x22\x11\x15L\x1c$%\x10\x11\x00\xff\xff\x00[\xff\
\xbd\x03S\x06\xa7\x10'\x01y\x00\xb2\xff\xfb\x12\x06\x01\
~\x00\x00\xff\xff\x00O\xfd\xc6\x03\x1a\x05\xb7\x10'\x01\
y\x00\xeb\xff\x0b\x12\x06\x01\x7f\x00\x00\xff\xff\x00O\xfb\
\xaf\x02\x99\x028\x10'\x01\x90\x00\xae\xf7l\x12\x06\x01\
\x7f\x00\x00\xff\xff\x00O\xfd\xc6\x02\xd5\x05X\x12&\x01\
\x7f\x00\x00\x10\x07\x01Z\x00\xa4\x03z\xff\xff\x00p\xff\
\xc2\x06\x80\x041\x12\x06\x01\x94\x00\x00\xff\xff\x00p\xff\
\xc2\x06\x80\x07\x07\x10'\x01Z\x03\xc5\x05)\x12\x06\x01\
\x94\x00\x00\xff\xff\x00p\xff\xc4\x07/\x04\xfd\x12\x06\x01\
\x95\x00\x00\xff\xff\x00s\xff\xc3\x06O\x04\xad\x12\x06\x01\
\xcc\x00\x00\xff\xff\x00p\xff\xc4\x07/\x06-\x10'\x01\
^\x030\xff\xa5\x12\x06\x01\x95\x00\x00\xff\xff\x00`\xfe\
\x08\x04\xd6\x07\x87\x10'\x01\x90\x03\x08\x01\xde\x12\x06\x01\
\x85\x00\x00\xff\xff\x00y\xfe\x0c\x05(\x02\x08\x12\x06\x01\
\x96\x00\x00\xff\xff\xff\xb5\xff\xe2\x04\xcc\x03@\x12\x06\x01\
\xc2\x00\x00\xff\xff\x00`\xff\xc4\x03\x17\x07/\x12&\x01\
\x87\x00\x00\x10\x07\x01d\x00\xce\x00H\xff\xff\x00`\xff\
\xc4\x03\x17\x03\x8e\x12\x06\x01\x87\x00\x00\xff\xff\x00`\xff\
\xc4\x03\x17\x07/\x12&\x01\x87\x00\x00\x10\x07\x01d\x00\
\xce\x00H\xff\xff\x00`\xff\xc4\x03\x17\x05:\x12&\x01\
\x87\x00\x00\x10\x07\x01X\x00F\x04\x84\xff\xff\x00P\xfd\
\xc9\x038\x05\x09\x10'\x01\x90\x00\xe6\xff`\x12\x06\x01\
\x88\x00\x00\xff\xff\x00P\xfd\xc9\x038\x04\x84\x10'\x01\
X\x00]\x03\xce\x12\x06\x01\x88\x00\x00\xff\xff\x00s\xfe\
\x0c\x05D\x02\xef\x12\x06\x01\x97\x00\x00\xff\xff\x00h\xfe\
\x0c\x05D\x03\xd5\x10'\x01\x90\x00]\xfe,\x12\x06\x01\
\x97\x00\x00\xff\xff\x00~\xff\xe3\x07\xcf\x04<\x12\x06\x01\
\xc8\x00\x00\x00\x01\x00p\xff\xb3\x03p\x00g\x00\x13\x00\
\x00\x17&67>\x01\x16\x17\x1e\x01\x07\x0e\x01'.\
\x01\x06\x07\x06&t\x04&\x1f{\xbb\xbd\x7f\x1f*\x02\
\x01. z\xb5\xb3v\x1e2\x08\x1e2\x03\x0f\x0d\x01\
\x06\x01. \x1f)\x01\x06\x01\x0c\x0e\x04&\x00\x00\xff\
\xff\x00`\xff\xc4\x03\x17\x03\x8e\x12\x06\x01\x87\x00\x00\x00\
\x02\xfd\xdb\x04N\x02*\x07<\x00^\x00i\x00\x00\x03\
46'&72\x17\x16\x06\x15\x14\x163267\
505656565676\x17\x16\x07\x16\
\x17>\x0132\x16\x15\x14\x06#\x22'\x06\x07\x06'\
&767&'\x06#\x22'\x0e\x01\x07\x0e\x01\x15\
\x14\x1e\x013267632\x15\x14\x07\x0e\x01#\
\x22.\x0154>\x017>\x015474%\x22\
\x06\x07\x1632654&\xe7\x04\x02\x02\x1e\x1e\x02\
\x02\x03'@>H\x04\x01\x01\x01\x07\x12\x0c\x0a\x0a\x01\
\x07(,xK:P\x8b\x5cH6\x09\x08\x0e\x17\x13\
\x0a\x09\x09\x1d\x142xt \x1cL#5QOz\
>|\xc9=\x06\x04\x1e\x14C\xd2\x81Q\x95^5N\
&=W\x01\x02\x819^%(=Fe3\x05\xe4\
K\x9bR\x1e\x02\x1dR\x9dK=0FK\x01\x02\x02\
\x01\x02\x01\x01\x01\x0f\x02\x01\x09\x09\x0cG$TqH\
;QU\x17\x12\x13\x1c\x0f\x0a\x17\x16\x15\x16\x1eaG\
\x1a*\x11\x1a4\x1d\x1b\x19\x06\x14\x15\x02\x1e\x15\x07\x19\
\x14\x0d26(:-\x12\x1d6\x1f\x04\x04\x02F^\
E\x0f08#'\x00\x00\x03\xfeg\x04N\x01\x90\x07\
\xc1\x00\x11\x00]\x00i\x00\x00\x13&7>\x0132\
\x17\x16\x07\x06'&#\x22\x07\x06&\x0346'&\
72\x17\x16\x06\x15\x14\x163267>\x017\x0e\
\x01#\x22&54632\x16\x15\x14\x06\x07\x0e\x01\
#\x22'\x0e\x01\x07\x0e\x01\x15\x14\x1e\x013267\
632\x15\x14\x07\x0e\x01#\x22.\x0154>\x01\
7>\x015474%\x143276\x17.\x01\
#\x22\x06\x85\x06\x17\x16;\x1c8\x1d\x19\x0f\x0a\x12\x1a\
)<#\x0a\x12\xe3\x04\x02\x02\x1e\x1e\x02\x02\x03'@\
Db\x1c%#\x02\x160\x15>HE<MN-\
2$wMt \x1cL#5QOz>|\xc9\
=\x06\x04\x1e\x14C\xd2\x81Q\x95^5N&=W\
\x01\x01\x05Q)$\x06\x07\x05/+$(\x07\x93\x18\
\x07\x08\x07\x0d\x0d\x16\x10\x05\x08\x0b\x04\x0b\xfeZK\x9b\
R\x1e\x02\x1dR\x9dK=0\x07\x0a\x0b\x22(\x07\x06\
9?Ff\x9bk=A\x14\x13\x0dG\x1a*\x11\x1a\
4\x1d\x1b\x19\x06\x14\x15\x02\x1e\x15\x07\x19\x14\x0d26\
(:-\x12\x1d6\x1f\x04\x04\x02oF\x0c\x02\x02I\
[@\x00\x00\x01\xff\x1c\x051\x00\xb6\x06b\x00(\x00\
\x00\x034326767>\x01\x17\x1e\x01\x07\x06\
\x07\x06\x15\x14\x1632654'&76\x17\x16\
\x15\x14\x06#\x22'\x0e\x01#\x22\xe4\x1d+8\x19\x18\
!\x08\x1a\x09\x09\x03\x08\x18\x13\x14%$,'F\x16\
\x14\x16\x15YIDa\x1a\x169&\x1d\x05Z\x1eJ\
10(\x0b\x01\x08\x07\x1a\x09\x1a!$\x1c\x1b#%\
\x1b4B\x14\x16\x16\x14VT3@G\x19\x22\x00\x00\
\x03\xffK\x05\x11\x00\xb9\x06P\x00\x0b\x00\x17\x00#\x00\
\x00\x034632\x16\x15\x14\x06#\x22&\x0746\
32\x16\x15\x14\x06#\x22&%4632\x16\x15\
\x14\x06#\x22&1 \x16\x1a\x16\x1b\x18\x1c\x17\x84 \
\x16\x1a\x16\x1b\x18\x1c\x17\x01\x08 \x16\x1a\x16\x1b\x18\x1c\
\x17\x06\x1c\x14 #\x0e\x13$&\xc9\x14 #\x0e\x13\
$&\x0e\x14 #\x0e\x13$&\x00\x00\x04\xff\xff\xfc\
\x15\x08\xfd\x08\xdc\x00s\x00{\x00\x87\x00\x8f\x00\x00\x01\
\x22'&$'&'&54545470\
5470165016701674\
347650767$%$\x00\x11\x10\x00\
%$%\x06&'\x2254=\x0145467\
6$7632\x17\x16\x04\x17\x1e\x01\x15\x14\x15\x14\
\x06'\x04\x05\x04\x00\x11\x10\x00\x05\x04\x05\x16\x1701\
\x163\x16\x170\x15\x16\x145\x14\x15\x14\x07\x06\x07\x06\
\x04\x07\x06\x03\x04\x07\x04\x176%$\x01\x10\x00\x05$\
\x00\x11\x10\x00%\x04\x00\x01$7$'\x06\x05\x04\x04\
\x86\x17\x0f\xd6\xfe^\xdd\x08\x07$\x01\x01\x01\x01\x01\x01\
\x01\x01\x01\x01\x01\x12 \x01J\x01\x17\xfeP\xfe9\x01\
\xc7\x01\xaf\xfe\xea\xfe\xbd\x19'\x03\x01\x22\x19\xd4\x01\x8e\
\xdb\x11\x15\x17\x0f\xd4\x01\x9f\xda\x19#*\x1c\xfe\xba\xfe\
\xec\x01\xb0\x01\xc8\xfe:\xfeQ\x01\x15\x01J\x0b\x09\x01\
\x02!\x05\x01+\x04\x05\xdf\xfel\xd2\x0e(\xfe\xf5\xfa\
\x01\x1c\xf1\xee\x01\x19\xfe\xfa\xfb\x01\x02\x0b\x01\xf5\x01\xf1\
\x02\x0b\xfd\xf5\xfe\x0b\xfe\x0f\xfd\xf5\x04\x06\x01\x0b\xfb\xfe\
\xe3\xf1\xef\xfe\xe7\x01\x08\xfc\x15\x0c\x9d\xc6/\x02\x03\x11\
&\x01\x02\x03\x03\x02\x02\x01\x03\x02\x03\x02\x03\x02\x02\x02\
\x01\x02\x01\x01\x01\x01\x1a\x02\x0f/\x99\x02\x0a\x01d\x01\
d\x02\x0a\x980\x10\x02 \x1a\x01\x02\x01\x01\x01\x02\x1a\
$\x03.\xc0\xa3\x0c\x0c\x9d\xc5/\x03#\x17\x02\x02\x1d\
&\x03\x10/\x98\xfd\xf5\xfe\x9c\xfe\x9c\xfd\xf6\x98/\x10\
\x01\x03\x01\x0e%\x01\x01\x04\x01\x02\x02.\x0e\x02\x01/\
\xc2\xa1\x0c\x0c7\xc0f\x1e;:\x1ei\xfa\xea\xfe\x9e\
\xfe\x12\x7f\x7f\x01\xef\x01a\x01b\x01\xee\x7f\x7f\xfe\x11\
\xf8\xcb\xc0g\x1e;;\x1ei\x00\x00\x00\x01\xff\x13\x05\
<\x01\x02\x06\x87\x00\x22\x00\x00\x032\x16\x17\x1e\x01\x17\
\x16\x15\x14\x07\x0e\x01#\x2254327.\x01'\
.\x01#\x22\x07\x0e\x01'&7>\x019 K.\
\x1dG,\x12\x0en\xdcy\x1e\x1e\xbb\xb6\x1e4\x17%\
5\x13#\x22\x04\x1b\x0d\x16\x0b\x187\x06\x87 \x17\x0e\
!\x13\x07\x15\x11\x08KR\x1e\x1ev\x0e\x18\x0c\x14\x16\
K\x0a\x0a\x08\x0e\x183;\x00\x00\x00\xff\xff\x00g\x00\
{\x02z\x02\x90\x12\x06\x01\x00\x00\x00\xff\xff\x00m\xff\
\xb5\x01\xe6\x04\xe5\x12\x06\x01\x01\x00\x00\xff\xff\x00p\xff\
\xb5\x03\xab\x04\xf7\x12\x06\x01\x02\x00\x00\xff\xff\x00m\xff\
\xb5\x04\xec\x04\xf9\x12\x06\x01\x03\x00\x00\x00\x01\x00g\xff\
\xb5\x04(\x04\xf2\x006\x00\x00\x136\x16\x17\x1e\x01\x17\
>\x0232\x16\x15\x14\x06#\x22\x06\x07\x1e\x0132\
676\x16\x17\x16\x06\x07\x06#\x22&'&'&\
'\x16\x12\x15\x14\x06#\x22&5\x10\x02'&6\x84\
\x19C\x10(U0\x1b\x84\xcb\x85&*)'\xa5\xbf\
\x0aD\xa6h\x172\x1a 0\x03\x02'\x1f96\x8e\
\xdbT\x15\x0b\x04\x05/-,\x1f\x1f,d{\x0d\x06\
\x04H\x14\x05\x1dE\x807x\xc6v-\x1f\x1e+\xdc\
\xb7/6\x03\x02\x04)\x1f\x1e0\x03\x06`M\x0b\x14\
\x05\x05\x8d\xfe\xac\xc4\x1f,,\x1f\x01;\x01\xea\xc1\x17\
8\x00\x00\x00\x02\x00r\xff\xc0\x04M\x04\xe1\x00&\x00\
C\x00\x00\x01>\x01\x17\x1e\x01\x17676\x16\x17\x16\
\x07\x1e\x02\x15\x14\x06#\x22&'\x0e\x01#\x22&5\
4>\x017.\x01'.\x01\x01\x1e\x013265\
4.\x01'\x0e\x02\x15\x14\x163267&76\
7676\x16\x01N\x11=\x19'j;\x01\x02\x1b\
<\x0f\x12\x10Z\xa1f\x95\x8aIh!\x1feH\x8b\
\x93t\xb4b+O\x1f\x1a\x0c\x01U\x04MDDT\
a\x99T[\xa9lEMAI\x03\x01\x01\x01\x0b\x0d\
\x16\x17+\x04\xbb\x19\x0d\x12\x1aM1\x01\x01\x0f\x12\x1b\
 \x22U\xcc\xe7{\xb5\xe1D21C\xcf\xac\x96\xfd\
\xc9H#:\x15\x11>\xfcRFX}ud\xc8\xba\
N?\xb0\xd9|d|O@\x05\x05\x12\x0c\x12\x04\x04\
\x1c\x00\x00\x00\x01\x00r\xff\xb0\x03\x8e\x04\xf9\x009\x00\
\x00\x17.\x017>\x017.\x0254>\x0132\
\x16\x17\x1e\x01\x07\x0e\x01'.\x01#\x22\x0e\x01\x15\x14\
\x1632676\x16\x17\x16\x17\x16\x17\x16\x070\x07\
\x14\x07\x06\x07\x0e\x02\x07\x0e\x01\xb3\x1a\x12\x0fF\xa8l\
g\xaeiz\xc1jMe:\x1b\x10\x0e\x0f=\x1a&\
L0>~S\xba\x94/v.\x18/\x0d\x06\x03\x03\
\x01\x03\x0b\x01\x01\x0d\x19\x8b\xcf\xa0G\x0f=A\x0f;\
\x1b\x80\xec\x5c\x0eT\x97py\xbem'-\x0f<\x1a\
\x1b\x10\x0e! EzNpl\x14\x0d\x07\x11\x14\x07\
\x09\x08\x09\x17\x15\x02\x01\x01\x17\x09*\xa6\xe0\x81\x1b\x11\
\x00\x00\x00\xff\xff\x00n\xff\xb4\x04U\x04\xfe\x12\x06\x01\
\x07\x00\x00\xff\xff\x00o\xff\xa7\x04\x5c\x04\xdf\x12\x06\x01\
\x08\x00\x00\xff\xff\x00r\xff\xaf\x03\xb9\x04\xfa\x12\x06\x01\
\x09\x00\x00\x00\x01\x00r\x01~\x04D\x02\x1e\x00\x15\x00\
\x00\x13&67>\x0132\x17\x1e\x01\x07\x0e\x01#\
.\x01#\x22\x07\x06&s\x01*\x1f{\xeew\xab\xb5\
\x1f*\x02\x01. V\xa9T\xeb\xf5\x1f-\x01\xc7\x1f\
.\x01\x04\x05\x06\x01. \x1f(\x04\x02\x09\x01+\x00\
\x01\x00r\x01~\x06o\x02\x1b\x00\x17\x00\x00\x13&6\
76$32\x04\x17\x1e\x01\x07\x0e\x01#&$#\
\x22\x04\x07\x06&s\x01*\x1f\xad\x01\xa8\xd9\x95\x01&\
\x82\x1f*\x02\x01. \x86\xfe\xcc\x9e\xd1\xfel\xa1\x1f\
-\x01\xc7\x1f.\x01\x03\x03\x01\x02\x01. \x1f(\x02\
\x02\x03\x04\x01+\x00\x00\x00\x01\x00\xa8\x03\x84\x01\xdd\x05\
\xaf\x00\x15\x00\x00\x012\x16\x15\x14\x06#\x22&'\x16\
\x17\x1e\x01\x07\x0e\x01'&546\x01NDKI\
;\x1c'\x0f\x0d\x85\x14\x06\x08\x08%\x17\xbfZ\x05\xaf\
M>:L\x16\x0e\x85`\x0b$\x0f\x0f\x0c\x0d\x87\xdf\
Vb\x00\x00\x01\x00\xa8\x03\x8a\x01\xdc\x05\xb5\x00\x15\x00\
\x00\x012\x16\x15\x14\x07\x06&'&6767\x0e\
\x01#\x22&546\x016MY\xbf\x16&\x08\x08\
\x06\x14\x84\x0f\x0f(\x1c;HK\x05\xb5cV\xdf\x86\
\x0d\x0c\x0f\x0e$\x0ba\x84\x0e\x15L:>M\x00\x00\
\x01\x00\xaa\xff\x13\x01\xde\x01>\x00\x16\x00\x00\x012\x16\
\x15\x14\x07\x06&'&67>\x017\x0e\x01#\x22\
&546\x019LY\xbf\x16%\x09\x08\x07\x14D\
G\x07\x0f'\x1d:IL\x01>cV\xdf\x86\x0d\x0c\
\x0f\x0e$\x0b2qB\x0e\x15L:>M\x00\x00\xff\
\xff\x00\xa8\x03\x84\x01\xdd\x05\xaf\x12\x06\x01B\x00\x00\xff\
\xff\x00\xa8\x03\x84\x03\xce\x05\xaf\x10'\x01B\x01\xf1\x00\
\x00\x10\x06\x01B\x00\x00\x00\x02\x00\xb4\x03\x8a\x03\xda\x05\
\xb5\x00\x16\x00-\x00\x00\x012\x16\x15\x14\x07\x06&'\
&67>\x017\x0e\x01#\x22&546!2\
\x16\x15\x14\x07\x06&'&67>\x017\x0e\x01#\
\x22&546\x01CLY\xbf\x16%\x09\x08\x07\x14\
DG\x07\x0f'\x1d:IL\x025LY\xbf\x16%\
\x09\x08\x07\x14DG\x07\x0f'\x1d:IL\x05\xb5c\
V\xdf\x86\x0d\x0c\x0f\x0e$\x0b2qB\x0e\x15L:\
>McV\xdf\x86\x0d\x0c\x0f\x0e$\x0b2qB\x0e\
\x15L:>M\x00\x00\x00\x02\x00\xb4\xff\x13\x03\xda\x01\
>\x00\x16\x00-\x00\x00\x012\x16\x15\x14\x07\x06&'\
&67>\x017\x0e\x01#\x22&546!2\
\x16\x15\x14\x07\x06&'&67>\x017\x0e\x01#\
\x22&546\x01CLY\xbf\x16%\x09\x08\x07\x14\
DG\x07\x0f'\x1d:IL\x025LY\xbf\x16%\
\x09\x08\x07\x14DG\x07\x0f'\x1d:IL\x01>c\
V\xdf\x86\x0d\x0c\x0f\x0e$\x0b2qB\x0e\x15L:\
>McV\xdf\x86\x0d\x0c\x0f\x0e$\x0b2qB\x0e\
\x15L:>M\x00\x00\xff\xff\x00\xa8\x03\x84\x03\xce\x05\
\xaf\x10'\x01B\x01\xf1\x00\x00\x10\x06\x01B\x00\x00\xff\
\xff\x00\x8b\x02]\x01_\x037\x12\x07\x00\x11\x00\x00\x02\
s\x00\x00\xff\xff\x00\xcb\xff\xea\x05\xe6\x00\xc4\x10'\x00\
\x11\x04\x87\x00\x00\x10'\x00\x11\x02c\x00\x00\x10\x06\x00\
\x11@\x00\x00\x01\x00P\x03\x85\x01\x9a\x05u\x00\x0d\x00\
\x00\x13.\x017\x13>\x01\x17\x1e\x01\x07\x03\x0e\x01j\
\x10\x0a\x09\xe6\x0a&\x10\x11\x0a\x0a\xe6\x0a&\x03\x8f\x0a\
%\x10\x01\x8c\x11\x0a\x0a\x0a%\x10\xfet\x10\x0b\x00\xff\
\xff\x00P\x03\x85\x02\xd3\x05u\x10'\x01L\x019\x00\
\x00\x10\x06\x01L\x00\x00\xff\xff\x00P\x03\x85\x04\x0a\x05\
u\x10'\x01L\x02p\x00\x00\x10&\x01L\x00\x00\x10\
\x07\x01L\x019\x00\x00\xff\xff\x00\xaf\x00\xff\x02*\x03\
\xec\x10\x06\x00\x1f\x00\x00\xff\xff\x00p\x01\x00\x01\xea\x03\
\xec\x10\x06\x00!\x00\x00\x00\x01\x01\xb7\xff\xf5\x06-\x05\
\xc1\x00\x15\x00\x00%.\x0176\x08\x01\x127>\x01\
\x17\x1e\x01\x07\x06\x02\x08\x01\x07\x0e\x01\x01\xca\x10\x03\x10\
\x86\x01 \x01\x16\xedR\x0b-\x13\x14\x0c\x0bU\xf0\xfe\
\xe7\xfe\xdc\x89\x0f.\x05\x0f/\x10\x8e\x01[\x01p\x01\
a\x93\x14\x0d\x0b\x0b+\x14\x98\xfe\x99\xfe\x8b\xfe\xa1\x91\
\x10\x03\x00\x00\x01\x00\x8b\x03W\x02\x7f\x05\xec\x00&\x00\
\x00\x13467\x13632\x16\x15\x14\x07\x03?\x01\
632\x16\x0f\x0176\x16\x15\x14\x06\x0f\x02\x06#\
\x22&?\x01\x07\x06&\x8b\x04\x01\xf8\x0c\x17\x11\x18\x05\
\xd3\xb6\x0b\x05$\x12\x19\x02\x0aO\x12\x19\x16\x11\x5c\x0e\
\x04%\x11\x19\x01\x0c\xf2\x13\x18\x04\x12\x06\x0a\x04\x01\xb1\
\x15\x18\x11\x0a\x0a\xfe\x90\x09i$\x1a\x14Z\x04\x01\x19\
\x11\x10\x18\x01\x05\x7f$\x1b\x13q\x0d\x01\x1a\x00\x00\xff\
\xff\x00p\xff\xc4\x05\x00\x05\x8e\x10&\x00\x10\x0a\x13\x10\
'\x00\x10\x00\x00\x01d\x10\x06\x00&q\x00\x00\x00\xff\
\xff\x00p\x01k\x03\xd4\x02\x1e\x12\x06\x00\x10\x00\x00\xff\
\xff\x01\xb7\xff\xf5\x06-\x05\xc1\x12\x06\x01Q\x00\x00\x00\
\x10\x00w\x00%\x06/\x05\xdd\x00\x0b\x00\x17\x00#\x00\
/\x00;\x00E\x00Q\x00]\x00i\x00u\x00\x7f\x00\
\x8b\x00\x97\x00\xa1\x00\xab\x00\xb7\x00\x00\x014632\
\x16\x15\x14\x06#\x22&%2\x16\x15\x14\x06#\x22&\
546\x054632\x16\x15\x14\x06#\x22&\x07\
4632\x16\x15\x14\x06#\x22&\x05\x22&54\
632\x16\x15\x14\x06\x05432\x16\x15\x14\x06#\
\x22!\x22&54632\x16\x15\x14\x06\x13\x22&\
54632\x16\x15\x14\x06!\x22&5463\
2\x16\x15\x14\x06\x01\x22&54632\x16\x15\x14\
\x06!\x225432\x16\x15\x14\x06\x054632\
\x16\x15\x14\x06#\x22&\x05\x22&54632\x16\
\x15\x14\x06\x174632\x16\x15\x14#\x22%46\
32\x16\x15\x14#\x22%4632\x16\x15\x14\x06\
#\x22&\x03\x1d\x18\x1e\x1e\x18\x18\x1e\x1e\x18\x019\x1e\
\x18\x18\x1e\x1e\x18\x18\xfd\xe2\x18\x1e\x1e\x18\x18\x1e\x1e\x18\
\xdc\x18\x1e\x1e\x18\x18\x1e\x1e\x18\x03\xf4\x1e\x18\x18\x1e\x1e\
\x18\x18\xfbZ6\x1e\x18\x18\x1e6\x05\x1c\x1e\x18\x18\x1e\
\x1e\x18\x18\x15\x1e\x18\x18\x1e\x1e\x18\x18\xfa\x96\x1e\x18\x18\
\x1e\x1e\x18\x18\x04\xfb\x1e\x18\x18\x1e\x1e\x18\x18\xfa\xfc6\
6\x1e\x18\x18\x03\xfe\x18\x1e\x1e\x18\x18\x1e\x1e\x18\xfcx\
\x1e\x18\x18\x1e\x1e\x18\x18\x88\x18\x1e\x1e\x1866\x02\x06\
\x18\x1e\x1e\x1866\xfe\xfd\x18\x1e\x1e\x18\x18\x1e\x1e\x18\
\x05\xa7\x1e\x18\x18\x1e\x1e\x18\x18!\x18\x1e\x1e\x18\x18\x1e\
\x1e\x186\x1e\x18\x18\x1e\x1e\x18\x18v\x1e\x18\x18\x1e\x1e\
\x18\x18\x18\x18\x1e\x1e\x18\x18\x1e\x1e\x18\xa66\x18\x1e\x1e\
\x18\x18\x1e\x1e\x18\x18\x1e\x1e\x18\xfe\xfd\x18\x1e\x1e\x18\x18\
\x1e\x1e\x18\x18\x1e\x1e\x18\x18\x1e\x1e\x18\xfe\xfd\x18\x1e\x1e\
\x18\x18\x1e\x1e\x1866\x18\x1e\x1e\x18\xa6\x1e\x18\x18\x1e\
\x1e\x18\x18\x18\x18\x1e\x1e\x18\x18\x1e\x1e\x18^\x1e\x18\x18\
\x1e66\x1e\x18\x18\x1e6\x03\x1e\x18\x18\x1e\x1e\x18\x18\
\x00\x00\x00\x00\x01\x00u\x00'\x010\x00\xe2\x00\x0f\x00\
\x0074632\x16\x17\x16\x15\x14\x06#\x22&'\
&u3*\x1d'\x0b\x0f'8%(\x08\x07\x89\x22\
7\x18\x11\x17\x1a\x1dD\x22\x16\x19\x00\x00\x01\x00E\x00\
\x14\x02\x82\x00\xb6\x00\x14\x00\x007&67>\x013\
2\x17\x1e\x01\x07\x06'&#\x22\x06\x07\x06&L\x07\
\x18\x195\x93H\x86O\x18\x0f\x0e\x1c*AgE\x7f\
)\x19,E\x18-\x07\x12\x13\x1f\x0d5\x17(\x0d\x14\
\x0e\x0e\x07\x1a\x00\x00\x00\x00\x01\x00\x1d\x009\x02]\x02\
\x09\x00\x1d\x00\x00%&7>\x0154#\x22\x0e\x01\
\x07\x06'&67>\x0232\x16\x17\x14\x0e\x01\x07\
\x06&\x01\x09\x0d5IqZ+lb\x1c4\x1e\x0d\
\x05\x15 q\x89@Ry\x01Q{?\x18*i1\
\x18\x1el(3\x19#\x10\x19&\x140\x0f\x18+\x1b\
QT7x`\x15\x07\x19\x00\x00\x00\x00\x01\x009\xff\
\xea\x021\x01\xde\x00\x22\x00\x0074>\x01\x1e\x01\x15\
01\x14\x07\x0e\x01'.\x017654&\x0e\x01\
\x15\x14\x16\x17\x16\x06\x07\x06&'.\x019f\x96\x96\
f\x1e\x0b.\x1a\x14\x0b\x09\x15SnS1+\x11\x07\
\x11\x110\x11,I\xe9^q&%q_H3\x16\
\x17\x0f\x0c+\x16 ,==\x01=<4D)\x10\
/\x0f\x10\x08\x10)f\xff\xff\x00`\xff\xc4\x07\xdb\x02\
\xc0\x12\x06\x01\x98\x00\x00\xff\xff\xff\xb5\xff\xe2\x030\x04\
1\x10\x06\x01\x99\x00\x00\xff\xff\xff\xb5\xff\xe2\x03\xfa\x03\
l\x12\x06\x01\x9a\x00\x00\x00\x01\x00{\x05:\x03S\x06\
\x88\x00\x0d\x00\x00\x13&67%6\x16\x17\x16\x06\x07\
\x05\x06&\x82\x07\x19\x18\x02R\x18.\x07\x08\x16\x19\xfd\
\xac\x19-\x05j\x19.\x07\xc8\x08\x16\x1a\x19,\x08\xc9\
\x08\x16\x00\x00\x01\xff\xb4\xff\xe2\x00\xb0\x00x\x00\x0d\x00\
\x00'46;\x012\x16\x15\x14\x06+\x01\x22&L\
-\x1fd ,, d\x1f-- ++ \x1f\
,,\x00\x00\x01\xff\xb4\xff\xe2\x00\xe2\x00x\x00\x0d\x00\
\x00'46;\x012\x16\x15\x14\x06+\x01\x22&L\
-\x1f\x96 ,, \x96\x1f-- ++ \x1f\
,,\x00\x00\x01\xff\xb4\xff\xe2\x01F\x00x\x00\x0d\x00\
\x00'46;\x012\x16\x15\x14\x06+\x01\x22&L\
-\x1f\xfa ,, \xfa\x1f-- ++ \x1f\
,,\x00\x00\x01\x00\x8b\x048\x02\xde\x06V\x00\x11\x00\
\x00\x13&67>\x0176\x16\x17\x16\x14\x07\x0e\x01\
\x07\x06&\x9b\x10\x06\x14\x87\xd9s\x122\x11\x11\x11m\
\xdf\x90\x161\x04P\x152\x0fb\xbf|\x13\x01\x11\x12\
1\x14\x81\xc6a\x0d\x04\x00\x01\xff\xf9\x04Z\x01\x9d\x06\
\xe7\x001\x00\x00\x01\x0e\x01'&\x22#\x22\x06\x15\x14\
\x16\x17\x1e\x02\x15\x14\x06#\x22&'.\x0176\x17\
\x1e\x0132654&'.\x0254>\x013\
:\x01\x17\x1e\x01\x01\x8e\x01\x1a\x12\x0c\x15\x0bZkE\
4(S9\xa7s\x193\x18\x10\x16\x01\x05+\x17.\
\x16Jw@2'W<L\x80O\x0d\x18\x0e\x11\x17\
\x06\xb7\x12\x16\x02\x02M4'%\x0f\x0b\x22@9U\
b\x02\x02\x02\x1b\x11+\x03\x02\x042/##\x0f\x0c\
#D:;a:\x02\x01\x1b\x00\x00\xff\xff\xff\xb5\xff\
\xe2\x01\xf8\x04\x00\x12&\x01\x9d\x00\x00\x10\x07\x01X\xff\
v\x03J\x00\x02\x00T\xff\xe2\x06H\x05\x9c\x00\x12\x00\
%\x00\x00\x134\x126$32\x04\x1e\x01\x15\x14\x02\
\x04#\x22.\x027\x14\x1e\x0232$\x1254.\
\x02#\x22\x0e\x02T}\xd4\x01\x0c\x8e\xaa\x01\x1c\xd1r\
\xda\xfe\x7f\xfdy\xee\xc1t\x98[\x97\xb7[\xdd\x01<\
\xa9W\xa4\xe8\x90n\xd4\xabf\x02h\xba\x01-\xd9t\
m\xbc\xf4\x87\xf4\xfe\x9d\xbff\xb4\xe9\x83_\xb1\x8dS\
\x99\x01\x1f\xc8c\xbc\x96Y\x5c\xae\xf8\x00\x01\x01\xeb\x01\
_\x04<\x04/\x00%\x00\x00\x01\x0e\x01'&#\x22\
\x0e\x01\x15\x14\x1632676\x16\x17\x16\x06\x07\x0e\
\x01#\x22.\x0154>\x0132\x16\x17\x1e\x01\x04\
\x22\x0d(\x0e9IM}Iis>a,\x11&\
\x0a\x0a\x09\x113|Mh\x8cG^\xa7m8b&\
\x0f\x03\x03\xa3\x0e\x03\x0d1W\x8bOe| \x1a\x0b\
\x0b\x10\x10'\x0a\x1f)X\x91Wd\xb7u'\x22\x0d\
(\x00\x00\x00\x02\x02\x18\x01P\x04m\x04\x1f\x00)\x00\
:\x00\x00\x01.\x017>\x0132\x1e\x01\x15\x14\x06\
\x07\x1e\x01\x17\x1e\x01\x07\x0e\x01'.\x01'&5&\
632654&#\x22\x06\x07\x0e\x017\x1e\x01\
\x07\x02\x07\x0e\x01'.\x017>\x017>\x01\x02.\
\x10\x06\x0c+\x85GF\x86YhS,j7\x11\x0a\
\x09\x0a%\x11N\x9a;\x0a\x01\x1c\x14]]vO1\
]\x1d\x0c'\x7f\x14\x19\x01\x0b\x1a\x01 \x13\x13\x18\x01\
\x0d\x14\x05\x01\x1d\x03b\x0b'\x0f;A>rOR\
v\x13-J\x1e\x0a%\x11\x10\x0d\x0a,qH\x0a\x10\
\x14 S=A_-(\x0f\x06I\x01\x1c\x14\xff\x00\
\xf3\x13\x18\x01\x02 \x13v\xfc{\x14\x19\x00\x00\x00\xff\
\xff\x00p\xff\xc4\x07/\x05\xfb\x12&\x01\x95\x00\x00\x10\
\x07\x01c\x03!\xff\xa5\xff\xff\x00p\xff\xc4\x08-\x05\
\xfb\x12&\x01\x9c\x00\x00\x10\x07\x01c\x03!\xff\xa5\xff\
\xff\xff\xb5\xff\xe2\x03\xc3\x05\xfb\x12&\x01\xb8\x00\x00\x10\
\x06\x01c\xc7\xa5\x00\x00\xff\xff\xff\xb5\xff\xe2\x04\xc1\x05\
\xfb\x12&\x01\xb9\x00\x00\x10\x06\x01c\xc7\xa5\x00\x00\xff\
\xff\x00l\xfd\xb6\x05#\x01\xf4\x12\x06\x01\xa0\x00\x00\xff\
\xff\x00l\xfb\xe6\x05#\x01\xf4\x12&\x01\xa0\x00\x00\x10\
\x07\x01X\x01U\xfb\xd2\xff\xff\x00l\xfd\xb6\x05#\x03\
w\x10'\x01\x8f\x02\x9d\xfc\xe0\x12\x06\x01\xa0\x00\x00\x00\
\x03\xff\xb9\xff\xb4\x02\x9e\x07#\x00(\x004\x00J\x00\
\x00\x012\x16\x15\x14\x06#\x22&'\x06\x07\x0e\x01'\
.\x017>\x017.\x01#\x22\x06\x07\x0e\x01'&\
7>\x0232\x16\x17>\x01\x17\x22\x06\x07\x1e\x013\
2654&\x01&676\x16\x17\x16\x12\x15\x14\
\x07\x0e\x01'.\x017>\x015\x10\x02\x03>]r\
M3W&\x13\x14\x05\x17\x0e\x0b\x0f\x06\x09\x14\x0b\x16\
+\x154I\x1e\x07\x1a\x0c\x1b\x10\x169N6\x1f:\
\x1d.wK3Z%\x22H(0J4\xfe\xa6\x04\
&\x1e\x1f1\x04\x17\x17\x15\x020\x1f\x1e)\x02\x0a\x09\
\x07#OAOS\x1b\x11$+\x0a\x0d\x04\x04\x19\x0e\
\x15)\x14\x09\x0bS1\x0a\x08\x07\x10\x1d$L4\x11\
\x0dKhBQ:\x0f\x14,3$+\xfd\x8f\x1f1\
\x04\x05'\x1e\xa6\xfe\xa8\xaf\xe4\xf8\x1e)\x02\x03/\x1f\
t\xe6s\x01^\x00\x00\x00\x02\xff\xba\x05\xad\x02\xa6\x07\
+\x00)\x005\x00\x00\x012\x16\x15\x14\x06#\x22&\
'\x0e\x01\x07\x0e\x01'.\x017>\x017&#\x22\
\x06\x07\x0e\x01'.\x017>\x0232\x16\x17>\x01\
\x17\x22\x06\x07\x1e\x0132654&\x02\x03C`\
vO3T&\x0a\x12\x09\x06\x1c\x11\x0e\x14\x09\x09\x13\
\x0a*#1G\x1d\x07\x22\x0f\x0d\x08\x09\x16:Q8\
\x1f9\x1c/wK.R$ D%*D0\x07\
+UDRW\x1a\x11\x12%\x12\x0d\x10\x06\x05\x1f\x11\
\x13&\x13\x0fR.\x0d\x0a\x0a\x08 \x0f%M6\x10\
\x0cJgRI7\x0c\x12'/!'\x00\x00\x00\xff\
\xff\x00l\xfd\xb6\x05#\x02\xed\x10'\x01\x90\x02]\xfd\
D\x12\x06\x01\xa0\x00\x00\xff\xff\xfe\xed\xfd\xc7\x018\x03\
\x13\x10'\x01W\x00\x08\x021\x12\x06\x01\xa1\x00\x00\xff\
\xff\xfe\xed\xfd\xc7\x02l\x03\x13\x10'\x01W\x00\x08\x02\
1\x12\x06\x01\xa2\x00\x00\x00\x02\xfe\xed\xfd\xc7\x01F\x03\
\xa0\x00 \x004\x00\x00\x13>\x0154&\x0e\x01\x15\
\x14\x16\x17\x16\x06\x07\x06&'.\x0154>\x01\x1e\
\x01\x15\x14\x07\x0e\x01'&\x034632\x16\x1d\x01\
\x10\x00\x07\x06&'&676\x125\xcd\x08\x0aK\
bK-&\x0e\x07\x0e\x0f+\x0f(B\x5c\x87\x87\x5c\
\x1b\x0a*\x17&\x18+\x1f *\xfe\xfc\xdd 3\x09\
\x0c\x1e\x1c\xb5\xc6\x02\x7f\x0e!\x1676\x0176.\
=%\x0f*\x0e\x0e\x07\x0e&[OUf\x22\x22e\
U>1\x14\x14\x0d\x16\xfe\x8f ** S\xfe\xee\
\xfe\x9fH\x0a\x1f\x18!7\x09;\x01\x13\xdf\x00\x00\x00\
\x02\xfe\xed\xfd\xc7\x02l\x03\xa0\x00 \x00U\x00\x00\x13\
>\x0154&\x0e\x01\x15\x14\x16\x17\x16\x06\x07\x06&\
'.\x0154>\x01\x1e\x01\x15\x14\x07\x0e\x01'&\
\x01\x14\x06+\x01\x22'\x06\x02\x07\x06&'&67\
6\x12=\x0146323032\x17012\
\x1701\x16\x17\x143\x16\x17\x16\x1703\x16\x17\x1e\
\x01;\x012\x16\xcd\x08\x0aKbK-&\x0e\x07\x0e\
\x0f+\x0f(B\x5c\x87\x87\x5c\x1b\x0a*\x17&\x01\xb2\
* \x01\x91`\x19\xfc\xc6 3\x09\x0c\x1e\x1c\xb5\xc6\
+\x1f\x03\x03\x01\x02\x03\x03\x02\x08\x08\x01\x01\x02\x02\x01\
\x01\x0e\x09#lf\x01 *\x02\x7f\x0e!\x1676\
\x0176.=%\x0f*\x0e\x0e\x07\x0e&[OU\
f\x22\x22eU>1\x14\x14\x0d\x16\xfd\xdd\x1f+>\
\xe5\xfe\xd6A\x0a\x1f\x18!7\x09;\x01\x13\xdfS \
*\x01\x01\x02\x03\x01\x01\x01\x01\x01\x09\x0eIF*\xff\
\xff\xfe\xed\xfd\xc7\x01\xca\x04U\x10'\x01y\xff\x9b\xfd\
\xa9\x12\x06\x01\xa1\x00\x00\xff\xff\xfe\xed\xfd\xc7\x02l\x04\
U\x10'\x01y\xff\x9b\xfd\xa9\x12\x06\x01\xa2\x00\x00\x00\
\x02\xff\xea\x04]\x02/\x06\xac\x00)\x005\x00\x00\x03\
>\x01\x17\x16\x17676745654&'\
&676\x16\x17\x1e\x01\x15\x14\x07>\x0132\x16\
\x15\x14\x0e\x01#\x22'.\x01%\x22\x06\x07232\
>\x0154&\x14\x02\x1a\x10)(\x01\x01\x13\x19\x06\
\x09\x07\x02\x15\x0e\x12\x1a\x02\x08\x08\x01%V/DV\
b\xa2aUg\x10\x14\x01\xa2Bm$\x0b\x0bD}\
P.\x04\x98\x11\x13\x02\x06\x03\x03\x03-'\x03\x04/\
J<\x861\x11\x19\x02\x02\x15\x111|2\x1a\x19\x22\
(QFLX&\x0e\x03\x1a\xe7vL\x132.!\
.\x00\x00\x00\x01\x00c\xff\xc3\x03\x0f\x02\xf7\x003\x00\
\x00\x17&6767.\x0154>\x0132\x16\
\x17\x1e\x01\x07\x0e\x01'&#\x22\x06\x15\x14\x1632\
6767636\x17\x16\x1701\x16\x17\x16\x06\
\x07\x04\x05\x06&p\x0d\x0b\x14`a`b_\x9c[\
/a.\x16\x11\x0a\x0a-\x13HL[\x86cu%\
g6\x1e\x1e\x04\x04\x13\x11\x01\x01\x10\x04\x04\x1a\x17\xfe\
\xe4\xfe\xfc\x13/\x1e\x14.\x0c:-\x1e\x8f]f\x9a\
V\x19\x1b\x0b+\x14\x16\x12\x0a+ygJj\x0d\x09\
\x07\x06\x01\x02\x0e\x01\x01\x0d\x13\x16(\x056\x9f\x0d\x0c\
\x00\x00\x00\x00\x02\xff\xa1\xff\xb4\x02\xc1\x06\xc5\x00#\x00\
9\x00\x00\x03.\x017>\x0132\x16\x17\x1e\x013\
26762\x17\x1e\x01\x07\x0e\x01#\x22&'.\
\x01#\x22\x06\x07\x0e\x01\x13&676\x16\x17\x16\x12\
\x15\x14\x07\x0e\x01'.\x017>\x015\x10G\x10\x08\
\x0f;m@\x1e8\x19\x1b</?[(\x114\x13\
\x14\x06\x127\x8cU8O%\x15\x1f\x12!=.\x10\
9\xfe\x04&\x1e\x1f1\x04\x17\x17\x15\x020\x1f\x1e)\
\x02\x0a\x09\x05\x8b\x102\x15Oa\x10\x0e\x0e\x143-\
\x13\x10\x107\x14AH\x17\x10\x09\x0b6>\x16\x0d\xfe\
\xfb\x1f1\x04\x05'\x1e\xa6\xfe\xa8\xaf\xe4\xf8\x1e)\x02\
\x03/\x1ft\xe6s\x01^\x00\x00\x00\x00\x01\x00\x89\xff\
\xb4\x01O\x04\xdd\x00\x19\x00\x00\x13&676\x16\x17\
\x1e\x02\x15\x14\x02\x07\x0e\x01'.\x0176\x1254\
.\x01\x8d\x04&\x1f\x1e2\x04\x11\x13\x09\x0a\x0a\x030\
\x1f\x1f(\x03\x0a\x0b\x09\x13\x04\x84\x1f1\x04\x05'\x1e\
~\xc2\xc1}\x85\xfe\xe2|\x1e)\x02\x03/\x1f{\x01\
\x1d\x82w\xb5\xba\x00\x00\x00\x01\x00a\xfd\x89\x04\xbd\x03\
[\x004\x00\x00\x012\x1e\x02\x17\x16\x15\x14\x07\x0c\x01\
\x06\x15\x14\x1e\x0132676\x16\x17\x16\x06\x07\x0e\
\x01#\x22$&54\x00%.\x03#\x22\x06\x07\x0e\
\x01'.\x017>\x01\x01\x92<\xb0\xca\xcdY@R\
\xfe\xfb\xfew\xdb|\xd3\x82^\xd2\x5c\x1f7\x0b\x0c\x18\
\x1d_\xecn\xaf\xfe\xe6\xa5\x01\xb2\x01|9\x8e\x8fu\
\x1f4=\x16\x087\x1e\x1c\x22\x09!\x82\x03[@]\
\x5c\x1c\x12:>\x10&\xa4\xe7\x8dl\x96N$\x22\x0b\
\x16\x1b\x1d9\x0d(*s\xda\x99\xed\x01QX\x19@\
<'\x5cA\x1d \x08\x087\x1dr\x9e\x00\x00\x00\x00\
\x01\x00[\xff\xbd\x03S\x03Q\x00\x1f\x00\x007>\x01\
\x17\x1e\x0132654.\x01'.\x017>\x01\
\x17\x1e\x02\x15\x14\x0e\x01#\x22'.\x01b\x084\x1e\
;y3\x80\x98Y\x86D\x17\x02\x14\x14>\x18W\x9d\
bs\xc7\x7ft\x8c\x1e!=\x1d\x22\x08\x10\x10`U\
S\xa1\x92<\x14?\x17\x17\x05\x15N\xb2\xc5lg\x96\
Q%\x076\x00\x00\x00\x00\x01\x00O\xfd\xc6\x02\x99\x02\
8\x00\x16\x00\x00\x016\x16\x17\x16\x15\x10\x00\x07\x06&\
'&676\x1254&'&6\x02\x04$8\
\x072\xfe\xf9\xda!6\x08\x0a \x19\xb0\xcd\x18\x17\x09\
!\x02*\x0e%\x1c\xc0\xab\xfe\xee\xfe\x9fI\x0a \x1b\
#3\x08<\x01\x12\xdfJ\xa3X\x22/\x00\x00\x00\x00\
\x01\x00l\xfd\xdc\x08\x9e\x02A\x00f\x00\x00\x1746\
7>\x01\x17\x1e\x01\x07\x0e\x01\x15\x14\x163265\
4&/\x01&676\x16\x17\x1e\x013267\
67>\x0132\x17\x1e\x01\x170\x15\x14\x150\x15\
\x16\x150\x15\x06\x150\x150\x15\x06\x07\x0e\x01\x15\x14\
\x1632654'&676\x16\x17\x1e\x01\x15\
\x14\x0e\x01#\x22&'\x06#\x22'\x14\x15\x14\x0e\x01\
#\x22.\x01l4.\x0c:\x1c\x1d\x19\x0c(/\xc4\
\xd0\xcb\xc9(%\x02\x0a\x19\x1c\x1d9\x0bAqOK\
[\x18\x03\x04\x03(\x1a\x04\x05\x17 \x03\x01\x01\x02\x02\
\x04\x02gGSY\x10\x06$\x1e\x1e4\x05\x0b\x0aN\
\x8e`S\x8a+T\x9f[I\x85\xf8\xae\xb5\xf8\x7f6\
b\xd8t\x1d\x18\x0b\x0c9\x1dd\xbfS\x98\xc0\xcf\xa6\
T\xc6^\x06\x1d:\x0b\x0b\x19\x1d\xa9\x93n\x9e\x17\x1c\
\x1a\x22\x01\x02\x22\x16\x01\x02\x02\x01\x04\x01\x01\x03\x01\x02\
\x01\x12\x10\x1c/\x1cVRtXa\x5c\x1e4\x05\x05\
#\x1e=d?]\x9f`LA\x892\x04\x05\x98\xf1\
\x8c~\xdf\x00\x02\x00r\xfd\xdc\x08\xc9\x02\xb6\x005\x00\
A\x00\x00\x1747>\x01\x17\x1e\x01\x07\x06\x15\x14\x16\
32654&'&'&7676\x17\x16\
\x17\x16\x176\x0032\x16\x15\x14\x06\x04#\x22&'\
\x16\x15\x14\x0e\x01#\x22.\x01\x01\x22\x06\x07\x1632\
>\x0154&r^\x0b;\x1c\x1c\x1a\x0cS\xd1\xbc\
\xbc\xdf#.\x04\x01\x064\x06\x06\x1b\x19\x19\x0a<h\
w\x016\xb5\x95\xc2\x9b\xfe\xf3\xac\x87\xd6S\x04\x90\xfd\
\xa5\xa9\xf6\x86\x06\xf0\x81\xebgc\x83\x87\xc9ov2\
\xb9\xe6\x1d\x18\x0b\x0b:\x1d\xcb\x9c\xa9\xb3\xbe\xb9O\xce\
c\x0b\x0b7\x14\x02\x02\x06\x0c\x0d\x19\x93O\xef\x01\x07\
\xb0\x95~\xc1n?<($\xa4\xf0\x83y\xdf\x02\xea\
\xd4\xcd#FxLXb\x00\x00\x00\x00\x02\x00]\xff\
\xc4\x05R\x05\x0e\x00.\x00<\x00\x007>\x01\x17\x16\
\x17676747>\x0154.\x01'&6\
76\x16\x17\x1e\x02\x15\x14\x07>\x0132\x16\x15\x14\
\x0e\x01\x04#\x22&'.\x01\x01\x22\x0e\x01\x07\x163\
2>\x0254&a\x041\x1fa_\x01\x03.9\
\x01\x07\x06\x09\x0f\x0b\x04(\x1b!1\x04\x0c\x10\x08\x02\
T\xc4n\x90\xba{\xd9\xfe\xe5\xa0a\xd3n\x1f%\x03\
\x9bi\xb6\x956\x1f\x1fw\xdf\xb2in8\x1d'\x05\
\x0d\x08\x06\x05j\x5c\x06\x084\x8dTi\xe0\xcdL\x1f\
.\x04\x05(\x1fM\xc4\xd0^F?Sd\xae\x93{\
\xa8e-\x10\x0f\x051\x02\x0a\x83\xd0u\x01\x1a>j\
PPg\x00\x01\x00t\xfd\x9a\x04\xe5\x04\x93\x00]\x00\
\x00\x174\x127.\x0154>\x0132\x17\x1e\x01\
\x07\x0e\x01'&#\x22\x0e\x01\x15\x14\x163267\
631;\x02012\x17\x16\x17\x150\x1d\x010\
\x15\x06\x070#\x06\x07\x06\x0701\x06#01\x06\
#\x0e\x01\x07\x22\x07\x0e\x03\x15\x14\x1e\x013267\
6\x16\x17\x16\x06\x07\x0e\x01#\x22$&t\xc5\x97e\
{u\xc0o\x93o\x1a\x0c\x12\x10;\x1dIdG|\
M\xaa\x8d\x14,\x18??\x01\x03\x02\x13\x10%\x01\x01\
\x12\x01\x01\x01\x0f\x15\x02\x03\x04\x05\x10$\x1a\x04\x03j\
\xcb\xa3a\x84\xde\x86e\xcdL\x1b=\x0e\x0e\x14\x1b\x5c\
\xect\xad\xfe\xd9\xb2n\xb1\x01\x12T)\x9ds{\xc4\
r_\x10>\x1a\x17\x0c\x0fAF{Nsf\x02\x02\
\x09\x0a\x14)\x03\x01\x01\x01\x1c\x14\x02\x01\x0f\x05\x01\x01\
\x01\x01\x02\x01\x0bQ\x82\xaeiv\x9bM,&\x0e\x14\
\x1b\x1b<\x0e/3s\xe1\x00\x00\x00\x00\x01\xff\xb4\xff\
\xe2\x02\xe8\x00x\x00\x0d\x00\x00'463!2\x16\
\x15\x14\x06#!\x22&L-\x1f\x02\x9c ,, \
\xfdd\x1f-- ++ \x1f,,\x00\x00\x00\x00\
\x01\x00`\xfe\x08\x04\x93\x05\x08\x00'\x00\x00\x1746\
7>\x01\x17\x1e\x01\x07\x0e\x01\x15\x14\x1632>\x01\
5\x10\x02\x03&676\x16\x17\x1a\x01\x11\x14\x0e\x02\
#\x22.\x01`>)\x0e<\x1c\x1c\x13\x0e\x225\xc2\
\xb1\x9e\xaeF\x1b\x15\x02(\x1f .\x02\x15\x1d7\x7f\
\xd5\x9e\x97\xec\x87\x17m\xcbR\x1c\x14\x0e\x0d<\x1cD\
\xb0S\x94\xb5w\xe0\x9d\x01\x01\x01\xfd\x01$\x1f/\x02\
\x02( \xfe\xdc\xfd\xff\xfe\xf9\x81\xea\xb7jy\xd9\x00\
\x02\x00o\xfc\xf6\x04I\x02\xb9\x00\x1f\x001\x00\x00\x01\
2\x1e\x01\x15\x14\x0e\x01#\x22&'&\x06\x17\x13\x16\
\x06#\x22&'\x03&6\x17.\x017>\x02\x03\x1e\
\x0132654.\x01#\x22\x0e\x01\x07\x06\x072\
\x02\xf2r\x98Mc\xa6gP\xa3HKL\x04$\x02\
, \x1e*\x02&\x06\x9f\x81\x15\x17\x05\x13b\xa2\xc8\
I\x99GY|*VCIf?\x0f\x0c4\x01\x02\
\xb9t\xbbmo\x806\x17\x0c\x0e\x1c@\xfdz\x22/\
(\x1e\x02\xa5\x83g\x12\x0a)\x1bj\xc7\x81\xfd\xf9\x0e\
\x18;]BuIW\x8eR6\x05\x00\x02\x00`\xff\
\xc4\x03\x17\x03\x8e\x00\x14\x00 \x00\x0074\x127&\
'.\x017>\x01\x17\x1e\x02\x15\x14\x06#\x22&7\
\x14\x1632654&'\x0e\x01`\x85o\x15\x15\
\x17\x05\x14\x14?\x17s\xb2f\xc9\x95\x94\xc5\x97c_\
bgg^^h\xf2v\x01\x0co\x13\x12\x14?\x17\
\x17\x05\x14c\xdb\xd9b\x96\xa7\xa2\x94C]_KF\
\xc4j]\xd6\x00\x00\x00\x00\x02\x00P\xfd\xc9\x038\x02\
\xb3\x00\x1a\x00-\x00\x00\x012\x1e\x02\x15\x14\x02\x04\x07\
\x06&'&676$7\x06#\x22&54>\
\x01\x03\x14\x1632676\x17654.\x02#\
\x22\x0e\x01\x01\xcfT\x86^1\xae\xfe\xd9\xb5\x1e4\x06\
\x06%\x1d\xbb\x01\x045WP\xa3\xbbV\x97`oa\
*V*\x0e\x0f\x01\x1c7Q68V0\x02\xb3Y\
\x95\xb6^\xbf\xfe\xd1\xca)\x07$\x1e\x1f2\x080\xcd\
\x90\x13\x99\x9eg\xbey\xfeg_Q\x0d\x0a\x04\x03\x15\
\x15;\x82qGQz\x00\x03\xff<\x04\xa1\x01\x89\x07\
\x8a\x00\x17\x005\x00?\x00\x00\x034>\x0176\x16\
\x17\x16\x06\x07\x0e\x02\x15\x14\x17\x16\x06\x07\x06&'&\
\x13&6767&54632\x16\x15\x14\x07\
\x16\x17\x1e\x01\x07\x0e\x01'&'\x06\x07\x06&\x13\x14\
\x17654&#\x22\x06\xc4`\x95P\x11\x1a\x01\x01\
\x16\x11:sL\x0f\x07\x0d\x10\x10\x1e\x06\x17|\x04\x0b\
\x13wT\x8cjF>P'\x1d\x22\x14\x0e\x02\x02\x19\
\x149,g\xa4\x15\x16\x9c\x80*##'=\x06\x1a\
^\xa2i\x06\x01\x16\x11\x10\x1a\x02\x04T\x7fH+)\
\x0f\x1e\x06\x07\x0e\x109\xfe\xdf\x0e \x05\x1cC5l\
LvhIEB\x06\x06\x04\x1d\x0e\x10\x13\x04\x0a\x0b\
j(\x05\x12\x01B?&9<,4F\x00\x00\x00\
\x01\xff\xe3\x05\x11\x01\xd0\x05\xf9\x00\x0d\x00\x00\x03&6\
7%6\x16\x17\x16\x06\x07\x05\x06&\x17\x06\x0f\x10\x01\
\x95\x0f\x1f\x06\x05\x0f\x0f\xfej\x0f\x1f\x050\x10\x1e\x06\
\x90\x05\x0f\x10\x0f\x1f\x05\x90\x06\x0f\x00\x00\x02\xff\xb4\x04\
\xa1\x01\x89\x06\xb5\x00\x1d\x00'\x00\x00\x03&676\
7&54632\x16\x15\x14\x07\x16\x17\x1e\x01\x07\
\x0e\x01'&'\x06\x07\x06&\x13\x14\x17654&\
#\x22\x06H\x04\x0b\x13wT\x8cjF>P'\x1d\
\x22\x14\x0e\x02\x02\x19\x149,g\xa4\x15\x16\x9c\x80*\
##'=\x04\xc0\x0e \x05\x1cC5lLvh\
IEB\x06\x06\x04\x1d\x0e\x10\x13\x04\x0a\x0bj(\x05\
\x12\x01B?&9<,4F\x00\x00\x01\xff\xe7\x04\
\xc6\x01\xfb\x067\x000\x00\x00\x0347>\x01\x17\x1e\
\x01\x07\x0e\x01\x15\x143267676\x16\x17\x16\
3254&'&676\x16\x17\x1e\x01\x15\x14\
\x06#\x22&'\x0e\x01#\x22&\x199\x08 \x0f\x0e\
\x09\x08\x14\x198\x223\x03\x02\x22\x11\x1c\x01\x07J=\
\x14\x0b\x04\x10\x10\x10\x1e\x04\x0c\x17O;.B\x10\x10\
H.7M\x05MT[\x0f\x09\x08\x08!\x0f\x22@\
\x1d<FD#\x05\x02\x17\x12\x8cN$V!\x11\x1d\
\x04\x04\x10\x11%_/LQ90/9C\x00\x00\
\x02\xff\xfc\x04\xe8\x01b\x06^\x00\x0b\x00\x17\x00\x00\x03\
4632\x16\x15\x14\x06#\x22&7\x14\x1632\
654&#\x22\x06\x04kIQaiJNe\
R7*%<4,#?\x05\x9aRroCS\
qoC$<;7%;>\x00\x00\x01\xff\xf1\x04\
\xbe\x02g\x05\xb5\x00!\x00\x00\x03>\x0132\x16\x17\
\x163267>\x01\x17\x1e\x01\x07\x0e\x01#\x22&\
'.\x01#\x22\x07\x0e\x01'.\x01\x06 gA$\
@\x1e8'\x22:\x17\x08 \x0f\x0f\x0b\x07\x1aZI\
!?\x1f\x191\x18M5\x08!\x0e\x0e\x0a\x04\xfe8\
L\x1c\x12#81\x0f\x0c\x08\x07!\x0f6a\x1a\x13\
\x11\x13Z\x0e\x0a\x09\x08!\x00\x00\x00\x00\x01\xff\xe3\x04\
\x98\x01\xce\x06\x97\x00'\x00\x00\x03&6?\x01.\x01\
54632\x17\x1e\x01\x07\x0e\x01'.\x01#\x22\
\x06\x15\x14\x1632676\x16\x17\x16\x06\x07\x05\x06\
&\x18\x05\x0e\x10\x9d7Bwb' \x10\x15\x02\x01\
\x1b\x11\x09 \x0bCPD:\x1eM:\x11\x1e\x04\x04\
\x0f\x0e\xfek\x10\x1e\x04\xb7\x0e \x066\x0fT@\x5c\
w\x05\x03\x19\x0f\x10\x18\x02\x02\x02J;66\x11\x13\
\x06\x12\x11\x10\x1b\x05\x8d\x06\x0f\x00\x00\x00\x01\x00\x0b\x04\
C\x01\xce\x05\xa9\x00\x12\x00\x00\x01\x1e\x01\x07\x03\x06&\
/\x01&676\x16\x1f\x017>\x01\x01\xb6\x0f\x09\
\x0a\xa6\x0a3\x0b\xc0\x0b\x04\x0e\x0e%\x0b\x99\x84\x0a%\
\x05\x9f\x09$\x0f\xfe\xf2\x12\x01\x0d\xf1\x0e&\x0b\x0b\x05\
\x0e\xc0\xd8\x0f\x09\x00\x00\x00\x01\x00`\xff\xc4\x06u\x02\
\xc4\x00+\x00\x00\x13467>\x01\x17\x16\x07\x0e\x01\
\x15\x14\x16\x0432>\x0254&'&676\
\x16\x17\x1e\x01\x15\x14\x0e\x03#\x22.\x03`\x17\x19\x0e\
<\x1c:\x19\x0d\x13\xa7\x01\x15\xa4t\xe5\xbdq\x1f\x11\
\x0d\x0f\x1a\x1b<\x10\x1f%p\xb6\xd6\xd1QX\xce\xc8\
\xa5d\x01u>\x881\x1c\x14\x0e\x1dI\x1dj,q\
{/\x1cCqU8x\x1f\x1e9\x0f\x10\x11\x1a6\
\x97Mz\xa1a0\x0f\x0f/^\x9e\x00\x02\x00s\xfe\
\x0b\x05X\x02\xe5\x00'\x006\x00\x007467>\
\x01\x17\x1e\x01\x07\x0e\x01\x15\x14\x1632$7\x0e\x01\
#\x22&54>\x0132\x16\x12\x15\x14\x02\x04#\
\x22$&\x01\x14\x1632676\x17.\x02#\x22\
\x06s6(\x0c;\x1c\x1c\x19\x0b\x223\xf5\xcf\xe5\x01\
\x01\x118j;\xa1\xacT\x94_x\xa8W\x9d\xfe\xdc\
\xc9\xb4\xfe\xf0\x97\x02\xb0d_5Y.\x12\x11\x089\
`BRm\x13y\xecd\x1d\x18\x0b\x0b9\x1dT\xd1\
h\xbf\xb8\xcc\xc2\x0f\x13\x92\x96w\xc4u\xa7\xfe\xe2\xb1\
\xba\xfe\xed\x97{\xe8\x01\xda\x5cS\x12\x0d\x04\x04q\xb8\
l\x9a\x00\x00\x01\xff\xd0\x04\x84\x00C\x06Z\x00\x17\x00\
\x00\x03>\x0154&'&676\x16\x17\x1e\x01\
\x15\x14\x06\x07\x0e\x01'.\x01+\x10\x0c\x06\x06\x01\x16\
\x10\x11\x1b\x01\x06\x06\x0d\x13\x05\x1e\x10\x10\x10\x04\xbc0\
N32R:\x11\x1b\x01\x02\x16\x11:X47\x5c\
8\x0f\x0f\x05\x05\x1e\x00\x00\x02\x00p\xff\xc2\x06\x80\x04\
1\x00&\x004\x00\x00\x1347>\x01\x17\x16\x07\x0e\
\x01\x15\x14\x16\x0432$67\x06#\x22&54\
>\x0132\x16\x12\x15\x14\x06\x04!\x22$&\x01\x14\
\x1632676\x17.\x01#\x22\x06p0\x0e;\
\x1c;\x18\x0e\x14\x98\x01\x09\xaa\xd6\x01\x22\x9a\x0buo\
\x9d\xb4M\x91g\x85\xabR\xc2\xfe\x93\xff\x00\xe0\xfe\xb5\
\xb6\x03\xd2k]/i+\x10\x10\x0aqq`_\x01\
k\x8dv\x1d\x14\x0e\x1cH(i4kw/.|\
u!\x8f\x9cv\xc4w\xb3\xfe\xd6\xb4\xb7\xd0WQ\xbb\
\x01\xc3^S\x12\x0d\x04\x03\xb5\xe5\xa0\x00\x01\x00p\xff\
\xc4\x07/\x04\xfd\x000\x00\x00\x1347>\x01\x17\x16\
\x07\x06\x15\x14\x1e\x0132>\x0254.\x02'.\
\x01547%6\x16\x17\x16\x06\x07\x05\x1e\x02\x15\x14\
\x0e\x01\x04#\x22$&p-\x0e;\x1c:\x17\x1f\x81\
\xee\xa5q\xd1\xa7aDp\x85A\x15\x168\x02\xc8&\
9\x09\x08\x1a\x1f\xfd\x92_\xa9ju\xcd\xfe\xf7\x94\xd2\
\xfe\xce\xa7\x01p\x88v\x1d\x16\x0e\x1dHc`jw\
0\x11.XF7\x8a\x98\x97B\x16 \x197\x12\xf0\
\x0c\x1a !3\x09\xccg\xd5\xcd]l\x8fR#R\
\xbc\x00\x00\x00\x01\x00y\xfe\x0c\x05(\x02\x08\x00%\x00\
\x00\x01\x22$&5467>\x01\x17\x1e\x01\x07\x0e\
\x01\x15\x14\x1632654&'&676\x16\
\x17\x1e\x01\x15\x14\x06\x04\x02\xd0\xb8\xfe\xf3\x92&\x1f\x0b\
9\x1c\x1d\x1b\x0b\x1a\x22\xe6\xd7\xd7\xed.&\x0c\x19\x1c\
\x1d9\x0c*7\x93\xfe\xf2\xfe\x0c\x83\xeb\x9c_\xcae\
\x1d\x1a\x0b\x0a8\x1eW\xaaM\xb5\xcb\xc9\xaf[\xbdi\
\x1e9\x0b\x0b\x18\x1do\xe5q\x9a\xe7\x81\x00\x00\x00\x00\
\x01\x00s\xfe\x0c\x05D\x02\xef\x00?\x00\x00\x1746\
7>\x01\x17\x1e\x01\x07\x0e\x01\x15\x14\x1632>\x01\
54&'.\x0354>\x0132\x16\x17\x1e\x01\
\x07\x0e\x01'.\x01#\x22\x0e\x01\x15\x14\x1e\x01\x17\x1e\
\x03\x15\x14\x0e\x02# $s\x14\x13\x085\x1d\x1d#\
\x07\x11\x13\xe6\xde\x8b\xdd\x80~Y@\x8axJy\xca\
x;j4\x1d\x1b\x09\x094\x1d'[+Q\x87Q\
N}F<va;h\xb4\xe3{\xfe\xe7\xfe\xc2\x01\
G\x97[\x1e!\x07\x073 Q\x8c?\xc4\x95:k\
HE%\x06\x05\x15:tdz\xce}\x12\x15\x0a8\
\x1c\x1c\x1d\x0a\x11\x0fM\x83SJF\x19\x07\x05\x140\
^OY\x90f7\xf4\x00\x01\x00`\xff\xc4\x07\xdb\x02\
\xc0\x00,\x00\x00\x1347>\x01\x17\x1e\x01\x07\x06\x15\
\x14\x163 $7>\x01\x17\x1e\x01\x07\x06\x15\x14\x16\
;\x012\x16\x15\x14\x06+\x01\x22&'\x06\x04!\x22\
$&`(\x098\x1d\x1d\x1e\x0a \xe0\xfc\x01\x5c\x01\
\x801\x05-\x1e\x1e(\x02\x03\x7f\xa0\x01 ** \
\x01\xaf\xb8\x17r\xfeR\xfe\xe1\xba\xfe\xe5\x9e\x01\x9ei\
~\x1d\x1e\x09\x0a7\x1diR\x94\xb0\xee\xef\x1a$\x03\
\x02/\x1e70\xab\x99+ \x1f,\xa8\xad\xc2\xb1l\
\xd4\x00\x00\x00\x02\xff\xb5\xff\xe2\x030\x041\x00\x1e\x00\
-\x00\x00'463267>\x017\x06#\x22\
&54>\x0132\x16\x12\x15\x14\x06\x07\x06\x04#\
\x22&\x01\x14\x1632676\x17.\x01#\x22\x0e\
\x01K,\x1f\xab\xf3E^W\x07vo\x9d\xb4O\x92\
d\x80\xacVp}[\xfe\xd7\xbf\x1f,\x01=k]\
/g-\x10\x10\x0cuk<V-- +\x0f\x19\
\x1cWc!\x8f\x9cv\xc4w\xb3\xfe\xd6\xb4\x9a\xa10\
/$,\x02\x83^S\x12\x0d\x04\x03\xb5\xe5Jy\x00\
\x02\xff\xb5\xff\xe2\x03\xfa\x03l\x00$\x000\x00\x00'\
46327.\x0154>\x0132\x1e\x01\x15\
\x14\x06\x07\x16;\x012\x16\x15\x14\x06+\x01 '\x0e\
\x01#\x22&\x01\x14\x16\x17>\x0154&#\x22\x06\
K,\x1f\xab\x8cXh]\xa3hh\x9cXkY\x8b\
\xad\x01 ** \x01\xfe\xff\xd8j\xf3y\x1f,\x01\
Wl^_oi\x5c]v- +\x22A\xach\
i\xadgh\xaejg\xabA!+ \x1f,^.\
0,\x01\xe1`\x8f..\x8d_c\x85\x84\x00\x00\x00\
\x02\x00>\xff\xb4\x03\xb5\x06\xed\x00#\x00=\x00\x00\x13\
>\x017>\x01\x17\x1e\x01\x17\x167>\x017\x1e\x01\
\x07\x0e\x01\x07\x0e\x01'.\x01'.\x01\x07\x0e\x02\x07\
.\x01\x01&676\x16\x17\x1e\x02\x15\x14\x02\x07\x0e\
\x01'.\x0176\x1254.\x01B\x0bC/#\
\x8dF(R+L&(\x5c.\x19\x1e\x01\x03B4\
3h8\x22F$,B\x1f!UN\x17\x19\x1d\x01\
\x08\x04&\x1e\x1f1\x04\x11\x14\x09\x0a\x0b\x020\x1f\x1e\
)\x02\x0b\x0a\x08\x13\x05\xd18F\x046>\x0a\x07\x1d\
\x13\x22\x10\x1a>!\x02'\x1e6E\x04)\x19\x0a\x06\
\x1b\x11\x12\x04\x17\x106<\x19\x05+\xfe\xcf\x1f1\x04\
\x05'\x1e~\xc3\xc4\x80\x80\xfe\xe3{\x1e)\x02\x03/\
\x1fz\x01\x18z}\xbb\xbc\x00\x00\x00\x00\x01\x00p\xff\
\xc4\x08-\x04\xfd\x00@\x00\x00\x1347>\x01\x17\x16\
\x07\x06\x15\x14\x1e\x0132>\x0254.\x02'.\
\x01547%6\x16\x17\x16\x06\x07\x05\x1e\x01\x17\x16\
\x17\x1e\x03;\x012\x16\x15\x14\x06+\x01\x22&'\x0e\
\x01\x04#\x22$&p-\x0e;\x1c:\x17\x1f\x81\xee\
\xa5q\xd1\xa7aDp\x85A\x15\x168\x02\xc8&9\
\x09\x08\x1a\x1f\xfd\x92b\xaf1\x02\x02/Zr\xa3v\
\x01 ** \x01\xbe\xefX-\xd1\xfe\xdf\xa3\xd2\xfe\
\xce\xa7\x01p\x88v\x1d\x16\x0e\x1dHc`jw0\
\x11.XF7\x8a\x98\x97B\x16 \x197\x12\xf0\x0c\
\x1a !3\x09\xcck\xdbi\x03\x03f\x8cU&+\
 \x1f,dk[g+R\xbc\x00\x00\x01\xff\xb5\xff\
\xe2\x01\xb4\x02\xbc\x00\x17\x00\x00'463265\
4&'&676\x16\x17\x1e\x01\x15\x14\x06#\x22\
&K,\x1f\x95\x86\x0d\x10\x04$\x1f\x1e2\x06\x11\x10\
\xdd\xd7\x1f,- +`\x84,\x96C\x1f3\x04\x05\
%\x1eK\x9e5\xc0\xb9,\x00\x00\x00\x00\x01\xff\xb4\xff\
\xe2\x03u\x02B\x00!\x00\x00'4632>\x01\
7>\x01\x17\x1e\x01\x07\x06\x1e\x01;\x012\x16\x15\x14\
\x06+\x01\x22&'\x0e\x01#\x22&L-\x1f\x93\x91\
2\x01\x02/\x1f (\x02\x02.\x89\x88\x01 **\
 \x01\xa6\xbb(3\xc3\xab\x1f-- +G\xa8\x91\
#'\x02\x02/\x1e\x8c\xa6G+ \x1f,g}~\
f,\x00\x00\x01\x00l\xfd\xb6\x05\xb8\x01\xf4\x00-\x00\
\x00\x17467>\x01\x17\x1e\x01\x07\x0e\x01\x15\x14\x16\
32654&'.\x01'&63!2\x16\
\x15\x14\x06#!\x1e\x01\x15\x14\x06\x04#\x22$&l\
93\x0b9\x1c\x1d\x1b\x0b.4\xcc\xf5\xcd\xd9\xaf\xba\
\x1a%\x02\x03- \x02d ** \xfe\xd6ZZ\
\x8c\xff\x00\xad\xc9\xfe\xf8\x82F}\xfb\x8b\x1d\x1a\x0b\x0a\
9\x1d\x7f\xe9d\xae\xc1{NDr\x16\x03'\x1b \
0+ \x1f,)uB[\x97Z\x83\xe9\x00\x00\x00\
\x01\x00l\xfd\xb6\x05#\x01\xf4\x00-\x00\x00\x1746\
7>\x01\x17\x1e\x01\x07\x0e\x01\x15\x14\x163265\
4&'.\x01'&63!2\x16\x15\x14\x06+\
\x01\x1e\x01\x15\x14\x06\x04#\x22$&l93\x0b9\
\x1c\x1d\x1b\x0b.4\xcc\xf5\xcd\xd9\xaf\xba\x1a%\x02\x03\
- \x01\xce ++ \x94ZZ\x8c\xff\x00\xad\xc9\
\xfe\xf8\x82F}\xfb\x8b\x1d\x1a\x0b\x0a9\x1d\x7f\xe9d\
\xae\xc1{NDr\x16\x03'\x1b 0+ \x1f,\
)uB[\x97Z\x83\xe9\x00\x00\x00\x00\x01\xfe\xed\xfd\
\xc7\x016\x01)\x00\x13\x00\x0074632\x16\x1d\
\x01\x10\x00\x07\x06&'&676\x125\xa2+\x1f\
 *\xfe\xfc\xdd 3\x09\x0c\x1e\x1c\xb5\xc6\xdf *\
* S\xfe\xee\xfe\x9fH\x0a\x1f\x18!7\x09;\x01\
\x13\xdf\x00\x00\x01\xfe\xed\xfd\xc7\x02l\x01)\x004\x00\
\x00%\x14\x06+\x01\x22'\x06\x02\x07\x06&'&6\
76\x12=\x0146323032\x1701\
2\x1701\x16\x17\x143\x16\x17\x16\x1703\x16\x17\
\x1e\x01;\x012\x16\x02l* \x01\x91`\x19\xfc\xc6\
 3\x09\x0c\x1e\x1c\xb5\xc6+\x1f\x03\x03\x01\x02\x03\x03\
\x02\x08\x08\x01\x01\x02\x02\x01\x01\x0e\x09#lf\x01 \
*-\x1f+>\xe5\xfe\xd6A\x0a\x1f\x18!7\x09;\
\x01\x13\xdfS *\x01\x01\x02\x03\x01\x01\x01\x01\x01\x09\
\x0eIF*\x00\x00\x00\x00\x01\x00\xa3\xff\xe2\x02\x88\x04\
\xe1\x00\x1a\x00\x00\x134\x12'&676\x16\x17\x16\
\x02\x15\x14\x1e\x01;\x012\x16\x15\x14\x06+\x01\x22&\
\xa3\x08\x04\x01*\x1f\x1f.\x01\x04\x07(pk\x01 \
** \x01\xdb\xbf\x01\x85\xb9\x01\x87\xcd -\x01\x01\
* \xcb\xfew\xbcgv2+ \x1f,\xbd\x00\x00\
\x01\x00a\xfd\x89\x05\xba\x03[\x00C\x00\x00\x012\x1e\
\x02\x17\x16\x15\x14\x07\x06\x07\x1e\x01;\x012\x16\x15\x14\
\x06+\x01\x22$'\x04\x00\x15\x14\x1e\x013267\
6\x16\x17\x16\x06\x07\x0e\x01#\x22$&54\x00%\
.\x03#\x22\x06\x07\x0e\x01'.\x017>\x01\x01\x92\
<\xb0\xca\xcdY@R31\x17\xc1\x9f\x01 **\
 \x01\xd0\xfe\xe5\x1e\xfe\xe0\xfe\xad|\xd3\x82^\xd2\x5c\
\x1f7\x0b\x0c\x18\x1d_\xecn\xaf\xfe\xe6\xa5\x01\xb2\x01\
|9\x8e\x8fu\x1f4=\x16\x087\x1e\x1c\x22\x09!\
\x82\x03[@]\x5c\x1c\x12:>\x10\x08\x09\x9b\x88+\
 \x1f,\xd0\xc8K\xfe\xef\xb0l\x96N$\x22\x0b\x16\
\x1b\x1d9\x0d(*s\xda\x99\xed\x01QX\x19@<\
'\x5cA\x1d \x08\x087\x1dr\x9e\x00\x01\xff\xb4\xff\
\xe2\x04\x8d\x03\x1e\x00(\x00\x00\x012\x16\x17\x1e\x01\x17\
\x1e\x01\x15\x14\x07\x0c\x01!\x22&54632$\
7.\x01'.\x01#\x22\x06\x07\x0e\x01'.\x017\
>\x01\x01wP\xbdqG\xb4o\x14\x1a#\xfe\xec\xfd\
\xd8\xfe\xd2\x1f--\x1f\xf0\x01\xc7\xe6L\x838^\x85\
/2N.\x0aB \x16\x13\x0d<\x89\x03\x1eN;\
%R/\x08(\x15(\x18\xba\xce-\x1e\x1e-\x95\x94\
\x22<\x1e17Wd\x19\x1b\x14\x0e5\x1c\x80\x95\x00\
\x01\xff\xb4\xff\xe2\x05s\x03\x1e\x00;\x00\x00\x012\x16\
\x17\x1e\x01\x17\x1e\x01\x15\x14\x07\x06\x07\x1e\x01;\x012\
\x16\x15\x14\x06+\x01\x22&'\x06\x04#\x22&54\
632$76?\x01.\x01'.\x01#\x22\x06\
\x07\x0e\x01'.\x017>\x01\x01wP\xbdqG\xb4\
o\x14\x1a#64\x0f\x92\x87\x01 ** \x01\x9c\
\xea)\xd7\xfeJ\xec\x1f-, \xe7\x01\xb5\xdd\x0e\x14\
\x02L\x838^\x85/2N.\x0aB \x16\x13\x0d\
<\x89\x03\x1eN;%R/\x08(\x15(\x18$!\
ZS+ \x1f,v\x7fv\x7f-\x1e\x1e-\x89\x89\
\x10\x06\x01\x22<\x1e17Wd\x19\x1b\x14\x0e5\x1c\
\x80\x95\x00\x00\x01\x00\x5c\xff\xc4\x04\xab\x03^\x002\x00\
\x007>\x01\x17\x1632654&'&'&\
'.\x01'&676\x16\x17\x1e\x01\x17\x1e\x02;\
\x012\x16\x15\x14\x06+\x01\x22&'\x0e\x01#\x22&\
'.\x01d\x086\x1fbb\x92\x9a\x09\x07\x01\x01\x02\
\x03\x1fJ7\x10\x10\x1a\x1b=\x107Q%!Iq\
\x5c\x01 ** \x01s\x9b4:\xe6y@o@\
\x1d\x1dF\x1d\x1d\x08\x1eej\x14'\x12\x03\x04\x06\x08\
]\x9bd\x1a=\x10\x10\x10\x1ad\xa4o_\x93S+\
 \x1f,YBeT\x11\x14\x088\x00\x01\x00O\xfd\
\xc6\x03\xfd\x020\x00-\x00\x00\x01&67632\
3016\x16\x17\x16\x17\x1e\x02;\x012\x16\x15\x14\
\x06+\x01\x22&'\x06\x00\x07\x06&'&676\
\x1254&'&\x01\xd5\x0a$\x1e\x07\x07\x01\x01\x1c\
(\x06\x06\x05\x1dHve\x01 ** \x01]\x8a\
4\x0f\xfe\xfd\xcd!6\x08\x0a \x19\xb0\xcd\x17\x15\x02\
\x01\xd3\x1d6\x07\x02\x01\x22\x17\x17\x17m\x97M+ \
\x1f,92\xf7\xfe\xbfE\x0a \x1b#3\x08<\x01\
\x12\xdfH\x9eU\x06\x00\x00\x01\x00l\xfd\xdc\x09\xc8\x02\
>\x00\x7f\x00\x00\x17467>\x01\x17\x1e\x01\x07\x0e\
\x01\x15\x14\x1632654&/\x01&676\
\x16\x17\x1e\x01326767>\x0132\x17\x1e\
\x01\x170\x15\x14\x150\x15\x16\x150\x15\x06\x150\x15\
0\x15\x06\x07\x0e\x01\x15\x14\x1632654'&\
'&6743236301636\x16\
\x17\x16\x17\x1e\x02;\x012\x16\x15\x14\x06+\x01\x22&\
'\x0e\x01#\x22&'\x06#\x22'\x14\x15\x14\x0e\x01\
#\x22.\x01l4.\x0c:\x1c\x1d\x19\x0c(/\xc4\
\xd0\xcb\xc9(%\x02\x0a\x19\x1c\x1d9\x0bAqOK\
[\x18\x03\x04\x03(\x1a\x04\x05\x17 \x03\x01\x01\x02\x02\
\x04\x02gGSY\x0a\x03\x04\x05 \x1b\x01\x02\x01\x01\
\x02\x05\x06\x1c,\x04\x06\x04\x150VO\x01 **\
 \x01_\x82,(\x8a\x5cS\x8a+T\x9f[I\x85\
\xf8\xae\xb5\xf8\x7f6b\xd8t\x1d\x18\x0b\x0c9\x1dd\
\xbfS\x98\xc0\xcf\xa6T\xc6^\x06\x1d:\x0b\x0b\x19\x1d\
\xa9\x93n\x9e\x17\x1c\x1a\x22\x01\x02\x22\x16\x01\x02\x02\x01\
\x04\x01\x01\x03\x01\x02\x01\x12\x10\x1c/\x1cVRtX\
MG\x14\x16\x1c1\x07\x01\x01\x01\x01#\x1b!\x1cz\
\x91@+ \x1f,BAHYLA\x892\x04\x05\
\x98\xf1\x8c~\xdf\x00\x00\x00\x01\xff\xb5\xff\xce\x05\xf4\x02\
k\x00R\x00\x00'463267675>\
\x01\x17\x16\x17\x16\x0f\x01\x06\x07\x06\x15\x14\x16326\
7676767016\x17\x16\x17\x1e\x01\x07\
\x06\x15\x06\x07\x06\x15\x14\x1632654'&6\
76\x16\x17\x1e\x01\x15\x14\x06#\x22&'\x0e\x01#\
\x22&'\x0e\x01#\x22&K,\x1f\x83\x97\x17\x03\x05\
\x030\x1e\x14\x10'\x07\x01\x02\x04\x07YRen\x14\
\x02\x04\x03\x10\x02\x01\x18 \x0f\x0d\x13\x15\x04\x01\x02\x02\
\x03cbdW\x19\x07!\x1d\x1e6\x07\x11\x0c\xa7\xa1\
g\x97+2\x93^_\x8c%=\xaai\x1f,- \
+\x9f\x82\x17!\x05 '\x02\x02\x0c\x1a.\x07\x17\x17\
6*Ys\xa7\x8a\x17\x1f\x17\x10\x02\x01\x16\x03\x02\x07\
\x0a(\x17\x05\x04\x0e\x0d \x1al\x86ylXg\x1f\
4\x07\x07 \x1fE`4\xaf\xd4]RQ`eQ\
JX,\x00\x01\xff\xb5\xff\xce\x07c\x02l\x00a\x00\
\x00'463267675>\x01\x17\x16\x17\
\x16\x0f\x01\x06\x07\x06\x15\x14\x163267676\
767016\x17\x16\x17\x1e\x01\x07\x06\x15\x06\x07\
\x06\x15\x14\x1632654'&5&676\
\x16\x17\x16\x17\x1e\x01;\x012\x16\x15\x14\x06+\x01\x22\
&'\x0e\x01#\x22&'\x0e\x01#\x22&'\x0e\x01\
#\x22&K,\x1f\x83\x97\x17\x03\x05\x030\x1e\x14\x10\
'\x07\x01\x02\x04\x07YRen\x14\x02\x04\x03\x10\x02\
\x01\x18 \x0f\x0d\x13\x15\x04\x01\x02\x02\x03cbdW\
\x19\x02\x01!\x19\x1d8\x06\x06\x04,\x91z\x01 *\
* \x01f\x9e;\x22\x98sg\x97+2\x93^_\
\x8c%=\xaai\x1f,- +\x9f\x82\x17!\x05 \
'\x02\x02\x0c\x1a.\x07\x17\x176*Ys\xa7\x8a\x17\
\x1f\x17\x10\x02\x01\x16\x03\x02\x07\x0a(\x17\x05\x04\x0e\x0d\
 \x1al\x86ylXg\x08\x09\x1a)\x06\x08!\x1f\
\x19\x15\xb5\xd1+ \x1f,gWao]RQ`\
eQJX,\x00\x00\x00\x02\x00r\xfd\xdc\x09\xde\x02\
\xb6\x00D\x00P\x00\x00\x1747>\x01\x17\x1e\x01\x07\
\x06\x15\x14\x1632654&'&'&76\
76\x17\x16\x17\x16\x176\x0032\x16\x15\x14\x07\x1e\
\x01;\x012\x16\x15\x14\x06+\x01\x22&'\x0e\x01#\
\x22&'\x16\x15\x14\x0e\x01#\x22.\x01\x01\x22\x06\x07\
\x1632>\x0154&r^\x0b;\x1c\x1c\x1a\x0c\
S\xd1\xbc\xbc\xdf#.\x04\x01\x064\x06\x06\x1b\x19\x19\
\x0a<hw\x016\xb5\x95\xc2#\x1fhf\x01 *\
* \x01s\xa26P\xf1\x92\x87\xd6S\x04\x90\xfd\xa5\
\xa9\xf6\x86\x06\xf0\x81\xebgc\x83\x87\xc9ov2\xb9\
\xe6\x1d\x18\x0b\x0b:\x1d\xcb\x9c\xa9\xb3\xbe\xb9O\xcec\
\x0b\x0b7\x14\x02\x02\x06\x0c\x0d\x19\x93O\xef\x01\x07\xb0\
\x95RI//+ \x1f,@:GQ?<(\
$\xa4\xf0\x83y\xdf\x02\xea\xd4\xcd#FxLXb\
\x00\x00\x00\x00\x02\xff\xb5\xff\x87\x06\x0f\x02\xbf\x00C\x00\
P\x00\x00'463267470165\
65656732323232\x172\
\x1703\x1e\x01\x17\x16\x17>\x0232\x1e\x01\x15\x14\
\x06\x04#\x22'\x06\x07\x0e\x01'.\x01767&\
'\x0e\x01#\x22&\x01\x22\x0e\x01\x07\x1632>\x01\
54&K,\x1f\x9a\xb3\x0a\x02\x01\x01\x01\x110\x03\
\x01\x01\x01\x01\x02\x03\x04\x04\x01\x01\x01\x17!\x01\x11c\
J\xb6\xd8}a\x9c\x5c\xa1\xfe\xfa\x99\xb5\x89\x15\x15\x0d\
6\x17\x13\x0e\x0a\x16\x17I0<\xda\x94\x1f,\x04\xf1\
_\xa7\x91>d\x9at\xc2u\x80- +\xad\xbc\x07\
\x06\x03\x01\x02\x01\x01\x01+\x04\x01\x01\x06%\x1a\xb3X\
\x8c\xde\x81R\x93a\x88\xba_;-1\x1e\x10\x0d\x0b\
/\x1b736Ks\x7f,\x02\x1bl\xb8r%3\
r\x5cVd\x00\x00\x00\x00\x02\xff\xb5\xff\x87\x07I\x02\
\xbf\x00R\x00_\x00\x00'46326747\
0165656567323232\
32\x172\x1703\x1e\x01\x17\x16\x17>\x0232\
\x1e\x01\x15\x14\x07\x1e\x01;\x012\x16\x15\x14\x06+\x01\
\x22&'\x0e\x01#\x22'\x06\x07\x0e\x01'.\x017\
67&'\x0e\x01#\x22&\x01\x22\x0e\x01\x07\x163\
2>\x0154&K,\x1f\x9a\xb3\x0a\x02\x01\x01\x01\
\x110\x03\x01\x01\x01\x01\x02\x03\x04\x04\x01\x01\x01\x17!\
\x01\x11cJ\xb6\xd8}a\x9c\x5c\x13\x1emw\x01 \
** \x01y\xad7P\xf6\x8c\xb5\x89\x15\x15\x0d6\
\x17\x13\x0e\x0a\x16\x17I0<\xda\x94\x1f,\x04\xf1_\
\xa7\x91>d\x9at\xc2u\x80- +\xad\xbc\x07\x06\
\x03\x01\x02\x01\x01\x01+\x04\x01\x01\x06%\x1a\xb3X\x8c\
\xde\x81R\x93a?8IA,\x1f\x1f,MGN\
P;-1\x1e\x10\x0d\x0b/\x1b736Ks\x7f\
,\x02\x1bl\xb8r%3r\x5cVd\x00\x00\x00\x00\
\x02\x00]\xff\xc4\x06\x9d\x05\x0e\x00;\x00I\x00\x007\
>\x01\x17\x16\x17676747>\x0154.\
\x01'&676\x16\x17\x1e\x02\x15\x14\x07>\x013\
2\x16\x15\x14\x07\x16;\x012\x16\x15\x14\x06+\x01\x22\
&'\x06\x04#\x22&'.\x01\x01\x22\x0e\x01\x07\x16\
32>\x0254&a\x041\x1fa_\x01\x03.\
9\x01\x07\x06\x09\x0f\x0b\x04(\x1b!1\x04\x0c\x10\x08\
\x02T\xc4n\x90\xba\x10K\xc5\x01 ** \x01l\
\xba@f\xfe\x95\xd8a\xd3n\x1f%\x03\x9bi\xb6\x95\
6\x1f\x1fw\xdf\xb2in8\x1d'\x05\x0d\x08\x06\x05\
j\x5c\x06\x084\x8dTi\xe0\xcdL\x1f.\x04\x05(\
\x1fM\xc4\xd0^F?Sd\xae\x93;4\x92+ \
\x1f,LNdT\x10\x0f\x051\x02\x0a\x83\xd0u\x01\
\x1a>jPPg\x00\x00\x02\xff\xb6\xff\xe4\x04)\x05\
\x0e\x00+\x008\x00\x00'46;\x014767\
47>\x0154.\x01'&676\x16\x17\x1e\
\x02\x15\x14\x07>\x0132\x16\x15\x14\x0e\x01\x04#!\
\x22&\x01\x22\x0e\x01\x0732>\x0254&J+\
\x1fT\x01,5\x01\x08\x05\x09\x0f\x0b\x04)\x1a\x221\
\x04\x0b\x0f\x09\x01Q\xc4p\x91\xba\x84\xe0\xfe\xe8\x94\xfe\
\xe7\x1f+\x03\x18i\xb1\x8e52\x82\xe2\xabam-\
 +\x01\x02eW\x05\x073\x8cTi\xe0\xcdL\x1f\
.\x04\x05(\x1fM\xc4\xd0^D<Pb\xae\x93\x82\
\xa1T\x1e+\x02\x14y\xc3o\x0f1bTTa\x00\
\x02\xff\xb6\xff\xe2\x05?\x05\x0e\x009\x00F\x00\x00'\
46;\x01476747>\x0154.\x01\
'&676\x16\x17\x1e\x02\x15\x14\x07>\x0132\
\x16\x15\x14\x07\x16;\x012\x16\x15\x14\x06+\x01\x22&\
'\x0e\x02#!\x22&\x01\x22\x0e\x01\x0732>\x02\
54&J+\x1fT\x01,5\x01\x08\x05\x09\x0f\x0b\
\x04)\x1a\x221\x04\x0b\x0f\x09\x01Q\xc4p\x91\xba\x1d\
A\xa7\x01 ** \x01g\xaa:I\xd1\xf6\x80\xfe\
\xe7\x1f+\x03\x18i\xb1\x8e52\x82\xe2\xabam-\
 +\x01\x02eW\x05\x073\x8cTi\xe0\xcdL\x1f\
.\x04\x05(\x1fM\xc4\xd0^D<Pb\xae\x93S\
Am+ \x1f,CG8;\x15+\x02\x14y\xc3\
o\x0f1bTTa\x00\x02\x00o\xfd1\x04\xb6\x03\
S\x00;\x00E\x00\x00\x13467.\x01'&'\
&'&767>\x0132\x1e\x01\x15\x14\x06\x07\
\x1e\x01;\x012\x16\x15\x14\x06+\x01\x22$'\x0e\x01\
\x15\x14\x1e\x0132676\x16\x17\x16\x06\x07\x06#\
\x22$&\x01\x22\x07\x1e\x01\x17654&o\xcc\x9d\
N\xa4]\x04\x04\x0b\x02\x04\x12\x05\x07Z\xe8zj\xab\
f\x7fnV\xc3z\x01\x1e,,\x1e\x01\xa6\xff\x00q\
\xa4\xad\x80\xcbq3o9#1\x03\x03\x22\x1d}y\
\x9d\xfe\xf2\xa5\x01\xdb\x9b\x82R\x91F\xdb\x82\xfe\xe3\xa0\
\xf9oF\xaef\x04\x05\x0f\x14\x1e\x18\x07\x05MSA\
}[h\xa2O46* \x1f+UPl\xc6s\
b\x7f=\x0b\x0b\x06)\x1e\x1b2\x06\x16_\xc1\x04l\
N[\x99;\x92a@J\x00\x00\x00\x00\x01\xff\xb5\xff\
\xe2\x03\x8d\x03l\x005\x00\x00'463267\
.\x0154>\x0132\x17\x1e\x01\x07\x0e\x01'&\
#\x22\x0e\x01\x15\x14\x163267676\x16\x17\
\x16\x07\x06\x07\x06\x07\x0e\x01\x07\x0e\x02#\x22&K,\
\x1fR\x8bCO[o\xbbr\x84i\x1b\x0e\x10\x10;\
\x1bG\x5cH{L\x99\x821hB\x1e!\x1e4\x04\
\x02\x03\x05\x10\x11\x17J\x85Of\xaf\xb1i\x1f,-\
 +\x09\x0a/\x9cbu\xc7xD\x10<\x1a\x1a\x10\
\x10.O\x82Lay\x08\x08\x05\x04\x04#\x1f\x0e\x0e\
\x17\x0f\x11\x03\x0a\x1c\x14\x1a \x0e,\x00\x02\xff\xb5\xff\
\xe2\x04\x90\x03\x1b\x00)\x004\x00\x00'4632\
67.\x01'&6?\x01>\x0132\x1e\x01\x15\
\x14\x06\x07\x16;\x012\x16\x15\x14\x06+\x01\x22&'\
\x06\x04#\x22&\x01\x22\x07\x1e\x01\x17>\x0154&\
K,\x1fc\xedpR\xa1T\x15\x09\x17\x01Q\xec\x88\
d\xb0n{b\x96\xc0\x01 ** \x01\x90\xf3m\
\x95\xfe\xbaz\x1f,\x02\x90\x98\x8aT\x96Ka|\x82\
- +/(@\x9dX\x17@\x13\x01M_D\x86\
c[\x9b?A+ \x1f,G@AF,\x02v\
YZ\x8e41s;CS\x00\x00\x00\x02\x00`\xff\
\xc4\x07\x8b\x03\x5c\x003\x00?\x00\x00\x13467>\
\x01\x17\x16\x07\x0e\x01\x15\x14\x1e\x013267.\x01\
54>\x0132\x1e\x01\x15\x14\x06\x07\x16;\x012\
\x16\x15\x14\x06+\x01\x22'\x06\x04#\x22.\x02\x01\x14\
\x16\x17>\x0154&#\x22\x06`\x19\x1d\x0e;\x1c\
9\x16\x10\x17\x82\xfd\xb6}\xe0^WeZ\x9ccj\
\x9aU_Sx\x9d\x01 ** \x01\xf5\xc4\x7f\xfe\
\xc9\xa5{\xfd\xd3\x81\x04`i^Zeb`Vn\
\x01_<\x85E\x1d\x14\x0e\x1aJ,o*iq+\
\x15\x18?\xabkn\xaedc\xaalj\xaa@\x17+\
 \x1f,O76\x17O\xa6\x01\x0ce\x8b+/\x8e\
eg{\x80\x00\x00\x00\x00\x02\x00t\xfd\xdd\x06;\x02\
\xba\x00-\x009\x00\x00\x012\x1e\x02\x1732\x16\x15\
\x14\x06+\x01\x06\x00!\x22$&5467>\x01\
\x17\x1e\x01\x07\x0e\x01\x15\x14\x1632$7#\x22&\
54>\x01\x133.\x03#\x22\x06\x15\x14\x16\x03\xeb\
[\x85X/\x05\x9a ** \x9f\x1c\xfe\xad\xfe\xed\
\xb4\xfe\xf0\x986(\x0b;\x1d\x1c\x19\x0b!3\xf6\xcd\
\xdc\x00\xff\x1a\xd5\xa1\xafT\x95f\xda\x04\x1d5Q8\
Uhc\x02\xbaa\xa5\xcfm+ \x1f,\xee\xfe\xe9\
z\xe9\xa5z\xecd\x1d\x19\x0b\x0c8\x1dT\xd3h\xc0\
\xb6\xbb\xb3\x99\x9ao\xc0v\xfd\xbeK\x98\x7fM\x9bk\
]L\x00\x00\x01\x00`\xff\xc4\x07R\x05\x0a\x006\x00\
\x00\x13467>\x01\x17\x16\x07\x0e\x01\x15\x14\x1e\x01\
32>\x0154\x0a\x01'&676\x16\x17\x16\
\x1a\x01\x15\x14\x1e\x01;\x012\x16\x15\x14\x06+\x01\x22\
&'\x06\x04#\x22$&`\x1d\x19\x0e;\x1c:\x17\
\x11\x16\x89\xf3\x9e\xa0\xf3\x8a\x0a\x13\x0e\x04'\x1e\x1f1\
\x04\x0f\x14\x0aU\x92[\x01 ** \x01z\xd7@\
U\xfe\xc0\xcf\xc5\xfe\xc7\xb4\x01rA|6\x1c\x14\x0e\
\x1cI*a*rv*E\x96yu\x01\x16\x01\x0f\
i\x1e1\x04\x05'\x1en\xfe\xeb\xfe\xe6yp\x89>\
+ \x1f,cctpI\xba\x00\x00\x01\xff\xb5\xff\
\xe2\x03\xc3\x04\xfd\x00$\x00\x00'4632>\x01\
54.\x02'.\x015467%6\x16\x17\x16\
\x06\x07\x05\x1e\x02\x15\x14\x06\x04#\x22&K,\x1f\x8a\
\xe5\x88Dp\x85A\x15\x16\x1e\x1a\x02\xc9%8\x0a\x09\
\x1b\x1f\xfd\x93_\xa8j\xab\xfe\xd9\xbb\x1f,- +\
\x1cUT8\x89\x95\x94B\x16 \x19\x18)\x08\xf0\x0c\
\x1a !3\x09\xccg\xd1\xc7Z\x89\x99=,\x00\x00\
\x01\xff\xb5\xff\xe2\x04\xc1\x04\xfd\x005\x00\x00'46\
32>\x0154.\x02'.\x015467%\
6\x16\x17\x16\x06\x07\x05\x1e\x01\x17\x16\x15\x1e\x03;\x01\
2\x16\x15\x14\x06+\x01\x22&'\x0e\x02#\x22&K\
,\x1f\x8a\xe5\x88Dp\x85A\x15\x16\x1e\x1a\x02\xc9%\
8\x0a\x09\x1b\x1f\xfd\x93d\xb30\x01/Yr\xa2v\
\x01 ** \x01\xc0\xf0X)\xb3\xfc\x96\x1f,-\
 +\x1cUT8\x89\x95\x94B\x16 \x19\x18)\x08\
\xf0\x0c\x1a !3\x09\xccn\xddh\x01\x01f\x8cU\
&+ \x1f,fnQ]&,\x00\x01\x00`\xfe\
\x08\x05\xf2\x05\x08\x004\x00\x00\x17467>\x01\x17\
\x1e\x01\x07\x0e\x01\x15\x14\x1632>\x015\x10\x02\x03\
&676\x16\x17\x16\x12\x17\x1e\x02;\x012\x16\x15\
\x14\x06+\x01\x22'\x0e\x02#\x22.\x01`>)\x0e\
<\x1c\x1c\x13\x0e\x225\xbc\xb1\x9e\xb1I\x1b\x15\x02(\
\x1f .\x02\x11\x19\x05\x098tb\x01 ** \
\x01\xaej\x0cu\xeb\xbf\x97\xe9\x84\x17m\xcbR\x1c\x14\
\x0e\x0d<\x1cD\xb0S\x94\xb5x\xe0\x9c\x01\x01\x01\xfd\
\x01$\x1f/\x02\x02( \xe7\xfea\xccbj*+\
 \x1f,Q\x97\xfd\x97y\xd9\x00\x00\x00\x01\xff\xb5\xff\
\xe2\x01r\x05\x0a\x00\x19\x00\x00'463265\
4.\x01'&676\x16\x17\x1e\x02\x15\x10\x02#\
\x22&K,\x1f\x81]\x09\x16\x14\x04&\x1e\x1f1\x04\
\x13\x16\x0a\xa1\xd1\x1f,- +\xbd\xafx\xce\xe9\x9e\
\x1f1\x04\x05'\x1e\x8e\xe3\xd8\x81\xfe\xf5\xfe\xf2,\x00\
\x01\xff\xb5\xff\xe2\x02\xec\x05\x09\x00(\x00\x00'46\
32654\x0a\x01'&676\x16\x17\x16\x12\
\x15\x16\x15\x14\x16;\x012\x16\x15\x14\x06+\x01\x22&\
'\x0e\x01#\x22&K,\x1f\x8dy\x0b\x13\x0e\x03(\
\x1f\x1e1\x03\x14\x18\x01\x86~\x01 ** \x01g\
\xae95\xadq\x1f,- +l\x8d\x9a\x01\x10\x01\
\x0a\x8f\x1f0\x03\x03(\x1f\xd5\xfew\xe7\x06\x06\x89p\
+ \x1f,GIHH,\x00\x00\x00\x02\x00l\xfc\
\xbc\x05\x92\x02\x7f\x00.\x00@\x00\x00\x012\x1e\x01\x15\
1\x1e\x02;\x012\x16\x15\x14\x06+\x01\x22&'\x0e\
\x01#\x22&'&\x06\x17\x13\x16\x06#\x22&'\x03\
&6\x17.\x017>\x02\x03\x1e\x0132654\
.\x01#\x22\x0e\x01\x07\x0e\x01\x07\x02\xefr\x98M\x1e\
=[K\x01 ** \x01i\x905/\xabiP\
\xa3HKL\x04$\x02, \x1e+\x01&\x06\x9f\x80\
\x14\x17\x05\x13b\xa2\xc8I\x98HY|*VCI\
f?\x0f\x05!\x19\x02\x7ft\xbbm(.\x15,\x1f\
\x1f,-,E8\x17\x0c\x0e\x1c@\xfdz\x22/(\
\x1e\x02\xa5\x83g\x12\x0a)\x1aj\xc8\x81\xfd\xf9\x0f\x17\
;]BuIX\x8dR\x18!\x02\x00\x01\xff\xb5\xff\
\xc4\x03\xb6\x02\xad\x00B\x00\x00'4632>\x01\
7676767676\x172\x1701\x16\
\x17\x16\x17\x16\x07\x06\x07\x06\x07\x06\x07\x0e\x01\x07\x06\x15\
\x14\x1632654'.\x017>\x01\x17\x1e\x01\
\x15\x14\x06#\x22&'\x0e\x01#\x22&K,\x1fH\
mW)\x1b#\x17\x1d\x0f\x0e\x02\x02\x1e.\x01\x01\x0e\
\x0a\x02\x03\x17\x01\x01\x05\x05\x07\x0e\x0c\x17.\x12+^\
Zn_\xae\x16\x02\x15\x16?\x16kq\xb5\xaax\x9e\
\x1e6\x8f^\x1f,- +V\x8cP57%'\
\x14\x11\x02\x02\x22\x0e\x01\x04\x09\x02\x02\x17 \x10\x0c\x0b\
\x09\x10\x10\x1dC RACV[C\x83\xa4\x16?\
\x16\x17\x01\x15g\xd6j\x80\xa2`R?U,\x00\x00\
\x01\xff\xb5\xff\xc4\x05!\x02\xad\x00\x94\x00\x00'46\
32>\x017676767676\x172\
\x1701\x16\x17\x16\x17\x16\x07\x06\x07\x06\x07\x06\x07\x0e\
\x01\x07\x06\x15\x14\x1632654'&'&'\
&'&6?\x016767076707\
6727636363636363\
0727032307232323\
032323232\x17232\x1701\
\x16\x17\x16\x17\x16\x17\x1e\x01\x17\x1e\x01;\x012\x16\x15\
\x14\x06+\x01\x22&'\x0e\x01#\x22&'\x0e\x01#\
\x22&K,\x1fHmW)\x1b#\x17\x1d\x0f\x0e\x02\
\x02\x1e.\x01\x01\x0e\x0a\x02\x03\x17\x01\x01\x05\x05\x07\x0e\
\x0c\x17.\x12+UcehN\x12\x14\x1a \x04\x03\
\x13\x04\x15\x01\x01\x01\x01\x02\x01\x01\x02\x01\x02\x01\x01\x01\
\x02\x01\x01\x01\x01\x02\x01\x01\x01\x01\x02\x02\x01\x02\x02\x01\
\x02\x02\x01\x02\x02\x01\x01\x02\x02\x01\x02\x01\x01\x01\x02\x01\
\x02\x01\x01\x01\x02\x02\x12\x0e\x01\x016).;\x15%\
v\x84\x01 ** \x01v\x9b0(\xa4r\x7f\x9a\
\x1c6\x8e^\x1f,- +V\x8cP57%'\
\x14\x11\x02\x02\x22\x0e\x01\x04\x09\x02\x02\x17 \x10\x0c\x0b\
\x09\x10\x10\x1dC RACV[CWh\x17\x16\
\x1d\x1e\x04\x04\x14=\x14\x01\x01\x01\x01\x01\x01\x01\x01\x01\
\x01\x01\x01\x01\x01\x01\x01\x01\x01\x01\x01\x01\x01\x01\x04\x0c\
\x01\x01449e9fp+ \x1f,F7H\
S_R>U,\x00\x00\x01\x00y\xfe\x0c\x06@\x02\
\x08\x008\x00\x00\x01\x22$&5467>\x01\x17\
\x1e\x01\x07\x0e\x01\x15\x14\x1632654&'&\
676\x16\x17\x16\x17\x16\x1d\x01\x16\x17\x1e\x01;\x01\
2\x16\x15\x14\x06+\x01\x22'\x14\x15\x14\x06\x04\x02\xd0\
\xb8\xfe\xf3\x92&\x1f\x0b9\x1c\x1d\x1b\x0b\x1a\x22\xe6\xd7\
\xd7\xed.&\x0c\x19\x1c\x1d9\x0c\x13\x0f\x01\x05\x05)\
z^\x01 ** \x01sZ\x93\xfe\xf2\xfe\x0c\x83\
\xeb\x9c_\xcae\x1d\x1a\x0b\x0a8\x1eW\xaaM\xb5\xcb\
\xc9\xaf[\xbdi\x1e9\x0b\x0b\x18\x1d20\x01\x01\x01\
\x10\x0f\x7fX+ \x1f,7\x06\x05\x9a\xe7\x81\x00\x00\
\x01\x00\x88\xff\xe2\x04\x96\x03\xed\x004\x00\x00\x134>\
\x017>\x017'&676\x16\x17\x13\x1e\x02;\
\x012\x16\x15\x14\x06+\x01\x22&'\x03\x0e\x01\x07\x0e\
\x01\x15\x14\x163276\x16\x17\x16\x06\x07\x06#\x22\
&\x88U\x90VBo\x0d\x02\x03(\x1f\x1f0\x032\
\x0b;kS\x01 ** \x01\xca\xbc\x14\x1e\x1fI\
(Y\x8b\x8b|&-\x1e2\x04\x05&\x1f61\xbf\
\xdf\x01tV\x8ao+#I)\x15\x1f0\x03\x03(\
\x1f\xfd\xd9up\x22+ \x1f,\xb6\xd9\x01K\x17*\
\x150oMDD\x06\x05&\x1f\x1e2\x04\x08\x90\x00\
\x03\xff\xb5\xff\xe2\x04\xcc\x03@\x00 \x00-\x00:\x00\
\x00'463267.\x0154>\x0132\
\x16\x172\x17\x0c\x01\x15\x14\x06#\x22&'\x0e\x01#\
\x22&\x01\x14\x16\x17>\x0154&#\x22\x0e\x01\x05\
\x14\x06\x07\x1632654&'\x16K,\x1fM\
\x91BL[c\xa5a<e'\x05\x06\x01\x04\x01\x13\
\xcd\xa2a\xcc\x5cd\xef\x81\x1f,\x01Wt\x5cYg\
gS:b:\x02\x09NEjok}\xa9\x95\x10\
- +\x0a\x0c8\x8fVl\xb8q0)\x01\x22\xe4\
\xc2\x8e\xae&$&$,\x01\xa9O{*(~[\
Y\x8cCn1d\x9c8\x17_O`\x95$:\x00\
\x02\xff\xb5\xfd\xdc\x04(\x034\x00<\x00G\x00\x00'\
46327454>\x0232\x1e\x01\x15\x14\
\x0e\x01\x07\x1e\x0232654&'.\x0154\
63!2\x16\x15\x14\x06+\x01\x1e\x01\x15\x14\x0e\x01\
#\x22.\x02'\x06#\x22&\x01\x22\x0e\x01\x07>\x02\
54&K,\x1f<9-e\xa4wQm8y\
\xe6\xa3\x11Wt>=2\x1f\x16\x07\x0b,\x1f\x01;\
 ** \xd5\x0f\x12.k[W\x90oJ\x12@\
D\x1f,\x02`Su?\x02\x81\xaaT7- +\
\x06\x05\x05q\xef\xcd\x7fQ~Cn\xd8\xac+r\xb6\
iWA8x0\x13\x22\x0d\x1e,+ \x1f,-\
h5H\x92b[\x98\xba`\x07,\x02\x8b\x86\xe7\x92\
#~\x94D8N\x00\x00\x02\x00P\xfd\xc9\x04\x01\x02\
\xb3\x00#\x002\x00\x00\x05\x22&54>\x0132\
\x1e\x02\x15\x14\x0732\x16\x15\x14\x06+\x01\x0e\x02\x07\
\x06&'&676$7'3654.\x02\
#\x22\x0e\x01\x15\x14\x16\x01\xe5\xa3\xc1V\x97aT\x86\
^1\x02\x81 ** \x9d*\xb5\xfb\x92\x1e4\x06\
\x06%\x1d\xb6\x01\x017\x9c\xc0\x02\x1c7Q68V\
0u\x1e\x95\x9eg\xbeyY\x95\xb6^\x1d\x1c+ \
\x1f,\x88\xd7\x92!\x07$\x1e\x1f2\x08/\xc5\x8a\x96\
\x1a\x1a;\x82qGNv<_J\x00\x02\x00^\xff\
\xe5\x04o\x05\x15\x00\x1f\x001\x00\x007>\x01\x17\x1e\
\x0132>\x0154\x02'&676\x16\x17\x16\
\x12\x15\x14\x06\x04#\x22&'.\x01\x13&676\
\x16\x17\x16\x12\x17\x16\x06\x07\x06&'&\x02a\x020\
\x1fG|:\xa6\xf9\x8a\x16\x16\x04'\x1e\x1e2\x04\x17\
\x17\xb5\xfe\xbb\xd8;yD '\x83\x0b\x1b\x1c\x1d9\
\x0bAQ\x08\x02( \x1f/\x02\x07MD\x1f)\x04\
\x07\x09G\xa2\x87\xb0\x01y\xac 0\x04\x04% \xb5\
\xfe\x83\xb6\xb1\xe4n\x07\x07\x03/\x04t\x1d8\x0b\x0b\
\x1a\x1d\xa5\xfe\xa7\xbc\x1f0\x02\x02(\x1f\xaf\x01J\x00\
\x02\x00^\xff\xe2\x05\xeb\x05\x15\x00,\x00>\x00\x00\x01\
&676\x16\x17\x16\x12\x15\x14\x16;\x012\x16\x15\
\x14\x06+\x01\x22&'\x06\x04#\x22&'.\x017\
>\x01\x17\x1e\x0132>\x0154\x02%&67\
6\x16\x17\x16\x12\x17\x16\x06\x07\x06&'&\x02\x03\xac\
\x04'\x1e\x1e2\x04\x17\x17\x96\x9b\x01 ** \x01\
\x86\xca9W\xfe\xb7\xda;yD '\x03\x020\x1f\
G|:\xa6\xf9\x8a\x16\xfd\x1f\x0b\x1b\x1c\x1d9\x0bA\
Q\x08\x02( \x1f/\x02\x07M\x04\xbd 0\x04\x04\
% \xb5\xfe\x83\xb6\xb0\xc0+ \x1f,znup\
\x07\x07\x03/\x1f\x1f)\x04\x07\x09G\xa2\x87\xb0\x01y\
\x88\x1d8\x0b\x0b\x1a\x1d\xa5\xfe\xa7\xbc\x1f0\x02\x02(\
\x1f\xaf\x01J\x00\x00\x00\x00\x01\x00r\xff\xc4\x05\xd6\x05\
\x14\x00$\x00\x00\x1347>\x01\x17\x16\x07\x06\x15\x14\
\x1e\x0132$654\x02'&676\x16\x17\
\x16\x12\x15\x14\x06\x04!\x22$&r,\x0d<\x1c9\
\x16\x1ej\xdc\xab\xd5\x01\x00r\x16\x18\x04'\x1e\x1f1\
\x04\x1a\x15\x98\xfe\xbd\xfe\xff\xd7\xfe\xdf\x90\x01}}x\
\x1d\x14\x0e\x1bIcVv{-A\xae\xa3\xa4\x01`\
\xcc 0\x04\x04&\x1f\xd3\xfe\x99\xa9\xce\xf2hP\xc0\
\x00\x00\x00\x00\x01\x00~\xff\xe3\x07\xcf\x04<\x003\x00\
\x00\x012\x16\x15\x14\x0e\x02\x07\x0e\x02\x15\x14\x1e\x023\
 $7632\x16\x15\x14\x06\x07\x06\x04!\x22$\
.\x0154>\x027>\x0254'&546\
\x03\xd5,(T\x89\x9dJY\x99^t\xc0\xe9u\x01\
4\x01\xf8\x98\x0b\x0f\x1f+\x1c\x14\xa9\xfd\xf4\xfe\xbd\x99\
\xfe\xdf\xe7\x88L}\x94Gf\xa9d\x06\x04+\x04<\
P3IzgW$,UY13;\x1c\x083\
5\x04+\x1f\x19%\x08=3\x0f7vgJwa\
P\x221[\x5c3\x12\x13\x09\x0f\x1f+\x00\x00\x00\x00\
\x01\x00~\xff5\x04%\x02P\x00\x1f\x00\x00%2\x16\
\x15\x14\x06+\x01\x22&'.\x01#\x22\x02\x03\x0e\x01\
#\x22&7\x1a\x0132\x16\x17\x1e\x013\x03\xdb \
** \x01z\xbd\x5c&/\x166i&\x03*\x1d\
#,\x058\xaem;b:P\x84Yx+ \x1f\
,\x95\xaaF7\xfe\xd6\xfe\xff\x1b#4\x22\x01Z\x01\
k\x5cp\x97u\x00\x00\x00\x01\xff\xb5\xfd\x7f\x044\x01\
\xe6\x000\x00\x00\x05>\x0132\x16\x15\x14\x06#\x22\
\x0e\x01\x15\x14\x17\x1e\x01\x15\x14\x06#\x22&'&\x02\
&'\x0e\x01#\x22&54632>\x0176\
32\x16\x15\x16\x12\x02=)\xdb\xa8 ++ v\
\xa9[&\x01\x02+ \x1c&\x06'2\x1c\x07F\xc6\
}\x1f,,\x1fa\x94k%\x131\x1e,\x01\x15Z\
u]+ \x1f,(roh\x94\x04\x09\x06\x1f,\
#\x16\x9d\x01\x04\xf0\x7fg\x7f,\x1f +[\x93T\
,+ m\xfe\xeb\x00\x00\x01\x00~\xfd\x8a\x06u\x00\
w\x00\x1e\x00\x00\x01\x14\x06\x07\x04$546,\x01\
!32\x16\x15\x14\x06+\x01\x22\x0c\x01\x0e\x01\x15\x14\
\x04%6\x16\x04\xed+\x1f\xfd\xf1\xfd\xea\xde\x01\x8c\x02\
\x10\x012\x01\x1f++\x1f\x01\xc1\xfe\x8b\xfe\xb9\xfa\x8e\
\x01\xae\x01\xd0\x1f+\xfd\xf9\x1f)\x02%z\xa9o\xaa\
u<+\x1f\x1f+\x1c5J]5RF%\x03.\
\x00\x00\x00\x00\x01\x00s\xff\xc3\x06O\x04\xad\x000\x00\
\x00\x01\x1e\x04\x15\x14\x0e\x03#\x22$'.\x017>\
\x01\x17\x1e\x0232>\x0354.\x03'.\x016\
7\x016\x16\x17\x16\x06\x07\x03\x8fR\xbe\xba\x9a\x5cm\
\xb6\xdf\xe7g\xae\xfe\xc3b!\x1e\x07\x074#9\xb1\
\xd4mS\xbd\xb6\x95Y`\x9f\xc3\xc9X\x1e \x08\x1c\
\x02]\x1a<\x11\x14\x0b\x17\x02\xb7\x132DYsJ\
]{K&\x0c\x1e\x17\x083 \x1d \x08\x0d\x16\x0d\
\x09\x18+C0*LC8/\x12\x062<\x15\x01\
\xc7\x14\x0b\x17\x19?\x11\x00\x01\xff\xb6\xff\xe2\x03\xb0\x04\
\xad\x00)\x00\x0052>\x0354.\x03'.\x01\
67\x016\x16\x17\x16\x06\x07\x01\x1e\x04\x15\x14\x0e\x03\
#\x22&546S\xd1\xd4\xb2m`\x9f\xc3\xc9X\
\x1d \x08\x1c\x02\x5c\x1a=\x11\x14\x0b\x17\xfe\x1fR\xbe\
\xba\x9a\x5c\x80\xd3\xfc\xfbf\x1f++x\x05\x11\x22;\
,*LC8/\x12\x062<\x15\x01\xc7\x14\x0b\x17\
\x19?\x11\xfe\x95\x132DYsJYsC\x1f\x08\
,\x1f\x1f,\x00\x00\x00\x00\x01\xff\xb6\xff\xe2\x05<\x04\
\xad\x004\x00\x0052>\x0354.\x03'.\x01\
67\x016\x16\x17\x16\x06\x07\x01\x1e\x03\x17\x1e\x01;\
\x012\x16\x15\x14\x06+\x01 '\x0e\x03#\x22&5\
46S\xd1\xd4\xb2m`\x9f\xc3\xc9X\x1d \x08\x1c\
\x02\x5c\x1a=\x11\x14\x0b\x17\xfe\x1fb\xe6\xd4\x93\x0e+\
\x9a\x7f\x01 ** \x01\xfe\xfb~>\xd3\xfc\xfbf\
\x1f++x\x05\x11\x22;,*LC8/\x12\x06\
2<\x15\x01\xc7\x14\x0b\x17\x19?\x11\xfe\x95\x17?Y\
{SjY* \x1f+\xa2:B\x1f\x08,\x1f\x1f\
,\x00\x00\x00\x01\x00s\xff\xc3\x07\xdf\x04\xad\x00;\x00\
\x00\x01\x1e\x03\x17\x1e\x01;\x012\x16\x15\x14\x06+\x01\
\x22'\x0e\x03#\x22$'.\x017>\x01\x17\x1e\x02\
32>\x0354.\x03'.\x0167\x016\x16\
\x17\x16\x06\x07\x03\x8fa\xe5\xd3\x94\x0f+\x9e\x80\x01 \
** \x01\xff\x7f5\xb6\xdf\xe7f\xae\xfe\xc3b!\
\x1e\x07\x074#9\xb1\xd4mS\xbd\xb6\x95Y`\x9f\
\xc3\xc9X\x1e \x08\x1c\x02]\x1a<\x11\x14\x0b\x17\x02\
\xb7\x17>XzRl[* \x1f+\x99>J%\
\x0c\x1e\x17\x083 \x1d \x08\x0d\x16\x0d\x09\x18+C\
0*LC8/\x12\x062<\x15\x01\xc7\x14\x0b\x17\
\x19?\x11\x00\x01\x00~\xff\xe3\x07\xcf\x03\xff\x00/\x00\
\x00\x01\x14\x0e\x02\x07\x0e\x02\x15\x14\x1e\x023 $7\
632\x16\x15\x14\x06\x07\x06\x04!\x22$.\x015\
4>\x027>\x0254632\x16\x04)T\x89\
\x9dJY\x99^t\xc0\xe9u\x014\x01\xf8\x98\x0b\x0f\
\x1f+\x1c\x14\xa9\xfd\xf4\xfe\xbd\x99\xfe\xdf\xe7\x88L}\
\x94Gf\xa9d+\x1f\x1f+\x03\xb5GygV$\
,UY13;\x1c\x0835\x04+\x1f\x19%\x08\
=3\x0f7vgJwaP\x221[\x5c3\x1f\
++\x00\x00\x01\x00m\xff\xb1\x052\x06\x94\x00e\x00\
\x00\x012\x17>\x017>\x0332\x16\x17\x16\x06\x07\
\x0e\x01'&#\x22\x06\x07\x0e\x01\x07\x16\x17\x1e\x01\x07\
\x0e\x01'&'\x06\x02\x15\x14\x06#\x22&54\x12\
7&#\x22\x07\x06\x02\x15\x14\x06#\x22&54\x12\
7\x06\x07\x06&'&6767>\x017>\x03\
32\x16\x17\x16\x06\x07\x0e\x01'&#\x22\x06\x07\x0e\
\x01\x076\x02\x9cvt\x05\x0b\x08\x05\x1b5T=-\
J\x1e\x13\x03\x10\x12!\x11$\x1b\x229\x08\x07\x0b\x05\
ig\x1f'\x04\x041\x1e`d\x06\x05, \x1f+\
\x05\x06puwr\x06\x05, \x1f,\x05\x06/.\
\x1f/\x02\x02(\x1f76\x05\x0c\x07\x05\x1c5T=\
-J\x1e\x13\x03\x10\x12\x22\x11\x22\x1d\x228\x08\x07\x0b\
\x04u\x03\x9c\x05o\xcaT9\x80pG-#\x15=\
\x11\x14\x06\x06!vbR\xc8n\x08\x0c\x031\x1f\x1e\
'\x04\x0b\x06\xcd\xfei\x97\x1f,,\x1f\x99\x01\x9b\xd0\
\x04\x04\xcf\xfed\x99\x1f,,\x1f\x98\x01\x97\xce\x03\x03\
\x02)\x1f\x1f/\x02\x04\x03q\xceU9\x80pG-\
#\x15=\x11\x14\x06\x06!vbP\xc3k\x04\x00\x00\
\x01\x00l\xff\xb1\x04\xf5\x06\x94\x00g\x00\x00\x012\x17\
>\x017>\x01\x17\x1e\x01\x07\x0e\x01\x07\x16\x17\x1e\x01\
\x07\x0e\x01'&'\x0e\x01\x15\x14\x1e\x013276\
\x16\x17\x16\x06\x07\x0e\x01#\x22.\x025467&\
#\x22\x07\x06\x02\x15\x14\x06#\x22&54\x127\x06\
\x07\x06&'&6767>\x017>\x0332\
\x16\x17\x16\x06\x07\x0e\x01'&#\x22\x06\x07\x0e\x01\x07\
>\x01\x02\xa4d_\x07\x10\x09\x031\x1f\x1e'\x04\x09\
\x0f\x07^V\x1e'\x05\x041\x1eQ\x5c\x07\x08\x0d3\
8\x1c!\x1e3\x06\x06$\x1e\x18,\x14]m5\x0f\
\x08\x08W`xy\x06\x05, \x1f,\x05\x06//\
\x1f/\x02\x02)\x1f85\x05\x0c\x07\x05\x1c5T=\
-J\x1e\x13\x03\x10\x12\x22\x11\x22\x1d\x228\x08\x07\x0b\
\x04:v\x03\x9c\x04M\x98L\x1e'\x04\x031\x1fJ\
\x93J\x07\x0b\x041\x1e\x1f&\x04\x0a\x06e\xcbg@\
zO\x06\x06$\x1e\x1e4\x06\x04\x04U\x83\x8e9i\
\xcff\x03\x04\xcf\xfed\x99\x1f,,\x1f\x98\x01\x97\xce\
\x03\x03\x02)\x1f\x1f/\x02\x04\x03q\xceU9\x80p\
G-#\x15=\x11\x14\x06\x06!vbP\xc3l\x03\
\x02\x00\x00\xff\xff\xff\xba\xff\xe2\x02\xa6\x07+\x10&\x01\
q\x00\x00\x12\x06\x01\xa3\x00\x00\x00\x00\xff\xff\x00`\xfc\
\xfc\x07\xdb\x02\xc0\x12&\x01\x98\x00\x00\x10\x07\x01Y\x01\
\xda\xfc\xc3\xff\xff\xff<\xfd\x05\x01\xb4\x02\xbc\x12&\x01\
\x9d\x00\x00\x10\x07\x01Y\xff\x1f\xfc\xcc\xff\xff\xff<\xfd\
\x05\x03u\x02B\x12&\x01\x9e\x00\x00\x10\x07\x01Y\xff\
\x1f\xfc\xcc\xff\xff\x00`\xff\xc4\x07\xdb\x04\xa2\x10'\x01\
y\x02n\xfd\xf6\x12\x06\x01\x98\x00\x00\xff\xff\xff\xb5\xff\
\xe2\x02\x19\x05\xca\x10'\x01y\xff\xea\xff\x1e\x12\x06\x01\
\x9d\x00\x00\xff\xff\xff\xb4\xff\xe2\x03u\x05r\x10'\x01\
y\x00<\xfe\xc6\x12\x06\x01\x9e\x00\x00\x00\x02\x00a\xfd\
\x89\x05\xba\x03[\x00D\x00`\x00\x00\x012\x1e\x02\x17\
\x16\x15\x14\x07\x06\x07\x1e\x01;\x012\x16\x15\x14\x06+\
\x01\x22$'\x04\x00\x15\x14\x1e\x0132676\x16\
\x17\x16\x06\x07\x0e\x01#\x22$&54\x12$7.\
\x03#\x22\x06\x07\x0e\x01'.\x017>\x01\x13&6\
7>\x0132\x16\x17\x14\x0e\x01\x07\x06&'&7\
>\x0154#\x22\x06\x07\x06\x01\x92<\xb0\xca\xcdY\
@R31\x17\xc1\x9f\x01 ** \x01\xd0\xfe\xe4\
\x1d\xfe\xe0\xfe\xad|\xd3\x82^\xd2\x5c\x1f7\x0b\x0c\x18\
\x1d_\xebo\xaf\xfe\xe6\xa5\xc4\x01m\xfd9\x8e\x8fu\
\x1f4=\x16\x078\x1e\x1c\x22\x09!\x82\xbd\x0a\x05\x0f\
!\x8dC9V\x019V,\x11\x1e\x05\x08$3P\
@-w\x1d&\x03[@]\x5c\x1c\x12:>\x10\x07\
\x0a\x9b\x88+ \x1f,\xd0\xc9K\xfe\xef\xb1l\x96N\
$\x22\x0c\x17\x1b\x1d9\x0d(*t\xd9\x99\x9e\x01\x00\
\xbd;\x19@<'\x5cA\x1d \x08\x086\x1er\x9e\
\xfc5\x0e\x22\x0b\x18(8;&TC\x0f\x05\x11\x10\
#\x11\x15K\x1c$%\x10\x11\x00\x00\xff\xff\xff\xb4\xfd\
#\x04\x8d\x03\x1e\x12&\x01\xa5\x00\x00\x10\x07\x01Y\x00\
|\xfc\xea\xff\xff\xff\xb4\xfd#\x05s\x03\x1e\x12&\x01\
\xa6\x00\x00\x10\x07\x01Y\x00\xba\xfc\xea\xff\xff\x00\x5c\xff\
\xc4\x04\xab\x06\xa7\x10'\x01y\x01\x16\xff\xfb\x12\x06\x01\
\xa7\x00\x00\xff\xff\x00O\xfd\xc6\x03\xfd\x05\x1c\x12&\x01\
\xa8\x00\x00\x10\x07\x01Z\x00\xce\x03>\xff\xff\x00O\xfd\
\xc6\x03\xfd\x05\xb7\x10'\x01y\x00\xeb\xff\x0b\x12\x06\x01\
\xa8\x00\x00\xff\xff\x00p\xff\xc4\x08-\x04\xfd\x12\x06\x01\
\x9c\x00\x00\xff\xff\xff\xb5\xff\xe2\x03\xc3\x04\xfd\x12\x06\x01\
\xb8\x00\x00\xff\xff\xff\xb5\xff\xe2\x04\xc1\x04\xfd\x12\x06\x01\
\xb9\x00\x00\xff\xff\x00p\xff\xc4\x08-\x06-\x12&\x01\
\x9c\x00\x00\x10\x07\x01^\x030\xff\xa5\xff\xff\xff\xb5\xff\
\xe2\x03\xc3\x06-\x12&\x01\xb8\x00\x00\x10\x06\x01^\xc7\
\xa5\x00\x00\xff\xff\xff\xb5\xff\xe2\x04\xc1\x06-\x12&\x01\
\xb9\x00\x00\x10\x06\x01^\xc7\xa5\x00\x00\xff\xff\x00y\xfe\
\x0c\x06@\x02\x08\x12\x06\x01\xc0\x00\x00\xff\xff\x00\x88\xff\
\xe2\x04\x96\x07M\x12&\x01\xc1\x00\x00\x10\x07\x01d\x01\
\x14\x00f\xff\xff\x00~\xff5\x04%\x02P\x12\x06\x01\
\xc9\x00\x00\xff\xff\xff\xb5\xfc\xa2\x01\xb4\x02\xbc\x10'\x00\
\xc9\xff\x94\xfc\xc2\x12\x06\x01\x9d\x00\x00\xff\xff\xff\xb5\xfd\
\x7f\x044\x01\xe6\x12\x06\x01\xca\x00\x00\xff\xff\x00\x88\xff\
\xe2\x04\x96\x03\xed\x12\x06\x01\xc1\x00\x00\xff\xff\xff\xb5\xff\
\xe2\x04\xcc\x03@\x12\x06\x01\xc2\x00\x00\xff\xff\xff\xb5\xfd\
\xdc\x04(\x034\x12\x06\x01\xc3\x00\x00\xff\xff\x00~\xfd\
\x8a\x06u\x00w\x12\x06\x01\xcb\x00\x00\xff\xff\x00P\xfd\
\xc9\x04\x01\x05\x09\x10'\x01\x90\x00\xe6\xff`\x12\x06\x01\
\xc4\x00\x00\xff\xff\xff\xb5\xff\xe2\x01\xb4\x02\xbc\x12\x06\x01\
\x9d\x00\x00\xff\xff\xff\xb4\xff\xe2\x03u\x02B\x12\x06\x01\
\x9e\x00\x00\xff\xff\x00l\xfd\xb6\x05\xb8\x01\xf4\x12\x06\x01\
\x9f\x00\x00\xff\xff\xffC\xfd\xf1\x01\xb4\x02\xbc\x12&\x01\
\x9d\x00\x00\x10\x07\x01X\xfe\xfe\xfd\xdd\xff\xff\xffC\xfd\
\xf1\x03u\x02B\x12&\x01\x9e\x00\x00\x10\x07\x01X\xfe\
\xfe\xfd\xdd\x00\x01\x00h\xffw\x036\x05\xaa\x00<\x00\
\x00\x01\x14\x0e\x01\x07\x1e\x01\x15\x14\x0e\x02#\x22'\x1e\
\x01\x17\x16\x06\x07\x06&'.\x01'\x06#\x22&5\
467.\x0154>\x0132\x16\x17>\x017\
>\x01\x17\x1e\x01\x07\x0e\x01\x07632\x16\x036;\
V(%B*91\x08\x1e\x18\x13D1\x0e\x14\x1c\
\x1c<\x0e7K\x160?1J:*4X=M\
\x16!5\x15\x14P;\x0e;\x1c\x1c\x15\x0e8I\x11\
@KJY\x03\x06&6\x22\x0a\x107+06\x18\
\x06\x08l\xd7c\x1c<\x0e\x0d\x14\x1cp\xf2x\x1fG\
3=R\x1b\x17SC8:\x15\x0f\x0ez\xe9y\x1c\
\x15\x0e\x0d<\x1cr\xd3n&b\x00\x00\x01\x00h\xff\
w\x031\x05\xaa\x008\x00\x00\x13467.\x025\
4632\x17.\x01'&676\x16\x17\x1e\x01\
\x17632\x1e\x01\x15\x14\x06\x07\x1e\x01\x15\x14\x0e\x01\
#\x22'\x06\x07\x0e\x01'.\x01767\x06#\x22\
&\xb8@%*S8kBA5\x12G6\x0d\x14\
\x1c\x1c<\x0d=R\x130>!I3P2&0\
8G\x17-&+m\x0d<\x1c\x1c\x14\x0d\x5c)\x18\
\x1a4c\x02\x0e,5\x10\x0c#7(K^\x1eh\
\xcam\x1c<\x0d\x0e\x15\x1c~\xf0\x7f\x1e\x1f@3@\
G\x12\x19G25<\x18\x15\xf5\xdd\x1c\x14\x0d\x0e;\
\x1c\xbc\xd0\x07U\x00\x00\xff\xff\xff\xb4\xff\xe2\x02\xe8\x05\
\xb2\x12&\x01\x84\x00\x00\x10'\x01\x8a\x00v\xfe\xb7\x10\
\x06\x01\x8av\xb9\x00\x00\xff\xff\xff\xb4\xff\xe2\x02\xe8\x04\
\xe2\x10'\x01\x8a\x00v\xfe\xe9\x12\x06\x01\x84\x00\x00\xff\
\xff\xff\xb4\xff\xe2\x02\xe8\x05\xb5\x10'\x01\x8b\x00\xad\xff\
\x00\x12\x06\x01\x84\x00\x00\xff\xff\xff\xb4\xfd\xc3\x02\xe8\x00\
x\x10'\x01\x8a\x00v\xf8\xb2\x12\x06\x01\x84\x00\x00\xff\
\xff\xff\xb4\xff\xe2\x02\xe8\x064\x10&\x01\x8c9\xfd\x12\
\x06\x01\x84\x00\x00\x00\x00\xff\xff\xff\xb4\xff\xe2\x02\xe8\x05\
\xa6\x10'\x01\x8d\x00\x98\xffH\x12\x06\x01\x84\x00\x00\xff\
\xff\xff\xb6\xff\xe2\x02\x88\x06\x93\x10'\x01\x8e\xff\xc5\x00\
\xde\x12\x06\x01\xa3\x00\x00\xff\xff\x00,\xff\xe2\x02\x88\x07\
\xc4\x10'\x01\x8f\x00I\x01-\x12\x06\x01\xa3\x00\x00\xff\
\xff\x00P\xfd\xc9\x04\x01\x05\x9c\x12&\x01\xc4\x00\x00\x10\
\x07\x01\x8f\x00\xbf\xff\x05\xff\xff\x00\x1f\xfc\xdd\x02\x88\x04\
\xe1\x10'\x01\x8f\x00<\xf8E\x12\x06\x01\xa3\x00\x00\xff\
\xff\x00l\xfd\xb6\x05\xb8\x03w\x10'\x01\x8f\x02\x9d\xfc\
\xe0\x12\x06\x01\x9f\x00\x00\xff\xff\xff\xb5\xff\xe2\x01\xc0\x05\
$\x10'\x01\x8f\xff\xf2\xfe\x8d\x12\x06\x01\x9d\x00\x00\xff\
\xff\xff\xb4\xff\xe2\x03u\x04\xd1\x10'\x01\x8f\x00$\xfe\
:\x12\x06\x01\x9e\x00\x00\xff\xff\x00\xa3\xff\xe2\x02\x88\x04\
\xe1\x12\x06\x01\xa3\x00\x00\xff\xff\x00`\xfd\xf4\x07\xdb\x02\
\xc0\x12&\x01\x98\x00\x00\x10\x07\x01W\x02*\xfd\xcd\xff\
\xff\xff\xb5\xfd\xf4\x01\xb4\x02\xbc\x12&\x01\x9d\x00\x00\x10\
\x07\x01W\xffy\xfd\xcd\xff\xff\xff\xb4\xfd\xf4\x03u\x02\
B\x12&\x01\x9e\x00\x00\x10\x07\x01W\xffy\xfd\xcd\xff\
\xff\x00\x88\xff\xe2\x04\x96\x05\xc3\x12&\x01\xc1\x00\x00\x10\
\x07\x01X\x00\xb1\x05\x0d\xff\xff\x00`\xff\xc4\x07\xdb\x03\
L\x12&\x01\x98\x00\x00\x10\x07\x01X\x01\xd2\x02\x96\xff\
\xff\xff\xb5\xff\xe2\x02\x01\x04F\x12&\x01\x9d\x00\x00\x10\
\x07\x01X\xff\x7f\x03\x90\xff\xff\xff\xb4\xff\xe2\x03u\x04\
\x0c\x12&\x01\x9e\x00\x00\x10\x07\x01X\xff\xc1\x03V\xff\
\xff\x00`\xff\xc4\x07\xdb\x04:\x12&\x01\x98\x00\x00\x10\
\x07\x01Z\x01\xf7\x02\x5c\xff\xff\xff\xb5\xff\xe2\x01\xe4\x05\
-\x12&\x01\x9d\x00\x00\x10\x07\x01Z\xff\xb3\x03O\xff\
\xff\xff\xb4\xff\xe2\x03u\x05\x1d\x12&\x01\x9e\x00\x00\x10\
\x07\x01Z\xff\xc1\x03?\xff\xff\x00a\xfd\x89\x05\xba\x03\
[\x12&\x01\xa4\x00\x00\x10\x07\x01W\x01\xca\xff \xff\
\xff\xff\xb4\xfe]\x04\x8d\x03\x1e\x12&\x01\xa5\x00\x00\x10\
\x07\x01W\x01\x00\xfe6\xff\xff\xff\xb4\xfe]\x05s\x03\
\x1e\x12&\x01\xa6\x00\x00\x10\x07\x01W\x01|\xfe6\xff\
\xff\x00a\xfd\x89\x05\xba\x03[\x12\x06\x01\xa4\x00\x00\xff\
\xff\xff\xb4\xff\xe2\x04\x8d\x03\x1e\x12\x06\x01\xa5\x00\x00\xff\
\xff\xff\xb4\xff\xe2\x05s\x03\x1e\x12\x06\x01\xa6\x00\x00\xff\
\xff\x00a\xfd\x89\x05\xba\x05W\x12&\x01\xa4\x00\x00\x10\
\x07\x01W\x00\xd7\x04u\xff\xff\xff\xb4\xff\xe2\x04\x8d\x05\
\x14\x12&\x01\xa5\x00\x00\x10\x07\x01W\x00\xbf\x042\xff\
\xff\xff\xb4\xff\xe2\x05s\x05\x14\x12&\x01\xa6\x00\x00\x10\
\x07\x01W\x00\x9b\x042\xff\xff\x00\x5c\xff\xc4\x04\xab\x03\
^\x12\x06\x01\xa7\x00\x00\xff\xff\x00\x5c\xff\xc4\x04\xab\x05\
P\x12&\x01\xa7\x00\x00\x10\x07\x01W\x01M\x04n\xff\
\xff\x00O\xfd\xc6\x03\xfd\x020\x12\x06\x01\xa8\x00\x00\xff\
\xff\x00O\xfd\xc6\x03\xfd\x04F\x12&\x01\xa8\x00\x00\x10\
\x07\x01W\x015\x03d\xff\xff\x00l\xfd\xdc\x09\xc8\x02\
>\x12\x06\x01\xa9\x00\x00\xff\xff\xff\xb5\xff\xce\x05\xf4\x02\
k\x12\x06\x01\xaa\x00\x00\xff\xff\xff\xb5\xff\xce\x07c\x02\
l\x12\x06\x01\xab\x00\x00\xff\xff\x00l\xfd\xdc\x09\xc8\x04\
\xc6\x12&\x01\xa9\x00\x00\x10\x07\x01Z\x04w\x02\xe8\xff\
\xff\xff\xb5\xff\xce\x05\xf4\x05\x09\x12&\x01\xaa\x00\x00\x10\
\x07\x01Z\x01\xf4\x03+\xff\xff\xff\xb5\xff\xce\x07c\x05\
\x09\x12&\x01\xab\x00\x00\x10\x07\x01Z\x01\xf4\x03+\xff\
\xff\x00r\xfd\xdc\x09\xde\x02\xb6\x12\x06\x01\xac\x00\x00\xff\
\xff\xff\xb5\xff\x87\x06\x0f\x02\xbf\x12\x06\x01\xad\x00\x00\xff\
\xff\xff\xb5\xff\x87\x07I\x02\xbf\x12\x06\x01\xae\x00\x00\xff\
\xff\x00r\xfd\xdc\x09\xde\x04\x98\x12&\x01\xac\x00\x00\x10\
\x07\x01W\x06\xaf\x03\xb6\xff\xff\xff\xb5\xff\x87\x06\x0f\x04\
\xa4\x12&\x01\xad\x00\x00\x10\x07\x01W\x03\xe9\x03\xc2\xff\
\xff\xff\xb5\xff\x87\x07I\x04\xa4\x12&\x01\xae\x00\x00\x10\
\x07\x01W\x03\xe9\x03\xc2\xff\xff\x00]\xff\xc4\x06\x9d\x05\
\x0e\x12\x06\x01\xaf\x00\x00\xff\xff\xff\xb6\xff\xe4\x04)\x05\
\x0e\x12\x06\x01\xb0\x00\x00\xff\xff\xff\xb6\xff\xe2\x05?\x05\
\x0e\x12\x06\x01\xb1\x00\x00\xff\xff\x00]\xff\xc4\x06\x9d\x05\
\x0e\x12&\x01\xaf\x00\x00\x10\x07\x01W\x03S\x03\xbe\xff\
\xff\xff\xb6\xff\xe4\x04)\x05\x0e\x12&\x01\xb0\x00\x00\x10\
\x07\x01W\x02.\x03\xbe\xff\xff\xff\xb6\xff\xe2\x05?\x05\
\x0e\x12&\x01\xb1\x00\x00\x10\x07\x01W\x02.\x03\xbe\xff\
\xff\x00o\xfd1\x04\xb6\x03S\x12\x06\x01\xb2\x00\x00\xff\
\xff\xff\xb5\xff\xe2\x03\x8d\x03l\x12\x06\x01\xb3\x00\x00\xff\
\xff\xff\xb5\xff\xe2\x04\x90\x03\x1b\x12\x06\x01\xb4\x00\x00\xff\
\xff\x00o\xfd1\x04\xb6\x05G\x12&\x01\xb2\x00\x00\x10\
\x07\x01W\x01/\x04e\xff\xff\xff\xb5\xff\xe2\x03\x8d\x05\
u\x12&\x01\xb3\x00\x00\x10\x07\x01W\x01<\x04\x93\xff\
\xff\xff\xb5\xff\xe2\x04\x90\x05'\x12&\x01\xb4\x00\x00\x10\
\x07\x01W\x01y\x04E\xff\xff\x00`\xff\xc4\x07\x8b\x05\
t\x12&\x01\xb5\x00\x00\x10\x07\x01W\x04\x9b\x04\x92\xff\
\xff\xff\xb5\xff\xe2\x030\x06z\x12&\x01\x99\x00\x00\x10\
\x07\x01W\x00\xdc\x05\x98\xff\xff\xff\xb5\xff\xe2\x03\xfa\x05\
t\x12&\x01\x9a\x00\x00\x10\x07\x01W\x01\x1a\x04\x92\xff\
\xff\x00t\xfd\xdd\x06;\x04\x8e\x10'\x01X\x02\x8e\x03\
\xd8\x12\x06\x01\xb6\x00\x00\xff\xff\xff\xb5\xff\xe2\x030\x06\
-\x12&\x01\x99\x00\x00\x10\x07\x01X\x00J\x05w\xff\
\xff\xff\xb5\xff\xe2\x03\xfa\x05F\x12&\x01\x9a\x00\x00\x10\
\x07\x01X\x00\x86\x04\x90\xff\xff\x00`\xff\xc4\x07R\x05\
\x0a\x12&\x01\xb7\x00\x00\x10\x07\x01d\x02/\xfd\x85\xff\
\xff\xff\xb5\xff\xe2\x03\xc3\x04\xfd\x10\x06\x01\xb8\x00\x00\xff\
\xff\xff\xb5\xff\xe2\x04\xc1\x04\xfd\x12\x06\x01\xb9\x00\x00\xff\
\xff\x00`\xfe\x08\x05\xf2\x05\x08\x12\x06\x01\xba\x00\x00\xff\
\xff\xff\xb5\xff\xe2\x01r\x05\x0a\x10\x06\x01\xbb\x00\x00\xff\
\xff\xff\xb5\xff\xe2\x02\xec\x05\x09\x12\x06\x01\xbc\x00\x00\xff\
\xff\x00l\xfc\xbc\x05\x92\x02\x7f\x12\x06\x01\xbd\x00\x00\xff\
\xff\xff\xb5\xff\xc4\x03\xb6\x02\xad\x12\x06\x01\xbe\x00\x00\xff\
\xff\xff\xb5\xff\xc4\x05!\x02\xad\x12\x06\x01\xbf\x00\x00\xff\
\xff\x00y\xfe\x0c\x06@\x02\x08\x12&\x01\xc0\x00\x00\x10\
\x07\x01W\x01\xf6\x00\xe1\xff\xff\xff\xb5\xff\xe2\x01\xb4\x04\
Y\x12&\x01\x9d\x00\x00\x10\x07\x01W\xff\xf9\x03w\xff\
\xff\xff\xb4\xff\xe2\x03u\x03\xff\x12&\x01\x9e\x00\x00\x10\
\x07\x01W\x00\x1d\x03\x1d\xff\xff\x00\x88\xff\xe2\x04\x96\x03\
\xed\x12\x06\x01\xc1\x00\x00\xff\xff\xff\xb5\xff\xe2\x04\xcc\x03\
@\x12\x06\x01\xc2\x00\x00\xff\xff\xff\xb5\xfd\xdc\x04(\x03\
4\x12\x06\x01\xc3\x00\x00\xff\xff\x00P\xfd\xc9\x04\x01\x02\
\xb3\x12\x06\x01\xc4\x00\x00\xff\xff\x00l\xfd\xb6\x05\xb8\x01\
\xf4\x12\x06\x01\x9f\x00\x00\xff\xff\x00l\xfb\xe6\x05\xb8\x01\
\xf4\x12&\x01\x9f\x00\x00\x10\x07\x01X\x01U\xfb\xd2\xff\
\xff\xffC\xfd\xf1\x01\xb4\x02\xbc\x12&\x01\x9d\x00\x00\x10\
\x07\x01X\xfe\xfe\xfd\xdd\xff\xff\xffC\xfd\xf1\x03u\x02\
B\x12&\x01\x9e\x00\x00\x10\x07\x01X\xfe\xfe\xfd\xdd\xff\
\xff\x00L\xff\xe5\x04o\x06\xc5\x10'\x01\x8e\x00[\x01\
\x10\x12\x06\x01\xc5\x00\x00\xff\xff\x00L\xff\xe2\x05\xeb\x06\
\xc5\x10'\x01\x8e\x00[\x01\x10\x12\x06\x01\xc6\x00\x00\xff\
\xff\x00M\xff\xe5\x04o\x07\x88\x10'\x01\x8f\x00j\x00\
\xf1\x12\x06\x01\xc5\x00\x00\xff\xff\x00M\xff\xe2\x05\xeb\x07\
\x88\x10'\x01\x8f\x00j\x00\xf1\x12\x06\x01\xc6\x00\x00\xff\
\xff\x00M\xfd\x0b\x04o\x05\x15\x10'\x01\x8f\x00j\xf8\
s\x12\x06\x01\xc5\x00\x00\xff\xff\x00M\xfd\x0b\x05\xeb\x05\
\x15\x10'\x01\x8f\x00j\xf8s\x12\x06\x01\xc6\x00\x00\xff\
\xff\x00^\xff\xe5\x04o\x05\x15\x12\x06\x01\xc5\x00\x00\xff\
\xff\x00^\xff\xe2\x05\xeb\x05\x15\x12\x06\x01\xc6\x00\x00\xff\
\xff\xff\xe2\x04\x98\x01\xcf\x07\xea\x12&\x01\x8f\x00\x00\x10\
\x07\x01\x8a\xff\xff\x01\xf1\xff\xff\xff\xe2\x04\x98\x01\xcf\x08\
\xec\x10'\x01\x8a\xff\xff\x01\xf1\x10'\x01\x8a\xff\xff\x02\
\xf3\x12\x06\x01\x8f\x00\x00\xff\xff\xff\xe2\xfbD\x01\xcf\xfe\
c\x10'\x01\x8a\xff\xff\xf63\x12\x07\x01\x8f\x00\x00\xf7\
\xcc\x00\x00\xff\xff\xff\xe2\xfaB\x01\xcf\xfec\x10'\x01\
\x8a\xff\xff\xf51\x10'\x01\x8a\xff\xff\xf63\x12\x07\x01\
\x8f\x00\x00\xf7\xcc\x00\x00\xff\xff\xff\xe3\x04\x98\x01\xce\x08\
\xae\x10'\x01\x8d\x00-\x02P\x12\x06\x01\x8f\x00\x00\xff\
\xff\xff\xe3\x04\x98\x01\xce\x09\x1d\x10'\x01\x8b\x007\x02\
h\x12\x06\x01\x8f\x00\x00\xff\xff\xffs\x04\x98\x01\xce\x09\
\xf2\x10'\x01\x89\x007\x02h\x12\x06\x01\x8f\x00\x00\xff\
\xff\xff\xc7\x05F\x01\xdb\x08\xaa\x10'\x01\x93\x00\xd7\x02\
P\x10\x07\x01\x8c\xff\xe0\x00\x80\x00\x00\xff\xff\xff\xc7\x05\
F\x01\xdb\x08\x18\x10'\x01\x8c\xff\xe0\x00\x80\x10\x07\x01\
\x8a\xff\xf2\x02\x1f\x00\x00\xff\xff\xff\xc7\x05F\x01\xdb\x09\
\x1a\x10'\x01\x8a\xff\xf2\x02\x1f\x10'\x01\x8a\xff\xf2\x03\
!\x10\x07\x01\x8c\xff\xe0\x00\x80\x00\x00\xff\xff\xff\xdb\x05\
\x11\x01\xef\x07\xef\x10'\x01\x8c\xff\xf4\x01\xb8\x12\x06\x01\
\x8a\x00\x00\xff\xff\xff\xdb\x05\x11\x01\xef\x08\xf1\x10'\x01\
\x8c\xff\xf4\x02\xba\x12&\x01\x8a\x00\x00\x10\x07\x01\x8a\x00\
\x00\x01\x02\xff\xff\xff\xc7\x05F\x01\xdc\x09<\x10'\x01\
\x8b\x00S\x02\x87\x10\x07\x01\x8c\xff\xe0\x00\x80\x00\x00\xff\
\xff\xff\x8f\x05F\x01\xdc\x0a\x11\x10'\x01\x89\x00S\x02\
\x87\x10\x07\x01\x8c\xff\xe0\x00\x80\x00\x00\x00\x02\x00\x8d\x01\
r\x01\x98\x02~\x00\x0b\x00\x17\x00\x00\x134632\
\x16\x15\x14\x06#\x22&7\x14\x1632654&\
#\x22\x06\x8dX95EH89R91!\x1b\
,%\x1c&2\x01\xfb:IK47VR7\x1f\
11# &-\x00\x00\x01\x00\xb2\x01o\x01p\x04\
\x0b\x00\x12\x00\x00\x136\x16\x17\x1e\x02\x15\x14\x06#\x22\
54.\x01'&6\xcf\x0e\x1e\x04%2\x1a\x16\x10\
%\x180%\x06\x0e\x04\x06\x05\x0d\x0fj\xb5\xc0|\x10\
\x15%x\xb5\xacj\x0e\x1d\x00\x00\x00\x00\x01\x00<\x01\
u\x01\xe2\x04\x1b\x00B\x00\x00\x13\x22&54.\x01\
'&7676\x17032\x1723\x1632\
\x172\x17\x163\x16\x170\x17\x16\x17\x143\x16\x17\x16\
\x170\x17\x16\x1f\x01\x1e\x0132674632\
\x15\x14\x0e\x01#\x22'\x1e\x01\x15\x14\x06\xd8\x10\x16\x18\
0%\x09\x13\x05\x07\x08\x0a\x01\x01\x02\x02\x01\x01\x01\x02\
\x01\x01\x01\x01\x01\x02\x01\x01\x02\x01\x01\x01\x01\x01\x01\x01\
\x02\x01\x01/>,?0\x01\x16\x10%\x22QH,\
!\x12\x12\x16\x01u\x16\x10x\xb2\xaaj\x17\x11\x05\x03\
\x03\x01\x01\x01\x01\x01\x01\x01\x01\x01\x01\x01\x01\x01\x02\x01\
\x02\x01\x03\x04\x04uLsV\x10\x15%D\x7fQ\x13\
M\xa5h\x10\x16\x00\x00\x00\x01\xff\xf2\x01u\x025\x04\
\x1d\x00=\x00\x00\x13\x22&54.\x01'&5&\
7636\x17\x16\x17\x1e\x013265432\
\x16\x15\x14\x1632654'&676\x16\x17\
\x1e\x01\x15\x14\x06#\x22&'\x0e\x01#\x22'\x1e\x01\
\x15\x14\x06\x89\x10\x16\x180%\x02\x02\x1b\x05\x06\x16\x0c\
\x02\x02(4\x1f2 \x1f\x0e\x15+%*$\x04\x01\
\x15\x10\x0f\x17\x01\x02\x01CQ)9\x12\x118*\x1b\
\x16\x13\x13\x16\x01u\x16\x10x\xb1\xa8j\x05\x06\x1c\x0a\
\x02\x01\x12\x03\x05q?_I$\x15\x0f^JA.\
\x1f%\x10\x17\x01\x02\x15\x0f\x13\x1a\x10Tt(! \
)\x07N\xa7k\x10\x16\x00\x01\x00<\x01w\x01\xd9\x04\
\x0d\x002\x00\x00\x01\x16\x06\x07\x0e\x01\x15\x14\x16\x17\x16\
\x17\x16\x0701\x06\x07\x0e\x01\x15\x14\x163267\
6\x16\x17\x16\x06\x07\x0e\x01#\x22&5467.\
\x0154>\x0176\x16\x01\x85\x02\x14\x0fJ\x81V\
2\x14\x03\x04\x16\x02\x02;_P>'N\x1f\x0f\x1a\
\x03\x03\x11\x10!U,^|P81GO}C\
\x0f\x1a\x03\xe9\x0f\x19\x02\x0482(B\x0e\x06\x17\x1a\
\x0b\x01\x01\x16M)'\x1f\x08\x06\x03\x11\x10\x0f\x1a\x03\
\x07\x09@I6]!\x1cT19M+\x05\x02\x14\
\x00\x00\x00\x00\x02\x00\x1c\x01}\x02\x0a\x04\x19\x00\x1d\x00\
)\x00\x00\x01\x22&5467.\x01'.\x017\
>\x01\x17\x1e\x01\x1776\x16\x17\x16\x07\x1e\x01\x15\x14\
\x06%\x14\x1632654&'\x0e\x01\x01\x17s\
\x88nI\x16-\x17\x0d\x06\x09\x09\x1f\x0d\x176\x1d\x01\
\x0c \x0a\x10\x0dLv\x85\xfe\xe3]RNYfJ\
?g\x01}ocV\xa6D\x11\x22\x10\x09\x1f\x0d\x0d\
\x05\x09\x11'\x16\x01\x0a\x04\x0c\x14\x17B\xa7bbh\
\xd2@F@>F\x8fA:\x90\x00\x00\x01\x006\x01\
m\x02\x0a\x04\x0d\x00\x1d\x00\x00\x13463632\
\x16\x15\x14\x1e\x01\x17\x16\x06\x07\x06&'.\x0254\
&#\x22\x07\x06&6\x15\x10BX_r\x09\x1b\x1a\
\x06\x0d\x0f\x0e\x1d\x06\x1b\x1e\x0bGMFC\x10\x16\x03\
\xe1\x0f\x17\x06cyn\x83`<\x0f\x1d\x05\x06\x0e\x0e\
?m\x8do\x5c4\x05\x01\x16\x00\x00\x00\x01\x00\x17\x01\
u\x02\x0f\x04\x1f\x00\x1d\x00\x00\x136\x16\x17\x1e\x01\x17\
>\x017>\x01\x17\x1e\x01\x07\x0e\x02\x07\x06\x07\x22'\
.\x02'&6,\x0d\x1f\x08F\x5c\x19\x17T@\x08\
\x1e\x0d\x0e\x08\x089P1\x0d\x04\x1e\x22\x03\x0c6W\
@\x09\x08\x04\x07\x08\x07\x0dn\xcc\x89\x8c\xd4q\x0e\x08\
\x08\x07\x1f\x0ee\xb3\xbew\x1f\x02!u\xb7\xacd\x0e\
\x1f\x00\x00\x00\x01\x00\x16\x01d\x02\x11\x04\x05\x00\x1d\x00\
\x00\x01\x06&'.\x01'\x0e\x01\x07\x0e\x01'.\x01\
7>\x027672\x17\x1e\x02\x17\x16\x06\x01\xfc\x0d\
\x1f\x08FZ\x18\x17UE\x07\x1e\x0e\x0d\x09\x08<R\
2\x0c\x06\x1c!\x05\x0c4W?\x09\x07\x01o\x08\x07\
\x0dq\xcc\x89\x8b\xcbq\x0d\x09\x08\x08\x1e\x0df\xae\xba\
w \x01!u\xb8\xadg\x0d\x1f\x00\x00\x02\x00A\x01\
s\x01\xe8\x04\x1d\x00\x1c\x00-\x00\x00\x132\x1e\x01\x17\
\x1e\x01\x17\x16\x06\x07\x06&'.\x01'\x06\x07\x0e\x01\
#\x22.\x0154>\x01\x136\x17.\x01'.\x01\
#\x22\x06\x15\x14\x16326\xfaEJ\x1e\x02\x05\x16\
\x1d\x07\x09\x0e\x0e\x1e\x07\x1d\x19\x05\x0a\x0e\x07%\x140\
]=&R\x89\x12\x0c\x01\x01\x01\x02/52;H\
9\x11!\x04\x1dNt:\x7f\xbd8\x0d\x1f\x07\x07\x09\
\x0e6\x8bX\x0b\x02\x01\x03 J>0iJ\xfe\xc4\
\x03\x0d\x15+\x16MX[85,\x02\x00\x00\x00\xff\
\xff\x00O\xfb\xaf\x03\xfd\x020\x10'\x01\x90\x00\xae\xf7\
l\x12\x06\x01\xa8\x00\x00\xff\xff\x00`\xff\xc4\x07\x8b\x06\
\x14\x10'\x01Z\x04F\x046\x12\x06\x01\xb5\x00\x00\xff\
\xff\xff\xb5\xff\xe2\x030\x07\x07\x10'\x01Z\x00J\x05\
)\x12\x06\x01\x99\x00\x00\xff\xff\xff\xb5\xff\xe2\x03\xfa\x06\
\x14\x10'\x01Z\x00\x91\x046\x12\x06\x01\x9a\x00\x00\xff\
\xff\x00s\xff\xc3\x07\xdf\x04\xad\x12\x06\x01\xcf\x00\x00\xff\
\xff\xff\xb6\xff\xe2\x03\xb0\x04\xad\x12\x06\x01\xcd\x00\x00\xff\
\xff\xff\xb6\xff\xe2\x05<\x04\xad\x12\x06\x01\xce\x00\x00\xff\
\xff\x00`\xfe\x08\x05\xf2\x07\x87\x10'\x01\x90\x03\x08\x01\
\xde\x12\x06\x01\xba\x00\x00\xff\xff\xff\xb5\xff\xe2\x01\xc1\x07\
\x87\x10'\x01\x90\xff\xf3\x01\xde\x10\x06\x01\xbb\x00\x00\xff\
\xff\xff\xb5\xff\xe2\x02\xec\x07\x87\x10'\x01\x90\x00%\x01\
\xde\x12\x06\x01\xbc\x00\x00\xff\xff\x00^\xff\xe2\x05\xeb\x07\
\x87\x10'\x01\x90\x02\xf2\x01\xde\x12\x06\x01\xc6\x00\x00\xff\
\xff\x00^\xff\xe5\x04\xc0\x07\x87\x10'\x01\x90\x02\xf2\x01\
\xde\x12\x06\x01\xc5\x00\x00\xff\xff\x00P\xfd\xc9\x04\x01\x04\
\x84\x10'\x01X\x00]\x03\xce\x12\x06\x01\xc4\x00\x00\xff\
\xff\x00l\xfd\xb6\x05\xb8\x02\xed\x10'\x01\x90\x02]\xfd\
D\x12\x06\x01\x9f\x00\x00\xff\xff\xffC\xfd\xf1\x01\xdb\x04\
\xd1\x10'\x01X\xfe\xfe\xfd\xdd\x10'\x01\x90\x00\x0d\xff\
(\x12\x06\x01\x9d\x00\x00\xff\xff\xffC\xfd\xf1\x03u\x04\
v\x10'\x01X\xfe\xfe\xfd\xdd\x10'\x01\x90\x00\x13\xfe\
\xcd\x12\x06\x01\x9e\x00\x00\x00\x01\x00\x1b\x01u\x02\x0a\x04\
\x19\x003\x00\x00\x136\x16\x17\x1e\x01\x17>\x0132\
\x16\x15\x14\x06#\x22\x06\x07\x1e\x0132676\x16\
\x17\x16\x06\x07\x06#\x22&'&'&'\x16\x15\x14\
\x06#\x22&54&'&3\x0d\x22\x08\x14+\x19\
\x13\x82d\x13\x15\x14\x14T`\x05#S4\x0d\x19\x0d\
\x10\x18\x01\x02\x14\x10\x19\x1fIo*\x09\x05\x02\x03.\
\x16\x0f\x10\x171>\x11\x03\xc3\x0b\x04\x0f#@\x1c[\
\x82\x17\x10\x0f\x16o\x5c\x17\x1b\x01\x01\x02\x14\x10\x0f\x18\
\x02\x042'\x05\x09\x02\x03\x8b\xca\x10\x15\x15\x10\x9f\xf8\
a\x1c\x00\x00\x01\x00t\xff\xb3\x04\x0d\x04\xf3\x00,\x00\
\x00\x01\x06'.\x01#\x22\x06\x15\x14\x12\x17\x16\x06\x07\
\x06&'&\x0254>\x0132\x17>\x0232\
\x16\x15\x14\x06#\x22\x0e\x01\x15\x14\x17\x16\x06\x02\xd0@\
 Cp;4J\xa1\xa3\x11\x02\x14\x18C\x14\xa9\xb7\
FxKye\x0bg\x9dY ** ?h>\
\x1c\x0b\x17\x02/\x16A\x98y^Hq\xfe\xb2\xd7\x16\
:\x14\x18\x04\x1a\xe0\x01\x85\x8bW\x8fV\x8cq\xaec\
+ \x1f,R\x8cXKN!3\x00\x02\x00\x1a\x01\
x\x02\x0c\x04\x0d\x00#\x00<\x00\x00\x01\x16\x07\x1e\x01\
\x15\x14\x06#\x22&'\x0e\x01#\x22&5467\
.\x01'.\x017>\x01\x17\x1e\x01\x1776\x16\x03\
\x1e\x0132654&'\x0e\x01\x15\x14\x1632\
6547676\x16\x01Y\x09\x08DnKF\
%4\x11\x0f3%FJ~I\x16'\x10\x0d\x07\x09\
\x08\x1f\x0d\x145\x1e\x02\x0e\x1e&\x02'\x22#*i\
?Eu\x22'\x22&\x12\x03\x03\x0c\x14\x03\xa9\x10\x11\
@\xa7][q\x22\x1a\x19\x22gWq\xae7\x11\x1d\
\x0b\x08\x1f\x0d\x0d\x06\x09\x0d'\x18\x01\x08\x0a\xfe\x5c#\
-?;L\x95<0\x99]1?*\x22\x14\x06\x01\
\x01\x02\x0e\x00\x01\x00O\x01t\x01\xe3\x04\x1e\x001\x00\
\x00\x13.\x017>\x017.\x0154>\x0132\
\x16\x17\x1e\x01\x07\x0e\x01'&#\x22\x06\x15\x14\x163\
2676\x16\x17\x16\x15\x16\x07\x06\x07\x06#\x0e\x01\
\x07\x0e\x01p\x0d\x09\x08#U6Ns=b5'\
3\x1d\x0e\x09\x08\x08\x1e\x0e#./Z^K\x17<\
\x17\x10\x1b\x04\x01\x05\x18\x03\x03\x03\x02g\x814\x07\x1f\
\x01{\x08\x1e\x0d@x.\x0aWU=`7\x14\x17\
\x07\x1e\x0e\x0d\x08\x07 L;96\x0a\x07\x05\x10\x0f\
\x03\x04\x19\x0c\x02\x01\x01\x22\x97`\x0d\x09\x00\x00\x00\x00\
\x01\x00p\xff\xb4\x04S\x05\x1e\x00$\x00\x007>\x01\
\x17\x1e\x013267&\x02.\x01'&676\
\x16\x17\x16\x1a\x02\x17\x16\x06\x07\x0e\x01#\x22&'.\
\x01t\x04.\x22h\xc7Z}\xb6/\x14>]\x85\x5c\
\x13\x12\x18\x1b<\x0fb\x90fC\x13\x05)\x16>\xea\
\x9ba\xd0l\x1b)& '\x05\x0e\x10\x1b\x1a\x9c\x01\
\x05\xf3\xfe\x94\x1c=\x0f\x11\x10\x18\x9d\xfe\xe9\xfe\xf0\xfe\
\xd9\xaf%)\x09'*\x10\x10\x031\x00\x00\x00\x1a\x01\
>\x00\x01\x00\x00\x00\x00\x00\x00\x00Q\x00\x00\x00\x01\x00\
\x00\x00\x00\x00\x01\x00\x0e\x00Q\x00\x01\x00\x00\x00\x00\x00\
\x02\x00\x07\x00_\x00\x01\x00\x00\x00\x00\x00\x03\x00\x17\x00\
f\x00\x01\x00\x00\x00\x00\x00\x04\x00\x0e\x00Q\x00\x01\x00\
\x00\x00\x00\x00\x05\x00\x0b\x00}\x00\x01\x00\x00\x00\x00\x00\
\x06\x00\x0e\x00\x88\x00\x01\x00\x00\x00\x00\x00\x09\x00\x0a\x00\
\x96\x00\x01\x00\x00\x00\x00\x00\x0b\x00\x10\x00\xa0\x00\x01\x00\
\x00\x00\x00\x00\x0d\x00\x91\x00\xb0\x00\x01\x00\x00\x00\x00\x00\
\x0e\x00\x1b\x01A\x00\x01\x00\x00\x00\x00\x00\x10\x00\x06\x01\
\x5c\x00\x01\x00\x00\x00\x00\x01\x00\x00\x15\x01b\x00\x03\x00\
\x01\x04\x09\x00\x00\x00\xa2\x01w\x00\x03\x00\x01\x04\x09\x00\
\x01\x00\x1c\x02\x19\x00\x03\x00\x01\x04\x09\x00\x02\x00\x0e\x02\
5\x00\x03\x00\x01\x04\x09\x00\x03\x00.\x02C\x00\x03\x00\
\x01\x04\x09\x00\x04\x00\x1c\x02\x19\x00\x03\x00\x01\x04\x09\x00\
\x05\x00\x16\x02q\x00\x03\x00\x01\x04\x09\x00\x06\x00\x1c\x02\
\x87\x00\x03\x00\x01\x04\x09\x00\x09\x00\x14\x02\xa3\x00\x03\x00\
\x01\x04\x09\x00\x0b\x00 \x02\xb7\x00\x03\x00\x01\x04\x09\x00\
\x0d\x01\x22\x02\xd7\x00\x03\x00\x01\x04\x09\x00\x0e\x006\x03\
\xf9\x00\x03\x00\x01\x04\x09\x00\x10\x00\x0c\x04/\x00\x03\x00\
\x01\x04\x09\x01\x00\x00*\x04;Copyrig\
ht 2022 The Mikh\
ak Project Autho\
rs (https://gith\
ub.com/aminabedi\
68/Mikhak)Mikhak\
 RegularRegular3\
.3;amin;Mikhak-R\
egularVersion 3.\
3Mikhak-RegularA\
min Abediwww.fon\
tamin.comThis Fo\
nt Software is l\
icensed under th\
e SIL Open Font \
License, Version\
 1.1. This licen\
se is available \
with a FAQ at: h\
ttps://scripts.s\
il.org/OFLhttps:\
//scripts.sil.or\
g/OFLMikhakArabi\
c GAF Alternates\
\x00C\x00o\x00p\x00y\x00r\x00i\x00g\x00h\
\x00t\x00 \x002\x000\x002\x002\x00 \x00T\
\x00h\x00e\x00 \x00M\x00i\x00k\x00h\x00a\
\x00k\x00 \x00P\x00r\x00o\x00j\x00e\x00c\
\x00t\x00 \x00A\x00u\x00t\x00h\x00o\x00r\
\x00s\x00 \x00(\x00h\x00t\x00t\x00p\x00s\
\x00:\x00/\x00/\x00g\x00i\x00t\x00h\x00u\
\x00b\x00.\x00c\x00o\x00m\x00/\x00a\x00m\
\x00i\x00n\x00a\x00b\x00e\x00d\x00i\x006\
\x008\x00/\x00M\x00i\x00k\x00h\x00a\x00k\
\x00)\x00M\x00i\x00k\x00h\x00a\x00k\x00 \
\x00R\x00e\x00g\x00u\x00l\x00a\x00r\x00R\
\x00e\x00g\x00u\x00l\x00a\x00r\x003\x00.\
\x003\x00;\x00a\x00m\x00i\x00n\x00;\x00M\
\x00i\x00k\x00h\x00a\x00k\x00-\x00R\x00e\
\x00g\x00u\x00l\x00a\x00r\x00V\x00e\x00r\
\x00s\x00i\x00o\x00n\x00 \x003\x00.\x003\
\x00M\x00i\x00k\x00h\x00a\x00k\x00-\x00R\
\x00e\x00g\x00u\x00l\x00a\x00r\x00A\x00m\
\x00i\x00n\x00 \x00A\x00b\x00e\x00d\x00i\
\x00w\x00w\x00w\x00.\x00f\x00o\x00n\x00t\
\x00a\x00m\x00i\x00n\x00.\x00c\x00o\x00m\
\x00T\x00h\x00i\x00s\x00 \x00F\x00o\x00n\
\x00t\x00 \x00S\x00o\x00f\x00t\x00w\x00a\
\x00r\x00e\x00 \x00i\x00s\x00 \x00l\x00i\
\x00c\x00e\x00n\x00s\x00e\x00d\x00 \x00u\
\x00n\x00d\x00e\x00r\x00 \x00t\x00h\x00e\
\x00 \x00S\x00I\x00L\x00 \x00O\x00p\x00e\
\x00n\x00 \x00F\x00o\x00n\x00t\x00 \x00L\
\x00i\x00c\x00e\x00n\x00s\x00e\x00,\x00 \
\x00V\x00e\x00r\x00s\x00i\x00o\x00n\x00 \
\x001\x00.\x001\x00.\x00 \x00T\x00h\x00i\
\x00s\x00 \x00l\x00i\x00c\x00e\x00n\x00s\
\x00e\x00 \x00i\x00s\x00 \x00a\x00v\x00a\
\x00i\x00l\x00a\x00b\x00l\x00e\x00 \x00w\
\x00i\x00t\x00h\x00 \x00a\x00 \x00F\x00A\
\x00Q\x00 \x00a\x00t\x00:\x00 \x00h\x00t\
\x00t\x00p\x00s\x00:\x00/\x00/\x00s\x00c\
\x00r\x00i\x00p\x00t\x00s\x00.\x00s\x00i\
\x00l\x00.\x00o\x00r\x00g\x00/\x00O\x00F\
\x00L\x00h\x00t\x00t\x00p\x00s\x00:\x00/\
\x00/\x00s\x00c\x00r\x00i\x00p\x00t\x00s\
\x00.\x00s\x00i\x00l\x00.\x00o\x00r\x00g\
\x00/\x00O\x00F\x00L\x00M\x00i\x00k\x00h\
\x00a\x00k\x00A\x00r\x00a\x00b\x00i\x00c\
\x00 \x00G\x00A\x00F\x00 \x00A\x00l\x00t\
\x00e\x00r\x00n\x00a\x00t\x00e\x00s\x00\x00\
\x02\x00\x00\x00\x00\x00\x00\xfd\xa8\x00x\x00\x00\x00\x00\x00\
\x00\x00\x00\x00\x00\x00\x00\x00\x00\x00\x00\x00\x00\x00\x00\x02\
\x84\x00\x00\x00\x01\x00\x02\x00\x03\x00\x04\x00\x05\x00\x06\x00\
\x07\x00\x08\x00\x09\x00\x0a\x00\x0b\x00\x0c\x00\x0d\x00\x0e\x00\
\x0f\x00\x10\x00\x11\x00\x12\x00\x13\x00\x14\x00\x15\x00\x16\x00\
\x17\x00\x18\x00\x19\x00\x1a\x00\x1b\x00\x1c\x00\x1d\x00\x1e\x00\
\x1f\x00 \x00!\x00\x22\x00#\x00$\x00%\x00&\x00\
'\x00(\x00)\x00*\x00+\x00,\x00-\x00.\x00\
/\x000\x001\x002\x003\x004\x005\x006\x00\
7\x008\x009\x00:\x00;\x00<\x00=\x00>\x00\
?\x00@\x00A\x00B\x00C\x00D\x00E\x00F\x00\
G\x00H\x00I\x00J\x00K\x00L\x00M\x00N\x00\
O\x00P\x00Q\x00R\x00S\x00T\x00U\x00V\x00\
W\x00X\x00Y\x00Z\x00[\x00\x5c\x00]\x00^\x00\
_\x00`\x00a\x01\x02\x00\xa3\x00\x84\x00\x85\x00\xbd\x00\
\x96\x00\xe8\x00\x86\x00\x8e\x00\x8b\x00\x9d\x00\xa9\x00\xa4\x01\
\x03\x00\x8a\x00\xda\x00\x83\x00\x93\x01\x04\x01\x05\x00\x8d\x00\
\x97\x00\x88\x00\xc3\x00\xde\x01\x06\x00\x9e\x00\xaa\x00\xf5\x00\
\xf4\x00\xf6\x00\xa2\x00\xad\x00\xc9\x00\xc7\x00\xae\x00b\x00\
c\x00\x90\x00d\x00\xcb\x00e\x00\xc8\x00\xca\x00\xcf\x00\
\xcc\x00\xcd\x00\xce\x00\xe9\x00f\x00\xd3\x00\xd0\x00\xd1\x00\
\xaf\x00g\x00\xf0\x00\x91\x00\xd6\x00\xd4\x00\xd5\x00h\x00\
\xeb\x00\xed\x00\x89\x00j\x00i\x00k\x00m\x00l\x00\
n\x00\xa0\x00o\x00q\x00p\x00r\x00s\x00u\x00\
t\x00v\x00w\x00\xea\x00x\x00z\x00y\x00{\x00\
}\x00|\x00\xb8\x00\xa1\x00\x7f\x00~\x00\x80\x00\x81\x00\
\xec\x00\xee\x00\xba\x00\xd7\x00\xb0\x00\xb1\x01\x07\x00\xd8\x00\
\xdd\x00\xd9\x01\x08\x01\x09\x01\x0a\x01\x0b\x01\x0c\x01\x0d\x01\
\x0e\x01\x0f\x01\x10\x01\x11\x01\x12\x01\x13\x01\x14\x01\x15\x01\
\x16\x01\x17\x01\x18\x01\x19\x01\x1a\x01\x1b\x01\x1c\x01\x1d\x01\
\x1e\x01\x1f\x01 \x01!\x01\x22\x01#\x01$\x01%\x01\
&\x01'\x01(\x01)\x01*\x01+\x01,\x01-\x01\
.\x01/\x010\x011\x012\x013\x014\x015\x01\
6\x017\x018\x019\x01:\x01;\x01<\x01=\x01\
>\x01?\x01@\x01A\x01B\x01C\x01D\x01E\x01\
F\x01G\x01H\x01I\x01J\x01K\x01L\x01M\x01\
N\x01O\x01P\x01Q\x01R\x01S\x01T\x01U\x01\
V\x01W\x01X\x01Y\x01Z\x01[\x01\x5c\x01]\x01\
^\x01_\x01`\x01a\x01b\x01c\x01d\x01e\x01\
f\x01g\x01h\x01i\x01j\x01k\x01l\x01m\x01\
n\x01o\x01p\x01q\x01r\x01s\x01t\x01u\x01\
v\x01w\x01x\x01y\x01z\x01{\x01|\x01}\x01\
~\x00\xb2\x00\xb3\x00\xb6\x00\xb7\x00\xc4\x01\x7f\x00\xb4\x00\
\xb5\x00\xc5\x01\x80\x00\x87\x00\xab\x01\x81\x01\x82\x01\x83\x00\
\xbe\x00\xbf\x00\xbc\x01\x84\x01\x85\x00\xef\x01\x86\x01\x87\x01\
\x88\x01\x89\x01\x8a\x01\x8b\x01\x8c\x01\x8d\x01\x8e\x01\x8f\x01\
\x90\x01\x91\x01\x92\x01\x93\x01\x94\x01\x95\x01\x96\x01\x97\x01\
\x98\x01\x99\x01\x9a\x01\x9b\x01\x9c\x01\x9d\x01\x9e\x01\x9f\x01\
\xa0\x01\xa1\x01\xa2\x01\xa3\x01\xa4\x01\xa5\x01\xa6\x01\xa7\x01\
\xa8\x01\xa9\x01\xaa\x01\xab\x01\xac\x01\xad\x01\xae\x01\xaf\x01\
\xb0\x01\xb1\x01\xb2\x01\xb3\x01\xb4\x01\xb5\x01\xb6\x01\xb7\x01\
\xb8\x01\xb9\x01\xba\x01\xbb\x01\xbc\x01\xbd\x01\xbe\x01\xbf\x01\
\xc0\x01\xc1\x01\xc2\x01\xc3\x01\xc4\x01\xc5\x01\xc6\x01\xc7\x01\
\xc8\x01\xc9\x01\xca\x01\xcb\x01\xcc\x01\xcd\x01\xce\x01\xcf\x01\
\xd0\x01\xd1\x01\xd2\x01\xd3\x01\xd4\x01\xd5\x01\xd6\x01\xd7\x01\
\xd8\x01\xd9\x01\xda\x01\xdb\x01\xdc\x01\xdd\x01\xde\x01\xdf\x01\
\xe0\x01\xe1\x01\xe2\x01\xe3\x01\xe4\x01\xe5\x01\xe6\x01\xe7\x01\
\xe8\x01\xe9\x01\xea\x01\xeb\x01\xec\x01\xed\x01\xee\x01\xef\x01\
\xf0\x01\xf1\x01\xf2\x01\xf3\x01\xf4\x01\xf5\x01\xf6\x01\xf7\x01\
\xf8\x01\xf9\x01\xfa\x01\xfb\x01\xfc\x01\xfd\x01\xfe\x01\xff\x02\
\x00\x02\x01\x02\x02\x02\x03\x02\x04\x02\x05\x02\x06\x02\x07\x02\
\x08\x02\x09\x02\x0a\x02\x0b\x02\x0c\x02\x0d\x02\x0e\x02\x0f\x02\
\x10\x02\x11\x02\x12\x02\x13\x02\x14\x02\x15\x02\x16\x02\x17\x02\
\x18\x02\x19\x02\x1a\x02\x1b\x02\x1c\x02\x1d\x02\x1e\x02\x1f\x02\
 \x02!\x02\x22\x02#\x02$\x02%\x02&\x02'\x02\
(\x02)\x02*\x02+\x02,\x02-\x02.\x02/\x02\
0\x021\x022\x023\x024\x025\x026\x027\x02\
8\x029\x02:\x02;\x02<\x02=\x02>\x02?\x02\
@\x02A\x02B\x02C\x02D\x02E\x02F\x02G\x02\
H\x02I\x02J\x02K\x02L\x02M\x02N\x02O\x02\
P\x02Q\x02R\x02S\x02T\x02U\x02V\x02W\x02\
X\x02Y\x02Z\x02[\x02\x5c\x02]\x02^\x02_\x02\
`\x02a\x02b\x02c\x02d\x02e\x02f\x02g\x02\
h\x02i\x02j\x02k\x02l\x02m\x02n\x02o\x02\
p\x02q\x02r\x02s\x02t\x02u\x02v\x02w\x02\
x\x02y\x02z\x02{\x02|\x02}\x02~\x02\x7f\x02\
\x80\x02\x81\x02\x82\x02\x83\x02\x84\x02\x85\x02\x86\x02\x87\x02\
\x88\x02\x89\x02\x8a\x02\x8b\x02\x8c\x02\x8d\x02\x8e\x02\x8f\x02\
\x90\x02\x91\x02\x92\x02\x93\x02\x94\x02\x95\x02\x96\x02\x97\x02\
\x98\x02\x99\x02\x9a\x02\x9b\x02\x9c\x02\x9d\x02\x9e\x02\x9f\x02\
\xa0\x02\xa1\x02\xa2\x02\xa3\x02\xa4\x02\xa5\x02\xa6\x02\xa7\x02\
\xa8\x02\xa9\x02\xaa\x02\xab\x02\xac\x02\xad\x02\xae\x02\xaf\x02\
\xb0\x02\xb1\x02\xb2\x02\xb3\x02\xb4\x07uni00A\
0\x07uni00AD\x07uni00B\
2\x07uni00B3\x07uni00B\
9\x07uni0237\x07uni060\
C\x07uni0615\x07uni061\
B\x07uni061F\x07uni062\
1\x07uni0622\x07uni062\
3\x07uni0624\x07uni062\
5\x07uni0626\x07uni062\
7\x07uni0628\x07uni062\
9\x07uni062A\x07uni062\
B\x07uni062C\x07uni062\
D\x07uni062E\x07uni062\
F\x07uni0630\x07uni063\
1\x07uni0632\x07uni063\
3\x07uni0634\x07uni063\
5\x07uni0636\x07uni063\
7\x07uni0638\x07uni063\
9\x07uni063A\x07uni064\
0\x07uni0641\x07uni064\
2\x07uni0643\x07uni064\
4\x07uni0645\x07uni064\
6\x07uni0647\x07uni064\
8\x07uni0649\x07uni064\
A\x07uni064B\x07uni064\
C\x07uni064D\x07uni064\
E\x07uni064F\x07uni065\
0\x07uni0651\x07uni065\
2\x07uni0653\x07uni065\
4\x07uni0655\x07uni065\
6\x07uni0657\x07uni065\
A\x07uni0660\x07uni066\
1\x07uni0662\x07uni066\
3\x07uni0664\x07uni066\
5\x07uni0666\x07uni066\
7\x07uni0668\x07uni066\
9\x07uni066A\x07uni066\
B\x07uni066C\x07uni066\
D\x07uni066E\x07uni066\
F\x07uni0670\x07uni067\
1\x07uni0679\x07uni067\
E\x07uni0686\x07uni068\
8\x07uni0691\x07uni069\
5\x07uni0698\x07uni06A\
1\x07uni06A4\x07uni06A\
9\x07uni06AA\x07uni06A\
F\x07uni06B5\x07uni06B\
A\x07uni06BE\x07uni06C\
0\x07uni06C1\x07uni06C\
2\x07uni06C3\x07uni06C\
6\x07uni06CA\x07uni06C\
C\x07uni06CE\x07uni06D\
2\x07uni06D4\x07uni06D\
5\x07uni06D6\x07uni06D\
7\x07uni06D8\x07uni06D\
B\x07uni06DD\x07uni06E\
1\x07uni06F0\x07uni06F\
1\x07uni06F2\x07uni06F\
3\x07uni06F4\x07uni06F\
5\x07uni06F6\x07uni06F\
7\x07uni06F8\x07uni06F\
9\x07uni2007\x07uni200\
B\x07uni200C\x07uni200\
D\x0dquotereversed\x07\
uni201F\x06minute\x06s\
econd\x07uni2034\x07un\
i2074\x04Euro\x07uni22\
15\x07uni25CC\x07uniE0\
00\x07uniE001\x07uniE0\
02\x07uniE003\x07uniE0\
04\x07uniE005\x07uniE0\
06\x07uniE007\x07uniE0\
08\x07uniE009\x07uniE0\
0A\x07uniE00B\x07uniE0\
0F\x07uniE012\x07uniE0\
13\x07uniE014\x07uniE0\
15\x07uniE016\x0cuni06\
AF.ss01\x0cuniFB93.\
ss01\x0cuniFB94.ss0\
1\x0cuniFB95.ss01\x07u\
niE021\x07uniE022\x07u\
niE023\x07uniE024\x07u\
niE025\x07uniE026\x07u\
niE027\x07uniE028\x07u\
niE029\x07uniE02A\x07u\
niE02B\x07uniE02C\x07u\
niE030\x07uniE031\x07u\
niE032\x07uniE033\x07u\
niE034\x07uniE035\x07u\
niE036\x07uniE037\x07u\
niE038\x07uniE039\x07u\
niE03A\x07uniE03B\x07u\
niE03C\x07uniE03D\x07u\
niE03E\x07uniE03F\x07u\
niE040\x07uniE041\x07u\
niE042\x07uniE043\x07u\
niE044\x07uniE045\x07u\
niE046\x07uniE047\x07u\
niE048\x07uniE049\x07u\
niE04A\x07uniE04B\x07u\
niE04C\x07uniE04D\x07u\
niE04E\x07uniE04F\x07u\
niE050\x07uniE051\x07u\
niE052\x07uniE054\x07u\
niE055\x07uniE056\x07u\
niE057\x07uniE058\x07u\
niE059\x07uniE05A\x07u\
niE05F\x07uniE060\x07u\
niE061\x07uniE062\x07u\
niE063\x07uniE064\x07u\
niE065\x07uniE066\x07u\
niE067\x07uniE068\x07u\
niE069\x07uniE06A\x07u\
niE06B\x07uniE06C\x07u\
niE06D\x07uniE06E\x07u\
niE06F\x07uniE070\x07u\
niE071\x07uniE072\x07u\
niE073\x07uniE074\x07u\
niE075\x07uniE076\x07u\
niE077\x07uniE078\x07u\
niE079\x07uniE07A\x07u\
niE07B\x07uniE07C\x07u\
niE07D\x07uniE07E\x07u\
niE07F\x07uniE080\x07u\
niE081\x07uniE082\x07u\
niE083\x07uniE084\x07u\
niE085\x07uniE086\x07u\
niE087\x07uniE088\x07u\
niE089\x07uniE08A\x07u\
niE08B\x07uniE08C\x07u\
niFB00\x07uniFB05\x07u\
niFB51\x07uniFB57\x07u\
niFB58\x07uniFB59\x07u\
niFB67\x07uniFB68\x07u\
niFB69\x07uniFB7B\x07u\
niFB7C\x07uniFB7D\x07u\
niFB89\x07uniFB8B\x07u\
niFB8D\x07uniFB8F\x07u\
niFB90\x07uniFB91\x07u\
niFB93\x07uniFB94\x07u\
niFB95\x07uniFB9F\x07u\
niFBA5\x07uniFBA7\x07u\
niFBA8\x07uniFBA9\x07u\
niFBAB\x07uniFBAC\x07u\
niFBAD\x07uniFBAF\x07u\
niFBDA\x07uniFBE8\x07u\
niFBE9\x07uniFBFD\x07u\
niFBFE\x07uniFBFF\x07u\
niFD3E\x07uniFD3F\x07u\
niFE71\x07uniFE77\x07u\
niFE79\x07uniFE7B\x07u\
niFE7D\x07uniFE7F\x07u\
niFE82\x07uniFE84\x07u\
niFE86\x07uniFE88\x07u\
niFE8A\x07uniFE8B\x07u\
niFE8C\x07uniFE8E\x07u\
niFE90\x07uniFE91\x07u\
niFE92\x07uniFE94\x07u\
niFE96\x07uniFE97\x07u\
niFE98\x07uniFE9A\x07u\
niFE9B\x07uniFE9C\x07u\
niFE9E\x07uniFE9F\x07u\
niFEA0\x07uniFEA2\x07u\
niFEA3\x07uniFEA4\x07u\
niFEA6\x07uniFEA7\x07u\
niFEA8\x07uniFEAA\x07u\
niFEAC\x07uniFEAE\x07u\
niFEB0\x07uniFEB2\x07u\
niFEB3\x07uniFEB4\x07u\
niFEB6\x07uniFEB7\x07u\
niFEB8\x07uniFEBA\x07u\
niFEBB\x07uniFEBC\x07u\
niFEBE\x07uniFEBF\x07u\
niFEC0\x07uniFEC2\x07u\
niFEC3\x07uniFEC4\x07u\
niFEC6\x07uniFEC7\x07u\
niFEC8\x07uniFECA\x07u\
niFECB\x07uniFECC\x07u\
niFECE\x07uniFECF\x07u\
niFED0\x07uniFED2\x07u\
niFED3\x07uniFED4\x07u\
niFED6\x07uniFED7\x07u\
niFED8\x07uniFEDA\x07u\
niFEDB\x07uniFEDC\x07u\
niFEDE\x07uniFEDF\x07u\
niFEE0\x07uniFEE2\x07u\
niFEE3\x07uniFEE4\x07u\
niFEE6\x07uniFEE7\x07u\
niFEE8\x07uniFEEA\x07u\
niFEEB\x07uniFEEC\x07u\
niFEEE\x07uniFEF0\x07u\
niFEF2\x07uniFEF3\x07u\
niFEF4\x07uniFEF5\x07u\
niFEF6\x07uniFEF7\x07u\
niFEF8\x07uniFEF9\x07u\
niFEFA\x07uniFEFB\x07u\
niFEFC\x07uniFEFF\x02H\
F\x03HF2\x02HK\x03HK2\x02HS\x02\
HZ\x03HZ2\x02TA\x02TF\x03TF2\
\x02TK\x03TK2\x02TZ\x03TZ2\x0bu\
ni0660.EoA\x0buni06\
61.EoA\x0buni0662.E\
oA\x0buni0663.EoA\x0bu\
ni0664.EoA\x0buni06\
65.EoA\x0buni0666.E\
oA\x0buni0667.EoA\x0bu\
ni0668.EoA\x0buni06\
69.EoA\x0cuni0695.f\
ina\x0cuni06A4.fina\
\x0cuni06A4.init\x0cun\
i06A4.medi\x0cuni06\
AA.fina\x0cuni06AA.\
init\x0cuni06AA.med\
i\x0cuni06B5.fina\x0cu\
ni06B5.init\x0cuni0\
6B5.medi\x13uni06B5\
uniFE8E.fina\x13uni\
06B5uniFE8E.isol\
\x0cuni06CA.fina\x0cun\
i06CE.fina\x0cuni06\
CE.init\x0cuni06CE.\
medi\x0buni06F4.EoA\
\x0cuni06F4.urdu\x0bun\
i06F5.EoA\x0buni06F\
6.EoA\x0cuni06F7.ur\
du\x00\x00\x01\x00\x01\xff\xff\x00\x0f\x00\x00\x00\x01\x00\
\x00\x00\x00\xdb\xcc\xbf}\x00\x00\x00\x00\xd5`.\x18\x00\
\x00\x00\x00\xde\xbb\xea\x07\x00\x01\x00\x00\x00\x0c\x00\x00\x00\
\xb2\x01\xc4\x00\x02\x00\x1b\x00\x01\x00\xc9\x00\x01\x00\xca\x00\
\xca\x00\x03\x00\xcb\x00\xcd\x00\x01\x00\xce\x00\xd2\x00\x02\x00\
\xd3\x00\xf1\x00\x01\x00\xf2\x00\xff\x00\x03\x01\x00\x01\x0f\x00\
\x01\x01\x10\x01\x10\x00\x03\x01\x11\x01\x22\x00\x01\x01#\x01\
#\x00\x02\x01$\x01+\x00\x01\x01,\x01/\x00\x03\x01\
0\x010\x00\x01\x011\x011\x00\x03\x012\x01\xd0\x00\
\x01\x01\xd1\x01\xd2\x00\x02\x01\xd3\x01\xe6\x00\x01\x01\xe7\x01\
\xe7\x00\x02\x01\xe8\x01\xf6\x00\x01\x01\xf7\x01\xfc\x00\x02\x01\
\xfd\x02M\x00\x01\x02N\x02U\x00\x02\x02V\x02V\x00\
\x01\x02W\x02d\x00\x03\x02e\x02x\x00\x01\x02y\x02\
z\x00\x02\x02{\x02\x83\x00\x01\x00\xea\x00\x17\x002\x00\
:\x00B\x00J\x00R\x00Z\x00b\x00j\x00r\x00\
z\x00\x82\x00\x8a\x00\x92\x00\x9a\x00\xa2\x00\xaa\x00\xb2\x00\
\xba\x00\xc2\x00\xca\x00\xd2\x00\xda\x00\xe2\x00\x01\x00\x04\x00\
\x01\x00\xc8\x00\x01\x00\x04\x00\x01\x00\xc8\x00\x01\x00\x04\x00\
\x01\x00\xc8\x00\x01\x00\x04\x00\x01\x00\xc8\x00\x01\x00\x04\x00\
\x01\x00\xc8\x00\x01\x00\x04\x00\x01\x00\xc8\x00\x01\x00\x04\x00\
\x01\x00\xc8\x00\x01\x00\x04\x00\x01\x00\xc8\x00\x01\x00\x04\x00\
\x01\x00\xc8\x00\x01\x00\x04\x00\x01\x00\xc8\x00\x01\x00\x04\x00\
\x01\x00\xc8\x00\x01\x00\x04\x00\x01\x00\xc8\x00\x01\x00\x04\x00\
\x01\x00\xc8\x00\x01\x00\x04\x00\x01\x02\xda\x00\x01\x00\x04\x00\
\x01\x02\xda\x00\x01\x00\x04\x00\x01\x02\xda\x00\x01\x00\x04\x00\
\x01\x02\xda\x00\x01\x00\x04\x00\x01\x02\xda\x00\x01\x00\x04\x00\
\x01\x02\xda\x00\x01\x00\x04\x00\x01\x02\xda\x00\x01\x00\x04\x00\
\x01\x02\xda\x00\x01\x00\x04\x00\x01\x02\xda\x00\x01\x00\x04\x00\
\x01\x02\xda\x00\x02\x00\x06\x00\xce\x00\xd2\x00\x00\x01#\x01\
#\x00\x05\x01\xe7\x01\xe7\x00\x06\x01\xf7\x01\xfc\x00\x07\x02\
N\x02U\x00\x0d\x02y\x02z\x00\x15\x00\x01\x00\x00\x00\
\x01\x00\x00\x00\x01\x00\x00\x00\x0a\x00X\x00\xb0\x00\x03D\
FLT\x00\x14arab\x00 latn\x00\
B\x00\x04\x00\x00\x00\x00\xff\xff\x00\x01\x00\x02\x00\x16\x00\
\x03FAR \x00\x16KUR \x00\x16URD\
 \x00\x16\x00\x00\xff\xff\x00\x03\x00\x00\x00\x03\x00\x04\x00\
\x04\x00\x00\x00\x00\xff\xff\x00\x01\x00\x01\x00\x05ker\
n\x00 kern\x002kern\x00:m\
ark\x00Dmkmk\x00P\x00\x00\x00\x07\x00\
\x08\x00\x09\x00\x0b\x00\x0d\x00\x0f\x00\x11\x00\x13\x00\x00\x00\
\x02\x00\x00\x00\x01\x00\x00\x00\x03\x00\x00\x00\x01\x00\x08\x00\
\x00\x00\x04\x00\x02\x00\x03\x00\x04\x00\x05\x00\x00\x00\x02\x00\
\x06\x00\x07\x00\x15\x00,\x004\x00<\x00D\x00L\x00\
T\x00\x5c\x00d\x00l\x00t\x00|\x00\x84\x00\x8c\x00\
\x94\x00\x9c\x00\xa4\x00\xac\x00\xb4\x00\xbc\x00\xc4\x00\xcc\x00\
\x02\x00\x00\x00\x01\x00\xa8\x00\x02\x00\x00\x00\x01\x06\xf8\x00\
\x05\x00\x01\x00\x01\x08\x14\x00\x04\x00\x01\x00\x01\x09@\x00\
\x05\x00\x01\x00\x01\x10\xbe\x00\x04\x00\x01\x00\x01\x12\xfe\x00\
\x06\x00\x09\x00\x01\x1b\x90\x00\x06\x00\x01\x00\x01\x1c$\x00\
\x02\x00\x09\x00\x01\x1e\xb2\x00\x08\x00\x00\x00\x01#\x90\x00\
\x01\x00\x00\x00\x01#\xb6\x00\x08\x00\x00\x00\x01#\xce\x00\
\x01\x00\x00\x00\x01$\x0c\x00\x08\x00\x00\x00\x01$\x22\x00\
\x01\x00\x00\x00\x01$`\x00\x08\x00\x00\x00\x01$x\x00\
\x01\x00\x00\x00\x01$\xce\x00\x08\x00\x00\x00\x01$\xe4\x00\
\x01\x00\x00\x00\x01%:\x00\x08\x00\x00\x00\x01%P\x00\
\x01\x00\x00\x00\x01%\xa6\x00\x02\x05\xd6\x00\x04\x00\x00\x03\
\xd6\x04\xd6\x00\x17\x00\x15\x00\x00\x00\x00\x00\x00\xff\xce\x00\
\x00\xff\xec\x00\x00\x00\x00\xff\x88\xff8\x00\x00\xff\xce\xfe\
\xd4\xff\xb0\xff\xb0\x00\x00\x00\x00\x00\x00\xff\xec\xff\xb0\x00\
\x00\x00\x00\x00\x00\x00\x00\x00\x00\x00\x00\x00\x00\x00\x00\x00\
\x00\xff\x9c\xff\x88\x00\x00\x00\x00\xfe\xd4\x00\x00\x00\x00\x00\
\x00\x00\x00\x00\x00\x00\x00\x00\x00\x00\x00\x00\x00\xff\xec\xff\
\x92\x00\x00\xff\xc4\xff\xce\x00\x00\x00\x00\xff$\xff\x10\x00\
\x00\x00\x00\xfe\xfc\x00\x00\x00\x00\xff\xec\x00\x00\x00\x00\xff\
j\x00\x00\x00\x00\x00\x00\x00\x00\x00\x00\xff\xce\x00\x00\x00\
\x00\x00\x00\x00\x00\xff\xce\xff\x9c\xff\x9c\xff\x9c\xff\x88\xff\
\x88\xff\xb0\x00\x00\x00\x00\x00\x00\x00\x00\x00\x00\x00\x00\x00\
\x00\x00\x00\x00\x00\xff\xb0\x00\x00\x00\x00\x00\x00\x00\x00\x00\
\x00\x00\x00\xffj\x00\x00\x00\x00\x00\x00\x00\x00\x00\x00\x00\
\x00\x00\x00\x00\x00\x00\x00\x00\x00\x00\x00\x00\x00\x00\x00\x00\
\x00\x00\x00\xff\xec\x00\x00\x00\x00\xff\x88\xffd\x00\x00\x00\
\x00\xfe\xd4\x00\x00\x00\x00\x00\x00\x00\x00\x00\x00\xff\xe2\x00\
\x00\x00\x00\x00\x00\xff\xce\x00\x00\xffj\x00\x00\x00\x00\x00\
\x00\x00\x00\xff\xce\xff\x9c\xff\x9c\xffj\xff\x10\xff\x88\xff\
\x88\xff\xe2\x00\x00\xff\xd8\x00\x00\x00\x00\x00\x00\x00\x00\xff\
\xce\xfft\x00\x00\x00\x00\xff\xb0\xff\xce\x00\x00\x00\x00\x00\
\x00\x00\x00\x00\x00\x00\x00\x00\x00\x00\x00\xff\xce\x00\x00\x00\
\x00\xffL\x00\x00\x00\x00\x00\x00\x00\x00\x00\x00\x00\x00\x00\
\x00\xff\x9c\x00\x00\x00\x00\x00\x00\x00\x00\x00\x00\x00\x00\x00\
\x00\x00\x00\x00\x00\x00\x00\x00\x00\x00\x00\xff\x9c\xff\xec\xff\
\xec\x00\x00\xff$\xff\xce\xff\x10\x00\x00\xff\x9c\xff\x92\xff\
\x88\x00\x00\x00\x00\xff\x06\x00\x00\x00\x00\x00\x00\x00\x00\xff\
$\xff\x9c\xffV\xff\xb0\xff\x9c\xff\x9c\x00\x00\xfe\xfc\xff\
j\xfe\xd4\x00\x00\xff\x88\xff\x88\xffj\x00\x00\x00\x00\xfe\
\xd4\x00\x00\x00\x00\x00\x00\x00\x00\xfe\xfc\xff\x92\xff$\xff\
j\xff\x88\xffj\x00\x00\x00\x00\x00\x00\x00\x00\x00\x00\x00\
\x00\x00\x00\x00\x00\xff\x88\xffL\x00\x00\x00\x00\xfe\xe8\x00\
\x00\xff\xce\x00\x00\x00\x00\x00\x00\x00\x00\x00\x00\x00\x00\x00\
\x00\x00\x00\x00\x00\x00\x00\x00\x00\x00\x00\x00\x00\x00\x00\xff\
\xb0\xff\x88\x00\x00\x00\x00\xff\x10\x00\x00\xff\xec\x00\x00\x00\
\x00\x00\x00\x00\x00\x00\x00\x00\x00\x00\x00\xff\xce\x00\x00\x00\
\x00\x00\x00\x00\x00\x00\x00\x00\x00\xff\x9c\xfft\x00\x00\x00\
\x00\xfe\xd4\x00\x00\x00\x00\xff\xce\x00\x00\x00\x00\x00\x00\x00\
\x00\x00\x00\x00\x00\xff\xec\x00\x00\x00\x00\x00\x00\x00\x00\x00\
\x00\x00\x00\xff\xb0\xffj\x00\x00\x00\x00\xffL\x00\x00\x00\
\x00\xff\xec\x00\x00\x00\x00\x00\x00\x00\x00\x00\x00\x00\x00\xff\
\xce\x00\x00\xffj\x00\x00\xff\xec\xff\xce\x00\x00\x00\x00\x00\
\x00\xff8\x00\x00\x00\x00\x00\x00\x00\x00\xff\xce\xff\xce\xff\
\xce\xff\xce\xff\x9c\xff\xce\x00\x00\x00\x00\xff\x9c\x00\x00\xff\
\xce\xff\x9c\xff\xdb\x00\x00\xfe\xd4\xfe\xd4\x00\x00\x00\x00\xfe\
\xc0\x00\x00\x00\x00\x00\x00\x00\x00\x00\x00\xff8\x00\x00\x00\
\x00\x00\x00\x00\x00\x00\x00\xffj\x00\x00\x00\x00\x00\x00\x00\
\x00\xff\xd8\xff\xce\xffj\xff\xce\xff\xd8\xff\xba\xff\xce\x00\
\x00\x00\x00\x00\x00\x00\x00\x00\x00\x00\x00\x00\x00\x00\x00\x00\
\x00\x00\x00\x00\x00\x00\x00\x00\x00\x00\x00\xff\xce\xff\xb0\x00\
\x00\x00\x00\xff\xb0\x00\x00\x00\x00\x00\x00\x00\x00\x00\x00\x00\
\x00\x00\x00\x00\x00\x00\x00\xfe\xc8\xff\xb0\xff\x10\x00\x00\xff\
j\xfe\xd4\xfe\xd4\x00\x00\x00\x00\xfe\xd4\x00\x00\x00\x00\x00\
\x00\x00\x00\xfe\xc0\xfe\xd4\xfe\xd4\xff\x06\xfe\xd4\xff\x06\x00\
\x00\x00\x00\xff\x9c\x00\x00\x00\x00\xff\xa6\x00\x00\x00\x00\xff\
\x9c\xff\x9c\x00\x00\x00\x00\xff\x9c\x00\x00\x00\x00\x00\x00\x00\
\x00\x00\x00\xff\x9c\x00\x00\x00\x00\x00\x00\xff\x9c\x00\x00\xff\
8\x00\x00\x00\x00\x00\x00\x00\x00\xff\xec\xff\xb0\xffj\xff\
j\xfe\xd4\xff\x9c\xff\x88\xffj\x00\x00\xff\xce\x00\x00\x00\
\x00\x00\x00\x00\x00\xff\xd8\x00\x00\x00\x00\x00\x00\x00\x00\x00\
\x00\x00\x00\xff\x9c\xffL\x00\x00\x00\x00\xfe\xc0\x00\x00\x00\
\x00\xff\xe2\x00\x00\x00\x00\x00\x00\x00\x00\x00\x00\x00\x02\x00\
*\x00\x07\x00\x07\x00\x08\x00$\x00$\x00\x02\x00'\x00\
'\x00\x03\x00)\x00)\x00\x0f\x00.\x00.\x00\x07\x00\
/\x00/\x00\x10\x002\x002\x00\x03\x003\x003\x00\
\x11\x004\x004\x00\x12\x006\x006\x00\x08\x007\x00\
7\x00\x13\x008\x008\x00\x04\x009\x00:\x00\x09\x00\
;\x00;\x00\x07\x00<\x00<\x00\x0a\x00=\x00=\x00\
\x14\x00F\x00F\x00\x0c\x00H\x00H\x00\x0b\x00J\x00\
J\x00\x01\x00K\x00K\x00\x05\x00N\x00N\x00\x0d\x00\
P\x00Q\x00\x05\x00T\x00T\x00\x01\x00U\x00U\x00\
\x15\x00W\x00W\x00\x0e\x00X\x00X\x00\x01\x00Y\x00\
Y\x00\x06\x00[\x00[\x00\x0d\x00\x5c\x00\x5c\x00\x06\x00\
]\x00]\x00\x16\x00\x82\x00\x87\x00\x02\x00\x94\x00\x98\x00\
\x03\x00\x9b\x00\x9e\x00\x04\x00\x9f\x00\x9f\x00\x0a\x00\xa2\x00\
\xa7\x00\x01\x00\xa8\x00\xa8\x00\x0b\x00\xa9\x00\xa9\x00\x0c\x00\
\xb3\x00\xb3\x00\x05\x00\xbb\x00\xbe\x00\x01\x00\xbf\x00\xbf\x00\
\x06\x00\xc1\x00\xc1\x00\x06\x01\xd2\x01\xd2\x00\x0e\x00\x02\x00\
*\x00\x0f\x00\x0f\x00\x0a\x00\x1e\x00\x1e\x00\x0a\x00$\x00\
$\x00\x03\x00&\x00&\x00\x02\x00*\x00*\x00\x02\x00\
-\x00-\x00\x0b\x002\x002\x00\x02\x004\x004\x00\
\x02\x007\x007\x00\x0c\x008\x008\x00\x04\x009\x00\
:\x00\x08\x00;\x00;\x00\x0d\x00<\x00<\x00\x09\x00\
=\x00=\x00\x0e\x00D\x00D\x00\x0f\x00F\x00H\x00\
\x01\x00I\x00I\x00\x05\x00J\x00J\x00\x01\x00P\x00\
Q\x00\x07\x00R\x00R\x00\x01\x00S\x00S\x00\x10\x00\
T\x00T\x00\x01\x00U\x00U\x00\x07\x00V\x00V\x00\
\x11\x00W\x00W\x00\x05\x00X\x00X\x00\x06\x00Y\x00\
Y\x00\x12\x00Z\x00Z\x00\x01\x00[\x00[\x00\x13\x00\
\x5c\x00\x5c\x00\x06\x00]\x00]\x00\x14\x00\x82\x00\x88\x00\
\x03\x00\x94\x00\x98\x00\x02\x00\x9b\x00\x9e\x00\x04\x00\x9f\x00\
\x9f\x00\x09\x00\xa2\x00\xad\x00\x01\x00\xb4\x00\xb8\x00\x01\x00\
\xbf\x00\xbf\x00\x06\x00\xc1\x00\xc1\x00\x06\x00\xc3\x00\xc3\x00\
\x02\x00\xc4\x00\xc4\x00\x01\x01\xd1\x01\xd2\x00\x05\x00\x02\x00\
\x15\x00\x07\x00\x07\x00\x00\x00$\x00$\x00\x01\x00'\x00\
'\x00\x02\x00)\x00)\x00\x03\x00.\x00/\x00\x04\x00\
2\x004\x00\x06\x006\x00=\x00\x09\x00E\x00F\x00\
\x11\x00H\x00H\x00\x13\x00J\x00K\x00\x14\x00N\x00\
N\x00\x16\x00P\x00U\x00\x17\x00W\x00]\x00\x1d\x00\
\x82\x00\x87\x00$\x00\x94\x00\x98\x00*\x00\x9b\x00\x9f\x00\
/\x00\xa2\x00\xad\x004\x00\xb3\x00\xb8\x00@\x00\xbb\x00\
\xc1\x00F\x00\xc4\x00\xc4\x00M\x01\xd2\x01\xd2\x00N\x00\
\x02\x01\x10\x00\x04\x00\x00\x00\xb0\x00\xd6\x00\x08\x00\x0a\x00\
\x00\xfd\xea\x00\x00\x00\x00\x00\x00\x00\x00\x00\x00\x00j\x00\
\x00\x00\x00\x00\x00\xff\xce\xff\xe2\x00\x00\x00\x00\x002\x00\
\x00\xff\x88\x00\x00\xff\xce\x00\x00\x00\x00\x002\x002\x00\
\x00\xff8\x002\x002\xff$\x00\x00\x00\x00\xffj\x00\
\x00\x00\x00\x00\x00\xffj\x00\x00\x00\x00\xfe\xd4\x00\x00\x00\
\x00\xfe\x0c\x00\x00\x00\x00\x00\x00\xfe\xe8\x00\x00\x00\x00\xff\
\x06\x00\x00\x00\x00\xff\xce\xff\xe2\x00\x00\x00\x00\x00\x00\x00\
\x00\xff\xce\x00\x00\xff\xce\x00\x00\x00\x00\xff\xe2\xff8\xff\
L\x00\x00\xffj\xffj\x002\xff8\x00\x00\x00\x00\x00\
\x00\xff\x88\xfe\x93\x00\x00\x00\x00\xff\x05\x00\x00\xfd\xea\x00\
\x01\x00\x0f\x00\x10\x00\x02\x00\x00\x00\x04\x00\x07\x00\x00\x00\
\x00\x00\x00\x00\x00\x00\x03\x00\x00\x00\x00\x00\x06\x00\x00\x00\
\x00\x00\x01\x00\x05\x00\x02\x00\x09\x00\x0f\x00\x0f\x00\x03\x00\
\x11\x00\x11\x00\x06\x00\x12\x00\x12\x00\x09\x00\x14\x00\x14\x00\
\x05\x00\x17\x00\x17\x00\x04\x00\x1a\x00\x1a\x00\x08\x00\x1d\x00\
\x1d\x00\x02\x00\x1e\x00\x1e\x00\x07\x00?\x00?\x00\x01\x00\
\x01\x00\x08\x00\x0f\x00\x11\x00\x12\x00\x17\x00\x1a\x00\x1d\x00\
\x1e\x00?\x00\x01\x00\xe6\x00\xd6\x00\x01\x00\xf6\x00\x0c\x00\
\x0a\x00\x16\x00(\x00:\x00L\x00^\x00p\x00\x82\x00\
\x94\x00\xa6\x00\xb8\x00\x02\x00\x06\x00\x0c\x00\x01\x035\xff\
\xfd\x00\x01\x00\xfa\x00\x00\x00\x02\x00\x06\x00\x0c\x00\x01\x04\
\x22\xff\xff\x00\x01\x01\xb5\x00\x00\x00\x02\x00\x06\x00\x0c\x00\
\x01\x03?\xff\xfd\x00\x01\x01\x04\x00\x00\x00\x02\x00\x06\x00\
\x0c\x00\x01\x04\x22\xff\xff\x00\x01\x01\xb5\x00\x00\x00\x02\x00\
\x06\x00\x0c\x00\x01\x035\xff\xfd\x00\x01\x015\xfd\xd4\x00\
\x02\x00\x06\x00\x0c\x00\x01\x04\x22\xff\xff\x00\x01\x015\xfd\
\xd4\x00\x02\x00\x06\x00\x0c\x00\x01\x03\xae\x00\x1b\x00\x01\x01\
\x1e\x00\x00\x00\x02\x00\x06\x00\x0c\x00\x01\x03\xae\x00\x1b\x00\
\x01\x01\x1e\x00\x00\x00\x02\x00\x06\x00\x0c\x00\x01\x03\x85\xff\
\xff\x00\x01\x01q\x00\x00\x00\x02\x00\x06\x00\x0c\x00\x01\x03\
\x81\xff\xfd\x00\x01\x01\x1e\x00\x00\x00\x02\x00\x02\x02N\x02\
U\x00\x00\x02y\x02z\x00\x08\x00\x01\x00\x06\x00\xf4\x00\
\xf7\x00\xfc\x00\xfd\x02Y\x02Z\x00\x06\x00\x00\x00\x1a\x00\
\x00\x00 \x00\x00\x00&\x00\x00\x00,\x00\x00\x002\x00\
\x00\x008\x00\x01\x00\xcc\xff\xfd\x00\x01\x00\xcc\xff\xfd\x00\
\x01\x00\xdf\xffc\x00\x01\x005\x00>\x00\x01\x00\xdf\xff\
c\x00\x01\x00\xdf\xffc\x00\x01\x078\x06\xe6\x00\x01\x07\
H\x00\x0c\x00\xdb\x01\xb8\x01\xbe\x01\xc4\x01\xca\x01\xd0\x01\
\xd6\x01\xdc\x01\xe2\x01\xe8\x01\xee\x01\xf4\x01\xfa\x02\x00\x02\
\x06\x02\x0c\x02\x12\x02\x18\x02\x1e\x02$\x02*\x020\x02\
6\x02<\x02B\x02H\x02N\x02T\x02Z\x02`\x02\
f\x02l\x02r\x02x\x02~\x02\x84\x02\x8a\x02\x90\x02\
\x96\x02\x9c\x02\xa2\x02\xa8\x02\xae\x02\xb4\x02\xba\x02\xc0\x02\
\xc6\x02\xcc\x02\xd2\x02\xd8\x02\xde\x02\xe4\x02\xea\x02\xf0\x02\
\xf6\x02\xfc\x03\x02\x03\x08\x03\x0e\x03\x14\x03\x1a\x03 \x03\
&\x03,\x032\x038\x03>\x03D\x03J\x03P\x03\
V\x03\x5c\x03b\x03h\x03n\x03t\x03z\x03\x80\x03\
\x86\x03\x8c\x03\x92\x03\x98\x03\x9e\x03\xa4\x03\xaa\x03\xb0\x03\
\xb6\x03\xbc\x03\xc2\x03\xc8\x03\xce\x03\xd4\x03\xda\x03\xe0\x03\
\xe6\x03\xec\x03\xf2\x03\xf8\x03\xfe\x04\x04\x04\x0a\x04\x10\x04\
\x16\x04\x1c\x04\x22\x04(\x04.\x044\x04:\x04@\x04\
F\x04L\x04R\x04X\x04^\x04d\x04j\x04p\x04\
v\x04|\x04\x82\x04\x88\x04\x8e\x04\x94\x04\x9a\x04\xa0\x04\
\xa6\x04\xac\x04\xb2\x04\xb8\x04\xbe\x04\xc4\x04\xca\x04\xd0\x04\
\xd6\x04\xdc\x04\xe2\x04\xe8\x04\xee\x04\xf4\x04\xfa\x05\x00\x05\
\x06\x05\x0c\x05\x12\x05\x18\x05\x1e\x05$\x05*\x050\x05\
6\x05<\x05B\x05H\x05N\x05T\x05Z\x05`\x05\
f\x05l\x05r\x05x\x05~\x05\x84\x05\x8a\x05\x90\x05\
\x96\x05\x9c\x05\xa2\x05\xa8\x05\xae\x05\xb4\x05\xba\x05\xc0\x05\
\xc6\x05\xcc\x05\xd2\x05\xd8\x05\xde\x05\xe4\x05\xea\x05\xf0\x05\
\xf6\x05\xfc\x06\x02\x06\x08\x06\x0e\x06\x14\x06\x1a\x06 \x06\
&\x06,\x062\x068\x06>\x06D\x06J\x06P\x06\
V\x06\x5c\x06b\x06h\x06n\x06t\x06z\x06\x80\x06\
\x86\x06\x8c\x06\x92\x06\x98\x06\x9e\x06\xa4\x06\xaa\x06\xb0\x06\
\xb6\x06\xbc\x06\xc2\x06\xc8\x06\xce\x06\xd4\x00\x01\x01\xb5\x00\
u\x00\x01\x00\xdc\x00\x00\x00\x01\x00\xda\x00\x00\x00\x01\x01\
\x80\xfeh\x00\x01\x00\xd1\xfd\xa6\x00\x01\x02\xc7\xfd\xf2\x00\
\x01\x00\xda\x00\x00\x00\x01\x03:\xfed\x00\x01\x00\xe9\xff\
\xd7\x00\x01\x03\x18\x00\x00\x00\x01\x03\x18\x00\x00\x00\x01\x02\
\xc4\xfd\x18\x00\x01\x02\xc5\xfd6\x00\x01\x02\xca\xfd\x18\x00\
\x01\x01y\xff\xe2\x00\x01\x01q\x00\x00\x00\x01\x01\xa9\xfe\
v\x00\x01\x01\x9f\xfev\x00\x01\x02\x84\xfd\xcd\x00\x01\x02\
a\xfd\xcd\x00\x01\x02M\xfd\xcd\x00\x01\x02C\xfd\xcd\x00\
\x01\x01\x8b\xff\xc5\x00\x01\x01\xac\x00\x00\x00\x01\x02\xcd\xfd\
E\x00\x01\x02\xcd\xfdE\x00\x01\x01N\xffW\x00\x01\x02\
\xfd\x00\x00\x00\x01\x02\xc0\xfe\x1f\x00\x01\x02\xc9\xff\xe2\x00\
\x01\x02o\xfd\xf2\x00\x01\x02\xad\xff\x8b\x00\x01\x02\x8b\xfd\
\xf2\x00\x01\x00\xe9\xff\xd7\x00\x01\x01\xd0\xfeK\x00\x01\x02\
\xc7\xfd\xf2\x00\x01\x02\xc7\xfc\xa3\x00\x01\x03#\xff\xe2\x00\
\x01\x02\xc6\xfe\x1f\x00\x01\x00\xdc\x00\x00\x00\x01\x03\x18\x00\
\x00\x00\x01\x033\xfdE\x00\x01\x02\xca\xfd\x18\x00\x01\x01\
q\x00\x00\x00\x01\x01\x9f\xfev\x00\x01\x01\xa3\xfc\x03\x00\
\x01\x01\x9f\xfev\x00\x01\x03+\xff\xe2\x00\x01\x02\xfd\x00\
\x00\x00\x01\x03\x00\xff\xbf\x00\x01\x03\x00\xff\xbf\x00\x01\x03\
\x14\xff\xbf\x00\x01\x02o\xfd\xf2\x00\x01\x02\xc5\xfe$\x00\
\x01\x02I\x00\x00\x00\x01\x00\xe9\xff\xd7\x00\x01\x00\xe9\xff\
\xd7\x00\x01\x00\xe9\xff\xd7\x00\x01\x00\xe9\xff\xd7\x00\x01\x01\
\x80\xfeh\x00\x01\x01\x80\xfeh\x00\x01\x02\xcf\xfd\xd1\x00\
\x01\x02\xcf\xfd\xd1\x00\x01\x04\x16\x00\x00\x00\x01\x00\xe9\xff\
\xd7\x00\x01\x03S\x00\x0d\x00\x01\x03\x1c\xff\xe7\x00\x01\x01\
|\x00\x00\x00\x01\x01o\x00\x00\x00\x01\x00\xb2\x00Y\x00\
\x01\x03\x14\xff\xbf\x00\x01\x03\x14\xff\xbf\x00\x01\x01\x0c\x00\
\x00\x00\x01\x01\x0c\x00\x00\x00\x01\x02k\xfd\xbc\x00\x01\x02\
\x99\xfcH\x00\x01\x02k\xfd\xbc\x00\x01\x02k\xfd\xbc\x00\
\x01\x00>\xfev\x00\x01\x00>\xfev\x00\x01\x00>\xfe\
v\x00\x01\x00>\xfev\x00\x01\x00>\xfev\x00\x01\x00\
>\xfev\x00\x01\x01=\x00\x00\x00\x01\x03A\xfdM\x00\
\x01\x00U\xfdK\x00\x01\x00U\xfdK\x00\x01\x02\xed\xff\
\xff\x00\x01\x01\x12\x00-\x00\x01\x00\xd3\x00\x00\x00\x01\x02\
\xca\xfd\x18\x00\x01\x01\xc0\xfdf\x00\x01\x02\x22\xfdf\x00\
\x01\x01}\xff\x96\x00\x01\x01\xe3\xfev\x00\x01\x01\xe3\xfe\
v\x00\x01\x03\x14\xff\xbf\x00\x01\x01\x0c\x00\x00\x00\x01\x01\
\x0c\x00\x00\x00\x01\x03\x14\xff\xbf\x00\x01\x01\x0c\x00\x00\x00\
\x01\x01\x0c\x00\x00\x00\x01\x02\x8b\xfd\xf2\x00\x01\x01\x92\x00\
\x02\x00\x01\x01\xdf\xff0\x00\x01\x00\xe6\xfd\x07\x00\x01\x02\
A\xfd\xc6\x00\x01\x01\xa9\x00\x02\x00\x01\x02I\x00\x00\x00\
\x01\x01\xa2\xfd\xd3\x00\x01\x03\x88\xfd\xd8\x00\x01\x01\x80\xfe\
h\x00\x01\x01\x12\x00-\x00\x01\x00\xd3\x00\x00\x00\x01\x02\
\xb2\xfd\xdb\x00\x01\x00F\xfeP\x00\x01\x00F\xfeP\x00\
\x01\x01N\x00\x00\x00\x01\x01N\x00\x00\x00\x01\x01N\x00\
\x00\x00\x01\x01N\xfd\xa9\x00\x01\x01N\x00\x00\x00\x01\x01\
N\x00\x00\x00\x01\x01=\x00\x00\x00\x01\x01=\x00\x00\x00\
\x01\x01\x80\xfeh\x00\x01\x01\x07\xfd\xa6\x00\x01\x02k\xfd\
\xbc\x00\x01\x01\x12\x00-\x00\x01\x00\xd3\x00\x00\x00\x01\x01\
=\x00\x00\x00\x01\x02\xfe\xfeR\x00\x01\x00L\xfeS\x00\
\x01\x00L\xfeS\x00\x01\x01\x93\x00\x02\x00\x01\x02\xed\xff\
\xff\x00\x01\x01\x12\x00-\x00\x01\x00\xd3\x00\x00\x00\x01\x02\
\xed\xff\xff\x00\x01\x01\x12\x00-\x00\x01\x00\xd3\x00\x00\x00\
\x01\x02\xca\xfd\x18\x00\x01\x01\xb5\xfe\xb8\x00\x01\x02U\xfe\
\xb8\x00\x01\x02\xca\xfd\x18\x00\x01\x02a\x00\x00\x00\x01\x01\
\xfe\x00\x00\x00\x01\x02\xca\xfd\x18\x00\x01\x01\xfe\x00\x00\x00\
\x01\x01\xfe\x00\x00\x00\x01\x01\x87\xff\x96\x00\x01\x01}\xff\
\x96\x00\x01\x01\xed\xfev\x00\x01\x01\xe3\xfev\x00\x01\x02\
\x84\xfd\xcc\x00\x01\x03L\x00\x00\x00\x01\x03Z\x00\x00\x00\
\x01\x02H\xfd\xff\x00\x01\x03=\x00\x00\x00\x01\x03=\x00\
\x00\x00\x01\x02M\xfd\xcd\x00\x01\x032\xff\xfe\x00\x01\x03\
2\x00\x00\x00\x01\x02i\xfe\x03\x00\x01\x032\x00\x00\x00\
\x01\x032\x00\x00\x00\x01\x01\xc2\x00\x00\x00\x01\x02T\x00\
\x00\x00\x01\x02T\x00\x00\x00\x01\x01\xac\x00\x00\x00\x01\x02\
T\x00\x00\x00\x01\x02T\x00\x00\x00\x01\x02\xa4\xfd\x1c\x00\
\x01\x01\xb6\x00\x00\x00\x01\x02\x03\x00\x00\x00\x01\x02\x94\xfd\
\x1c\x00\x01\x01\xb6\x00\x00\x00\x01\x01\xef\x00\x00\x00\x01\x03\
\x0c\xff\xe2\x00\x01\x01t\x00\x00\x00\x01\x01Q\x00\x00\x00\
\x01\x02\xc8\xfd\xf2\x00\x01\x01t\x00\x00\x00\x01\x01Q\x00\
\x00\x00\x01\x02\xcc\xff\xe2\x00\x01\x01\x0c\x00\x00\x00\x01\x01\
\x0c\x00\x00\x00\x01\x02o\xfd\xf2\x00\x01\x00\xdf\x00\x00\x00\
\x01\x00\xf7\x00\x00\x00\x01\x02\xb2\xffW\x00\x01\x023\xff\
\xe4\x00\x01\x021\x00\x00\x00\x01\x02\x8b\xfd\xf2\x00\x01\x01\
\x12\x00-\x00\x01\x00\xd3\x00\x00\x00\x01\x01\xa9\x00\x02\x00\
\x01\x02I\x00\x00\x00\x01\x01\xa2\xfd\xd3\x00\x01\x01\xcb\xfe\
h\x00\x01\x02k\xfd\xbc\x00\x01\x02\x99\xfcH\x00\x01\x00\
F\xfeP\x00\x01\x00F\xfeP\x00\x01\x01\xa3\xfc\x03\x00\
\x01\x03\x0c\xff\xe2\x00\x01\x01t\x00\x00\x00\x01\x01Q\x00\
\x00\x00\x01\x03\x00\xff\xbf\x00\x01\x01\x8f\xff\xbf\x00\x01\x02\
U\xff\xbf\x00\x01\x02o\xfd\xf2\x00\x01\x00\xdf\x00\x00\x00\
\x01\x00\xf7\x00\x00\x00\x01\x01\x80\xfeh\x00\x01\x02k\xfd\
\xbc\x00\x01\x00F\xfeP\x00\x01\x00F\xfeP\x00\x02\x00\
\x0d\x00\xcd\x00\xf1\x00\x00\x01\x0e\x01\x0f\x00%\x01\x11\x01\
)\x00'\x01+\x01+\x00@\x01V\x01V\x00A\x01\
[\x01]\x00B\x01e\x01e\x00E\x01i\x01o\x00\
F\x01r\x01x\x00M\x01\xd3\x01\xf4\x00T\x01\xf7\x02\
M\x00v\x02o\x02x\x00\xcd\x02{\x02~\x00\xd7\x00\
\x01\x00\x06\x00\xf4\x00\xf7\x00\xfc\x00\xfd\x02Y\x02Z\x00\
\x06\x00\x00\x00\x1a\x00\x00\x00 \x00\x00\x00&\x00\x00\x00\
,\x00\x00\x002\x00\x00\x008\x00\x01\x00\xcc\xff\xfd\x00\
\x01\x00\xcc\xff\xfd\x00\x01\x00\xdf\xffc\x00\x01\x005\x00\
>\x00\x01\x00\xdf\xffc\x00\x01\x00\xdf\xffc\x00\x01\x00\
\xe6\x00\xd6\x00\x01\x01$\x00\x0c\x00\x0a\x00\x16\x00(\x00\
:\x00L\x00^\x00p\x00\x82\x00\x94\x00\xa6\x00\xb8\x00\
\x02\x00\x06\x00\x0c\x00\x01\x03\xe5\x04\xb1\x00\x01\x01\x82\x05\
\xd7\x00\x02\x00\x06\x00\x0c\x00\x01\x03\xe5\x04\xb1\x00\x01\x01\
\x82\x05\xd7\x00\x02\x00\x06\x00\x0c\x00\x01\x03\xe5\x04\xb1\x00\
\x01\x01C\x06\xd1\x00\x02\x00\x06\x00\x0c\x00\x01\x03\xe5\x04\
\xb1\x00\x01\x01C\x06\xd1\x00\x02\x00\x06\x00\x0c\x00\x01\x03\
\xe5\x04\xb1\x00\x01\x01,\x04\xa4\x00\x02\x00\x06\x00\x0c\x00\
\x01\x03\xe5\x04\xb1\x00\x01\x01,\x04\xa4\x00\x02\x00\x06\x00\
\x0c\x00\x01\x03\xe5\x04\xb1\x00\x01\x01,\x04\xa4\x00\x02\x00\
\x06\x00\x0c\x00\x01\x03\xe5\x04\xb1\x00\x01\x01,\x04\xa4\x00\
\x02\x00\x06\x00\x0c\x00\x01\x03\xea\x07R\x00\x01\x01^\x04\
^\x00\x02\x00\x06\x00\x0c\x00\x01\x03\xea\x07R\x00\x01\x01\
\x86\x04h\x00\x02\x00\x02\x02N\x02U\x00\x00\x02y\x02\
z\x00\x08\x00\x01\x00\x1d\x00\xca\x00\xf2\x00\xf3\x00\xf5\x00\
\xf6\x00\xf8\x00\xf9\x00\xfa\x00\xfb\x00\xfe\x00\xff\x01\x10\x01\
,\x01-\x01.\x01/\x011\x02W\x02X\x02[\x02\
\x5c\x02]\x02^\x02_\x02`\x02a\x02b\x02c\x02\
d\x00\x1d\x00\x00\x00v\x00\x00\x00|\x00\x00\x00\x82\x00\
\x00\x00\x88\x00\x00\x00\x8e\x00\x00\x00\x94\x00\x00\x00\x9a\x00\
\x00\x00\xa0\x00\x00\x00\xa6\x00\x00\x00\xac\x00\x00\x00\xb2\x00\
\x00\x00\xb8\x00\x00\x00\xbe\x00\x00\x00\xc4\x00\x00\x00\xca\x00\
\x00\x00\xd0\x00\x00\x00\xd6\x00\x00\x00\xdc\x00\x00\x00\xe2\x00\
\x00\x00\xe8\x00\x00\x00\xee\x00\x00\x00\xf4\x00\x00\x00\xfa\x00\
\x00\x01\x00\x00\x00\x01\x06\x00\x00\x01\x0c\x00\x00\x01\x12\x00\
\x00\x01\x18\x00\x00\x01\x1e\x00\x01\x01\x00\x03\x00\x00\x01\x00\
\xce\x03\xe2\x00\x01\x00\xb4\x03Z\x00\x01\x00\xce\x03\xe2\x00\
\x01\x00\xa2\x03Z\x00\x01\x00\xce\x03\xe2\x00\x01\x00\xb7\x03\
\xb0\x00\x01\x014\x03\xbe\x00\x01\x00\xec\x03Z\x00\x01\x00\
\xc0\x03Z\x00\x01\x00\xf0\x04>\x00\x01\x00!\x03]\x00\
\x01\x00\x00\x03Z\x00\x01\x00\x00\x03Z\x00\x01\xff\xf7\x03\
Z\x00\x01\x00\x00\x03Z\x00\x01\x00\x00\x03\xbe\x00\x01\x00\
\xec\x03Z\x00\x01\x00\xec\x03Z\x00\x01\x00\xec\x03Z\x00\
\x01\x00\xec\x03Z\x00\x01\x00\xec\x03Z\x00\x01\x00\xce\x03\
\xe2\x00\x01\x00\xce\x03\xe2\x00\x01\x00\xce\x03\xe2\x00\x01\x00\
\xce\x03\xe2\x00\x01\x00\xce\x03\xe2\x00\x01\x00\xce\x03\xe2\x00\
\x01\x00\xce\x03\xe2\x00\x01\x078\x06\xe6\x00\x01\x07v\x00\
\x0c\x00\xdb\x01\xb8\x01\xbe\x01\xc4\x01\xca\x01\xd0\x01\xd6\x01\
\xdc\x01\xe2\x01\xe8\x01\xee\x01\xf4\x01\xfa\x02\x00\x02\x06\x02\
\x0c\x02\x12\x02\x18\x02\x1e\x02$\x02*\x020\x026\x02\
<\x02B\x02H\x02N\x02T\x02Z\x02`\x02f\x02\
l\x02r\x02x\x02~\x02\x84\x02\x8a\x02\x90\x02\x96\x02\
\x9c\x02\xa2\x02\xa8\x02\xae\x02\xb4\x02\xba\x02\xc0\x02\xc6\x02\
\xcc\x02\xd2\x02\xd8\x02\xde\x02\xe4\x02\xea\x02\xf0\x02\xf6\x02\
\xfc\x03\x02\x03\x08\x03\x0e\x03\x14\x03\x1a\x03 \x03&\x03\
,\x032\x038\x03>\x03D\x03J\x03P\x03V\x03\
\x5c\x03b\x03h\x03n\x03t\x03z\x03\x80\x03\x86\x03\
\x8c\x03\x92\x03\x98\x03\x9e\x03\xa4\x03\xaa\x03\xb0\x03\xb6\x03\
\xbc\x03\xc2\x03\xc8\x03\xce\x03\xd4\x03\xda\x03\xe0\x03\xe6\x03\
\xec\x03\xf2\x03\xf8\x03\xfe\x04\x04\x04\x0a\x04\x10\x04\x16\x04\
\x1c\x04\x22\x04(\x04.\x044\x04:\x04@\x04F\x04\
L\x04R\x04X\x04^\x04d\x04j\x04p\x04v\x04\
|\x04\x82\x04\x88\x04\x8e\x04\x94\x04\x9a\x04\xa0\x04\xa6\x04\
\xac\x04\xb2\x04\xb8\x04\xbe\x04\xc4\x04\xca\x04\xd0\x04\xd6\x04\
\xdc\x04\xe2\x04\xe8\x04\xee\x04\xf4\x04\xfa\x05\x00\x05\x06\x05\
\x0c\x05\x12\x05\x18\x05\x1e\x05$\x05*\x050\x056\x05\
<\x05B\x05H\x05N\x05T\x05Z\x05`\x05f\x05\
l\x05r\x05x\x05~\x05\x84\x05\x8a\x05\x90\x05\x96\x05\
\x9c\x05\xa2\x05\xa8\x05\xae\x05\xb4\x05\xba\x05\xc0\x05\xc6\x05\
\xcc\x05\xd2\x05\xd8\x05\xde\x05\xe4\x05\xea\x05\xf0\x05\xf6\x05\
\xfc\x06\x02\x06\x08\x06\x0e\x06\x14\x06\x1a\x06 \x06&\x06\
,\x062\x068\x06>\x06D\x06J\x06P\x06V\x06\
\x5c\x06b\x06h\x06n\x06t\x06z\x06\x80\x06\x86\x06\
\x8c\x06\x92\x06\x98\x06\x9e\x06\xa4\x06\xaa\x06\xb0\x06\xb6\x06\
\xbc\x06\xc2\x06\xc8\x06\xce\x06\xd4\x00\x01\x01\xbf\x02\xbf\x00\
\x01\x01V\x06Z\x00\x01\x01\x11\x06\xe9\x00\x01\x01\x98\x04\
\xc7\x00\x01\x00\xc8\x04\x91\x00\x01\x015\x04\x00\x00\x01\x00\
\xc8\x04\x91\x00\x01\x03-\x02\x07\x00\x01\x01\x8e\x05\x0d\x00\
\x01\x03A\x02\xf1\x00\x01\x03/\x03\xc9\x00\x01\x01\xbb\x03\
+\x00\x01\x01\xbc\x03+\x00\x01\x01\xb6\x04\xf9\x00\x01\x01\
\xed\x03\xd0\x00\x01\x01\xba\x04\xc6\x00\x01\x02\x0a\x026\x00\
\x01\x02\x06\x03\xe8\x00\x01\x06\x06\x02\x15\x00\x01\x05\xea\x04\
w\x00\x01\x07W\x03\x17\x00\x01\x07\x8f\x04>\x00\x01\x04\
o\x03\x0d\x00\x01\x042\x04:\x00\x01\x02\x80\x04\xaf\x00\
\x01\x02\xb0\x06K\x00\x01\x01N\x02\x08\x00\x01\x04\xfa\x06\
\x18\x00\x01\x03\xe2\x04\x87\x00\x01\x03\x0a\x04\x00\x00\x01\x01\
\x90\x02T\x00\x01\x02\xe3\x02\xbe\x00\x01\x02\xbd\x01\xa8\x00\
\x01\x01x\x03\xd0\x00\x01\x01\xbc\x02\xd1\x00\x01\x01\xa9\x02\
]\x00\x01\x01\xa9\x02]\x00\x01\x03F\x01\xe9\x00\x01\x03\
\xdb\x03d\x00\x01\x01V\x06Z\x00\x01\x03Y\x04\x9f\x00\
\x01\x03)\x02\xe8\x00\x01\x01\xc1\x03+\x00\x01\x01\x97\x06\
\x9a\x00\x01\x01\xd0\x05\xaa\x00\x01\x02\x0a\x026\x00\x01\x01\
\xf5\x04\xf3\x00\x01\x05\x16\x04\xb0\x00\x01\x05\x16\x06{\x00\
\x01\x05\x19\x04\xad\x00\x01\x03\xb4\x04k\x00\x01\x04\xd0\x06\
\x09\x00\x01\x04\x00\x07R\x00\x01\x02\xb4\x01\xed\x00\x01\x02\
q\x03h\x00\x01\x01\xa4\x06B\x00\x01\x01x\x03\xd0\x00\
\x01\x01\xa4\x06B\x00\x01\x01\x8e\x05\x0d\x00\x01\x01\xde\x04\
\xd4\x00\x01\x01\x9a\x04H\x00\x01\x01~\x02t\x00\x01\x01\
U\x03\xa0\x00\x01\x03\xd3\x04\x12\x00\x01\x01x\x03\xd0\x00\
\x01\x03S\x05\xf5\x00\x01\x03T\x02)\x00\x01\x01\xb6\x04\
u\x00\x01\x02(\x03\x99\x00\x01\x00\xcb\x04\x02\x00\x01\x04\
\xb9\x06\x09\x00\x01\x04\xb9\x06\x09\x00\x01\x01g\x06\x09\x00\
\x01\x01g\x06\x09\x00\x01\x02\xfd\x00\xd6\x00\x01\x02\xfd\x00\
\xd6\x00\x01\x03v\x02\xa2\x00\x01\x03U\x02\xb8\x00\x01\x00\
\xd9\x02\xb5\x00\x01\x00\xd9\x02\xb5\x00\x01\x00|\x03A\x00\
\x01\x00|\x03A\x00\x01\x00\x80\x04H\x00\x01\x00\x80\x04\
H\x00\x01\x00\xe7\x06J\x00\x01\x03%\x02A\x00\x01\x00\
\xe9\x02\x85\x00\x01\x00\xe9\x025\x00\x01\x03S\x04\x95\x00\
\x01\x00\xcf\x05\xbd\x00\x01\x01!\x05e\x00\x01\x01\xc1\x03\
+\x00\x01\x01\x8c\x03+\x00\x01\x01\x8c\x03+\x00\x01\x01\
\xfb\x06\x9a\x00\x01\x02M\x04\xbc\x00\x01\x01\xd0\x05\xaa\x00\
\x01\x05A\x04\xad\x00\x01\x01\xe9\x04\xad\x00\x01\x01\xe9\x04\
\xad\x00\x01\x04\xd0\x06\x09\x00\x01\x01g\x06\x09\x00\x01\x01\
g\x06\x09\x00\x01\x02\xc2\x01\xa8\x00\x01\x01\xf4\x06`\x00\
\x01\x01\xdb\x02>\x00\x01\x00\xe9\x02\x85\x00\x01\x01\xc9\x01\
\x98\x00\x01\x01\xbb\x03\xa8\x00\x01\x02q\x03h\x00\x01\x01\
\xd1\x03\x0e\x00\x01\x03\x82\x00\x85\x00\x01\x01\xde\x04\xd4\x00\
\x01\x01\x14\x02\xdc\x00\x01\x00\xe9\x025\x00\x01\x02\xd4\x00\
\xce\x00\x01\x00\xe9\x02\x85\x00\x01\x00\xe9\x025\x00\x01\x01\
K\x054\x00\x01\x01K\x04d\x00\x01\x01]\x05\x07\x00\
\x01\x01N\x00\xd6\x00\x01\x01K\x04\xa6\x00\x01\x01K\x04\
\xdb\x00\x01\x00\xe7\x06J\x00\x01\x01\x22\x07\x0d\x00\x01\x01\
\x98\x04\xc7\x00\x01\x00\xd6\x04\xbb\x00\x01\x03v\x02\xa2\x00\
\x01\x00\xcb\x04O\x00\x01\x00\xfd\x03\xfc\x00\x01\x00\xd6\x04\
\xbb\x00\x01\x03%\x02A\x00\x01\x00\xe9\x02\x85\x00\x01\x00\
\xe9\x025\x00\x01\x02\x11\x05\xc0\x00\x01\x030\x03T\x00\
\x01\x00\xd4\x04H\x00\x01\x01\x1b\x04\x12\x00\x01\x03-\x03\
\xf3\x00\x01\x00\xe8\x04\xe4\x00\x01\x00\xf5\x04\xd5\x00\x01\x01\
\xc1\x03+\x00\x01\x01\x8c\x03+\x00\x01\x01\x8c\x03+\x00\
\x01\x01\xc1\x03+\x00\x01\x01\xa8\x03+\x00\x01\x01\x8c\x03\
+\x00\x01\x01\xb6\x04\xf9\x00\x01\x01v\x04\xb7\x00\x01\x01\
v\x04\xb7\x00\x01\x02K\x03m\x00\x01\x02\x1f\x04\xf5\x00\
\x01\x01\xd8\x026\x00\x01\x02\x06\x03\xe8\x00\x01\x06G\x02\
/\x00\x01\x03\x8c\x02\x17\x00\x01\x03\x84\x02\x17\x00\x01\x05\
\xe0\x04w\x00\x01\x03F\x04\xaa\x00\x01\x03F\x04\xaa\x00\
\x01\x07W\x03+\x00\x01\x04M\x03+\x00\x01\x04M\x03\
+\x00\x01\x07\x8f\x04>\x00\x01\x04\xcd\x04K\x00\x01\x04\
\xcd\x04K\x00\x01\x04h\x03+\x00\x01\x03/\x03+\x00\
\x01\x03u\x03I\x00\x01\x042\x04:\x00\x01\x02\xff\x04\
@\x00\x01\x02\xff\x04@\x00\x01\x02(\x035\x00\x01\x02\
\x0d\x03z\x00\x01\x01\xfa\x035\x00\x01\x02\x0f\x04\xda\x00\
\x01\x02\x1b\x05\x16\x00\x01\x02Y\x04\xc2\x00\x01\x05\x82\x05\
\x17\x00\x01\x01\xbe\x06\x19\x00\x01\x02\x01\x05\x17\x00\x01\x03\
\xe2\x04Z\x00\x01\x01\x98\x05\xf2\x00\x01\x01\xde\x05A\x00\
\x01\x03\x0a\x04\x00\x00\x01\x01\xe9\x04\xad\x00\x01\x01\xe9\x04\
\xad\x00\x01\x01\x90\x02T\x00\x01\x00\xf5\x04\xbc\x00\x01\x01\
%\x04\xbb\x00\x01\x02\xd4\x02\x97\x00\x01\x02=\x02\xa5\x00\
\x01\x02M\x02\xa3\x00\x01\x02\xc2\x01\xa8\x00\x01\x00\xd0\x03\
\xef\x00\x01\x00\xf9\x03\xa4\x00\x01\x01\xbb\x03\xa8\x00\x01\x02\
q\x03h\x00\x01\x01\xd1\x03\x0e\x00\x01\x01\xd0\x02\xd1\x00\
\x01\x02\xfd\x00\xd6\x00\x01\x02\xfd\x00\xd6\x00\x01\x00\xe9\x02\
\x85\x00\x01\x00\xe9\x025\x00\x01\x01\xd8\x026\x00\x01\x05\
\xa6\x05\x9b\x00\x01\x01\x9b\x06{\x00\x01\x01\xec\x05\x9b\x00\
\x01\x03\xb4\x04k\x00\x01\x01J\x04k\x00\x01\x01J\x04\
k\x00\x01\x04\x00\x07R\x00\x01\x00\xeb\x07R\x00\x01\x01\
\x1d\x07R\x00\x01\x01\x9a\x04H\x00\x01\x03U\x02\xb8\x00\
\x01\x01\x05\x04\x9c\x00\x01\x01\x0b\x04A\x00\x02\x00\x0d\x00\
\xcd\x00\xf1\x00\x00\x01\x0e\x01\x0f\x00%\x01\x11\x01)\x00\
'\x01+\x01+\x00@\x01V\x01V\x00A\x01[\x01\
]\x00B\x01e\x01e\x00E\x01i\x01o\x00F\x01\
r\x01x\x00M\x01\xd3\x01\xf4\x00T\x01\xf7\x02M\x00\
v\x02o\x02x\x00\xcd\x02{\x02~\x00\xd7\x00\x01\x00\
\x1d\x00\xca\x00\xf2\x00\xf3\x00\xf5\x00\xf6\x00\xf8\x00\xf9\x00\
\xfa\x00\xfb\x00\xfe\x00\xff\x01\x10\x01,\x01-\x01.\x01\
/\x011\x02W\x02X\x02[\x02\x5c\x02]\x02^\x02\
_\x02`\x02a\x02b\x02c\x02d\x00\x1d\x00\x00\x00\
v\x00\x00\x00|\x00\x00\x00\x82\x00\x00\x00\x88\x00\x00\x00\
\x8e\x00\x00\x00\x94\x00\x00\x00\x9a\x00\x00\x00\xa0\x00\x00\x00\
\xa6\x00\x00\x00\xac\x00\x00\x00\xb2\x00\x00\x00\xb8\x00\x00\x00\
\xbe\x00\x00\x00\xc4\x00\x00\x00\xca\x00\x00\x00\xd0\x00\x00\x00\
\xd6\x00\x00\x00\xdc\x00\x00\x00\xe2\x00\x00\x00\xe8\x00\x00\x00\
\xee\x00\x00\x00\xf4\x00\x00\x00\xfa\x00\x00\x01\x00\x00\x00\x01\
\x06\x00\x00\x01\x0c\x00\x00\x01\x12\x00\x00\x01\x18\x00\x00\x01\
\x1e\x00\x01\x01\x00\x03\x00\x00\x01\x00\xce\x03\xe2\x00\x01\x00\
\xb4\x03Z\x00\x01\x00\xce\x03\xe2\x00\x01\x00\xa2\x03Z\x00\
\x01\x00\xce\x03\xe2\x00\x01\x00\xb7\x03\xb0\x00\x01\x014\x03\
\xbe\x00\x01\x00\xec\x03Z\x00\x01\x00\xc0\x03Z\x00\x01\x00\
\xf0\x04>\x00\x01\x00!\x03]\x00\x01\x00\x00\x03Z\x00\
\x01\x00\x00\x03Z\x00\x01\xff\xf7\x03Z\x00\x01\x00\x00\x03\
Z\x00\x01\x00\x00\x03\xbe\x00\x01\x00\xec\x03Z\x00\x01\x00\
\xec\x03Z\x00\x01\x00\xec\x03Z\x00\x01\x00\xec\x03Z\x00\
\x01\x00\xec\x03Z\x00\x01\x00\xce\x03\xe2\x00\x01\x00\xce\x03\
\xe2\x00\x01\x00\xce\x03\xe2\x00\x01\x00\xce\x03\xe2\x00\x01\x00\
\xce\x03\xe2\x00\x01\x00\xce\x03\xe2\x00\x01\x00\xce\x03\xe2\x00\
\x01\x00N\x00>\x00\x01\x00^\x00\x0c\x00\x06\x00\x0e\x00\
\x14\x00\x1a\x00 \x00&\x00,\x00\x01\x00\xcc\xfez\x00\
\x01\x00\xcc\xfez\x00\x01\x00\xdf\xfd\x91\x00\x01\x005\xfe\
-\x00\x01\x00\xdf\xfd\x91\x00\x01\x00\xdf\xfd\x91\x00\x01\x00\
\x06\x00\xf4\x00\xf7\x00\xfc\x00\xfd\x02Y\x02Z\x00\x01\x00\
\x06\x00\xf4\x00\xf7\x00\xfc\x00\xfd\x02Y\x02Z\x00\x06\x00\
\x00\x00\x1a\x00\x00\x00 \x00\x00\x00&\x00\x00\x00,\x00\
\x00\x002\x00\x00\x008\x00\x01\x00\xcc\xff\xfd\x00\x01\x00\
\xcc\xff\xfd\x00\x01\x00\xdf\xffc\x00\x01\x005\x00>\x00\
\x01\x00\xdf\xffc\x00\x01\x00\xdf\xffc\x00\x01\x014\x00\
\xf6\x00\x01\x01r\x00\x0c\x00\x1d\x00<\x00B\x00H\x00\
N\x00T\x00Z\x00`\x00f\x00l\x00r\x00x\x00\
~\x00\x84\x00\x8a\x00\x90\x00\x96\x00\x9c\x00\xa2\x00\xa8\x00\
\xae\x00\xb4\x00\xba\x00\xc0\x00\xc6\x00\xcc\x00\xd2\x00\xd8\x00\
\xde\x00\xe4\x00\x01\x00\xf7\x05C\x00\x01\x00\xce\x05|\x00\
\x01\x00\xbb\x05\xd9\x00\x01\x00\xce\x05|\x00\x01\x00\xab\x06\
\x01\x00\x01\x00\xce\x05|\x00\x01\x00\xa7\x05o\x00\x01\x01\
<\x05\x91\x00\x01\x00\xec\x05\xdf\x00\x01\x00\xc0\x05\x84\x00\
\x01\x00\xf0\x06i\x00\x01\x00!\x05\x85\x00\x01\x00\x00\x06\
\x01\x00\x01\x00\x00\x06\x01\x00\x01\x00\x00\x06\x01\x00\x01\x00\
\x00\x06\x01\x00\x01\x00\x00\x05\x91\x00\x01\x00\xec\x05\xdf\x00\
\x01\x00\xec\x05\xdf\x00\x01\x00\xec\x05\xdf\x00\x01\x00\xec\x05\
\xdf\x00\x01\x00\xec\x05\xdf\x00\x01\x00\xce\x05|\x00\x01\x00\
\xce\x05|\x00\x01\x00\xce\x05|\x00\x01\x00\xce\x05|\x00\
\x01\x00\xce\x05|\x00\x01\x00\xce\x05|\x00\x01\x00\xce\x05\
|\x00\x01\x00\x1d\x00\xca\x00\xf2\x00\xf3\x00\xf5\x00\xf6\x00\
\xf8\x00\xf9\x00\xfa\x00\xfb\x00\xfe\x00\xff\x01\x10\x01,\x01\
-\x01.\x01/\x011\x02W\x02X\x02[\x02\x5c\x02\
]\x02^\x02_\x02`\x02a\x02b\x02c\x02d\x00\
\x01\x00\x1d\x00\xca\x00\xf2\x00\xf3\x00\xf5\x00\xf6\x00\xf8\x00\
\xf9\x00\xfa\x00\xfb\x00\xfe\x00\xff\x01\x10\x01,\x01-\x01\
.\x01/\x011\x02W\x02X\x02[\x02\x5c\x02]\x02\
^\x02_\x02`\x02a\x02b\x02c\x02d\x00\x1d\x00\
\x00\x00v\x00\x00\x00|\x00\x00\x00\x82\x00\x00\x00\x88\x00\
\x00\x00\x8e\x00\x00\x00\x94\x00\x00\x00\x9a\x00\x00\x00\xa0\x00\
\x00\x00\xa6\x00\x00\x00\xac\x00\x00\x00\xb2\x00\x00\x00\xb8\x00\
\x00\x00\xbe\x00\x00\x00\xc4\x00\x00\x00\xca\x00\x00\x00\xd0\x00\
\x00\x00\xd6\x00\x00\x00\xdc\x00\x00\x00\xe2\x00\x00\x00\xe8\x00\
\x00\x00\xee\x00\x00\x00\xf4\x00\x00\x00\xfa\x00\x00\x01\x00\x00\
\x00\x01\x06\x00\x00\x01\x0c\x00\x00\x01\x12\x00\x00\x01\x18\x00\
\x00\x01\x1e\x00\x01\x01\x00\x03\x00\x00\x01\x00\xce\x03\xe2\x00\
\x01\x00\xb4\x03Z\x00\x01\x00\xce\x03\xe2\x00\x01\x00\xa2\x03\
Z\x00\x01\x00\xce\x03\xe2\x00\x01\x00\xb7\x03\xb0\x00\x01\x01\
4\x03\xbe\x00\x01\x00\xec\x03Z\x00\x01\x00\xc0\x03Z\x00\
\x01\x00\xf0\x04>\x00\x01\x00!\x03]\x00\x01\x00\x00\x03\
Z\x00\x01\x00\x00\x03Z\x00\x01\xff\xf7\x03Z\x00\x01\x00\
\x00\x03Z\x00\x01\x00\x00\x03\xbe\x00\x01\x00\xec\x03Z\x00\
\x01\x00\xec\x03Z\x00\x01\x00\xec\x03Z\x00\x01\x00\xec\x03\
Z\x00\x01\x00\xec\x03Z\x00\x01\x00\xce\x03\xe2\x00\x01\x00\
\xce\x03\xe2\x00\x01\x00\xce\x03\xe2\x00\x01\x00\xce\x03\xe2\x00\
\x01\x00\xce\x03\xe2\x00\x01\x00\xce\x03\xe2\x00\x01\x00\xce\x03\
\xe2\x00\x01\x04\x88\x00\x05\x00\x00\x00-\x00d\x00d\x00\
d\x00x\x00\xec\x01\x00\x00\xec\x00\xec\x01P\x01P\x01\
\x88\x01\x88\x01\x00\x00\xec\x01\x88\x01\x88\x01\x88\x01\x00\x01\
\x00\x04\x0c\x01\x88\x01\x88\x01\x00\x04\x0c\x04\x0c\x01\x00\x04\
\x0c\x04\x0c\x01P\x01P\x01\x88\x01\x88\x01\x00\x04J\x04\
J\x04J\x04J\x04J\x04J\x04J\x04J\x01\x88\x04\
J\x04J\x01\x00\x00\x03\x00\xce\x00\xc8\x00\xc8\x00\xe5\xff\
j\xffj\x00\xe6\xffj\xffj\x00\x13\x00\x0b\x00\xc8\x00\
\xc8\x00>\x00\xc8\x00\xc8\x00^\x00\xc8\x00\xc8\x00\xce\x01\
\x90\x01\x90\x00\xcf\x00\xc8\x00\xc8\x00\xd1\x00\xc8\x00\xc8\x00\
\xd3\x00\xc8\x00\xc8\x00\xe5\xff\x06\xff\x06\x00\xe6\xff\x06\xff\
\x06\x00\xeb\x002\x002\x01\x11\x00\xc8\x00\xc8\x01\x1b\x00\
d\x00d\x01\x1d\x00d\x00d\x01\x1e\x002\x002\x01\
i\x00d\x00d\x01k\x00d\x00d\x01\xe1\x00d\x00\
d\x01\xe4\x00d\x00d\x02;\x00d\x00d\x00\x03\x00\
\xce\x01,\x01,\x00\xe5\xff\x06\xff\x06\x00\xe6\xff\x06\xff\
\x06\x00\x0d\x00\xd8\x002\x002\x00\xd9\x002\x002\x00\
\xda\x002\x002\x00\xe5\x002\x002\x00\xe6\x002\x00\
2\x01\x14\x002\x002\x01\x1b\xff\x9c\xff\x9c\x01\x1d\xff\
\x9c\xff\x9c\x01i\xff\x9c\xff\x9c\x01k\xff\x9c\xff\x9c\x01\
\xe1\xff\x9c\xff\x9c\x01\xe4\xff\x9c\xff\x9c\x02;\xff\x9c\xff\
\x9c\x00\x09\x00\xe5\xff8\xff8\x00\xe6\xff8\xff8\x01\
\x1b\xffL\xffL\x01\x1d\xffL\xffL\x01i\xffL\xff\
L\x01k\xffL\xffL\x01\xe1\xffL\xffL\x01\xe4\xff\
L\xffL\x02;\xffL\xffL\x00k\x00\x0b\xff8\xff\
8\x00\x11\xff8\xff8\x00>\xff8\xff8\x00^\xff\
8\xff8\x00\xc9\xff8\xff8\x00\xcb\xff8\xff8\x00\
\xce\xffL\xffL\x00\xcf\xffL\xffL\x00\xd0\xffj\xff\
j\x00\xd1\xffL\xffL\x00\xd2\xff\xce\xff\xce\x00\xd3\xff\
L\xffL\x00\xd4\xff8\xff8\x00\xd5\xff8\xff8\x00\
\xd6\xff8\xff8\x00\xd7\xff8\xff8\x00\xd8\x002\x00\
2\x00\xd9\x002\x002\x00\xda\x002\x002\x00\xdb\xff\
8\xff8\x00\xdc\xff8\xff8\x00\xdd\xffj\xffj\x00\
\xde\xffj\xffj\x00\xdf\xff8\xff8\x00\xe0\xff8\xff\
8\x00\xe1\xff8\xff8\x00\xe2\xff8\xff8\x00\xe3\xff\
8\xff8\x00\xe4\xff8\xff8\x00\xe5\x002\x002\x00\
\xe6\x002\x002\x00\xe8\xff8\xff8\x00\xe9\xff\xce\xff\
\xce\x00\xea\xff8\xff8\x00\xeb\xff\x9c\xff\x9c\x00\xec\xff\
8\xff8\x00\xed\xff\xce\xff\xce\x00\xee\xff8\xff8\x00\
\xef\xffj\xffj\x00\xf0\xff\xce\xff\xce\x00\xf1\xff\xce\xff\
\xce\x01\x0f\xff\xce\xff\xce\x01\x11\xffL\xffL\x01\x12\xff\
8\xff8\x01\x13\xff8\xff8\x01\x14\x002\x002\x01\
\x15\xff8\xff8\x01\x17\xffj\xffj\x01\x18\xffj\xff\
j\x01\x19\xff8\xff8\x01\x1a\xff8\xff8\x01\x1b\xfe\
p\xfep\x01\x1c\xff8\xff8\x01\x1d\xfep\xfep\x01\
\x1e\xff\x9c\xff\x9c\x01\x1f\xff\xce\xff\xce\x01 \xff8\xff\
8\x01!\xff8\xff8\x01\x22\xff8\xff8\x01#\xff\
8\xff8\x01$\xff8\xff8\x01%\xffj\xffj\x01\
&\xffj\xffj\x01'\xff\xce\xff\xce\x01(\xff\xce\xff\
\xce\x01+\xff8\xff8\x01i\xfep\xfep\x01k\xfe\
p\xfep\x01\xd5\xff\xce\xff\xce\x01\xd8\xff8\xff8\x01\
\xdb\xff8\xff8\x01\xe1\xfep\xfep\x01\xe4\xfep\xfe\
p\x01\xec\xff8\xff8\x01\xf0\xff8\xff8\x01\xf3\xff\
\xce\xff\xce\x02\x02\xff8\xff8\x02\x06\xff8\xff8\x02\
\x0a\xff8\xff8\x02\x0d\xff8\xff8\x02\x10\xff8\xff\
8\x02\x13\xff8\xff8\x02\x16\xff8\xff8\x02\x1d\xff\
8\xff8\x02 \xff8\xff8\x02#\xff8\xff8\x02\
&\xff8\xff8\x02)\xff8\xff8\x02,\xff8\xff\
8\x02/\xff8\xff8\x022\xff8\xff8\x025\xff\
8\xff8\x028\xff8\xff8\x02;\xfep\xfep\x02\
>\xff8\xff8\x02A\xff8\xff8\x02D\xff8\xff\
8\x02G\xff8\xff8\x02L\xff\xce\xff\xce\x02N\xff\
8\xff8\x02P\xff8\xff8\x02R\xff8\xff8\x02\
T\xff8\xff8\x02q\xff8\xff8\x02t\xff8\xff\
8\x02z\xff8\xff8\x02}\xff\xce\xff\xce\x00\x0a\x00\
\x0b\x00d\x00d\x00>\x00d\x00d\x00^\x00d\x00\
d\x00\xce\x01^\x01^\x00\xcf\x00\xfa\x00\xfa\x00\xd1\x00\
\xfa\x00\xfa\x00\xd3\x00\xfa\x00\xfa\x00\xe5\xff8\xff8\x00\
\xe6\xff8\xff8\x01\x11\x00\xfa\x00\xfa\x00\x0a\x00\x0b\x00\
2\x002\x00>\x002\x002\x00^\x002\x002\x00\
\xce\x00\xc8\x00\xc8\x00\xd8\xffj\xffj\x00\xd9\xffj\xff\
j\x00\xda\xffj\xffj\x00\xe5\xfe\xd4\xfe\xd4\x00\xe6\xfe\
\xd4\xfe\xd4\x01\x14\xffj\xffj\x00\x01\x00-\x00\x0c\x00\
@\x00`\x00\xce\x00\xcf\x00\xd0\x00\xd1\x00\xd3\x00\xdb\x00\
\xdc\x00\xdd\x00\xde\x00\xef\x01\x11\x01\x16\x01\x17\x01\x18\x01\
%\x01&\x01\xd3\x01\xde\x01\xdf\x01\xef\x01\xfd\x01\xfe\x01\
\xff\x02\x00\x02\x04\x02\x18\x02\x19\x02\x1a\x02\x1b\x02I\x02\
N\x02O\x02P\x02Q\x02R\x02S\x02T\x02U\x02\
o\x02y\x02z\x02{\x00\x03\x00\x01\x00(\x00\x01\x00\
\x12\x00\x00\x00\x01\x00\x00\x00\x0a\x00\x02\x00\x03\x02e\x02\
n\x00\x00\x02\x7f\x02\x7f\x00\x0a\x02\x81\x02\x82\x00\x0b\x00\
\x01\x00\x01\x010\x00\x01\x00\x0a\x00\x05\xfa`\xfd\xda\x00\
\x02\x00\x03\x02e\x02n\x00\x00\x02\x7f\x02\x7f\x00\x0a\x02\
\x81\x02\x82\x00\x0b\x00\x03\x00\x01\x00*\x00\x01\x00\x14\x00\
\x01\x000\x00\x01\x00\x00\x00\x0c\x00\x02\x00\x03\x02e\x02\
n\x00\x00\x02\x7f\x02\x7f\x00\x0a\x02\x81\x02\x82\x00\x0b\x00\
\x01\x00\x01\x010\x00\x02\x00\x03\x02e\x02n\x00\x00\x02\
\x7f\x02\x7f\x00\x0a\x02\x81\x02\x82\x00\x0b\x00\x01\x00\x08\x00\
\x01\xfe\xed\x00\x02\x00\x03\x02e\x02n\x00\x00\x02\x7f\x02\
\x7f\x00\x0a\x02\x81\x02\x82\x00\x0b\x00\x03\x00\x02\x00*\x00\
@\x00\x01\x00\x14\x00\x00\x00\x01\x00\x00\x00\x0e\x00\x02\x00\
\x03\x02e\x02n\x00\x00\x02\x7f\x02\x7f\x00\x0a\x02\x81\x02\
\x82\x00\x0b\x00\x02\x00\x03\x02e\x02n\x00\x00\x02\x7f\x02\
\x7f\x00\x0a\x02\x81\x02\x82\x00\x0b\x00\x01\x00\x01\x010\x00\
\x01\x00\x0a\x00\x05\xfbs\xfd\xda\x00\x02\x00\x03\x02e\x02\
n\x00\x00\x02\x7f\x02\x7f\x00\x0a\x02\x81\x02\x82\x00\x0b\x00\
\x03\x00\x01\x00,\x00\x01\x00\x16\x00\x02\x002\x00H\x00\
\x01\x00\x00\x00\x10\x00\x02\x00\x03\x02e\x02n\x00\x00\x02\
\x7f\x02\x7f\x00\x0a\x02\x81\x02\x82\x00\x0b\x00\x01\x00\x01\x01\
0\x00\x02\x00\x03\x02e\x02n\x00\x00\x02\x7f\x02\x7f\x00\
\x0a\x02\x81\x02\x82\x00\x0b\x00\x02\x00\x03\x02e\x02n\x00\
\x00\x02\x7f\x02\x7f\x00\x0a\x02\x81\x02\x82\x00\x0b\x00\x01\x00\
\x08\x00\x01\xfe\xed\x00\x02\x00\x03\x02e\x02n\x00\x00\x02\
\x7f\x02\x7f\x00\x0a\x02\x81\x02\x82\x00\x0b\x00\x03\x00\x02\x00\
,\x00B\x00\x01\x00\x16\x00\x01\x00H\x00\x01\x00\x00\x00\
\x12\x00\x02\x00\x03\x02e\x02n\x00\x00\x02\x7f\x02\x7f\x00\
\x0a\x02\x81\x02\x82\x00\x0b\x00\x02\x00\x03\x02e\x02n\x00\
\x00\x02\x7f\x02\x7f\x00\x0a\x02\x81\x02\x82\x00\x0b\x00\x01\x00\
\x01\x010\x00\x02\x00\x03\x02e\x02n\x00\x00\x02\x7f\x02\
\x7f\x00\x0a\x02\x81\x02\x82\x00\x0b\x00\x01\x00\x08\x00\x01\xfe\
\xed\x00\x02\x00\x03\x02e\x02n\x00\x00\x02\x7f\x02\x7f\x00\
\x0a\x02\x81\x02\x82\x00\x0b\x00\x03\x00\x03\x00,\x00B\x00\
X\x00\x01\x00\x16\x00\x00\x00\x01\x00\x00\x00\x14\x00\x02\x00\
\x03\x02e\x02n\x00\x00\x02\x7f\x02\x7f\x00\x0a\x02\x81\x02\
\x82\x00\x0b\x00\x02\x00\x03\x02e\x02n\x00\x00\x02\x7f\x02\
\x7f\x00\x0a\x02\x81\x02\x82\x00\x0b\x00\x02\x00\x03\x02e\x02\
n\x00\x00\x02\x7f\x02\x7f\x00\x0a\x02\x81\x02\x82\x00\x0b\x00\
\x01\x00\x01\x010\x00\x01\x00\x0a\x00\x05\xfc\x86\xfd\xda\x00\
\x02\x00\x03\x02e\x02n\x00\x00\x02\x7f\x02\x7f\x00\x0a\x02\
\x81\x02\x82\x00\x0b\x00\x00\x00\x01\x00\x00\x00\x0a\x00\xb0\x01\
X\x00\x03DFLT\x00\x14arab\x00&l\
atn\x00\x94\x00\x04\x00\x00\x00\x00\xff\xff\x00\x04\x00\
\x00\x00\x07\x00\x0a\x00\x0c\x00\x22\x00\x05FAR \x00\
\x22KUR \x008MLY \x00NSND\
 \x00NURD \x00V\x00\x00\xff\xff\x00\x08\x00\
\x00\x00\x01\x00\x04\x00\x05\x00\x06\x00\x09\x00\x0a\x00\x0c\x00\
\x00\xff\xff\x00\x08\x00\x00\x00\x03\x00\x04\x00\x05\x00\x06\x00\
\x09\x00\x0a\x00\x0c\x00\x00\xff\xff\x00\x01\x00\x02\x00\x00\xff\
\xff\x00\x09\x00\x00\x00\x01\x00\x04\x00\x05\x00\x06\x00\x08\x00\
\x09\x00\x0a\x00\x0c\x00\x04\x00\x00\x00\x00\xff\xff\x00\x04\x00\
\x00\x00\x07\x00\x0b\x00\x0c\x00\x0dcalt\x00Pc\
cmp\x00Vccmp\x00^ccmp\x00\
dfina\x00jinit\x00plig\
a\x00vlocl\x00~locl\x00\x84m\
edi\x00\x8arlig\x00\x90rlig\x00\
\x98ss01\x00\x9e\x00\x00\x00\x01\x00\x0e\x00\x00\x00\
\x02\x00\x00\x00\x01\x00\x00\x00\x01\x00\x00\x00\x00\x00\x01\x00\
\x01\x00\x00\x00\x01\x00\x09\x00\x00\x00\x01\x00\x0b\x00\x00\x00\
\x02\x00\x0f\x00\x10\x00\x00\x00\x01\x00\x03\x00\x00\x00\x01\x00\
\x02\x00\x00\x00\x01\x00\x0a\x00\x00\x00\x02\x00\x0c\x00\x0d\x00\
\x00\x00\x01\x00\x0d\x00\x06\x00\x01\x00\x11\x00\x00\x01\x00\x00\
\x12\x00&\x002\x00:\x00B\x00J\x00R\x00Z\x00\
b\x00j\x00r\x00z\x00\x82\x00\x8a\x00\x92\x00\x9a\x00\
\xb4\x00\xbc\x00\xc4\x00\x06\x00\x09\x00\x03\x00\xa6\x00\xd4\x01\
\x1a\x00\x04\x00\x01\x00\x01\x01l\x00\x01\x00\x08\x00\x01\x02\
\x88\x00\x01\x00\x00\x00\x01\x02\x96\x00\x01\x00\x09\x00\x01\x02\
\x9a\x00\x01\x00\x09\x00\x01\x02\xea\x00\x02\x00\x09\x00\x01\x03\
\x1c\x00\x02\x00\x09\x00\x01\x03\xaa\x00\x02\x00\x09\x00\x01\x04\
\x10\x00\x01\x00\x09\x00\x01\x04b\x00\x01\x00\x09\x00\x01\x05\
\x0c\x00\x01\x00\x09\x00\x01\x05\xa2\x00\x04\x00\x09\x00\x01\x06\
.\x00\x04\x00\x00\x00\x01\x06L\x00\x06\x00\x09\x00\x0a\x06\
d\x06\x98\x06\xbe\x06\xec\x07 \x07F\x07\x88\x07\xa8\x07\
\xda\x08\x0e\x00\x04\x00\x09\x00\x01\x08(\x00\x04\x00\x01\x00\
\x01\x08\x82\x00\x01\x00\x09\x00\x01\x09\x10\x00\x03\x00\x01\x00\
(\x00\x01\x00\x12\x00\x00\x00\x01\x00\x00\x00\x04\x00\x02\x00\
\x03\x00\x13\x00\x1c\x00\x00\x01\x00\x01\x09\x00\x0a\x012\x01\
;\x00\x14\x00\x01\x00\x01\x010\x00\x03\x00\x02\x00*\x00\
@\x00\x01\x00\x14\x00\x00\x00\x01\x00\x00\x00\x04\x00\x02\x00\
\x03\x00\x13\x00\x1c\x00\x00\x01\x00\x01\x09\x00\x0a\x012\x01\
;\x00\x14\x00\x02\x00\x03\x02e\x02n\x00\x00\x02\x7f\x02\
\x7f\x00\x0a\x02\x81\x02\x82\x00\x0b\x00\x01\x00\x01\x010\x00\
\x03\x00\x03\x00,\x00B\x00X\x00\x01\x00\x16\x00\x00\x00\
\x01\x00\x00\x00\x04\x00\x02\x00\x03\x00\x13\x00\x1c\x00\x00\x01\
\x00\x01\x09\x00\x0a\x012\x01;\x00\x14\x00\x02\x00\x03\x02\
e\x02n\x00\x00\x02\x7f\x02\x7f\x00\x0a\x02\x81\x02\x82\x00\
\x0b\x00\x02\x00\x03\x02e\x02n\x00\x00\x02\x7f\x02\x7f\x00\
\x0a\x02\x81\x02\x82\x00\x0b\x00\x01\x00\x01\x010\x00\x01\x01\
\x0e\x00\x0a\x00\x1a\x00,\x00>\x00P\x00b\x00t\x00\
\x86\x00\xc0\x00\xca\x01\x04\x00\x02\x00\x06\x00\x0c\x02`\x00\
\x02\x00\xf8\x02X\x00\x02\x00\xfb\x00\x02\x00\x06\x00\x0c\x02\
d\x00\x02\x00\xf8\x02]\x00\x02\x00\xfb\x00\x02\x00\x06\x00\
\x0c\x02b\x00\x02\x00\xf8\x02Z\x00\x02\x00\xfb\x00\x02\x00\
\x06\x00\x0c\x02_\x00\x02\x00\xf8\x02W\x00\x02\x00\xfb\x00\
\x02\x00\x06\x00\x0c\x02c\x00\x02\x00\xf8\x02\x5c\x00\x02\x00\
\xfb\x00\x02\x00\x06\x00\x0c\x02a\x00\x02\x00\xf8\x02Y\x00\
\x02\x00\xfb\x00\x07\x00\x10\x00\x16\x00\x1c\x00\x22\x00(\x00\
.\x004\x02d\x00\x02\x00\xf3\x02c\x00\x02\x00\xf6\x02\
b\x00\x02\x00\xf4\x02a\x00\x02\x00\xf7\x02`\x00\x02\x00\
\xf2\x02_\x00\x02\x00\xf5\x02^\x00\x02\x01\x10\x00\x01\x00\
\x04\x02[\x00\x02\x00\xfb\x00\x07\x00\x10\x00\x16\x00\x1c\x00\
\x22\x00(\x00.\x004\x02]\x00\x02\x00\xf3\x02\x5c\x00\
\x02\x00\xf6\x02[\x00\x02\x00\xf9\x02Z\x00\x02\x00\xf4\x02\
Y\x00\x02\x00\xf7\x02X\x00\x02\x00\xf2\x02W\x00\x02\x00\
\xf5\x00\x01\x00\x04\x02^\x00\x02\x00\xf8\x00\x02\x00\x03\x00\
\xf2\x00\xf9\x00\x00\x00\xfb\x00\xfb\x00\x08\x01\x10\x01\x10\x00\
\x09\x00\x02\x00\x0c\x00\x03\x02\x80\x01\x06\x02\x83\x00\x01\x00\
\x03\x016\x018\x019\x00\x01\x00\x06\x01_\x00\x01\x00\
\x01\x00\x03\x00\x02\x00B\x00\x1e\x02e\x02f\x02g\x02\
h\x02i\x02j\x02k\x02l\x02m\x02n\x02e\x02\
f\x02g\x02h\x02i\x02j\x02k\x02l\x02m\x02\
n\x02e\x02f\x02g\x02h\x02\x7f\x02\x81\x02\x82\x02\
l\x02m\x02n\x00\x02\x00\x03\x00\x13\x00\x1c\x00\x00\x01\
\x00\x01\x09\x00\x0a\x012\x01;\x00\x14\x00\x02\x00\x1e\x00\
\x0c\x01s\x01w\x01u\x01v\x01x\x01m\x01o\x01\
e\x01t\x01m\x01n\x01r\x00\x01\x00\x0c\x00\xde\x01\
\x16\x01\x18\x01\xde\x01\xdf\x01\xf2\x02\x01\x02\x0a\x02\x1b\x02\
J\x02K\x02|\x00\x01\x00v\x00\x0e\x00\x22\x00(\x00\
.\x004\x00:\x00@\x00F\x00L\x00R\x00X\x00\
^\x00d\x00j\x00p\x00\x02\x01\xd5\x01_\x00\x02\x01\
\xd6\x01_\x00\x02\x01\xf3\x01_\x00\x02\x01\xf4\x01_\x00\
\x02\x02\x06\x01_\x00\x02\x02\x07\x01_\x00\x02\x02\x0a\x01\
_\x00\x02\x02\x0b\x01_\x00\x02\x02\x0d\x01_\x00\x02\x02\
\x0e\x01_\x00\x02\x02L\x01_\x00\x02\x02M\x01_\x00\
\x02\x02}\x01_\x00\x02\x02~\x01_\x00\x01\x00\x0e\x01\
\xd5\x01\xd6\x01\xf3\x01\xf4\x02\x06\x02\x07\x02\x0a\x02\x0b\x02\
\x0d\x02\x0e\x02L\x02M\x02}\x02~\x00\x01\x00V\x00\
\x0a\x00\x1a\x00 \x00&\x00,\x002\x008\x00>\x00\
D\x00J\x00P\x00\x02\x01\xd5\x01`\x00\x02\x01\xd6\x01\
`\x00\x02\x01\xf3\x01`\x00\x02\x01\xf4\x01`\x00\x02\x02\
\x06\x01`\x00\x02\x02\x07\x01`\x00\x02\x02L\x01`\x00\
\x02\x02M\x01`\x00\x02\x02}\x01`\x00\x02\x02~\x01\
`\x00\x01\x00\x0a\x01\xd5\x01\xd6\x01\xf3\x01\xf4\x02\x06\x02\
\x07\x02L\x02M\x02}\x02~\x00\x01\x00F\x00\x08\x00\
\x16\x00\x1c\x00\x22\x00(\x00.\x004\x00:\x00@\x00\
\x02\x01\xd5\x01a\x00\x02\x01\xd6\x01a\x00\x02\x01\xf3\x01\
a\x00\x02\x01\xf4\x01a\x00\x02\x02L\x01a\x00\x02\x02\
M\x01a\x00\x02\x02}\x01a\x00\x02\x02~\x01a\x00\
\x01\x00\x08\x01\xd5\x01\xd6\x01\xf3\x01\xf4\x02L\x02M\x02\
}\x02~\x00\x02\x00\x84\x00?\x01\xfd\x01\xfe\x01\xff\x02\
\x00\x02\x01\x02\x04\x02\x05\x02\x08\x02\x09\x02\x0c\x02\x0f\x02\
\x12\x02\x15\x02\x18\x02\x19\x02\x1a\x02\x1b\x02\x1c\x02\x1f\x02\
\x22\x02%\x02(\x02+\x02.\x021\x024\x027\x02\
:\x02=\x02@\x02C\x02F\x02I\x02J\x02K\x01\
\xf0\x01\x5c\x01\xd3\x01\xd7\x01\xd4\x01\xda\x01\xdd\x01\xdf\x02\
o\x01\xde\x01\x5c\x02p\x01\xe0\x02s\x01\xe3\x02v\x01\
\xe6\x01\xed\x01\xe7\x01\xe8\x01\xe7\x01\xef\x02{\x01\xf2\x02\
|\x01\xee\x01\xeb\x01j\x00\x02\x00\x07\x00\xce\x00\xe6\x00\
\x00\x00\xe8\x00\xf1\x00\x19\x01\x0e\x01\x0f\x00#\x01\x11\x01\
#\x00%\x01%\x01)\x008\x01+\x01+\x00=\x01\
i\x01i\x00>\x00\x02\x00R\x00&\x02\x03\x02\x07\x02\
\x0b\x02\x0e\x02\x11\x02\x14\x02\x17\x02\x1e\x02!\x02$\x02\
'\x02*\x02-\x020\x023\x026\x029\x02<\x02\
?\x02B\x02E\x02H\x01\xf1\x02M\x01\xd9\x01\xd6\x01\
\xdc\x01]\x02r\x01\xe2\x02u\x01\xe5\x02x\x02H\x01\
\xea\x01\xf4\x02~\x01l\x00\x02\x00\x0c\x00\xd2\x00\xd2\x00\
\x00\x00\xd4\x00\xd4\x00\x01\x00\xd6\x00\xda\x00\x02\x00\xdf\x00\
\xe6\x00\x07\x00\xe8\x00\xee\x00\x0f\x00\xf0\x00\xf1\x00\x16\x01\
\x12\x01\x14\x00\x18\x01\x19\x01\x1e\x00\x1b\x01 \x01 \x00\
!\x01\x22\x01\x22\x00\x22\x01'\x01(\x00#\x01i\x01\
i\x00%\x00\x02\x00N\x00$\x02\x02\x02\x06\x02\x0a\x02\
\x0d\x02\x10\x02\x13\x02\x16\x02\x1d\x02 \x02#\x02&\x02\
)\x02,\x02/\x022\x025\x028\x02;\x02>\x02\
A\x02D\x02G\x01\xf0\x02L\x01\xd8\x01\xd5\x01\xdb\x02\
q\x01\xe1\x02t\x01\xe4\x02w\x01\xe9\x01\xf3\x02}\x01\
k\x00\x02\x00\x0b\x00\xd2\x00\xd2\x00\x00\x00\xd4\x00\xd4\x00\
\x01\x00\xd6\x00\xda\x00\x02\x00\xdf\x00\xe6\x00\x07\x00\xe8\x00\
\xee\x00\x0f\x00\xf0\x00\xf1\x00\x16\x01\x12\x01\x14\x00\x18\x01\
\x1a\x01\x1e\x00\x1b\x01\x22\x01\x22\x00 \x01'\x01(\x00\
!\x01i\x01i\x00#\x00\x01\x00\x1e\x00\x02\x00\x0a\x00\
\x14\x00\x01\x00\x04\x02T\x00\x02\x02\x04\x00\x01\x00\x04\x02\
U\x00\x02\x02\x04\x00\x01\x00\x02\x02>\x02?\x00\x01\x00\
\x1a\x00\x01\x00\x08\x00\x02\x00\x06\x00\x0c\x01\xd2\x00\x02\x00\
W\x01\xd1\x00\x02\x00I\x00\x01\x00\x01\x00I\x00\x03\x00\
\x00\x00\x01\x00\x12\x00\x01\x00&\x00\x01\x00\x00\x00\x07\x00\
\x01\x00\x08\x01\xd5\x01\xd6\x01\xf3\x01\xf4\x02L\x02M\x02\
}\x02~\x00\x01\x00\x05\x01\xee\x02\x00\x02.\x021\x02\
7\x00\x03\x00\x00\x00\x01\x00\x12\x00\x01\x00\x1a\x00\x01\x00\
\x00\x00\x06\x00\x01\x00\x02\x02\x06\x02\x07\x00\x01\x00\x04\x01\
\xff\x02.\x021\x02I\x00\x03\x00\x00\x00\x01\x00\x12\x00\
\x01\x00&\x00\x01\x00\x00\x00\x07\x00\x01\x00\x08\x01\xd5\x01\
\xd6\x01\xf3\x01\xf4\x02L\x02M\x02}\x02~\x00\x01\x00\
\x02\x01\xff\x02I\x00\x03\x00\x00\x00\x01\x00\x12\x00\x01\x00\
&\x00\x01\x00\x00\x00\x06\x00\x01\x00\x08\x01\xd5\x01\xd6\x01\
\xf3\x01\xf4\x02L\x02M\x02}\x02~\x00\x01\x00\x05\x01\
\xde\x01\xe6\x02\x1a\x02\x1b\x02C\x00\x03\x00\x00\x00\x01\x00\
\x12\x00\x01\x00\x18\x00\x01\x00\x00\x00\x05\x00\x01\x00\x01\x02\
\x0a\x00\x01\x00\x05\x01\xe0\x01\xe2\x01\xe3\x01\xe5\x02<\x00\
\x03\x00\x00\x00\x01\x00\x12\x00\x01\x00&\x00\x01\x00\x00\x00\
\x08\x00\x01\x00\x08\x01\xd5\x01\xd6\x01\xf3\x01\xf4\x02L\x02\
M\x02}\x02~\x00\x01\x00\x0c\x01\xda\x01\xea\x01\xed\x01\
\xf2\x02\x01\x02\x0f\x02\x12\x02\x15\x02H\x02J\x02K\x02\
|\x00\x03\x00\x00\x00\x01\x00\x12\x00\x01\x00\x1a\x00\x01\x00\
\x00\x00\x07\x00\x01\x00\x02\x02\x06\x02\x07\x00\x01\x00\x01\x02\
\x00\x00\x03\x00\x00\x00\x01\x00\x12\x00\x01\x00\x1a\x00\x01\x00\
\x00\x00\x07\x00\x01\x00\x02\x02\x06\x02\x07\x00\x01\x00\x0a\x01\
\xda\x01\xf2\x02\x01\x02\x0f\x02\x12\x02\x15\x02H\x02J\x02\
K\x02|\x00\x03\x00\x01\x00 \x00\x01\x00\x12\x00\x00\x00\
\x01\x00\x00\x00\x05\x00\x01\x00\x05\x01\xf2\x02\x01\x02J\x02\
K\x02|\x00\x01\x00\x08\x01k\x01l\x01\xe1\x01\xe2\x01\
\xe4\x01\xe5\x02;\x02<\x00\x03\x00\x00\x00\x01\x00\x12\x00\
\x01\x00\x22\x00\x01\x00\x00\x00\x05\x00\x01\x00\x06\x00\xde\x01\
\x16\x01\x18\x01\xde\x01\xdf\x02\x1b\x00\x01\x00\x07\x01\x1b\x01\
\x1d\x01i\x01k\x01\xe1\x01\xe4\x02;\x00\x01\x00V\x00\
\x04\x00\x0e\x00(\x00B\x00L\x00\x03\x00\x08\x00\x0e\x00\
\x14\x02R\x00\x02\x02\x00\x02P\x00\x02\x01\xfe\x02N\x00\
\x02\x01\xfd\x00\x03\x00\x08\x00\x0e\x00\x14\x02S\x00\x02\x02\
\x00\x02Q\x00\x02\x01\xfe\x02O\x00\x02\x01\xfd\x00\x01\x00\
\x04\x02z\x00\x02\x02\x04\x00\x01\x00\x04\x02y\x00\x02\x02\
\x04\x00\x01\x00\x04\x02>\x02?\x02w\x02x\x00\x01\x00\
\x86\x00\x06\x00\x12\x00,\x00^\x00h\x00r\x00|\x00\
\x03\x00\x08\x00\x0e\x00\x14\x00\xd1\x00\x02\x00\xfc\x00\xcf\x00\
\x02\x00\xfb\x00\xce\x00\x02\x00\xfa\x00\x06\x00\x0e\x00\x14\x00\
\x1a\x00 \x00&\x00,\x01\xfc\x00\x02\x00\xf9\x01\xfb\x00\
\x02\x00\xf8\x01\xfa\x00\x02\x00\xf7\x01\xf9\x00\x02\x00\xf6\x01\
\xf8\x00\x02\x00\xf5\x01\xf7\x00\x02\x00\xf2\x00\x01\x00\x04\x01\
#\x00\x02\x00\xfb\x00\x01\x00\x04\x00\xd0\x00\x02\x00\xfb\x00\
\x01\x00\x04\x00\xd2\x00\x02\x00\xfb\x00\x01\x00\x04\x01\xe7\x00\
\x02\x00\xfb\x00\x01\x00\x06\x00\xd3\x00\xe7\x00\xee\x00\xef\x00\
\xf1\x02F\x00\x02\x00\x0e\x00\x04\x01i\x01j\x01k\x01\
l\x00\x01\x00\x04\x01\x1d\x01\xe3\x01\xe4\x01\xe5\x00\x00\x00\
\x00\x00\x01\x00\x00\x00\x00\x00\x00\x00(\x00\x00\x00\x02d\
lng\x00\x00\x00(\x00\x00\x00\x0aslng\x00\
\x00\x002\x00\x00\x00\x0aArab, Lat\
nArab, Latn\
\x00\x00\x17\xeb\
\x89\
PNG\x0d\x0a\x1a\x0a\x00\x00\x00\x0dIHDR\x00\
\x00\x00@\x00\x00\x00@\x08\x06\x00\x00\x00\xaaiq\xde\
\x00\x00\x16~caBX\x00\x00\x16~jumb\
\x00\x00\x00\x1ejumdc2pa\x00\x11\x00\x10\
\x80\x00\x00\xaa\x008\x9bq\x03c2pa\x00\x00\x00\
\x16Xjumb\x00\x00\x00Gjumdc2\
ma\x00\x11\x00\x10\x80\x00\x00\xaa\x008\x9bq\x03u\
rn:c2pa:bf521a27\
-bd1b-4877-83d9-\
e6fd7f4dcd43\x00\x00\x00\x03\
\x93jumb\x00\x00\x00)jumdc2a\
s\x00\x11\x00\x10\x80\x00\x00\xaa\x008\x9bq\x03c2\
pa.assertions\x00\x00\x00\
\x00\xb8jumb\x00\x00\x00Djumdcb\
or\x00\x11\x00\x10\x80\x00\x00\xaa\x008\x9bq\x13c\
2pa.ingredient.v\
3\x00\x00\x00\x00\x18c2sh\x10\xeej\x86\x16\xa3\
\xcb\xe4'C\x132\x15\x98\x80\xdb\x00\x00\x00lcb\
or\xa3idc:formatiim\
age/pngjinstance\
IDx,xmp:iid:8db4\
4f86-e8d3-4cc7-8\
d90-3703fe2b45c4\
lrelationshiphpa\
rentOf\x00\x00\x01\xe2jumb\x00\x00\
\x00Ajumdcbor\x00\x11\x00\x10\x80\x00\
\x00\xaa\x008\x9bq\x13c2pa.acti\
ons.v2\x00\x00\x00\x00\x18c2sh<\
\x18\x14\x7f\x05tC\xce~k\x1eR>\xde\xa7\xe9\x00\
\x00\x01\x99cbor\xa2gactions\
\x82\xa2factionkc2pa.o\
penedjparameters\
\xa1kingredients\x81\xa2c\
urlx-self#jumbf=\
c2pa.assertions/\
c2pa.ingredient.\
v3dhashX \xf6\xd6\xf0m\xc4\x9fY\
-\x84]\x91\xfb\xa9\xdb\x9f(\xdeB\xce\x9bnT\xb0\
c\xcb#\x1b\x8b~\xea\x80\xc1\xa4factio\
nx\x1dcom.anthropic\
.claude.provided\
jparameters\xa1x\x1fco\
m.anthropic.orig\
in-confidencegun\
knownkdescriptio\
nxfClaude provid\
ed this file at \
the request of a\
 user and may ha\
ve created or mo\
dified the file \
contents.msoftwa\
reAgent\xa1dnamefCl\
auderallActionsI\
ncluded\xf5\x00\x00\x00\xc8jumb\
\x00\x00\x00@jumdcbor\x00\x11\x00\x10\
\x80\x00\x00\xaa\x008\x9bq\x13c2pa.ha\
sh.data\x00\x00\x00\x00\x18c2sh\
\x90\xf4\x00\x03\xf0\x86\x14\x8a\x9b\xbc\x9c%\xe9x\x93\x88\
\x00\x00\x00\x80cbor\xa5calgfsh\
a256cpadM\x00\x00\x00\x00\x00\x00\x00\
\x00\x00\x00\x00\x00\x00dhashX \xc4\xde~\
\x8d}\xe1<\xf3\x15\xd8P,\x97\xa0\xbc\x1a\xacz_\
0\xb1\x87\xf7\xe4\xa3%\x97)\xd5|\xb8\xf2dna\
menjumbf manifes\
tjexclusions\x81\xa2es\
tart\x18!flength\x19\x16\x8a\
\x00\x00\x02>jumb\x00\x00\x00'jumd\
c2cl\x00\x11\x00\x10\x80\x00\x00\xaa\x008\x9bq\
\x03c2pa.claim.v2\x00\x00\
\x00\x02\x0fcbor\xa5calgfsha\
256isignaturexMs\
elf#jumbf=/c2pa/\
urn:c2pa:bf521a2\
7-bd1b-4877-83d9\
-e6fd7f4dcd43/c2\
pa.signaturejins\
tanceIDx,xmp:iid\
:4569ad4d-c4d6-4\
e77-82e7-ee8ab02\
43985rcreated_as\
sertions\x83\xa2curlx-\
self#jumbf=c2pa.\
assertions/c2pa.\
ingredient.v3dha\
shX \xf6\xd6\xf0m\xc4\x9fY-\x84]\x91\xfb\
\xa9\xdb\x9f(\xdeB\xce\x9bnT\xb0c\xcb#\x1b\x8b\
~\xea\x80\xc1\xa2curlx*self#\
jumbf=c2pa.asser\
tions/c2pa.actio\
ns.v2dhashX a\xca$\xee\
t\xbdA\xb0\xc3\x8bgOKa\x0f\x08F\xd8\xfd\x9c\
\xa3t\x1c\xd4\xbe\xd7[\xb3\xd32\xbc\xc1\xa2cur\
lx)self#jumbf=c2\
pa.assertions/c2\
pa.hash.datadhas\
hX \xe9\xb63\x90\x8f\xaaE;\x12\x8d\x8d\x09\xd4\
\x94\x02\xf5\x07\xa4\xd5n \x87\x9a\xc2\x91\xeaF\xad\x9e\
\xf3rltclaim_genera\
tor_info\xa3dnameoA\
nthropic Filesgv\
ersione1.0.0kspe\
cVersione2.4.0\x00\x00\
\x108jumb\x00\x00\x00(jumdc2\
cs\x00\x11\x00\x10\x80\x00\x00\xaa\x008\x9bq\x03c\
2pa.signature\x00\x00\x00\
\x10\x08cbor\xd2\x84Y\x02\x12\xa2\x01&\x18!\
Y\x02\x0a0\x82\x02\x060\x82\x01\x8d\xa0\x03\x02\x01\x02\
\x02\x14@\xe5\xa0\x0a\xee\xc29\xd0\xbe\xb8\x83\xfa\x06B\
\x05=gU\x13\x000\x0a\x06\x08*\x86H\xce=\x04\
\x03\x030I1\x170\x15\x06\x03U\x04\x0a\x13\x0eA\
nthropic, PBC1.0\
,\x06\x03U\x04\x03\x13%Anthropi\
c Content Creden\
tials Root CA0\x1e\x17\
\x0d260807184356Z\x17\x0d\
280806194356Z0D1\
\x170\x15\x06\x03U\x04\x0a\x13\x0eAnthro\
pic, PBC1)0'\x06\x03U\x04\
\x03\x13 Anthropic Cla\
ude Content Sign\
ing0Y0\x13\x06\x07*\x86H\xce=\x02\x01\
\x06\x08*\x86H\xce=\x03\x01\x07\x03B\x00\x04\x98z\
\x0ak\xcbP\x18\x05\x14\xd54\xbdB\xa59[D\xe9\
\xd8\xdd\xd7\xb2\xf9J\xec\x17\xd0\xb7\xa6\x16+\x013w\
dw\xfd\xdc\xca<E\x03t(\xe5.:}}?\
\x8a\x164U\x9e\xe6}\xbfJ\x17\xbd7\xb7\x93\xa3X\
0V0\x0e\x06\x03U\x1d\x0f\x01\x01\xff\x04\x04\x03\x02\
\x07\x800\x15\x06\x03U\x1d%\x04\x0e0\x0c\x06\x0a+\
\x06\x01\x04\x01\x83\xe8^\x02\x010\x0c\x06\x03U\x1d\x13\
\x01\x01\xff\x04\x020\x000\x1f\x06\x03U\x1d#\x04\x18\
0\x16\x80\x14\xceQ\xe2\x04\x81Nd[#\xf8\xe3\xc4\
\xcf\x9a>\x9c\xc1\xd7\x5c\xc20\x0a\x06\x08*\x86H\xce\
=\x04\x03\x03\x03g\x000d\x0201s\x1d\x14\x9e\
\x01z\xd2\xcbU\x8e\xceF\xe1=\x9e\x8a\x9bl\x06N\
f\x7f\xda\x02\xb5\xf2O\x01@e\xf2\xab?<E\xda\
\xf3\xe8$\xd7\xf5\xf9@\x9d\x83U\xc6\x020p_\x5c\
\xdd\xf5a\xaabJ\xa6/\x94\x85\xab\x0dP\xc9(\xeb\
\xd72_\xa4\x93=\xfbZ\xdd\x0f\x04\x8f,\xc3\x8f:\
2\xae\x89x\xe8S\xfaTQ\xe1\xbdG\x09\xa1cp\
adY\x0d\x9e\x00\x00\x00\x00\x00\x00\x00\x00\x00\x00\x00\
\x00\x00\x00\x00\x00\x00\x00\x00\x00\x00\x00\x00\x00\x00\x00\x00\
\x00\x00\x00\x00\x00\x00\x00\x00\x00\x00\x00\x00\x00\x00\x00\x00\
\x00\x00\x00\x00\x00\x00\x00\x00\x00\x00\x00\x00\x00\x00\x00\x00\
\x00\x00\x00\x00\x00\x00\x00\x00\x00\x00\x00\x00\x00\x00\x00\x00\
\x00\x00\x00\x00\x00\x00\x00\x00\x00\x00\x00\x00\x00\x00\x00\x00\
\x00\x00\x00\x00\x00\x00\x00\x00\x00\x00\x00\x00\x00\x00\x00\x00\
\x00\x00\x00\x00\x00\x00\x00\x00\x00\x00\x00\x00\x00\x00\x00\x00\
\x00\x00\x00\x00\x00\x00\x00\x00\x00\x00\x00\x00\x00\x00\x00\x00\
\x00\x00\x00\x00\x00\x00\x00\x00\x00\x00\x00\x00\x00\x00\x00\x00\
\x00\x00\x00\x00\x00\x00\x00\x00\x00\x00\x00\x00\x00\x00\x00\x00\
\x00\x00\x00\x00\x00\x00\x00\x00\x00\x00\x00\x00\x00\x00\x00\x00\
\x00\x00\x00\x00\x00\x00\x00\x00\x00\x00\x00\x00\x00\x00\x00\x00\
\x00\x00\x00\x00\x00\x00\x00\x00\x00\x00\x00\x00\x00\x00\x00\x00\
\x00\x00\x00\x00\x00\x00\x00\x00\x00\x00\x00\x00\x00\x00\x00\x00\
\x00\x00\x00\x00\x00\x00\x00\x00\x00\x00\x00\x00\x00\x00\x00\x00\
\x00\x00\x00\x00\x00\x00\x00\x00\x00\x00\x00\x00\x00\x00\x00\x00\
\x00\x00\x00\x00\x00\x00\x00\x00\x00\x00\x00\x00\x00\x00\x00\x00\
\x00\x00\x00\x00\x00\x00\x00\x00\x00\x00\x00\x00\x00\x00\x00\x00\
\x00\x00\x00\x00\x00\x00\x00\x00\x00\x00\x00\x00\x00\x00\x00\x00\
\x00\x00\x00\x00\x00\x00\x00\x00\x00\x00\x00\x00\x00\x00\x00\x00\
\x00\x00\x00\x00\x00\x00\x00\x00\x00\x00\x00\x00\x00\x00\x00\x00\
\x00\x00\x00\x00\x00\x00\x00\x00\x00\x00\x00\x00\x00\x00\x00\x00\
\x00\x00\x00\x00\x00\x00\x00\x00\x00\x00\x00\x00\x00\x00\x00\x00\
\x00\x00\x00\x00\x00\x00\x00\x00\x00\x00\x00\x00\x00\x00\x00\x00\
\x00\x00\x00\x00\x00\x00\x00\x00\x00\x00\x00\x00\x00\x00\x00\x00\
\x00\x00\x00\x00\x00\x00\x00\x00\x00\x00\x00\x00\x00\x00\x00\x00\
\x00\x00\x00\x00\x00\x00\x00\x00\x00\x00\x00\x00\x00\x00\x00\x00\
\x00\x00\x00\x00\x00\x00\x00\x00\x00\x00\x00\x00\x00\x00\x00\x00\
\x00\x00\x00\x00\x00\x00\x00\x00\x00\x00\x00\x00\x00\x00\x00\x00\
\x00\x00\x00\x00\x00\x00\x00\x00\x00\x00\x00\x00\x00\x00\x00\x00\
\x00\x00\x00\x00\x00\x00\x00\x00\x00\x00\x00\x00\x00\x00\x00\x00\
\x00\x00\x00\x00\x00\x00\x00\x00\x00\x00\x00\x00\x00\x00\x00\x00\
\x00\x00\x00\x00\x00\x00\x00\x00\x00\x00\x00\x00\x00\x00\x00\x00\
\x00\x00\x00\x00\x00\x00\x00\x00\x00\x00\x00\x00\x00\x00\x00\x00\
\x00\x00\x00\x00\x00\x00\x00\x00\x00\x00\x00\x00\x00\x00\x00\x00\
\x00\x00\x00\x00\x00\x00\x00\x00\x00\x00\x00\x00\x00\x00\x00\x00\
\x00\x00\x00\x00\x00\x00\x00\x00\x00\x00\x00\x00\x00\x00\x00\x00\
\x00\x00\x00\x00\x00\x00\x00\x00\x00\x00\x00\x00\x00\x00\x00\x00\
\x00\x00\x00\x00\x00\x00\x00\x00\x00\x00\x00\x00\x00\x00\x00\x00\
\x00\x00\x00\x00\x00\x00\x00\x00\x00\x00\x00\x00\x00\x00\x00\x00\
\x00\x00\x00\x00\x00\x00\x00\x00\x00\x00\x00\x00\x00\x00\x00\x00\
\x00\x00\x00\x00\x00\x00\x00\x00\x00\x00\x00\x00\x00\x00\x00\x00\
\x00\x00\x00\x00\x00\x00\x00\x00\x00\x00\x00\x00\x00\x00\x00\x00\
\x00\x00\x00\x00\x00\x00\x00\x00\x00\x00\x00\x00\x00\x00\x00\x00\
\x00\x00\x00\x00\x00\x00\x00\x00\x00\x00\x00\x00\x00\x00\x00\x00\
\x00\x00\x00\x00\x00\x00\x00\x00\x00\x00\x00\x00\x00\x00\x00\x00\
\x00\x00\x00\x00\x00\x00\x00\x00\x00\x00\x00\x00\x00\x00\x00\x00\
\x00\x00\x00\x00\x00\x00\x00\x00\x00\x00\x00\x00\x00\x00\x00\x00\
\x00\x00\x00\x00\x00\x00\x00\x00\x00\x00\x00\x00\x00\x00\x00\x00\
\x00\x00\x00\x00\x00\x00\x00\x00\x00\x00\x00\x00\x00\x00\x00\x00\
\x00\x00\x00\x00\x00\x00\x00\x00\x00\x00\x00\x00\x00\x00\x00\x00\
\x00\x00\x00\x00\x00\x00\x00\x00\x00\x00\x00\x00\x00\x00\x00\x00\
\x00\x00\x00\x00\x00\x00\x00\x00\x00\x00\x00\x00\x00\x00\x00\x00\
\x00\x00\x00\x00\x00\x00\x00\x00\x00\x00\x00\x00\x00\x00\x00\x00\
\x00\x00\x00\x00\x00\x00\x00\x00\x00\x00\x00\x00\x00\x00\x00\x00\
\x00\x00\x00\x00\x00\x00\x00\x00\x00\x00\x00\x00\x00\x00\x00\x00\
\x00\x00\x00\x00\x00\x00\x00\x00\x00\x00\x00\x00\x00\x00\x00\x00\
\x00\x00\x00\x00\x00\x00\x00\x00\x00\x00\x00\x00\x00\x00\x00\x00\
\x00\x00\x00\x00\x00\x00\x00\x00\x00\x00\x00\x00\x00\x00\x00\x00\
\x00\x00\x00\x00\x00\x00\x00\x00\x00\x00\x00\x00\x00\x00\x00\x00\
\x00\x00\x00\x00\x00\x00\x00\x00\x00\x00\x00\x00\x00\x00\x00\x00\
\x00\x00\x00\x00\x00\x00\x00\x00\x00\x00\x00\x00\x00\x00\x00\x00\
\x00\x00\x00\x00\x00\x00\x00\x00\x00\x00\x00\x00\x00\x00\x00\x00\
\x00\x00\x00\x00\x00\x00\x00\x00\x00\x00\x00\x00\x00\x00\x00\x00\
\x00\x00\x00\x00\x00\x00\x00\x00\x00\x00\x00\x00\x00\x00\x00\x00\
\x00\x00\x00\x00\x00\x00\x00\x00\x00\x00\x00\x00\x00\x00\x00\x00\
\x00\x00\x00\x00\x00\x00\x00\x00\x00\x00\x00\x00\x00\x00\x00\x00\
\x00\x00\x00\x00\x00\x00\x00\x00\x00\x00\x00\x00\x00\x00\x00\x00\
\x00\x00\x00\x00\x00\x00\x00\x00\x00\x00\x00\x00\x00\x00\x00\x00\
\x00\x00\x00\x00\x00\x00\x00\x00\x00\x00\x00\x00\x00\x00\x00\x00\
\x00\x00\x00\x00\x00\x00\x00\x00\x00\x00\x00\x00\x00\x00\x00\x00\
\x00\x00\x00\x00\x00\x00\x00\x00\x00\x00\x00\x00\x00\x00\x00\x00\
\x00\x00\x00\x00\x00\x00\x00\x00\x00\x00\x00\x00\x00\x00\x00\x00\
\x00\x00\x00\x00\x00\x00\x00\x00\x00\x00\x00\x00\x00\x00\x00\x00\
\x00\x00\x00\x00\x00\x00\x00\x00\x00\x00\x00\x00\x00\x00\x00\x00\
\x00\x00\x00\x00\x00\x00\x00\x00\x00\x00\x00\x00\x00\x00\x00\x00\
\x00\x00\x00\x00\x00\x00\x00\x00\x00\x00\x00\x00\x00\x00\x00\x00\
\x00\x00\x00\x00\x00\x00\x00\x00\x00\x00\x00\x00\x00\x00\x00\x00\
\x00\x00\x00\x00\x00\x00\x00\x00\x00\x00\x00\x00\x00\x00\x00\x00\
\x00\x00\x00\x00\x00\x00\x00\x00\x00\x00\x00\x00\x00\x00\x00\x00\
\x00\x00\x00\x00\x00\x00\x00\x00\x00\x00\x00\x00\x00\x00\x00\x00\
\x00\x00\x00\x00\x00\x00\x00\x00\x00\x00\x00\x00\x00\x00\x00\x00\
\x00\x00\x00\x00\x00\x00\x00\x00\x00\x00\x00\x00\x00\x00\x00\x00\
\x00\x00\x00\x00\x00\x00\x00\x00\x00\x00\x00\x00\x00\x00\x00\x00\
\x00\x00\x00\x00\x00\x00\x00\x00\x00\x00\x00\x00\x00\x00\x00\x00\
\x00\x00\x00\x00\x00\x00\x00\x00\x00\x00\x00\x00\x00\x00\x00\x00\
\x00\x00\x00\x00\x00\x00\x00\x00\x00\x00\x00\x00\x00\x00\x00\x00\
\x00\x00\x00\x00\x00\x00\x00\x00\x00\x00\x00\x00\x00\x00\x00\x00\
\x00\x00\x00\x00\x00\x00\x00\x00\x00\x00\x00\x00\x00\x00\x00\x00\
\x00\x00\x00\x00\x00\x00\x00\x00\x00\x00\x00\x00\x00\x00\x00\x00\
\x00\x00\x00\x00\x00\x00\x00\x00\x00\x00\x00\x00\x00\x00\x00\x00\
\x00\x00\x00\x00\x00\x00\x00\x00\x00\x00\x00\x00\x00\x00\x00\x00\
\x00\x00\x00\x00\x00\x00\x00\x00\x00\x00\x00\x00\x00\x00\x00\x00\
\x00\x00\x00\x00\x00\x00\x00\x00\x00\x00\x00\x00\x00\x00\x00\x00\
\x00\x00\x00\x00\x00\x00\x00\x00\x00\x00\x00\x00\x00\x00\x00\x00\
\x00\x00\x00\x00\x00\x00\x00\x00\x00\x00\x00\x00\x00\x00\x00\x00\
\x00\x00\x00\x00\x00\x00\x00\x00\x00\x00\x00\x00\x00\x00\x00\x00\
\x00\x00\x00\x00\x00\x00\x00\x00\x00\x00\x00\x00\x00\x00\x00\x00\
\x00\x00\x00\x00\x00\x00\x00\x00\x00\x00\x00\x00\x00\x00\x00\x00\
\x00\x00\x00\x00\x00\x00\x00\x00\x00\x00\x00\x00\x00\x00\x00\x00\
\x00\x00\x00\x00\x00\x00\x00\x00\x00\x00\x00\x00\x00\x00\x00\x00\
\x00\x00\x00\x00\x00\x00\x00\x00\x00\x00\x00\x00\x00\x00\x00\x00\
\x00\x00\x00\x00\x00\x00\x00\x00\x00\x00\x00\x00\x00\x00\x00\x00\
\x00\x00\x00\x00\x00\x00\x00\x00\x00\x00\x00\x00\x00\x00\x00\x00\
\x00\x00\x00\x00\x00\x00\x00\x00\x00\x00\x00\x00\x00\x00\x00\x00\
\x00\x00\x00\x00\x00\x00\x00\x00\x00\x00\x00\x00\x00\x00\x00\x00\
\x00\x00\x00\x00\x00\x00\x00\x00\x00\x00\x00\x00\x00\x00\x00\x00\
\x00\x00\x00\x00\x00\x00\x00\x00\x00\x00\x00\x00\x00\x00\x00\x00\
\x00\x00\x00\x00\x00\x00\x00\x00\x00\x00\x00\x00\x00\x00\x00\x00\
\x00\x00\x00\x00\x00\x00\x00\x00\x00\x00\x00\x00\x00\x00\x00\x00\
\x00\x00\x00\x00\x00\x00\x00\x00\x00\x00\x00\x00\x00\x00\x00\x00\
\x00\x00\x00\x00\x00\x00\x00\x00\x00\x00\x00\x00\x00\x00\x00\x00\
\x00\x00\x00\x00\x00\x00\x00\x00\x00\x00\x00\x00\x00\x00\x00\x00\
\x00\x00\x00\x00\x00\x00\x00\x00\x00\x00\x00\x00\x00\x00\x00\x00\
\x00\x00\x00\x00\x00\x00\x00\x00\x00\x00\x00\x00\x00\x00\x00\x00\
\x00\x00\x00\x00\x00\x00\x00\x00\x00\x00\x00\x00\x00\x00\x00\x00\
\x00\x00\x00\x00\x00\x00\x00\x00\x00\x00\x00\x00\x00\x00\x00\x00\
\x00\x00\x00\x00\x00\x00\x00\x00\x00\x00\x00\x00\x00\x00\x00\x00\
\x00\x00\x00\x00\x00\x00\x00\x00\x00\x00\x00\x00\x00\x00\x00\x00\
\x00\x00\x00\x00\x00\x00\x00\x00\x00\x00\x00\x00\x00\x00\x00\x00\
\x00\x00\x00\x00\x00\x00\x00\x00\x00\x00\x00\x00\x00\x00\x00\x00\
\x00\x00\x00\x00\x00\x00\x00\x00\x00\x00\x00\x00\x00\x00\x00\x00\
\x00\x00\x00\x00\x00\x00\x00\x00\x00\x00\x00\x00\x00\x00\x00\x00\
\x00\x00\x00\x00\x00\x00\x00\x00\x00\x00\x00\x00\x00\x00\x00\x00\
\x00\x00\x00\x00\x00\x00\x00\x00\x00\x00\x00\x00\x00\x00\x00\x00\
\x00\x00\x00\x00\x00\x00\x00\x00\x00\x00\x00\x00\x00\x00\x00\x00\
\x00\x00\x00\x00\x00\x00\x00\x00\x00\x00\x00\x00\x00\x00\x00\x00\
\x00\x00\x00\x00\x00\x00\x00\x00\x00\x00\x00\x00\x00\x00\x00\x00\
\x00\x00\x00\x00\x00\x00\x00\x00\x00\x00\x00\x00\x00\x00\x00\x00\
\x00\x00\x00\x00\x00\x00\x00\x00\x00\x00\x00\x00\x00\x00\x00\x00\
\x00\x00\x00\x00\x00\x00\x00\x00\x00\x00\x00\x00\x00\x00\x00\x00\
\x00\x00\x00\x00\x00\x00\x00\x00\x00\x00\x00\x00\x00\x00\x00\x00\
\x00\x00\x00\x00\x00\x00\x00\x00\x00\x00\x00\x00\x00\x00\x00\x00\
\x00\x00\x00\x00\x00\x00\x00\x00\x00\x00\x00\x00\x00\x00\x00\x00\
\x00\x00\x00\x00\x00\x00\x00\x00\x00\x00\x00\x00\x00\x00\x00\x00\
\x00\x00\x00\x00\x00\x00\x00\x00\x00\x00\x00\x00\x00\x00\x00\x00\
\x00\x00\x00\x00\x00\x00\x00\x00\x00\x00\x00\x00\x00\x00\x00\x00\
\x00\x00\x00\x00\x00\x00\x00\x00\x00\x00\x00\x00\x00\x00\x00\x00\
\x00\x00\x00\x00\x00\x00\x00\x00\x00\x00\x00\x00\x00\x00\x00\x00\
\x00\x00\x00\x00\x00\x00\x00\x00\x00\x00\x00\x00\x00\x00\x00\x00\
\x00\x00\x00\x00\x00\x00\x00\x00\x00\x00\x00\x00\x00\x00\x00\x00\
\x00\x00\x00\x00\x00\x00\x00\x00\x00\x00\x00\x00\x00\x00\x00\x00\
\x00\x00\x00\x00\x00\x00\x00\x00\x00\x00\x00\x00\x00\x00\x00\x00\
\x00\x00\x00\x00\x00\x00\x00\x00\x00\x00\x00\x00\x00\x00\x00\x00\
\x00\x00\x00\x00\x00\x00\x00\x00\x00\x00\x00\x00\x00\x00\x00\x00\
\x00\x00\x00\x00\x00\x00\x00\x00\x00\x00\x00\x00\x00\x00\x00\x00\
\x00\x00\x00\x00\x00\x00\x00\x00\x00\x00\x00\x00\x00\x00\x00\x00\
\x00\x00\x00\x00\x00\x00\x00\x00\x00\x00\x00\x00\x00\x00\x00\x00\
\x00\x00\x00\x00\x00\x00\x00\x00\x00\x00\x00\x00\x00\x00\x00\x00\
\x00\x00\x00\x00\x00\x00\x00\x00\x00\x00\x00\x00\x00\x00\x00\x00\
\x00\x00\x00\x00\x00\x00\x00\x00\x00\x00\x00\x00\x00\x00\x00\x00\
\x00\x00\x00\x00\x00\x00\x00\x00\x00\x00\x00\x00\x00\x00\x00\x00\
\x00\x00\x00\x00\x00\x00\x00\x00\x00\x00\x00\x00\x00\x00\x00\x00\
\x00\x00\x00\x00\x00\x00\x00\x00\x00\x00\x00\x00\x00\x00\x00\x00\
\x00\x00\x00\x00\x00\x00\x00\x00\x00\x00\x00\x00\x00\x00\x00\x00\
\x00\x00\x00\x00\x00\x00\x00\x00\x00\x00\x00\x00\x00\x00\x00\x00\
\x00\x00\x00\x00\x00\x00\x00\x00\x00\x00\x00\x00\x00\x00\x00\x00\
\x00\x00\x00\x00\x00\x00\x00\x00\x00\x00\x00\x00\x00\x00\x00\x00\
\x00\x00\x00\x00\x00\x00\x00\x00\x00\x00\x00\x00\x00\x00\x00\x00\
\x00\x00\x00\x00\x00\x00\x00\x00\x00\x00\x00\x00\x00\x00\x00\x00\
\x00\x00\x00\x00\x00\x00\x00\x00\x00\x00\x00\x00\x00\x00\x00\x00\
\x00\x00\x00\x00\x00\x00\x00\x00\x00\x00\x00\x00\x00\x00\x00\x00\
\x00\x00\x00\x00\x00\x00\x00\x00\x00\x00\x00\x00\x00\x00\x00\x00\
\x00\x00\x00\x00\x00\x00\x00\x00\x00\x00\x00\x00\x00\x00\x00\x00\
\x00\x00\x00\x00\x00\x00\x00\x00\x00\x00\x00\x00\x00\x00\x00\x00\
\x00\x00\x00\x00\x00\x00\x00\x00\x00\x00\x00\x00\x00\x00\x00\x00\
\x00\x00\x00\x00\x00\x00\x00\x00\x00\x00\x00\x00\x00\x00\x00\x00\
\x00\x00\x00\x00\x00\x00\x00\x00\x00\x00\x00\x00\x00\x00\x00\x00\
\x00\x00\x00\x00\x00\x00\x00\x00\x00\x00\x00\x00\x00\x00\x00\x00\
\x00\x00\x00\x00\x00\x00\x00\x00\x00\x00\x00\x00\x00\x00\x00\x00\
\x00\x00\x00\x00\x00\x00\x00\x00\x00\x00\x00\x00\x00\x00\x00\x00\
\x00\x00\x00\x00\x00\x00\x00\x00\x00\x00\x00\x00\x00\x00\x00\x00\
\x00\x00\x00\x00\x00\x00\x00\x00\x00\x00\x00\x00\x00\x00\x00\x00\
\x00\x00\x00\x00\x00\x00\x00\x00\x00\x00\x00\x00\x00\x00\x00\x00\
\x00\x00\x00\x00\x00\x00\x00\x00\x00\x00\x00\x00\x00\x00\x00\x00\
\x00\x00\x00\x00\x00\x00\x00\x00\x00\x00\x00\x00\x00\x00\x00\x00\
\x00\x00\x00\x00\x00\x00\x00\x00\x00\x00\x00\x00\x00\x00\x00\x00\
\x00\x00\x00\x00\x00\x00\x00\x00\x00\x00\x00\x00\x00\x00\x00\x00\
\x00\x00\x00\x00\x00\x00\x00\x00\x00\x00\x00\x00\x00\x00\x00\x00\
\x00\x00\x00\x00\x00\x00\x00\x00\x00\x00\x00\x00\x00\x00\x00\x00\
\x00\x00\x00\x00\x00\x00\x00\x00\x00\x00\x00\x00\x00\x00\x00\x00\
\x00\x00\x00\x00\x00\x00\x00\x00\x00\x00\x00\x00\x00\x00\x00\x00\
\x00\x00\x00\x00\x00\x00\x00\x00\x00\x00\x00\x00\x00\x00\x00\x00\
\x00\x00\x00\x00\x00\x00\x00\x00\x00\x00\x00\x00\x00\x00\x00\x00\
\x00\x00\x00\x00\x00\x00\x00\x00\x00\x00\x00\x00\x00\x00\x00\x00\
\x00\x00\x00\x00\x00\x00\x00\x00\x00\x00\x00\x00\x00\x00\x00\x00\
\x00\x00\x00\x00\x00\x00\x00\x00\x00\x00\x00\x00\x00\x00\x00\x00\
\x00\x00\x00\x00\x00\x00\x00\x00\x00\x00\x00\x00\x00\x00\x00\x00\
\x00\x00\x00\x00\x00\x00\x00\x00\x00\x00\x00\x00\x00\x00\x00\x00\
\x00\x00\x00\x00\x00\x00\x00\x00\x00\x00\x00\x00\x00\x00\x00\x00\
\x00\x00\x00\x00\x00\x00\x00\x00\x00\x00\x00\x00\x00\x00\x00\x00\
\x00\x00\x00\x00\x00\x00\x00\x00\x00\x00\x00\x00\x00\x00\x00\x00\
\x00\x00\x00\x00\x00\x00\x00\x00\x00\x00\x00\x00\x00\x00\x00\x00\
\x00\x00\x00\x00\x00\x00\x00\x00\x00\x00\x00\x00\x00\x00\x00\x00\
\x00\x00\x00\x00\x00\x00\x00\x00\x00\x00\x00\x00\x00\x00\x00\x00\
\x00\x00\x00\x00\x00\x00\x00\x00\x00\x00\x00\x00\x00\x00\x00\x00\
\x00\x00\x00\x00\x00\x00\x00\x00\x00\x00\x00\x00\x00\x00\x00\x00\
\x00\x00\x00\x00\x00\x00\x00\x00\x00\x00\x00\x00\x00\x00\x00\x00\
\x00\x00\x00\x00\x00\x00\x00\x00\x00\x00\x00\x00\x00\x00\x00\x00\
\x00\x00\x00\x00\x00\x00\x00\x00\x00\x00\x00\x00\x00\x00\x00\x00\
\x00\x00\x00\x00\x00\x00\x00\x00\x00\x00\x00\x00\x00\x00\x00\x00\
\x00\x00\x00\x00\x00\x00\x00\x00\x00\x00\x00\x00\x00\x00\x00\x00\
\x00\x00\x00\x00\x00\x00\x00\x00\x00\x00\x00\x00\x00\x00\x00\x00\
\x00\x00\x00\x00\x00\x00\x00\x00\x00\x00\x00\x00\x00\x00\x00\x00\
\x00\x00\x00\x00\x00\x00\x00\x00\x00\x00\x00\x00\x00\x00\x00\x00\
\x00\x00\x00\x00\x00\x00\x00\x00\x00\x00\x00\x00\x00\x00\x00\x00\
\x00\x00\x00\x00\x00\x00\x00\x00\x00\x00\x00\x00\x00\x00\x00\x00\
\x00\x00\x00\x00\x00\x00\x00\x00\x00\x00\x00\x00\x00\x00\x00\x00\
\x00\x00\x00\x00\x00\x00\x00\x00\x00\x00\x00\x00\x00\x00\x00\x00\
\x00\x00\x00\x00\x00\x00\x00\x00\x00\x00\x00\x00\x00\x00\x00\x00\
\x00\x00\x00\x00\x00\x00\x00\x00\x00\x00\x00\x00\x00\x00\x00\x00\
\x00\x00\x00\x00\x00\x00\x00\x00\x00\x00\x00\x00\x00\x00\x00\x00\
\x00\x00\x00\x00\x00\x00\x00\x00\x00\x00\x00\x00\x00\x00\x00\x00\
\x00\x00\x00\x00\x00\x00\x00\x00\x00\x00\x00\x00\x00\x00\x00\x00\
\x00\x00\x00\x00\x00\x00\x00\x00\x00\x00\x00\x00\x00\x00\x00\x00\
\x00\x00\x00\x00\x00\x00\x00\x00\x00\x00\x00\x00\x00\x00\x00\x00\
\x00\x00\x00\x00\x00\x00\x00\x00\x00\x00\x00\x00\x00\x00\x00\x00\
\x00\x00\x00\xf6X@\x87\xcbs\xf8(r:~\xb9V\
D\x16;\xb0I<\xd4S\xc2\xb3P\xccJ\x9b\x9b\x88\
\xabA\xf5X\x91\xfa\x8d\xe9\xe7!=\xf8\xcb0U\xca\
\xb6K\xab\x06\xd1e\x16\x84eP\xc7\x8b\x0b\xe0`\x83\
\xf4w\xc5\xfaH\x8a=\x0c\x91\x15\x00\x00\x01(ID\
ATx\x9c\xed\x98\xb9\x12\xc3 \x10\xc5D\xfe\xff\x9f\
\x9d*\x0d\xe3\x03\xf60\xcb\xe4\xa9Ka\x07)c\xc8\
\x1a\x84\x10B\x08!\x84\x10B\x08!6\xe38\x8e\xc3\
s\xfd'j!+\xf8\xc9{\x22l\x1b\xa0\x97\xb6F\
\xd82\xc0\x95\xac%\xc2\x96\x01\xee\x98\x8d\xb0]\x80'\
\xc1\xd6Z\x9b\xb9\xdfV\x01\xa2\xe5a\xa3\x00\x19\xf2\xb0\
I\x00\xefY\x7fG\xf9\x00#\xf2\xd6_\x1f\x8a\x07\xc8\
\x96\x87\xe2\x01\x9e\xf0\xcaC\xe1\x00Y\x9b^O\xc9\x00\
o\xc9C\xc1\x00o\xcaC\xb1\x00\x99\xc7\xdd\x15\xee\x00\
Q\x8b~c\xc7?\xc3\x15 b\x1e\x1f\xbd>C\x1e\
\x1c\x01\xa2\xe6\xf1\x11\xb2\xe4\xc1\x18 r\x1e\x7f{\xd3\
\xeb\x99\x0e\xf0\xb4\xe0\x99\x08\xab\xe5\xc1\x10`dQ#\
\x11*\xc8\x83\xf1\x11\xf0FXq\xdc]a\xde\x04\xad\
\x11V\xee\xf8g\xb8\x8e\xc1\xd9\x08\xd5\xe4!\xe0\x8fP\
\xd4\x9e0z\xafh\xc2\xbe\xd0\xfb\x5c\xaf\x90\x87\xc0Y\
\xc0#\xb0J\x1e\x82\x87!\x8b\xc8JyH\x98\x06W\
\x0b\xcd\x922\x0e\x8fF\xa8\x10+\xed}\xc0\x93\x5c\x05\
yH~!\xd2K\xfe>W\x91\x17B\x08!\x84\x10\
B\x08!\xfe\x94/9\xf7\xa4,\x97\x07\xba?\x00\x00\
\x00\x00IEND\xaeB`\x82\
\x00\x00\x01\x0e\
\x89\
PNG\x0d\x0a\x1a\x0a\x00\x00\x00\x0dIHDR\x00\
\x00\x00\x14\x00\x00\x00\x14\x08\x06\x00\x00\x00\x8d\x89\x1d\x0d\
\x00\x00\x00\xd5IDATx\x9c\xe5\xd3\xcd\x0d\x820\
\x18\xc6\xf1\xb7G8\xc9$2\x82N\xa2#\xc8$\xae\
\xa0\x93\xe8\x08\xba\x04W<\xb5\xc7\xfa<Mc,\xf4\
\xcb\xc4\x1b\xff\x84P\xfa\xf1K\x08A\xc9\x9f[#8\
M\xd3\xc6\x18s\xc0X\x9a\xa6\xb9v]\xf7\xc2\xb0\xba\
\xf9y5\x8e\xe3\x09\xe33.\xb1\xd6>\xda\xb6\xdd\xd7\
\xa2\xc4\xb4\xd67\xa5T\x8fG6\x04 \xabE#\x18\
\x1b\xdc+c\xe1\x8e\x85-&\x5c%\xd4\x9f\x090\x9c\
y\xe2\xcc\xce}\x14\xbf\xa1\x0a\xf5{\xa3\x18\xf7:\x90\
\xf9\x8dY\xd4\xefIbx\x94\x0f\xc8\xfc\x81(\x8a\xa1\
`-\x8b1\x85+(\x85\xe2&\x98\xebqsan\
\x81\xb1\x05\xc8b\xe8w)\x8cEA\x96Bs\x18K\
\x82l\x8e\x960\x96\x05\x19Q\xfcZGA\xf8\xb5.\
9\x8c\x15\xc1_[!\xf8\x06%\xed\xc6\x13\xad\x1d\x14\
\xb3\x00\x00\x00\x00IEND\xaeB`\x82\
\x00\x00\x06\xf0\
\x00\
\x00\x17{x\xda\xedX}p\x13e\x1a\xdf\xdd\xc4\x14\
#-\xd5\xd6R9\x0b\xcb\x95\x8f~\x90\xb0I\x934\
\xc9Q\x9a\xb6\xa9P\xb4\xa5b\x0b-\xa8\xf5\xed~$\
\xdb$\xbb\xe9\xee\xa6\x8d\x9e\xd4\xf2\xe5\x01w\xe0\x8c\xf8\
Q\x0b\xd6\xb6P\x06qD\xd1\x91\xaa\x08\xd4\xaax\x1e\
'\x07\xe5\x98\x00G\xf1\x0a\x83V<p\xe0\xc4\xa1r\
\xc8\xbd\xbbYJ\x11\x19\xe7\xfe\xb8\x19\xff\xc83\x93\xbc\
}\x9e<\xcf\xef\xf9\xbd\xcf\xc7\xfbGW\x95\x97\xcd\x8a\
\xd7\x8f\xd3#\x08\x12_2\xdb=\x0f\x9e.\xf93J\
\x07\xbf\xb7\xb2\xf5'\x10$\xa5\x89\x04\x85U\xf2Y\x17\
\x0a\xd4B\xf3xxR\xa49\x08\x90;\x91\xc4f\xe8\
\x86\xd8\xd7\xd7k\x14\x03\xf4\xaaR\xbdfE\xbd\x027\
z\x85\x04\xce){:-&\x86\xce\xb5\x82\x1c\x839\
\x87\xc81X\x18@\x18\xecV@\x1b,\x0e\x0bI\xe6\
\x9a\x80\xc3N: \x8af\x9d\x0a\x97\x19\x85\x03\xe2M\
I\x8d@\x14iAbyN\x84~\xc8\xbbj\x80[\
\x09\xa8\xe5\x85\x91\x01IJ\x00\xcby\x04\x9abiN\
26\xe4\xc81\xa9\xa4Y\xf46o\xef)u\xb5\xec\
x\xbc\x97\xdb\x9d\xb9Yp\xff\x15\xda\xfdr\xfcF\x96\
\x22\x9d\x0c/\x04\x80\xc4\xb2\x01\xe0\xa1\xa7\x079O\x1d\
\xcb\x89\x12\xe0H\xba\xc4\x1d\x9e\x16\x0e\x04\x9d,K9\
\x01Yk\xb2\x11&`\xc81\xdb(\x83\x854\xe5\x1a\
@\xad\x8d08H\xd2jw\x00`#\xcd\xa4_\xa0\
\xfd@!\xebe\x83\xde \x10 \x8b\xb9\x0c\x82\xa0'\
U\xde\x05\xb7\xe6\x0dH%\xd0\xd8`\x1e&\xfd\xcf)\
\x81\xc3\xb3w\xcf\x9d<\xff\xfe\x17\xca\xbe]\x95r\x10\
\x02\xbd$\x07wzT\xe7\xa5\x9dL\xf4/\x9f\x02\xc1\
\x07i\x8e\xa6\xea`^\x10\xa0%Z\x10;|\xd7\xab\
!.\xe9$C\x82?l\x10i?\x93.\xf3a\xf2\
~R\xe1\xe97\x17\x90\xf2\x02\xd1[\x85\xefZ\xdd9\
+\xff\xc9Q\xed\xaf\xc4\xbf\xd1\x1a7:\xab\xeb\xc4r\
\xc7w\xce\xab\xe7\xe6\xe5\xdd\xfb\xd1\xc0\xeb\x97\xaf<\xbf\
I\xe5\x11N#\xf9\x80\x11p\x92W\xe0\x83,i$\
\xfd D\xd1\xc6\xa0\xc07\xb0\xd4\x8d\xd4\xc2\x13nt\
\xe5\x05\xd6\xc3r\x06\x92\xe7\x18\xe8\x0a\x8b\xef\x09q>\
\x8eo\xe4|\x14-\x92\x02\x1bT\xf0\x99\x22\x05\x11\xbf\
\x86\x88K^V\xc4\x19\xd6O\xe3@\x82\x0a\x8d\x0bt\
}\x88\x16%\x9cgp\x80\x87\xe0\xd5p\xc0Qx\x00\
<\x8e{A\x03\x8d\x93\x02\x0d$\x18\xc7\x0bx\x80\xa7\
X\x86U0\xe8(\x04L.\xc9\xa52\x06D\x9e\x91\
\x1aa\xff\x0a<P\xef\xa08\xc8ZM-\x00\xbf\xbf\
 Z\xfe\x12\x8e\xf4C\x0bu\x116\xec\xcfj\x87]\
\xb7\xee\xb0\x5cJ#\x05$0\xdc\xe0D\xfax\xf5\x9f\
\x16\xbc\x18>{\xfa\x8d?\xac\xc8|\xd6\x02\xed\xcdr\
l\x17\x09\xfc\x1eF\xf4\x02\xb3\xd5F\x06\x01U\x8a\x8c\
\x14\xb5';\xc6\xffc\xc3\xa2S[VU\xbf\x17\xe9\
\xd0\xb6\xed\x8d\x0c\xe5\xb7\xde#u-OL\xdc7a\
\xcd\xe7z_\xb9B\x9aS\x1a\x0d\xaf\xcf\xb1\x0c\xacJ\
\x1d\x1d\x86\x94E\x99\xfc\x92N\xa8\x03AJ\x9d\xc8\xf8\
i\xce#y\xefIY\x8d \xd8L\xf5\x1eS\xa3+\
I\xfao^I\xd8T6\x10\x9dSl\xccO\xe9\xb2\
\x22\xeb\xe1\x80\x14\x12\xe8p\xe9\x88ISFk\xfa\xff\
\xf4@D\xa7q\x18\xeeg\x97\xb2\xd6j'\x80\x89q\
\x18\x1c\x14Sk\xb0X\x19\xd2\xe0`h\x93\x811[\
\x18\x1aX\xcd\xf6Z\xbbIP[^s}\xd0\x97\xfd\
\x1fW!\x0a\x9d\xf5K\xd0\xd7\xd7]\xc5\xed\xbb\xa3\xfd\
\x888%\xabl\xad\xaf\xe8r\xc6\x8a*\xcdo\xcci\
C}D\xfdW\xc6\xf1\xedk\x9aLS\xbb\xa3\xb8\x99\
\xbf\x84;<d*\xec\xda\xdfn/\xae\xe8k\x11\xc6\
}\x9d\x8b}\x9b\xc1\xc6\xbd\xed\xbfk\x9c8\xf4\xc0\xda\
\x8f\xed\x87\x9b\x9a\xce>\x12\x90\x94n\xd6\xc01\x87\x93\
-\xf1B\x0d\xcb1\xfcFev\xf8\x82k\xcb\x89\xdf\
\x07\xb7C\xf44\xc0\xbd\x85\x99h\x93\x910\x12>1\
H\x93\xf3U\x8b\xd9h1\x12\x08\x92hW\xa7'C\
\x9d\x9e\x9fy\xd0\x87\x1b\x0a\xdd\x12G\xc9\xe3\xd3\xb7\xbc\
\x1a\xbb\xab\x13\x9d\x92:\xb1\x1a\xd3\x13K1\x1d\xb1\x14\
]\xd3\xae\xc1P\x0cKv\x9dn\xd7\x9f\xebu\x1c\xd8\
\xfd\xee\xb2\x1ft\x85\xb7\xe5y*\x93\x10B\xaf\x1b\x95\
\xf5\xf4\xec\xfdyZ\x8d\x86(1\x8d%\xee\xd6i*\
\xb5\xfa\xa4\x84a\xbe\xd3\xf0\xf2\xc2\x22\xc8r\x9a\xfc\x83\
&i\xf2\xf5\x8b\x14E7\x1c/\x82}\x85'\x0b\xfc\
\x22>\x8f\xe7\xa1\xa1\x80\x18?6\xdel#\xecD\xae\
\xc9n\xc9\xb1\xda\x16B\xd5\x0eU\x9b\xc9\xa1\xa8\x84\xfb\
\xd6\xa92\x89\xa9\xd1T\xf8\x88T\xd1\x97\xeaZ\xc6\x87\
\xe0\xbd\xe1<\x11\xd5D\x92.N\xa1\x8f\xa1\xea=4\
h\x9c\xa6\x10\xd1\xb6<\xa1\xf7\xed+O\xbd-\xf9\xb0\
eWa\x97c\x91\xfb\xeb#\xfd\x91\xb7\x86\xe6\xfck\
\xec\x81\xee\xcd)\xd9hN#\xd5x\xe5\xf8_f\x14\
k\xa4\x8c\xd3F\xe7\xe2\xc5\xf9\xabS,\x95m_.\
\xde3g\xec\xae\xdc\xeeu\x1b\xab\x88\xf9D\x02\xe4\x91\
6\x06E\xafj\xb5\x1a,\xaeY!\x9c6Y\x9b@\
\x8c\xd6\xe9\xb3u\xa8\x16]6\xf8(\x86B\x0d\x9a\x93\
d7\x8c@\x88\x09\xb2\x96\xaeM%R\x9a\x93\xf7?\
xR\xbb\xa4\x8cZ\x94~\xe9\xd4\xc7\x7fk\x9d\xb9\xe1\
\xc3\xc8\xc3\xbd#+\xae\xf1 \x04\x85\x11&1-\xb9\
\x0d}\xa2o_\xe5\xda\xfd\xf7\x0d\xe4\xb5\xad^\xef\xd7\
\x951O\x1d\xc3\xde\xb90\x17u\xd1\x17^\xcb\x9fQ\
|\xec\xdf\x83\x93\x22\x17\x87\x5c//\xab\xdc\x8b\x11\xc1\
\x9a\x87\xfb/\x82\xad\xb5s6O\x7fn\xc5k\xf1\xe5\
\x9fe|\x131\xd7lZ\x97wya\xff\x18\xed3\
\xd3>z\xc6i\xde\xb6*<\xf8\xd0\x0f\x15\x0f\x0e\xec\
\x9au{\x87\xfc\xf2U\xc7\xb7!1\x89ILb\x12\
\x93\x98\xc4$&1\x89ILb\x12\x93_\x81|_\
\xe5\xda\x11\xb1H\xfaM\xe7W\xde[lx\x93\x198\
v4\xfb\x8e\x89i\x16\x96\xda\xa9\xaf\xaf\x0e>\xf0\xf9\
\xef\x1e+\x9d\xd4\xdcq\xe5\xfb\x94\xaa\xec\x1f\xbf8\xc2\
\xcf|\xa1'\xed\xccK]g\xde\xb9\x94y$\xd5\x9b\
?\xb8%]\xb7'\xa1\xb7W\xfe\xdfn\x89\xbb\xa0\x22\
\xbc\xe1\xec\xd1\x82\x84^b\xb4\xb6g\xf9\xd5\xab\x8e\xe3\
\xe9h\xe1\xc5\xbd\xcf;\xc5\xd7\x83\x1b\xd6,\xd2\xa6i\
\xe4\x94\xe1g\x8fn\x1f\x5c\xe8[\xfc\xbe\xed\xab\x19\xc7\
\x0e\x1d\xfcdw\xe0\xc9\xc6\xac\x95\xe9\x7f\xfc\xcf\xdb\xe7\
\x1fq\xae\x5c\xf0\xd6\xa5\xd4\x88\xad\xe6\xfcPM'Z\
a}e\xf4\xc4\x14W\xe8\xd0\xab\x89'\xbb{\xfa\x8b\
\xb1\xd9/\xcf\xef\xdcv\xfb\x16cKS\xdd\x82H.\
\xda\x1f/%\xb9\x1a5\xfd\xda\x03\xfd\xae\xee\x0bH\xdf\
\x9e\x13[\xbfY\xdf\xec>\xf8\xf7\xe4IgZ\x9b+\
\x06\xce\x1c\x9aSZ)a[[\xcbfV\x9d\xea\xee\
9\xfc\xe5\xa9/\xb2>;\xb9\xf3\xd3\x1f\xb3?\xd8y\
\xe8\xf7\xa8B\xa6%w\xfb\x82\x19\xc6s\x8d\x97\xbf\x93\
\xd5\x92\xe22\xf7\xb6\xc2\xc7\x96\xfe\x17\x87\xf7\x8b'\
"

qt_resource_name = b"\
\x00\x06\
\x06\x8a\x9c\xb3\
\x00a\
\x00s\x00s\x00e\x00t\x00s\
\x00\x05\
\x00o\xa6S\
\x00i\
\x00c\x00o\x00n\x00s\
\x00\x0b\
\x0a\xf1\xa6\x7f\
\x00A\
\x00p\x00p\x00I\x00c\x00o\x00n\x00.\x00i\x00c\x00o\
\x00\x0a\
\x0ex\xdb\x86\
\x00M\
\x00i\x00k\x00h\x00a\x00k\x00.\x00t\x00t\x00f\
\x00\x0d\
\x0b]\x12\x87\
\x00c\
\x00h\x00e\x00c\x00k\x00m\x00a\x00r\x00k\x00.\x00p\x00n\x00g\
\x00\x0e\
\x06\x0c\xe6\x07\
\x00a\
\x00r\x00r\x00o\x00w\x00_\x00d\x00o\x00w\x00n\x00.\x00p\x00n\x00g\
\x00\x0d\
\x0b\x91\x5c\x07\
\x00r\
\x00a\x00d\x00i\x00o\x00_\x00d\x00o\x00t\x00.\x00p\x00n\x00g\
"

qt_resource_struct = b"\
\x00\x00\x00\x00\x00\x02\x00\x00\x00\x01\x00\x00\x00\x01\
\x00\x00\x00\x00\x00\x00\x00\x00\
\x00\x00\x00\x00\x00\x02\x00\x00\x00\x03\x00\x00\x00\x02\
\x00\x00\x00\x00\x00\x00\x00\x00\
\x00\x00\x00\x12\x00\x02\x00\x00\x00\x03\x00\x00\x00\x05\
\x00\x00\x00\x00\x00\x00\x00\x00\
\x00\x00\x00\x22\x00\x00\x00\x00\x00\x01\x00\x00\x00\x00\
\x00\x00\x01\xa0xn\x09\x13\
\x00\x00\x00>\x00\x00\x00\x00\x00\x01\x00\x03\x03U\
\x00\x00\x01\xa0xn\x09\x19\
\x00\x00\x00x\x00\x00\x00\x00\x00\x01\x00\x04KT\
\x00\x00\x01\xa0\xca\x82`i\
\x00\x00\x00X\x00\x00\x00\x00\x00\x01\x00\x043e\
\x00\x00\x01\xa0\xca\x13\xd2'\
\x00\x00\x00\x9a\x00\x01\x00\x00\x00\x01\x00\x04Lf\
\x00\x00\x01\xa0\xca\x13\xd8`\
"

def qInitResources():
    QtCore.qRegisterResourceData(0x03, qt_resource_struct, qt_resource_name, qt_resource_data)

def qCleanupResources():
    QtCore.qUnregisterResourceData(0x03, qt_resource_struct, qt_resource_name, qt_resource_data)

qInitResources()
